{"featureCount":4,"formatVersion":1,"histograms":{"meta":[{"arrayParams":{"chunkSize":10000,"length":2,"urlTemplate":"hist-1000-{Chunk}.json"},"basesPerBin":"1000"}],"stats":[{"basesPerBin":"1000","max":4,"mean":4}]},"intervals":{"classes":[{"attributes":["Start","End","Strand","Id","Name","Score","Seq_id","Source","Subfeatures","Target_length","Type"],"isArrayAttr":{"Subfeatures":1}},{"attributes":["Start","End","Strand","Gap","Id","Score","Seq_id","Source","Target","Type"],"isArrayAttr":{}},{"attributes":["Start","End","Chunk"],"isArrayAttr":{"Sublist":1}}],"count":4,"lazyClass":2,"maxEnd":1541,"minStart":0,"nclist":[[0,0,1541,1,"NODE_8436_length_2425_cov_5.881636:hit:2207:3.2.0.0","TRINITY_DN588_c0_g2_i2",79,"NODE_8436_length_2425_cov_5.881636","blastn",[[1,0,109,1,"M109","NODE_8436_length_2425_cov_5.881636:hsp:5268:3.2.0.0",79,"NODE_8436_length_2425_cov_5.881636","blastn","TRINITY_DN588_c0_g2_i2 49 157 +","match_part"],[1,462,550,1,"M88","NODE_8436_length_2425_cov_5.881636:hsp:5269:3.2.0.0",64,"NODE_8436_length_2425_cov_5.881636","blastn","TRINITY_DN588_c0_g2_i2 239 326 +","match_part"],[1,1170,1541,1,"M244 I1 M127","NODE_8436_length_2425_cov_5.881636:hsp:5270:3.2.0.0",289,"NODE_8436_length_2425_cov_5.881636","blastn","TRINITY_DN588_c0_g2_i2 640 1011 +","match_part"]],"1015","expressed_sequence_match",{"Sublist":[[0,0,1093,1,"NODE_8436_length_2425_cov_5.881636:hit:2206:3.2.0.0","TRINITY_DN588_c0_g2_i1",79,"NODE_8436_length_2425_cov_5.881636","blastn",[[1,0,109,1,"M109","NODE_8436_length_2425_cov_5.881636:hsp:5262:3.2.0.0",79,"NODE_8436_length_2425_cov_5.881636","blastn","TRINITY_DN588_c0_g2_i1 49 157 +","match_part"],[1,190,249,1,"M59","NODE_8436_length_2425_cov_5.881636:hsp:5263:3.2.0.0",53,"NODE_8436_length_2425_cov_5.881636","blastn","TRINITY_DN588_c0_g2_i1 158 216 +","match_part"],[1,462,566,1,"M104","NODE_8436_length_2425_cov_5.881636:hsp:5264:3.2.0.0",92,"NODE_8436_length_2425_cov_5.881636","blastn","TRINITY_DN588_c0_g2_i1 239 342 +","match_part"],[1,646,707,1,"M61","NODE_8436_length_2425_cov_5.881636:hsp:5265:3.2.0.0",61,"NODE_8436_length_2425_cov_5.881636","blastn","TRINITY_DN588_c0_g2_i1 343 403 +","match_part"],[1,785,942,1,"M157","NODE_8436_length_2425_cov_5.881636:hsp:5266:3.2.0.0",151,"NODE_8436_length_2425_cov_5.881636","blastn","TRINITY_DN588_c0_g2_i1 404 560 +","match_part"],[1,1022,1093,1,"M71","NODE_8436_length_2425_cov_5.881636:hsp:5267:3.2.0.0",65,"NODE_8436_length_2425_cov_5.881636","blastn","TRINITY_DN588_c0_g2_i1 565 635 +","match_part"]],"728","expressed_sequence_match"],[0,0,1093,1,"NODE_8436_length_2425_cov_5.881636:hit:2208:3.2.0.0","TRINITY_DN588_c0_g2_i4",79,"NODE_8436_length_2425_cov_5.881636","blastn",[[1,0,109,1,"M109","NODE_8436_length_2425_cov_5.881636:hsp:5271:3.2.0.0",79,"NODE_8436_length_2425_cov_5.881636","blastn","TRINITY_DN588_c0_g2_i4 49 157 +","match_part"],[1,190,249,1,"M59","NODE_8436_length_2425_cov_5.881636:hsp:5272:3.2.0.0",53,"NODE_8436_length_2425_cov_5.881636","blastn","TRINITY_DN588_c0_g2_i4 158 216 +","match_part"],[1,462,566,1,"M104","NODE_8436_length_2425_cov_5.881636:hsp:5273:3.2.0.0",104,"NODE_8436_length_2425_cov_5.881636","blastn","TRINITY_DN588_c0_g2_i4 239 342 +","match_part"],[1,646,707,1,"M61","NODE_8436_length_2425_cov_5.881636:hsp:5274:3.2.0.0",61,"NODE_8436_length_2425_cov_5.881636","blastn","TRINITY_DN588_c0_g2_i4 343 403 +","match_part"],[1,785,942,1,"M157","NODE_8436_length_2425_cov_5.881636:hsp:5275:3.2.0.0",151,"NODE_8436_length_2425_cov_5.881636","blastn","TRINITY_DN588_c0_g2_i4 404 560 +","match_part"],[1,1022,1093,1,"M71","NODE_8436_length_2425_cov_5.881636:hsp:5276:3.2.0.0",65,"NODE_8436_length_2425_cov_5.881636","blastn","TRINITY_DN588_c0_g2_i4 565 635 +","match_part"]],"648","expressed_sequence_match"]]}],[0,462,1541,1,"NODE_8436_length_2425_cov_5.881636:hit:2209:3.2.0.0","TRINITY_DN588_c0_g2_i3",104,"NODE_8436_length_2425_cov_5.881636","blastn",[[1,462,566,1,"M104","NODE_8436_length_2425_cov_5.881636:hsp:5277:3.2.0.0",104,"NODE_8436_length_2425_cov_5.881636","blastn","TRINITY_DN588_c0_g2_i3 11 114 +","match_part"],[1,646,707,1,"M61","NODE_8436_length_2425_cov_5.881636:hsp:5278:3.2.0.0",61,"NODE_8436_length_2425_cov_5.881636","blastn","TRINITY_DN588_c0_g2_i3 115 175 +","match_part"],[1,785,942,1,"M157","NODE_8436_length_2425_cov_5.881636:hsp:5279:3.2.0.0",151,"NODE_8436_length_2425_cov_5.881636","blastn","TRINITY_DN588_c0_g2_i3 176 332 +","match_part"],[1,1022,1093,1,"M71","NODE_8436_length_2425_cov_5.881636:hsp:5280:3.2.0.0",65,"NODE_8436_length_2425_cov_5.881636","blastn","TRINITY_DN588_c0_g2_i3 337 407 +","match_part"],[1,1164,1541,1,"M250 I1 M127","NODE_8436_length_2425_cov_5.881636:hsp:5281:3.2.0.0",337,"NODE_8436_length_2425_cov_5.881636","blastn","TRINITY_DN588_c0_g2_i3 406 783 +","match_part"]],"787","expressed_sequence_match"]],"urlTemplate":"lf-{Chunk}.json"}}