{"featureCount":1,"formatVersion":1,"histograms":{"meta":[{"arrayParams":{"chunkSize":10000,"length":1,"urlTemplate":"hist-50000-{Chunk}.json"},"basesPerBin":"50000"}],"stats":[{"basesPerBin":"50000","max":1,"mean":1}]},"intervals":{"classes":[{"attributes":["Start","End","Strand","Aligned_coverage","Aligned_identity","Id","Name","Score","Seq_id","Source","Subfeatures","Target_length","Type"],"isArrayAttr":{"Subfeatures":1}},{"attributes":["Start","End","Strand","Gap","Id","Score","Seq_id","Source","Target","Type"],"isArrayAttr":{}},{"attributes":["Start","End","Chunk"],"isArrayAttr":{"Sublist":1}}],"count":1,"lazyClass":2,"maxEnd":15701,"minStart":13636,"nclist":[[0,13636,15701,1,"74.8","53.7","NODE_108_length_45015_cov_7.761566:hit:14384:3.10.0.0","sp|O74187.1|ALDH_AGABI",962,"NODE_108_length_45015_cov_7.761566","protein2genome",[[1,13636,13720,1,"M28","NODE_108_length_45015_cov_7.761566:hsp:75990:3.10.0.0",962,"NODE_108_length_45015_cov_7.761566","protein2genome","sp|O74187.1|ALDH_AGABI 105 132","match_part"],[1,13868,13982,1,"M38","NODE_108_length_45015_cov_7.761566:hsp:75991:3.10.0.0",962,"NODE_108_length_45015_cov_7.761566","protein2genome","sp|O74187.1|ALDH_AGABI 133 170","match_part"],[1,14344,14661,1,"M42 I1 M63 F2","NODE_108_length_45015_cov_7.761566:hsp:75992:3.10.0.0",962,"NODE_108_length_45015_cov_7.761566","protein2genome","sp|O74187.1|ALDH_AGABI 171 276","match_part"],[1,14756,14826,1,"R2 M24","NODE_108_length_45015_cov_7.761566:hsp:75993:3.10.0.0",962,"NODE_108_length_45015_cov_7.761566","protein2genome","sp|O74187.1|ALDH_AGABI 277 300","match_part"],[1,14992,15127,1,"M45","NODE_108_length_45015_cov_7.761566:hsp:75994:3.10.0.0",962,"NODE_108_length_45015_cov_7.761566","protein2genome","sp|O74187.1|ALDH_AGABI 301 345","match_part"],[1,15227,15346,1,"M39 F2","NODE_108_length_45015_cov_7.761566:hsp:75995:3.10.0.0",962,"NODE_108_length_45015_cov_7.761566","protein2genome","sp|O74187.1|ALDH_AGABI 346 384","match_part"],[1,15421,15701,1,"R2 M94","NODE_108_length_45015_cov_7.761566:hsp:75996:3.10.0.0",962,"NODE_108_length_45015_cov_7.761566","protein2genome","sp|O74187.1|ALDH_AGABI 385 478","match_part"]],"500","protein_match"]],"urlTemplate":"lf-{Chunk}.json"}}