{"featureCount":4,"formatVersion":1,"histograms":{"meta":[{"arrayParams":{"chunkSize":10000,"length":2,"urlTemplate":"hist-500-{Chunk}.json"},"basesPerBin":"500"}],"stats":[{"basesPerBin":"500","max":4,"mean":4}]},"intervals":{"classes":[{"attributes":["Start","End","Strand","Id","Name","Score","Seq_id","Source","Subfeatures","Target_length","Type"],"isArrayAttr":{"Subfeatures":1}},{"attributes":["Start","End","Strand","Gap","Id","Score","Seq_id","Source","Target","Type"],"isArrayAttr":{}},{"attributes":["Start","End","Chunk"],"isArrayAttr":{"Sublist":1}}],"count":4,"lazyClass":2,"maxEnd":610,"minStart":80,"nclist":[[0,80,610,-1,"NODE_21856_length_613_cov_1.380658:hit:3034:3.2.0.0","TRINITY_DN4748_c0_g1_i2",210,"NODE_21856_length_613_cov_1.380658","blastn",[[1,334,610,-1,"M276","NODE_21856_length_613_cov_1.380658:hsp:4761:3.2.0.0",210,"NODE_21856_length_613_cov_1.380658","blastn","TRINITY_DN4748_c0_g1_i2 87 362 +","match_part"],[1,80,258,-1,"M178","NODE_21856_length_613_cov_1.380658:hsp:4762:3.2.0.0",172,"NODE_21856_length_613_cov_1.380658","blastn","TRINITY_DN4748_c0_g1_i2 360 537 +","match_part"]],"537","expressed_sequence_match"],[0,80,610,-1,"NODE_21856_length_613_cov_1.380658:hit:3035:3.2.0.0","TRINITY_DN4748_c0_g1_i17",143,"NODE_21856_length_613_cov_1.380658","blastn",[[1,455,610,-1,"M155","NODE_21856_length_613_cov_1.380658:hsp:4763:3.2.0.0",143,"NODE_21856_length_613_cov_1.380658","blastn","TRINITY_DN4748_c0_g1_i17 87 241 +","match_part"],[1,334,379,-1,"M45","NODE_21856_length_613_cov_1.380658:hsp:4764:3.2.0.0",45,"NODE_21856_length_613_cov_1.380658","blastn","TRINITY_DN4748_c0_g1_i17 238 282 +","match_part"],[1,80,258,-1,"M178","NODE_21856_length_613_cov_1.380658:hsp:4765:3.2.0.0",172,"NODE_21856_length_613_cov_1.380658","blastn","TRINITY_DN4748_c0_g1_i17 280 457 +","match_part"]],"457","expressed_sequence_match"],[0,80,610,-1,"NODE_21856_length_613_cov_1.380658:hit:3036:3.2.0.0","TRINITY_DN4748_c0_g1_i12",210,"NODE_21856_length_613_cov_1.380658","blastn",[[1,334,610,-1,"M276","NODE_21856_length_613_cov_1.380658:hsp:4766:3.2.0.0",210,"NODE_21856_length_613_cov_1.380658","blastn","TRINITY_DN4748_c0_g1_i12 87 362 +","match_part"],[1,219,258,-1,"M39","NODE_21856_length_613_cov_1.380658:hsp:4767:3.2.0.0",39,"NODE_21856_length_613_cov_1.380658","blastn","TRINITY_DN4748_c0_g1_i12 360 398 +","match_part"],[1,80,137,-1,"M57","NODE_21856_length_613_cov_1.380658:hsp:4768:3.2.0.0",51,"NODE_21856_length_613_cov_1.380658","blastn","TRINITY_DN4748_c0_g1_i12 399 455 +","match_part"]],"455","expressed_sequence_match"],[0,80,610,-1,"NODE_21856_length_613_cov_1.380658:hit:3037:3.2.0.0","TRINITY_DN4748_c0_g1_i7",452,"NODE_21856_length_613_cov_1.380658","blastn",[[1,80,610,-1,"M530","NODE_21856_length_613_cov_1.380658:hsp:4769:3.2.0.0",452,"NODE_21856_length_613_cov_1.380658","blastn","TRINITY_DN4748_c0_g1_i7 87 616 +","match_part"]],"616","expressed_sequence_match"]],"urlTemplate":"lf-{Chunk}.json"}}