{"featureCount":1,"formatVersion":1,"histograms":{"meta":[{"arrayParams":{"chunkSize":10000,"length":1,"urlTemplate":"hist-10000-{Chunk}.json"},"basesPerBin":"10000"}],"stats":[{"basesPerBin":"10000","max":1,"mean":1}]},"intervals":{"classes":[{"attributes":["Start","End","Strand","Id","Name","Seq_id","Source","Subfeatures","Target_length","Type"],"isArrayAttr":{"Subfeatures":1}},{"attributes":["Start","End","Strand","Gap","Id","Seq_id","Source","Target","Type"],"isArrayAttr":{}},{"attributes":["Start","End","Strand","Id","Seq_id","Source","Target","Type"],"isArrayAttr":{}},{"attributes":["Start","End","Chunk"],"isArrayAttr":{"Sublist":1}}],"count":1,"lazyClass":3,"maxEnd":2430,"minStart":494,"nclist":[[0,494,2430,-1,"NODE_8092_length_2569_cov_0.557740:hit:626:4.5.0.0","genemark-NODE_8092_length_2569_cov_0.557740-abinit-gene-0.1-mRNA-1","NODE_8092_length_2569_cov_0.557740","genemark",[[1,2200,2430,-1,"M230","NODE_8092_length_2569_cov_0.557740:hsp:1651:4.5.0.0","NODE_8092_length_2569_cov_0.557740","genemark","genemark-NODE_8092_length_2569_cov_0.557740-abinit-gene-0.1-mRNA-1 1028 1257 +","match_part"],[1,1892,2077,-1,"M185","NODE_8092_length_2569_cov_0.557740:hsp:1652:4.5.0.0","NODE_8092_length_2569_cov_0.557740","genemark","genemark-NODE_8092_length_2569_cov_0.557740-abinit-gene-0.1-mRNA-1 843 1027 +","match_part"],[1,1709,1835,-1,"M126","NODE_8092_length_2569_cov_0.557740:hsp:1653:4.5.0.0","NODE_8092_length_2569_cov_0.557740","genemark","genemark-NODE_8092_length_2569_cov_0.557740-abinit-gene-0.1-mRNA-1 717 842 +","match_part"],[1,1505,1622,-1,"M117","NODE_8092_length_2569_cov_0.557740:hsp:1654:4.5.0.0","NODE_8092_length_2569_cov_0.557740","genemark","genemark-NODE_8092_length_2569_cov_0.557740-abinit-gene-0.1-mRNA-1 600 716 +","match_part"],[1,1287,1434,-1,"M147","NODE_8092_length_2569_cov_0.557740:hsp:1655:4.5.0.0","NODE_8092_length_2569_cov_0.557740","genemark","genemark-NODE_8092_length_2569_cov_0.557740-abinit-gene-0.1-mRNA-1 453 599 +","match_part"],[1,1137,1215,-1,"M78","NODE_8092_length_2569_cov_0.557740:hsp:1656:4.5.0.0","NODE_8092_length_2569_cov_0.557740","genemark","genemark-NODE_8092_length_2569_cov_0.557740-abinit-gene-0.1-mRNA-1 375 452 +","match_part"],[1,960,1053,-1,"M93","NODE_8092_length_2569_cov_0.557740:hsp:1657:4.5.0.0","NODE_8092_length_2569_cov_0.557740","genemark","genemark-NODE_8092_length_2569_cov_0.557740-abinit-gene-0.1-mRNA-1 282 374 +","match_part"],[1,733,852,-1,"M119","NODE_8092_length_2569_cov_0.557740:hsp:1658:4.5.0.0","NODE_8092_length_2569_cov_0.557740","genemark","genemark-NODE_8092_length_2569_cov_0.557740-abinit-gene-0.1-mRNA-1 163 281 +","match_part"],[1,494,656,-1,"M162","NODE_8092_length_2569_cov_0.557740:hsp:1659:4.5.0.0","NODE_8092_length_2569_cov_0.557740","genemark","genemark-NODE_8092_length_2569_cov_0.557740-abinit-gene-0.1-mRNA-1 1 162 +","match_part"]],"2569","match"]],"urlTemplate":"lf-{Chunk}.json"}}