{"featureCount":10,"formatVersion":1,"histograms":{"meta":[{"arrayParams":{"chunkSize":10000,"length":3,"urlTemplate":"hist-500-{Chunk}.json"},"basesPerBin":"500"}],"stats":[{"basesPerBin":"500","max":8,"mean":6}]},"intervals":{"classes":[{"attributes":["Start","End","Strand","Aligned_coverage","Aligned_identity","Id","Name","Score","Seq_id","Source","Subfeatures","Target_length","Type"],"isArrayAttr":{"Subfeatures":1}},{"attributes":["Start","End","Strand","Gap","Id","Score","Seq_id","Source","Target","Type"],"isArrayAttr":{}},{"attributes":["Start","End","Chunk"],"isArrayAttr":{"Sublist":1}}],"count":10,"lazyClass":2,"maxEnd":1335,"minStart":0,"nclist":[[0,0,1335,1,"87.2","97.2","NODE_11102_length_1666_cov_7.651722:hit:3798:3.2.0.0","TRINITY_DN1150_c0_g1_i3",5129,"NODE_11102_length_1666_cov_7.651722","est2genome",[[1,0,869,1,"M99 I4 M599 I1 M1 I4 M170","NODE_11102_length_1666_cov_7.651722:hsp:8356:3.2.0.0",5129,"NODE_11102_length_1666_cov_7.651722","est2genome","TRINITY_DN1150_c0_g1_i3 233 1110 -","match_part"],[1,1031,1179,1,"M148","NODE_11102_length_1666_cov_7.651722:hsp:8357:3.2.0.0",5129,"NODE_11102_length_1666_cov_7.651722","est2genome","TRINITY_DN1150_c0_g1_i3 85 232 -","match_part"],[1,1251,1335,1,"M84","NODE_11102_length_1666_cov_7.651722:hsp:8358:3.2.0.0",5129,"NODE_11102_length_1666_cov_7.651722","est2genome","TRINITY_DN1150_c0_g1_i3 1 84 -","match_part"]],"1273","expressed_sequence_match"],[0,0,1335,1,"86.02","97.7","NODE_11102_length_1666_cov_7.651722:hit:3799:3.2.0.0","TRINITY_DN1150_c0_g1_i6",4642,"NODE_11102_length_1666_cov_7.651722","est2genome",[[1,0,204,1,"M33 I1 M1 I4 M170","NODE_11102_length_1666_cov_7.651722:hsp:8359:3.2.0.0",4642,"NODE_11102_length_1666_cov_7.651722","est2genome","TRINITY_DN1150_c0_g1_i6 795 1003 -","match_part"],[1,311,869,1,"M99 I4 M459","NODE_11102_length_1666_cov_7.651722:hsp:8360:3.2.0.0",4642,"NODE_11102_length_1666_cov_7.651722","est2genome","TRINITY_DN1150_c0_g1_i6 233 794 -","match_part"],[1,1031,1179,1,"M148","NODE_11102_length_1666_cov_7.651722:hsp:8361:3.2.0.0",4642,"NODE_11102_length_1666_cov_7.651722","est2genome","TRINITY_DN1150_c0_g1_i6 85 232 -","match_part"],[1,1251,1335,1,"M84","NODE_11102_length_1666_cov_7.651722:hsp:8362:3.2.0.0",4642,"NODE_11102_length_1666_cov_7.651722","est2genome","TRINITY_DN1150_c0_g1_i6 1 84 -","match_part"]],"1166","expressed_sequence_match",{"Sublist":[[0,48,575,1,"100","94.2","NODE_11102_length_1666_cov_7.651722:hit:3802:3.2.0.0","TRINITY_DN6012_c0_g1_i2",1877,"NODE_11102_length_1666_cov_7.651722","est2genome",[[1,48,204,1,"M94 I5 M28 I1 M1 I4 M33","NODE_11102_length_1666_cov_7.651722:hsp:8365:3.2.0.0",1877,"NODE_11102_length_1666_cov_7.651722","est2genome","TRINITY_DN6012_c0_g1_i2 1 166 +","match_part"],[1,311,575,1,"M264","NODE_11102_length_1666_cov_7.651722:hsp:8366:3.2.0.0",1877,"NODE_11102_length_1666_cov_7.651722","est2genome","TRINITY_DN6012_c0_g1_i2 167 430 +","match_part"]],"430","expressed_sequence_match",{"Sublist":[[0,48,383,1,"100","93.3","NODE_11102_length_1666_cov_7.651722:hit:3800:3.2.0.0","TRINITY_DN6012_c0_g1_i6",1494,"NODE_11102_length_1666_cov_7.651722","est2genome",[[1,48,383,1,"M94 I5 M28 I1 M1 I4 M212","NODE_11102_length_1666_cov_7.651722:hsp:8363:3.2.0.0",1494,"NODE_11102_length_1666_cov_7.651722","est2genome","TRINITY_DN6012_c0_g1_i6 1 345 +","match_part"]],"345","expressed_sequence_match"],[0,48,383,1,"100","95.8","NODE_11102_length_1666_cov_7.651722:hit:3801:3.2.0.0","TRINITY_DN6012_c0_g1_i1",1549,"NODE_11102_length_1666_cov_7.651722","est2genome",[[1,48,383,1,"M335","NODE_11102_length_1666_cov_7.651722:hsp:8364:3.2.0.0",1549,"NODE_11102_length_1666_cov_7.651722","est2genome","TRINITY_DN6012_c0_g1_i1 1 335 +","match_part"]],"335","expressed_sequence_match",{"Sublist":[[0,48,349,1,"100","94.4","NODE_11102_length_1666_cov_7.651722:hit:3803:3.2.0.0","TRINITY_DN6012_c0_g1_i4",1369,"NODE_11102_length_1666_cov_7.651722","est2genome",[[1,48,349,1,"M94 I5 M207","NODE_11102_length_1666_cov_7.651722:hsp:8367:3.2.0.0",1369,"NODE_11102_length_1666_cov_7.651722","est2genome","TRINITY_DN6012_c0_g1_i4 1 306 +","match_part"]],"306","expressed_sequence_match"]]}],[0,136,383,-1,"100","92.3","NODE_11102_length_1666_cov_7.651722:hit:3804:3.2.0.0","TRINITY_DN6012_c0_g1_i5",1064,"NODE_11102_length_1666_cov_7.651722","est2genome",[[1,136,383,-1,"M247","NODE_11102_length_1666_cov_7.651722:hsp:8368:3.2.0.0",1064,"NODE_11102_length_1666_cov_7.651722","est2genome","TRINITY_DN6012_c0_g1_i5 1 247 -","match_part"]],"247","expressed_sequence_match"]]}],[0,213,575,-1,"100","94.5","NODE_11102_length_1666_cov_7.651722:hit:3805:3.2.0.0","TRINITY_DN6012_c0_g1_i7",1630,"NODE_11102_length_1666_cov_7.651722","est2genome",[[1,213,575,-1,"M362","NODE_11102_length_1666_cov_7.651722:hsp:8369:3.2.0.0",1630,"NODE_11102_length_1666_cov_7.651722","est2genome","TRINITY_DN6012_c0_g1_i7 1 362 -","match_part"]],"362","expressed_sequence_match"],[0,504,1067,1,"100","92.4","NODE_11102_length_1666_cov_7.651722:hit:3806:3.2.0.0","TRINITY_DN5229_c0_g1_i2",923,"NODE_11102_length_1666_cov_7.651722","est2genome",[[1,504,551,1,"M47","NODE_11102_length_1666_cov_7.651722:hsp:8370:3.2.0.0",923,"NODE_11102_length_1666_cov_7.651722","est2genome","TRINITY_DN5229_c0_g1_i2 172 218 -","match_part"],[1,728,869,1,"M60 D6 M75","NODE_11102_length_1666_cov_7.651722:hsp:8371:3.2.0.0",923,"NODE_11102_length_1666_cov_7.651722","est2genome","TRINITY_DN5229_c0_g1_i2 37 171 -","match_part"],[1,1031,1067,1,"M36","NODE_11102_length_1666_cov_7.651722:hsp:8372:3.2.0.0",923,"NODE_11102_length_1666_cov_7.651722","est2genome","TRINITY_DN5229_c0_g1_i2 1 36 -","match_part"]],"218","expressed_sequence_match"],[0,669,1067,1,"100","94.5","NODE_11102_length_1666_cov_7.651722:hit:3807:3.2.0.0","TRINITY_DN5229_c0_g1_i1",1038,"NODE_11102_length_1666_cov_7.651722","est2genome",[[1,669,869,1,"M60 D6 M134","NODE_11102_length_1666_cov_7.651722:hsp:8373:3.2.0.0",1038,"NODE_11102_length_1666_cov_7.651722","est2genome","TRINITY_DN5229_c0_g1_i1 37 230 -","match_part"],[1,1031,1067,1,"M36","NODE_11102_length_1666_cov_7.651722:hsp:8374:3.2.0.0",1038,"NODE_11102_length_1666_cov_7.651722","est2genome","TRINITY_DN5229_c0_g1_i1 1 36 -","match_part"]],"230","expressed_sequence_match"]]}]],"urlTemplate":"lf-{Chunk}.json"}}