{"featureCount":3,"formatVersion":1,"histograms":{"meta":[{"arrayParams":{"chunkSize":10000,"length":1,"urlTemplate":"hist-5000-{Chunk}.json"},"basesPerBin":"5000"}],"stats":[{"basesPerBin":"5000","max":3,"mean":3}]},"intervals":{"classes":[{"attributes":["Start","End","Strand","Aligned_coverage","Aligned_identity","Id","Name","Score","Seq_id","Source","Subfeatures","Target_length","Type"],"isArrayAttr":{"Subfeatures":1}},{"attributes":["Start","End","Strand","Gap","Id","Score","Seq_id","Source","Target","Type"],"isArrayAttr":{}},{"attributes":["Start","End","Chunk"],"isArrayAttr":{"Sublist":1}}],"count":3,"lazyClass":2,"maxEnd":2684,"minStart":1371,"nclist":[[0,1371,1934,-1,"99.82","96.4","NODE_6973_length_3242_cov_2.682183:hit:7936:3.2.0.0","TRINITY_DN20934_c0_g1_i1",2635,"NODE_6973_length_3242_cov_2.682183","est2genome",[[1,1371,1934,-1,"M563","NODE_6973_length_3242_cov_2.682183:hsp:24189:3.2.0.0",2635,"NODE_6973_length_3242_cov_2.682183","est2genome","TRINITY_DN20934_c0_g1_i1 2 564 -","match_part"]],"564","expressed_sequence_match"],[0,2011,2684,1,"100","94.4","NODE_6973_length_3242_cov_2.682183:hit:7937:3.2.0.0","TRINITY_DN2212_c0_g1_i1",2194,"NODE_6973_length_3242_cov_2.682183","est2genome",[[1,2011,2334,1,"M48 I3 M2 I6 M102 I6 M171","NODE_6973_length_3242_cov_2.682183:hsp:24190:3.2.0.0",2194,"NODE_6973_length_3242_cov_2.682183","est2genome","TRINITY_DN2212_c0_g1_i1 1 338 +","match_part"],[1,2416,2531,1,"M115","NODE_6973_length_3242_cov_2.682183:hsp:24191:3.2.0.0",2194,"NODE_6973_length_3242_cov_2.682183","est2genome","TRINITY_DN2212_c0_g1_i1 339 453 +","match_part"],[1,2636,2684,1,"M48","NODE_6973_length_3242_cov_2.682183:hsp:24192:3.2.0.0",2194,"NODE_6973_length_3242_cov_2.682183","est2genome","TRINITY_DN2212_c0_g1_i1 454 501 +","match_part"]],"501","expressed_sequence_match"],[0,2011,2684,1,"100","94.2","NODE_6973_length_3242_cov_2.682183:hit:7938:3.2.0.0","TRINITY_DN2212_c0_g1_i2",2185,"NODE_6973_length_3242_cov_2.682183","est2genome",[[1,2011,2334,1,"M48 I3 M2 I6 M102 I6 M171","NODE_6973_length_3242_cov_2.682183:hsp:24193:3.2.0.0",2185,"NODE_6973_length_3242_cov_2.682183","est2genome","TRINITY_DN2212_c0_g1_i2 1 338 +","match_part"],[1,2416,2531,1,"M115","NODE_6973_length_3242_cov_2.682183:hsp:24194:3.2.0.0",2185,"NODE_6973_length_3242_cov_2.682183","est2genome","TRINITY_DN2212_c0_g1_i2 339 453 +","match_part"],[1,2636,2684,1,"M48","NODE_6973_length_3242_cov_2.682183:hsp:24195:3.2.0.0",2185,"NODE_6973_length_3242_cov_2.682183","est2genome","TRINITY_DN2212_c0_g1_i2 454 501 +","match_part"]],"501","expressed_sequence_match"]],"urlTemplate":"lf-{Chunk}.json"}}