{"featureCount":3,"formatVersion":1,"histograms":{"meta":[{"arrayParams":{"chunkSize":10000,"length":1,"urlTemplate":"hist-10000-{Chunk}.json"},"basesPerBin":"10000"}],"stats":[{"basesPerBin":"10000","max":3,"mean":3}]},"intervals":{"classes":[{"attributes":["Start","End","Strand","Id","Name","Seq_id","Source","Subfeatures","Target_length","Type"],"isArrayAttr":{"Subfeatures":1}},{"attributes":["Start","End","Strand","Gap","Id","Seq_id","Source","Target","Type"],"isArrayAttr":{}},{"attributes":["Start","End","Strand","Id","Seq_id","Source","Target","Type"],"isArrayAttr":{}},{"attributes":["Start","End","Chunk"],"isArrayAttr":{"Sublist":1}}],"count":3,"lazyClass":3,"maxEnd":6190,"minStart":63,"nclist":[[0,63,620,1,"NODE_3272_length_7431_cov_2.066402:hit:29533:4.5.0.0","genemark-NODE_3272_length_7431_cov_2.066402-abinit-gene-0.0-mRNA-1","NODE_3272_length_7431_cov_2.066402","genemark",[[1,63,261,1,"M198","NODE_3272_length_7431_cov_2.066402:hsp:125119:4.5.0.0","NODE_3272_length_7431_cov_2.066402","genemark","genemark-NODE_3272_length_7431_cov_2.066402-abinit-gene-0.0-mRNA-1 1 198 +","match_part"],[1,338,620,1,"M282","NODE_3272_length_7431_cov_2.066402:hsp:125120:4.5.0.0","NODE_3272_length_7431_cov_2.066402","genemark","genemark-NODE_3272_length_7431_cov_2.066402-abinit-gene-0.0-mRNA-1 199 480 +","match_part"]],"7431","match"],[0,670,4788,-1,"NODE_3272_length_7431_cov_2.066402:hit:29534:4.5.0.0","genemark-NODE_3272_length_7431_cov_2.066402-abinit-gene-0.1-mRNA-1","NODE_3272_length_7431_cov_2.066402","genemark",[[1,950,4788,-1,"M3838","NODE_3272_length_7431_cov_2.066402:hsp:125121:4.5.0.0","NODE_3272_length_7431_cov_2.066402","genemark","genemark-NODE_3272_length_7431_cov_2.066402-abinit-gene-0.1-mRNA-1 210 4047 +","match_part"],[1,670,879,-1,"M209","NODE_3272_length_7431_cov_2.066402:hsp:125122:4.5.0.0","NODE_3272_length_7431_cov_2.066402","genemark","genemark-NODE_3272_length_7431_cov_2.066402-abinit-gene-0.1-mRNA-1 1 209 +","match_part"]],"7431","match"],[0,4837,6190,-1,"NODE_3272_length_7431_cov_2.066402:hit:29538:4.5.0.0","genemark-NODE_3272_length_7431_cov_2.066402-abinit-gene-0.2-mRNA-1","NODE_3272_length_7431_cov_2.066402","genemark",[[1,4837,6190,-1,"M1353","NODE_3272_length_7431_cov_2.066402:hsp:125132:4.5.0.0","NODE_3272_length_7431_cov_2.066402","genemark","genemark-NODE_3272_length_7431_cov_2.066402-abinit-gene-0.2-mRNA-1 1 1353 +","match_part"]],"7431","match"]],"urlTemplate":"lf-{Chunk}.json"}}