{"featureCount":2,"formatVersion":1,"histograms":{"meta":[{"arrayParams":{"chunkSize":10000,"length":1,"urlTemplate":"hist-10000-{Chunk}.json"},"basesPerBin":"10000"}],"stats":[{"basesPerBin":"10000","max":2,"mean":2}]},"intervals":{"classes":[{"attributes":["Start","End","Strand","Id","Name","Seq_id","Source","Subfeatures","Target_length","Type"],"isArrayAttr":{"Subfeatures":1}},{"attributes":["Start","End","Strand","Gap","Id","Seq_id","Source","Target","Type"],"isArrayAttr":{}},{"attributes":["Start","End","Strand","Id","Seq_id","Source","Target","Type"],"isArrayAttr":{}},{"attributes":["Start","End","Chunk"],"isArrayAttr":{"Sublist":1}}],"count":2,"lazyClass":3,"maxEnd":5993,"minStart":78,"nclist":[[0,78,4514,1,"NODE_4201_length_6008_cov_6.777589:hit:2290:4.5.0.0","genemark-NODE_4201_length_6008_cov_6.777589-abinit-gene-0.4-mRNA-1","NODE_4201_length_6008_cov_6.777589","genemark",[[1,78,240,1,"M162","NODE_4201_length_6008_cov_6.777589:hsp:8508:4.5.0.0","NODE_4201_length_6008_cov_6.777589","genemark","genemark-NODE_4201_length_6008_cov_6.777589-abinit-gene-0.4-mRNA-1 1 162 +","match_part"],[1,2412,2538,1,"M126","NODE_4201_length_6008_cov_6.777589:hsp:8509:4.5.0.0","NODE_4201_length_6008_cov_6.777589","genemark","genemark-NODE_4201_length_6008_cov_6.777589-abinit-gene-0.4-mRNA-1 163 288 +","match_part"],[1,2612,2743,1,"M131","NODE_4201_length_6008_cov_6.777589:hsp:8510:4.5.0.0","NODE_4201_length_6008_cov_6.777589","genemark","genemark-NODE_4201_length_6008_cov_6.777589-abinit-gene-0.4-mRNA-1 289 419 +","match_part"],[1,2876,2945,1,"M69","NODE_4201_length_6008_cov_6.777589:hsp:8511:4.5.0.0","NODE_4201_length_6008_cov_6.777589","genemark","genemark-NODE_4201_length_6008_cov_6.777589-abinit-gene-0.4-mRNA-1 420 488 +","match_part"],[1,3031,3042,1,"M11","NODE_4201_length_6008_cov_6.777589:hsp:8512:4.5.0.0","NODE_4201_length_6008_cov_6.777589","genemark","genemark-NODE_4201_length_6008_cov_6.777589-abinit-gene-0.4-mRNA-1 489 499 +","match_part"],[1,3121,3454,1,"M333","NODE_4201_length_6008_cov_6.777589:hsp:8513:4.5.0.0","NODE_4201_length_6008_cov_6.777589","genemark","genemark-NODE_4201_length_6008_cov_6.777589-abinit-gene-0.4-mRNA-1 500 832 +","match_part"],[1,3533,3555,1,"M22","NODE_4201_length_6008_cov_6.777589:hsp:8514:4.5.0.0","NODE_4201_length_6008_cov_6.777589","genemark","genemark-NODE_4201_length_6008_cov_6.777589-abinit-gene-0.4-mRNA-1 833 854 +","match_part"],[1,3643,3771,1,"M128","NODE_4201_length_6008_cov_6.777589:hsp:8515:4.5.0.0","NODE_4201_length_6008_cov_6.777589","genemark","genemark-NODE_4201_length_6008_cov_6.777589-abinit-gene-0.4-mRNA-1 855 982 +","match_part"],[1,3855,3891,1,"M36","NODE_4201_length_6008_cov_6.777589:hsp:8516:4.5.0.0","NODE_4201_length_6008_cov_6.777589","genemark","genemark-NODE_4201_length_6008_cov_6.777589-abinit-gene-0.4-mRNA-1 983 1018 +","match_part"],[1,3971,4045,1,"M74","NODE_4201_length_6008_cov_6.777589:hsp:8517:4.5.0.0","NODE_4201_length_6008_cov_6.777589","genemark","genemark-NODE_4201_length_6008_cov_6.777589-abinit-gene-0.4-mRNA-1 1019 1092 +","match_part"],[1,4148,4514,1,"M366","NODE_4201_length_6008_cov_6.777589:hsp:8518:4.5.0.0","NODE_4201_length_6008_cov_6.777589","genemark","genemark-NODE_4201_length_6008_cov_6.777589-abinit-gene-0.4-mRNA-1 1093 1458 +","match_part"]],"6008","match"],[0,5763,5993,1,"NODE_4201_length_6008_cov_6.777589:hit:2293:4.5.0.0","genemark-NODE_4201_length_6008_cov_6.777589-abinit-gene-0.5-mRNA-1","NODE_4201_length_6008_cov_6.777589","genemark",[[1,5763,5810,1,"M47","NODE_4201_length_6008_cov_6.777589:hsp:8536:4.5.0.0","NODE_4201_length_6008_cov_6.777589","genemark","genemark-NODE_4201_length_6008_cov_6.777589-abinit-gene-0.5-mRNA-1 1 47 +","match_part"],[1,5923,5993,1,"M70","NODE_4201_length_6008_cov_6.777589:hsp:8537:4.5.0.0","NODE_4201_length_6008_cov_6.777589","genemark","genemark-NODE_4201_length_6008_cov_6.777589-abinit-gene-0.5-mRNA-1 48 117 +","match_part"]],"6008","match"]],"urlTemplate":"lf-{Chunk}.json"}}