{"featureCount":5,"formatVersion":1,"histograms":{"meta":[{"arrayParams":{"chunkSize":10000,"length":2,"urlTemplate":"hist-10000-{Chunk}.json"},"basesPerBin":"10000"}],"stats":[{"basesPerBin":"10000","max":3,"mean":3}]},"intervals":{"classes":[{"attributes":["Start","End","Strand","Id","Name","Seq_id","Source","Subfeatures","Target_length","Type"],"isArrayAttr":{"Subfeatures":1}},{"attributes":["Start","End","Strand","Gap","Id","Seq_id","Source","Target","Type"],"isArrayAttr":{}},{"attributes":["Start","End","Strand","Id","Seq_id","Source","Target","Type"],"isArrayAttr":{}},{"attributes":["Start","End","Chunk"],"isArrayAttr":{"Sublist":1}}],"count":5,"lazyClass":3,"maxEnd":14402,"minStart":2991,"nclist":[[0,2991,6518,-1,"NODE_1266_length_15734_cov_7.804319:hit:95331:4.5.0.0","genemark-NODE_1266_length_15734_cov_7.804319-abinit-gene-0.39-mRNA-1","NODE_1266_length_15734_cov_7.804319","genemark",[[1,5627,6518,-1,"M891","NODE_1266_length_15734_cov_7.804319:hsp:482533:4.5.0.0","NODE_1266_length_15734_cov_7.804319","genemark","genemark-NODE_1266_length_15734_cov_7.804319-abinit-gene-0.39-mRNA-1 1924 2814 +","match_part"],[1,4924,5542,-1,"M618","NODE_1266_length_15734_cov_7.804319:hsp:482534:4.5.0.0","NODE_1266_length_15734_cov_7.804319","genemark","genemark-NODE_1266_length_15734_cov_7.804319-abinit-gene-0.39-mRNA-1 1306 1923 +","match_part"],[1,4686,4851,-1,"M165","NODE_1266_length_15734_cov_7.804319:hsp:482535:4.5.0.0","NODE_1266_length_15734_cov_7.804319","genemark","genemark-NODE_1266_length_15734_cov_7.804319-abinit-gene-0.39-mRNA-1 1141 1305 +","match_part"],[1,4398,4603,-1,"M205","NODE_1266_length_15734_cov_7.804319:hsp:482536:4.5.0.0","NODE_1266_length_15734_cov_7.804319","genemark","genemark-NODE_1266_length_15734_cov_7.804319-abinit-gene-0.39-mRNA-1 936 1140 +","match_part"],[1,3921,4317,-1,"M396","NODE_1266_length_15734_cov_7.804319:hsp:482537:4.5.0.0","NODE_1266_length_15734_cov_7.804319","genemark","genemark-NODE_1266_length_15734_cov_7.804319-abinit-gene-0.39-mRNA-1 540 935 +","match_part"],[1,3716,3850,-1,"M134","NODE_1266_length_15734_cov_7.804319:hsp:482538:4.5.0.0","NODE_1266_length_15734_cov_7.804319","genemark","genemark-NODE_1266_length_15734_cov_7.804319-abinit-gene-0.39-mRNA-1 406 539 +","match_part"],[1,3426,3641,-1,"M215","NODE_1266_length_15734_cov_7.804319:hsp:482539:4.5.0.0","NODE_1266_length_15734_cov_7.804319","genemark","genemark-NODE_1266_length_15734_cov_7.804319-abinit-gene-0.39-mRNA-1 191 405 +","match_part"],[1,3248,3348,-1,"M100","NODE_1266_length_15734_cov_7.804319:hsp:482540:4.5.0.0","NODE_1266_length_15734_cov_7.804319","genemark","genemark-NODE_1266_length_15734_cov_7.804319-abinit-gene-0.39-mRNA-1 91 190 +","match_part"],[1,3112,3160,-1,"M48","NODE_1266_length_15734_cov_7.804319:hsp:482541:4.5.0.0","NODE_1266_length_15734_cov_7.804319","genemark","genemark-NODE_1266_length_15734_cov_7.804319-abinit-gene-0.39-mRNA-1 43 90 +","match_part"],[1,2991,3033,-1,"M42","NODE_1266_length_15734_cov_7.804319:hsp:482542:4.5.0.0","NODE_1266_length_15734_cov_7.804319","genemark","genemark-NODE_1266_length_15734_cov_7.804319-abinit-gene-0.39-mRNA-1 1 42 +","match_part"]],"15734","match"],[0,7108,7379,1,"NODE_1266_length_15734_cov_7.804319:hit:95334:4.5.0.0","genemark-NODE_1266_length_15734_cov_7.804319-abinit-gene-0.37-mRNA-1","NODE_1266_length_15734_cov_7.804319","genemark",[[1,7108,7189,1,"M81","NODE_1266_length_15734_cov_7.804319:hsp:482563:4.5.0.0","NODE_1266_length_15734_cov_7.804319","genemark","genemark-NODE_1266_length_15734_cov_7.804319-abinit-gene-0.37-mRNA-1 1 81 +","match_part"],[1,7274,7379,1,"M105","NODE_1266_length_15734_cov_7.804319:hsp:482564:4.5.0.0","NODE_1266_length_15734_cov_7.804319","genemark","genemark-NODE_1266_length_15734_cov_7.804319-abinit-gene-0.37-mRNA-1 82 186 +","match_part"]],"15734","match"],[0,9095,11040,-1,"NODE_1266_length_15734_cov_7.804319:hit:95335:4.5.0.0","genemark-NODE_1266_length_15734_cov_7.804319-abinit-gene-0.40-mRNA-1","NODE_1266_length_15734_cov_7.804319","genemark",[[1,10796,11040,-1,"M244","NODE_1266_length_15734_cov_7.804319:hsp:482565:4.5.0.0","NODE_1266_length_15734_cov_7.804319","genemark","genemark-NODE_1266_length_15734_cov_7.804319-abinit-gene-0.40-mRNA-1 1326 1569 +","match_part"],[1,10459,10733,-1,"M274","NODE_1266_length_15734_cov_7.804319:hsp:482566:4.5.0.0","NODE_1266_length_15734_cov_7.804319","genemark","genemark-NODE_1266_length_15734_cov_7.804319-abinit-gene-0.40-mRNA-1 1052 1325 +","match_part"],[1,10139,10377,-1,"M238","NODE_1266_length_15734_cov_7.804319:hsp:482567:4.5.0.0","NODE_1266_length_15734_cov_7.804319","genemark","genemark-NODE_1266_length_15734_cov_7.804319-abinit-gene-0.40-mRNA-1 814 1051 +","match_part"],[1,9643,10017,-1,"M374","NODE_1266_length_15734_cov_7.804319:hsp:482568:4.5.0.0","NODE_1266_length_15734_cov_7.804319","genemark","genemark-NODE_1266_length_15734_cov_7.804319-abinit-gene-0.40-mRNA-1 440 813 +","match_part"],[1,9095,9534,-1,"M439","NODE_1266_length_15734_cov_7.804319:hsp:482569:4.5.0.0","NODE_1266_length_15734_cov_7.804319","genemark","genemark-NODE_1266_length_15734_cov_7.804319-abinit-gene-0.40-mRNA-1 1 439 +","match_part"]],"15734","match"],[0,11902,13293,-1,"NODE_1266_length_15734_cov_7.804319:hit:95339:4.5.0.0","genemark-NODE_1266_length_15734_cov_7.804319-abinit-gene-0.41-mRNA-1","NODE_1266_length_15734_cov_7.804319","genemark",[[1,13120,13293,-1,"M173","NODE_1266_length_15734_cov_7.804319:hsp:482580:4.5.0.0","NODE_1266_length_15734_cov_7.804319","genemark","genemark-NODE_1266_length_15734_cov_7.804319-abinit-gene-0.41-mRNA-1 173 345 +","match_part"],[1,11902,12074,-1,"M172","NODE_1266_length_15734_cov_7.804319:hsp:482581:4.5.0.0","NODE_1266_length_15734_cov_7.804319","genemark","genemark-NODE_1266_length_15734_cov_7.804319-abinit-gene-0.41-mRNA-1 1 172 +","match_part"]],"15734","match"],[0,13678,14402,1,"NODE_1266_length_15734_cov_7.804319:hit:95340:4.5.0.0","genemark-NODE_1266_length_15734_cov_7.804319-abinit-gene-0.38-mRNA-1","NODE_1266_length_15734_cov_7.804319","genemark",[[1,13678,13729,1,"M51","NODE_1266_length_15734_cov_7.804319:hsp:482582:4.5.0.0","NODE_1266_length_15734_cov_7.804319","genemark","genemark-NODE_1266_length_15734_cov_7.804319-abinit-gene-0.38-mRNA-1 1 51 +","match_part"],[1,13812,14040,1,"M228","NODE_1266_length_15734_cov_7.804319:hsp:482583:4.5.0.0","NODE_1266_length_15734_cov_7.804319","genemark","genemark-NODE_1266_length_15734_cov_7.804319-abinit-gene-0.38-mRNA-1 52 279 +","match_part"],[1,14113,14174,1,"M61","NODE_1266_length_15734_cov_7.804319:hsp:482584:4.5.0.0","NODE_1266_length_15734_cov_7.804319","genemark","genemark-NODE_1266_length_15734_cov_7.804319-abinit-gene-0.38-mRNA-1 280 340 +","match_part"],[1,14256,14402,1,"M146","NODE_1266_length_15734_cov_7.804319:hsp:482585:4.5.0.0","NODE_1266_length_15734_cov_7.804319","genemark","genemark-NODE_1266_length_15734_cov_7.804319-abinit-gene-0.38-mRNA-1 341 486 +","match_part"]],"15734","match"]],"urlTemplate":"lf-{Chunk}.json"}}