{"featureCount":4,"formatVersion":1,"histograms":{"meta":[{"arrayParams":{"chunkSize":10000,"length":2,"urlTemplate":"hist-500-{Chunk}.json"},"basesPerBin":"500"}],"stats":[{"basesPerBin":"500","max":4,"mean":4}]},"intervals":{"classes":[{"attributes":["Start","End","Strand","Aligned_coverage","Aligned_identity","Id","Name","Score","Seq_id","Source","Subfeatures","Target_length","Type"],"isArrayAttr":{"Subfeatures":1}},{"attributes":["Start","End","Strand","Gap","Id","Score","Seq_id","Source","Target","Type"],"isArrayAttr":{}},{"attributes":["Start","End","Chunk"],"isArrayAttr":{"Sublist":1}}],"count":4,"lazyClass":2,"maxEnd":599,"minStart":196,"nclist":[[0,196,599,-1,"99.01","99.7","NODE_22093_length_599_cov_3.985169:hit:186:3.2.0.0","TRINITY_DN14890_c0_g1_i5",1482,"NODE_22093_length_599_cov_3.985169","est2genome",[[1,523,599,-1,"M76","NODE_22093_length_599_cov_3.985169:hsp:266:3.2.0.0",1482,"NODE_22093_length_599_cov_3.985169","est2genome","TRINITY_DN14890_c0_g1_i5 226 301 -","match_part"],[1,196,421,-1,"M225","NODE_22093_length_599_cov_3.985169:hsp:267:3.2.0.0",1482,"NODE_22093_length_599_cov_3.985169","est2genome","TRINITY_DN14890_c0_g1_i5 1 225 -","match_part"]],"304","expressed_sequence_match"],[0,196,599,-1,"99.01","97","NODE_22093_length_599_cov_3.985169:hit:187:3.2.0.0","TRINITY_DN14890_c0_g1_i6",1410,"NODE_22093_length_599_cov_3.985169","est2genome",[[1,523,599,-1,"M76","NODE_22093_length_599_cov_3.985169:hsp:268:3.2.0.0",1410,"NODE_22093_length_599_cov_3.985169","est2genome","TRINITY_DN14890_c0_g1_i6 226 301 -","match_part"],[1,196,421,-1,"M225","NODE_22093_length_599_cov_3.985169:hsp:269:3.2.0.0",1410,"NODE_22093_length_599_cov_3.985169","est2genome","TRINITY_DN14890_c0_g1_i6 1 225 -","match_part"]],"304","expressed_sequence_match"],[0,196,599,-1,"99.26","97.3","NODE_22093_length_599_cov_3.985169:hit:189:3.2.0.0","TRINITY_DN14890_c0_g1_i2",1916,"NODE_22093_length_599_cov_3.985169","est2genome",[[1,196,599,-1,"M403","NODE_22093_length_599_cov_3.985169:hsp:272:3.2.0.0",1916,"NODE_22093_length_599_cov_3.985169","est2genome","TRINITY_DN14890_c0_g1_i2 1 403 -","match_part"]],"406","expressed_sequence_match",{"Sublist":[[0,196,570,-1,"98.57","97.1","NODE_22093_length_599_cov_3.985169:hit:188:3.2.0.0","TRINITY_DN14890_c0_g1_i1",1254,"NODE_22093_length_599_cov_3.985169","est2genome",[[1,523,570,-1,"M27 I3 M20","NODE_22093_length_599_cov_3.985169:hsp:270:3.2.0.0",1254,"NODE_22093_length_599_cov_3.985169","est2genome","TRINITY_DN14890_c0_g1_i1 226 275 -","match_part"],[1,196,421,-1,"M225","NODE_22093_length_599_cov_3.985169:hsp:271:3.2.0.0",1254,"NODE_22093_length_599_cov_3.985169","est2genome","TRINITY_DN14890_c0_g1_i1 1 225 -","match_part"]],"279","expressed_sequence_match"]]}]],"urlTemplate":"lf-{Chunk}.json"}}