{"featureCount":4,"formatVersion":1,"histograms":{"meta":[{"arrayParams":{"chunkSize":10000,"length":2,"urlTemplate":"hist-5000-{Chunk}.json"},"basesPerBin":"5000"}],"stats":[{"basesPerBin":"5000","max":3,"mean":2.5}]},"intervals":{"classes":[{"attributes":["Start","End","Strand","Id","Name","Seq_id","Source","Subfeatures","Target_length","Type"],"isArrayAttr":{"Subfeatures":1}},{"attributes":["Start","End","Strand","Gap","Id","Seq_id","Source","Target","Type"],"isArrayAttr":{}},{"attributes":["Start","End","Strand","Id","Seq_id","Source","Target","Type"],"isArrayAttr":{}},{"attributes":["Start","End","Chunk"],"isArrayAttr":{"Sublist":1}}],"count":4,"lazyClass":3,"maxEnd":6080,"minStart":10,"nclist":[[0,10,127,1,"NODE_3205_length_7590_cov_5.952840:hit:28455:4.5.0.0","genemark-NODE_3205_length_7590_cov_5.952840-abinit-gene-0.16-mRNA-1","NODE_3205_length_7590_cov_5.952840","genemark",[[1,10,127,1,"M117","NODE_3205_length_7590_cov_5.952840:hsp:121439:4.5.0.0","NODE_3205_length_7590_cov_5.952840","genemark","genemark-NODE_3205_length_7590_cov_5.952840-abinit-gene-0.16-mRNA-1 1 117 +","match_part"]],"7590","match"],[0,1549,3725,-1,"NODE_3205_length_7590_cov_5.952840:hit:28458:4.5.0.0","genemark-NODE_3205_length_7590_cov_5.952840-abinit-gene-0.18-mRNA-1","NODE_3205_length_7590_cov_5.952840","genemark",[[1,2744,3725,-1,"M981","NODE_3205_length_7590_cov_5.952840:hsp:121444:4.5.0.0","NODE_3205_length_7590_cov_5.952840","genemark","genemark-NODE_3205_length_7590_cov_5.952840-abinit-gene-0.18-mRNA-1 1123 2103 +","match_part"],[1,1549,2671,-1,"M1122","NODE_3205_length_7590_cov_5.952840:hsp:121445:4.5.0.0","NODE_3205_length_7590_cov_5.952840","genemark","genemark-NODE_3205_length_7590_cov_5.952840-abinit-gene-0.18-mRNA-1 1 1122 +","match_part"]],"7590","match"],[0,4075,5122,1,"NODE_3205_length_7590_cov_5.952840:hit:28461:4.5.0.0","genemark-NODE_3205_length_7590_cov_5.952840-abinit-gene-0.17-mRNA-1","NODE_3205_length_7590_cov_5.952840","genemark",[[1,4075,4112,1,"M37","NODE_3205_length_7590_cov_5.952840:hsp:121454:4.5.0.0","NODE_3205_length_7590_cov_5.952840","genemark","genemark-NODE_3205_length_7590_cov_5.952840-abinit-gene-0.17-mRNA-1 1 37 +","match_part"],[1,4196,4217,1,"M21","NODE_3205_length_7590_cov_5.952840:hsp:121455:4.5.0.0","NODE_3205_length_7590_cov_5.952840","genemark","genemark-NODE_3205_length_7590_cov_5.952840-abinit-gene-0.17-mRNA-1 38 58 +","match_part"],[1,4288,4559,1,"M271","NODE_3205_length_7590_cov_5.952840:hsp:121456:4.5.0.0","NODE_3205_length_7590_cov_5.952840","genemark","genemark-NODE_3205_length_7590_cov_5.952840-abinit-gene-0.17-mRNA-1 59 329 +","match_part"],[1,4680,5122,1,"M442","NODE_3205_length_7590_cov_5.952840:hsp:121457:4.5.0.0","NODE_3205_length_7590_cov_5.952840","genemark","genemark-NODE_3205_length_7590_cov_5.952840-abinit-gene-0.17-mRNA-1 330 771 +","match_part"]],"7590","match"],[0,5591,6080,-1,"NODE_3205_length_7590_cov_5.952840:hit:28464:4.5.0.0","genemark-NODE_3205_length_7590_cov_5.952840-abinit-gene-0.19-mRNA-1","NODE_3205_length_7590_cov_5.952840","genemark",[[1,5591,6080,-1,"M489","NODE_3205_length_7590_cov_5.952840:hsp:121463:4.5.0.0","NODE_3205_length_7590_cov_5.952840","genemark","genemark-NODE_3205_length_7590_cov_5.952840-abinit-gene-0.19-mRNA-1 1 489 +","match_part"]],"7590","match"]],"urlTemplate":"lf-{Chunk}.json"}}