{"featureCount":11,"formatVersion":1,"histograms":{"meta":[{"arrayParams":{"chunkSize":10000,"length":3,"urlTemplate":"hist-10000-{Chunk}.json"},"basesPerBin":"10000"}],"stats":[{"basesPerBin":"10000","max":10,"mean":4}]},"intervals":{"classes":[{"attributes":["Start","End","Strand","Id","Name","Score","Seq_id","Source","Subfeatures","Target_length","Type"],"isArrayAttr":{"Subfeatures":1}},{"attributes":["Start","End","Strand","Gap","Id","Score","Seq_id","Source","Target","Type"],"isArrayAttr":{}},{"attributes":["Start","End","Chunk"],"isArrayAttr":{"Sublist":1}}],"count":11,"lazyClass":2,"maxEnd":22707,"minStart":9434,"nclist":[[0,9434,12561,-1,"NODE_99_length_46308_cov_10.363873:hit:13137:3.2.0.0","TRINITY_DN5721_c0_g1_i1",629,"NODE_99_length_46308_cov_10.363873","blastn",[[1,11932,12561,-1,"M629","NODE_99_length_46308_cov_10.363873:hsp:68870:3.2.0.0",629,"NODE_99_length_46308_cov_10.363873","blastn","TRINITY_DN5721_c0_g1_i1 6 634 +","match_part"],[1,11722,11834,-1,"M112","NODE_99_length_46308_cov_10.363873:hsp:68871:3.2.0.0",112,"NODE_99_length_46308_cov_10.363873","blastn","TRINITY_DN5721_c0_g1_i1 635 746 +","match_part"],[1,11486,11600,-1,"M114","NODE_99_length_46308_cov_10.363873:hsp:68872:3.2.0.0",114,"NODE_99_length_46308_cov_10.363873","blastn","TRINITY_DN5721_c0_g1_i1 747 860 +","match_part"],[1,11251,11388,-1,"M137","NODE_99_length_46308_cov_10.363873:hsp:68873:3.2.0.0",137,"NODE_99_length_46308_cov_10.363873","blastn","TRINITY_DN5721_c0_g1_i1 859 995 +","match_part"],[1,11082,11160,-1,"M78","NODE_99_length_46308_cov_10.363873:hsp:68874:3.2.0.0",78,"NODE_99_length_46308_cov_10.363873","blastn","TRINITY_DN5721_c0_g1_i1 995 1072 +","match_part"],[1,10231,11003,-1,"M772","NODE_99_length_46308_cov_10.363873:hsp:68875:3.2.0.0",772,"NODE_99_length_46308_cov_10.363873","blastn","TRINITY_DN5721_c0_g1_i1 1072 1843 +","match_part"],[1,10093,10131,-1,"M38","NODE_99_length_46308_cov_10.363873:hsp:68876:3.2.0.0",38,"NODE_99_length_46308_cov_10.363873","blastn","TRINITY_DN5721_c0_g1_i1 1844 1881 +","match_part"],[1,9434,9958,-1,"M524","NODE_99_length_46308_cov_10.363873:hsp:68877:3.2.0.0",524,"NODE_99_length_46308_cov_10.363873","blastn","TRINITY_DN5721_c0_g1_i1 1881 2404 +","match_part"]],"2404","expressed_sequence_match"],[0,16464,18277,-1,"NODE_99_length_46308_cov_10.363873:hit:13139:3.2.0.0","TRINITY_DN1731_c0_g1_i2",153,"NODE_99_length_46308_cov_10.363873","blastn",[[1,18118,18277,-1,"M159","NODE_99_length_46308_cov_10.363873:hsp:68879:3.2.0.0",153,"NODE_99_length_46308_cov_10.363873","blastn","TRINITY_DN1731_c0_g1_i2 4 162 +","match_part"],[1,17636,17721,-1,"M85","NODE_99_length_46308_cov_10.363873:hsp:68880:3.2.0.0",79,"NODE_99_length_46308_cov_10.363873","blastn","TRINITY_DN1731_c0_g1_i2 219 303 +","match_part"],[1,17472,17560,-1,"M88","NODE_99_length_46308_cov_10.363873:hsp:68881:3.2.0.0",82,"NODE_99_length_46308_cov_10.363873","blastn","TRINITY_DN1731_c0_g1_i2 303 390 +","match_part"],[1,16464,17380,-1,"M916","NODE_99_length_46308_cov_10.363873:hsp:68882:3.2.0.0",856,"NODE_99_length_46308_cov_10.363873","blastn","TRINITY_DN1731_c0_g1_i2 389 1304 +","match_part"]],"1319","expressed_sequence_match"],[0,16464,18277,-1,"NODE_99_length_46308_cov_10.363873:hit:13140:3.2.0.0","TRINITY_DN1731_c0_g1_i8",153,"NODE_99_length_46308_cov_10.363873","blastn",[[1,18118,18277,-1,"M159","NODE_99_length_46308_cov_10.363873:hsp:68883:3.2.0.0",153,"NODE_99_length_46308_cov_10.363873","blastn","TRINITY_DN1731_c0_g1_i8 4 162 +","match_part"],[1,17472,18054,-1,"M582","NODE_99_length_46308_cov_10.363873:hsp:68884:3.2.0.0",528,"NODE_99_length_46308_cov_10.363873","blastn","TRINITY_DN1731_c0_g1_i8 160 741 +","match_part"],[1,16464,17380,-1,"M916","NODE_99_length_46308_cov_10.363873:hsp:68885:3.2.0.0",856,"NODE_99_length_46308_cov_10.363873","blastn","TRINITY_DN1731_c0_g1_i8 740 1655 +","match_part"]],"1670","expressed_sequence_match",{"Sublist":[[0,16464,17636,-1,"NODE_99_length_46308_cov_10.363873:hit:13138:3.2.0.0","TRINITY_DN1731_c0_g1_i1",1100,"NODE_99_length_46308_cov_10.363873","blastn",[[1,16464,17636,-1,"M1172","NODE_99_length_46308_cov_10.363873:hsp:68878:3.2.0.0",1100,"NODE_99_length_46308_cov_10.363873","blastn","TRINITY_DN1731_c0_g1_i1 1 1172 +","match_part"]],"1187","expressed_sequence_match"],[0,16464,17636,-1,"NODE_99_length_46308_cov_10.363873:hit:13141:3.2.0.0","TRINITY_DN1731_c0_g1_i10",244,"NODE_99_length_46308_cov_10.363873","blastn",[[1,17380,17636,-1,"M256","NODE_99_length_46308_cov_10.363873:hsp:68886:3.2.0.0",244,"NODE_99_length_46308_cov_10.363873","blastn","TRINITY_DN1731_c0_g1_i10 1 256 +","match_part"],[1,16464,17318,-1,"M854","NODE_99_length_46308_cov_10.363873:hsp:68887:3.2.0.0",800,"NODE_99_length_46308_cov_10.363873","blastn","TRINITY_DN1731_c0_g1_i10 254 1107 +","match_part"]],"1122","expressed_sequence_match"]]}],[0,17380,18277,-1,"NODE_99_length_46308_cov_10.363873:hit:13142:3.2.0.0","TRINITY_DN1731_c0_g1_i5",153,"NODE_99_length_46308_cov_10.363873","blastn",[[1,18118,18277,-1,"M159","NODE_99_length_46308_cov_10.363873:hsp:68888:3.2.0.0",153,"NODE_99_length_46308_cov_10.363873","blastn","TRINITY_DN1731_c0_g1_i5 4 162 +","match_part"],[1,17380,17846,-1,"M62 D1 M403","NODE_99_length_46308_cov_10.363873:hsp:68889:3.2.0.0",419,"NODE_99_length_46308_cov_10.363873","blastn","TRINITY_DN1731_c0_g1_i5 207 671 +","match_part"]],"671","expressed_sequence_match"],[0,17380,18277,-1,"NODE_99_length_46308_cov_10.363873:hit:13143:3.2.0.0","TRINITY_DN1731_c0_g1_i3",153,"NODE_99_length_46308_cov_10.363873","blastn",[[1,18118,18277,-1,"M159","NODE_99_length_46308_cov_10.363873:hsp:68890:3.2.0.0",153,"NODE_99_length_46308_cov_10.363873","blastn","TRINITY_DN1731_c0_g1_i3 4 162 +","match_part"],[1,17831,18054,-1,"M223","NODE_99_length_46308_cov_10.363873:hsp:68891:3.2.0.0",217,"NODE_99_length_46308_cov_10.363873","blastn","TRINITY_DN1731_c0_g1_i3 160 382 +","match_part"],[1,17636,17721,-1,"M85","NODE_99_length_46308_cov_10.363873:hsp:68892:3.2.0.0",79,"NODE_99_length_46308_cov_10.363873","blastn","TRINITY_DN1731_c0_g1_i3 380 464 +","match_part"],[1,17380,17560,-1,"M180","NODE_99_length_46308_cov_10.363873:hsp:68893:3.2.0.0",174,"NODE_99_length_46308_cov_10.363873","blastn","TRINITY_DN1731_c0_g1_i3 464 643 +","match_part"]],"643","expressed_sequence_match"],[0,17380,18277,-1,"NODE_99_length_46308_cov_10.363873:hit:13144:3.2.0.0","TRINITY_DN1731_c0_g1_i11",153,"NODE_99_length_46308_cov_10.363873","blastn",[[1,18118,18277,-1,"M159","NODE_99_length_46308_cov_10.363873:hsp:68894:3.2.0.0",153,"NODE_99_length_46308_cov_10.363873","blastn","TRINITY_DN1731_c0_g1_i11 4 162 +","match_part"],[1,17923,18054,-1,"M131","NODE_99_length_46308_cov_10.363873:hsp:68895:3.2.0.0",131,"NODE_99_length_46308_cov_10.363873","blastn","TRINITY_DN1731_c0_g1_i11 160 290 +","match_part"],[1,17380,17846,-1,"M62 D1 M403","NODE_99_length_46308_cov_10.363873:hsp:68896:3.2.0.0",419,"NODE_99_length_46308_cov_10.363873","blastn","TRINITY_DN1731_c0_g1_i11 290 754 +","match_part"]],"754","expressed_sequence_match"],[0,17380,18277,-1,"NODE_99_length_46308_cov_10.363873:hit:13145:3.2.0.0","TRINITY_DN1731_c0_g1_i4",153,"NODE_99_length_46308_cov_10.363873","blastn",[[1,18118,18277,-1,"M159","NODE_99_length_46308_cov_10.363873:hsp:68897:3.2.0.0",153,"NODE_99_length_46308_cov_10.363873","blastn","TRINITY_DN1731_c0_g1_i4 4 162 +","match_part"],[1,17636,17721,-1,"M85","NODE_99_length_46308_cov_10.363873:hsp:68898:3.2.0.0",79,"NODE_99_length_46308_cov_10.363873","blastn","TRINITY_DN1731_c0_g1_i4 219 303 +","match_part"],[1,17380,17560,-1,"M180","NODE_99_length_46308_cov_10.363873:hsp:68899:3.2.0.0",174,"NODE_99_length_46308_cov_10.363873","blastn","TRINITY_DN1731_c0_g1_i4 303 482 +","match_part"]],