{"featureCount":3,"formatVersion":1,"histograms":{"meta":[{"arrayParams":{"chunkSize":10000,"length":2,"urlTemplate":"hist-5000-{Chunk}.json"},"basesPerBin":"5000"}],"stats":[{"basesPerBin":"5000","max":3,"mean":2}]},"intervals":{"classes":[{"attributes":["Start","End","Strand","Id","Name","Seq_id","Source","Subfeatures","Target_length","Type"],"isArrayAttr":{"Subfeatures":1}},{"attributes":["Start","End","Strand","Gap","Id","Seq_id","Source","Target","Type"],"isArrayAttr":{}},{"attributes":["Start","End","Strand","Id","Seq_id","Source","Target","Type"],"isArrayAttr":{}},{"attributes":["Start","End","Chunk"],"isArrayAttr":{"Sublist":1}}],"count":3,"lazyClass":3,"maxEnd":5645,"minStart":388,"nclist":[[0,388,2783,-1,"NODE_4525_length_5674_cov_7.938886:hit:5933:4.5.0.0","genemark-NODE_4525_length_5674_cov_7.938886-abinit-gene-0.9-mRNA-1","NODE_4525_length_5674_cov_7.938886","genemark",[[1,2299,2783,-1,"M484","NODE_4525_length_5674_cov_7.938886:hsp:20888:4.5.0.0","NODE_4525_length_5674_cov_7.938886","genemark","genemark-NODE_4525_length_5674_cov_7.938886-abinit-gene-0.9-mRNA-1 1665 2148 +","match_part"],[1,1336,2232,-1,"M896","NODE_4525_length_5674_cov_7.938886:hsp:20889:4.5.0.0","NODE_4525_length_5674_cov_7.938886","genemark","genemark-NODE_4525_length_5674_cov_7.938886-abinit-gene-0.9-mRNA-1 769 1664 +","match_part"],[1,602,1259,-1,"M657","NODE_4525_length_5674_cov_7.938886:hsp:20890:4.5.0.0","NODE_4525_length_5674_cov_7.938886","genemark","genemark-NODE_4525_length_5674_cov_7.938886-abinit-gene-0.9-mRNA-1 112 768 +","match_part"],[1,388,499,-1,"M111","NODE_4525_length_5674_cov_7.938886:hsp:20891:4.5.0.0","NODE_4525_length_5674_cov_7.938886","genemark","genemark-NODE_4525_length_5674_cov_7.938886-abinit-gene-0.9-mRNA-1 1 111 +","match_part"]],"5674","match"],[0,2845,3130,-1,"NODE_4525_length_5674_cov_7.938886:hit:5936:4.5.0.0","genemark-NODE_4525_length_5674_cov_7.938886-abinit-gene-0.10-mRNA-1","NODE_4525_length_5674_cov_7.938886","genemark",[[1,3084,3130,-1,"M46","NODE_4525_length_5674_cov_7.938886:hsp:20897:4.5.0.0","NODE_4525_length_5674_cov_7.938886","genemark","genemark-NODE_4525_length_5674_cov_7.938886-abinit-gene-0.10-mRNA-1 156 201 +","match_part"],[1,2845,3000,-1,"M155","NODE_4525_length_5674_cov_7.938886:hsp:20898:4.5.0.0","NODE_4525_length_5674_cov_7.938886","genemark","genemark-NODE_4525_length_5674_cov_7.938886-abinit-gene-0.10-mRNA-1 1 155 +","match_part"]],"5674","match"],[0,4136,5645,-1,"NODE_4525_length_5674_cov_7.938886:hit:5938:4.5.0.0","genemark-NODE_4525_length_5674_cov_7.938886-abinit-gene-0.11-mRNA-1","NODE_4525_length_5674_cov_7.938886","genemark",[[1,5558,5645,-1,"M87","NODE_4525_length_5674_cov_7.938886:hsp:20902:4.5.0.0","NODE_4525_length_5674_cov_7.938886","genemark","genemark-NODE_4525_length_5674_cov_7.938886-abinit-gene-0.11-mRNA-1 1207 1293 +","match_part"],[1,5034,5491,-1,"M457","NODE_4525_length_5674_cov_7.938886:hsp:20903:4.5.0.0","NODE_4525_length_5674_cov_7.938886","genemark","genemark-NODE_4525_length_5674_cov_7.938886-abinit-gene-0.11-mRNA-1 750 1206 +","match_part"],[1,4238,4965,-1,"M727","NODE_4525_length_5674_cov_7.938886:hsp:20904:4.5.0.0","NODE_4525_length_5674_cov_7.938886","genemark","genemark-NODE_4525_length_5674_cov_7.938886-abinit-gene-0.11-mRNA-1 23 749 +","match_part"],[1,4136,4158,-1,"M22","NODE_4525_length_5674_cov_7.938886:hsp:20905:4.5.0.0","NODE_4525_length_5674_cov_7.938886","genemark","genemark-NODE_4525_length_5674_cov_7.938886-abinit-gene-0.11-mRNA-1 1 22 +","match_part"]],"5674","match"]],"urlTemplate":"lf-{Chunk}.json"}}