{"featureCount":1,"formatVersion":1,"histograms":{"meta":[{"arrayParams":{"chunkSize":10000,"length":1,"urlTemplate":"hist-20000-{Chunk}.json"},"basesPerBin":"20000"}],"stats":[{"basesPerBin":"20000","max":1,"mean":1}]},"intervals":{"classes":[{"attributes":["Start","End","Strand","Id","Name","Seq_id","Source","Subfeatures","Target_length","Type"],"isArrayAttr":{"Subfeatures":1}},{"attributes":["Start","End","Strand","Gap","Id","Seq_id","Source","Target","Type"],"isArrayAttr":{}},{"attributes":["Start","End","Strand","Id","Seq_id","Source","Target","Type"],"isArrayAttr":{}},{"attributes":["Start","End","Chunk"],"isArrayAttr":{"Sublist":1}}],"count":1,"lazyClass":3,"maxEnd":5008,"minStart":1373,"nclist":[[0,1373,5008,-1,"NODE_4731_length_5414_cov_4.931152:hit:8478:4.5.0.0","genemark-NODE_4731_length_5414_cov_4.931152-abinit-gene-0.1-mRNA-1","NODE_4731_length_5414_cov_4.931152","genemark",[[1,4414,5008,-1,"M594","NODE_4731_length_5414_cov_4.931152:hsp:29939:4.5.0.0","NODE_4731_length_5414_cov_4.931152","genemark","genemark-NODE_4731_length_5414_cov_4.931152-abinit-gene-0.1-mRNA-1 2563 3156 +","match_part"],[1,3756,4355,-1,"M599","NODE_4731_length_5414_cov_4.931152:hsp:29940:4.5.0.0","NODE_4731_length_5414_cov_4.931152","genemark","genemark-NODE_4731_length_5414_cov_4.931152-abinit-gene-0.1-mRNA-1 1964 2562 +","match_part"],[1,3535,3684,-1,"M149","NODE_4731_length_5414_cov_4.931152:hsp:29941:4.5.0.0","NODE_4731_length_5414_cov_4.931152","genemark","genemark-NODE_4731_length_5414_cov_4.931152-abinit-gene-0.1-mRNA-1 1815 1963 +","match_part"],[1,3356,3465,-1,"M109","NODE_4731_length_5414_cov_4.931152:hsp:29942:4.5.0.0","NODE_4731_length_5414_cov_4.931152","genemark","genemark-NODE_4731_length_5414_cov_4.931152-abinit-gene-0.1-mRNA-1 1706 1814 +","match_part"],[1,3010,3275,-1,"M265","NODE_4731_length_5414_cov_4.931152:hsp:29943:4.5.0.0","NODE_4731_length_5414_cov_4.931152","genemark","genemark-NODE_4731_length_5414_cov_4.931152-abinit-gene-0.1-mRNA-1 1441 1705 +","match_part"],[1,2700,2947,-1,"M247","NODE_4731_length_5414_cov_4.931152:hsp:29944:4.5.0.0","NODE_4731_length_5414_cov_4.931152","genemark","genemark-NODE_4731_length_5414_cov_4.931152-abinit-gene-0.1-mRNA-1 1194 1440 +","match_part"],[1,2302,2625,-1,"M323","NODE_4731_length_5414_cov_4.931152:hsp:29945:4.5.0.0","NODE_4731_length_5414_cov_4.931152","genemark","genemark-NODE_4731_length_5414_cov_4.931152-abinit-gene-0.1-mRNA-1 871 1193 +","match_part"],[1,1373,2243,-1,"M870","NODE_4731_length_5414_cov_4.931152:hsp:29946:4.5.0.0","NODE_4731_length_5414_cov_4.931152","genemark","genemark-NODE_4731_length_5414_cov_4.931152-abinit-gene-0.1-mRNA-1 1 870 +","match_part"]],"5414","match"]],"urlTemplate":"lf-{Chunk}.json"}}