{"featureCount":9,"formatVersion":1,"histograms":{"meta":[{"arrayParams":{"chunkSize":10000,"length":3,"urlTemplate":"hist-1000-{Chunk}.json"},"basesPerBin":"1000"}],"stats":[{"basesPerBin":"1000","max":9,"mean":6}]},"intervals":{"classes":[{"attributes":["Start","End","Strand","Aligned_coverage","Aligned_identity","Id","Name","Score","Seq_id","Source","Subfeatures","Target_length","Type"],"isArrayAttr":{"Subfeatures":1}},{"attributes":["Start","End","Strand","Gap","Id","Score","Seq_id","Source","Target","Type"],"isArrayAttr":{}},{"attributes":["Start","End","Chunk"],"isArrayAttr":{"Sublist":1}}],"count":9,"lazyClass":2,"maxEnd":2410,"minStart":826,"nclist":[[0,826,1414,1,"100","100","NODE_2909_length_8369_cov_7.418830:hit:22806:3.2.0.0","TRINITY_DN1068_c0_g1_i7",2616,"NODE_2909_length_8369_cov_7.418830","est2genome",[[1,826,1142,1,"M316","NODE_2909_length_8369_cov_7.418830:hsp:98218:3.2.0.0",2616,"NODE_2909_length_8369_cov_7.418830","est2genome","TRINITY_DN1068_c0_g1_i7 212 527 -","match_part"],[1,1203,1414,1,"M211","NODE_2909_length_8369_cov_7.418830:hsp:98219:3.2.0.0",2616,"NODE_2909_length_8369_cov_7.418830","est2genome","TRINITY_DN1068_c0_g1_i7 1 211 -","match_part"]],"527","expressed_sequence_match"],[0,826,1414,1,"100","100","NODE_2909_length_8369_cov_7.418830:hit:22807:3.2.0.0","TRINITY_DN1068_c0_g1_i2",2940,"NODE_2909_length_8369_cov_7.418830","est2genome",[[1,826,1414,1,"M588","NODE_2909_length_8369_cov_7.418830:hsp:98220:3.2.0.0",2940,"NODE_2909_length_8369_cov_7.418830","est2genome","TRINITY_DN1068_c0_g1_i2 1 588 -","match_part"]],"588","expressed_sequence_match"],[0,826,1414,1,"100","100","NODE_2909_length_8369_cov_7.418830:hit:22808:3.2.0.0","TRINITY_DN1068_c0_g1_i8",2169,"NODE_2909_length_8369_cov_7.418830","est2genome",[[1,826,981,1,"M155","NODE_2909_length_8369_cov_7.418830:hsp:98221:3.2.0.0",2169,"NODE_2909_length_8369_cov_7.418830","est2genome","TRINITY_DN1068_c0_g1_i8 289 443 -","match_part"],[1,1052,1142,1,"M90","NODE_2909_length_8369_cov_7.418830:hsp:98222:3.2.0.0",2169,"NODE_2909_length_8369_cov_7.418830","est2genome","TRINITY_DN1068_c0_g1_i8 199 288 -","match_part"],[1,1216,1414,1,"M198","NODE_2909_length_8369_cov_7.418830:hsp:98223:3.2.0.0",2169,"NODE_2909_length_8369_cov_7.418830","est2genome","TRINITY_DN1068_c0_g1_i8 1 198 -","match_part"]],"443","expressed_sequence_match"],[0,826,1414,1,"100","100","NODE_2909_length_8369_cov_7.418830:hit:22809:3.2.0.0","TRINITY_DN1068_c0_g1_i9",2231,"NODE_2909_length_8369_cov_7.418830","est2genome",[[1,826,981,1,"M155","NODE_2909_length_8369_cov_7.418830:hsp:98224:3.2.0.0",2231,"NODE_2909_length_8369_cov_7.418830","est2genome","TRINITY_DN1068_c0_g1_i9 302 456 -","match_part"],[1,1052,1142,1,"M90","NODE_2909_length_8369_cov_7.418830:hsp:98225:3.2.0.0",2231,"NODE_2909_length_8369_cov_7.418830","est2genome","TRINITY_DN1068_c0_g1_i9 212 301 -","match_part"],[1,1203,1414,1,"M211","NODE_2909_length_8369_cov_7.418830:hsp:98226:3.2.0.0",2231,"NODE_2909_length_8369_cov_7.418830","est2genome","TRINITY_DN1068_c0_g1_i9 1 211 -","match_part"]],"456","expressed_sequence_match"],[0,826,1414,1,"100","100","NODE_2909_length_8369_cov_7.418830:hit:22810:3.2.0.0","TRINITY_DN1068_c0_g1_i4",2554,"NODE_2909_length_8369_cov_7.418830","est2genome",[[1,826,1142,1,"M316","NODE_2909_length_8369_cov_7.418830:hsp:98227:3.2.0.0",2554,"NODE_2909_length_8369_cov_7.418830","est2genome","TRINITY_DN1068_c0_g1_i4 199 514 -","match_part"],[1,1216,1414,1,"M198","NODE_2909_length_8369_cov_7.418830:hsp:98228:3.2.0.0",2554,"NODE_2909_length_8369_cov_7.418830","est2genome","TRINITY_DN1068_c0_g1_i4 1 198 -","match_part"]],"514","expressed_sequence_match"],[0,1216,2410,1,"99.68","100","NODE_2909_length_8369_cov_7.418830:hit:22811:3.2.0.0","TRINITY_DN1068_c0_g1_i6",4657,"NODE_2909_length_8369_cov_7.418830","est2genome",[[1,1216,1414,1,"M198","NODE_2909_length_8369_cov_7.418830:hsp:98229:3.2.0.0",4657,"NODE_2909_length_8369_cov_7.418830","est2genome","TRINITY_DN1068_c0_g1_i6 745 942 -","match_part"],[1,1591,1920,1,"M329","NODE_2909_length_8369_cov_7.418830:hsp:98230:3.2.0.0",4657,"NODE_2909_length_8369_cov_7.418830","est2genome","TRINITY_DN1068_c0_g1_i6 416 744 -","match_part"],[1,1998,2410,1,"M412","NODE_2909_length_8369_cov_7.418830:hsp:98231:3.2.0.0",4657,"NODE_2909_length_8369_cov_7.418830","est2genome","TRINITY_DN1068_c0_g1_i6 4 415 -","match_part"]],"942","expressed_sequence_match"],[0,1216,2410,1,"99.75","100","NODE_2909_length_8369_cov_7.418830:hit:22812:3.2.0.0","TRINITY_DN1068_c0_g1_i1",5958,"NODE_2909_length_8369_cov_7.418830","est2genome",[[1,1216,2410,1,"M852 I1 M342","NODE_2909_length_8369_cov_7.418830:hsp:98232:3.2.0.0",5958,"NODE_2909_length_8369_cov_7.418830","est2genome","TRINITY_DN1068_c0_g1_i1 4 1198 -","match_part"]],"1198","expressed_sequence_match"],[0,1216,2410,1,"99.65","100","NODE_2909_length_8369_cov_7.418830:hit:22813:3.2.0.0","TRINITY_DN1068_c0_g1_i3",4263,"NODE_2909_length_8369_cov_7.418830","est2genome",[[1,1216,1414,1,"M198","NODE_2909_length_8369_cov_7.418830:hsp:98233:3.2.0.0",4263,"NODE_2909_length_8369_cov_7.418830","est2genome","TRINITY_DN1068_c0_g1_i3 667 864 -","match_part"],[1,1669,1920,1,"M251","NODE_2909_length_8369_cov_7.418830:hsp:98234:3.2.0.0",4263,"NODE_2909_length_8369_cov_7.418830","est2genome","TRINITY_DN1068_c0_g1_i3 416 666 -","match_part"],[1,1998,2410,1,"M412","NODE_2909_length_8369_cov_7.418830:hsp:98235:3.2.0.0",4263,"NODE_2909_length_8369_cov_7.418830","est2genome","TRINITY_DN1068_c0_g1_i3 4 415 -","match_part"]],"864","expressed_sequence_match"],[0,1216,2410,1,"99.73","100","NODE_2909_length_8369_cov_7.418830:hit:22814:3.2.0.0","TRINITY_DN1068_c0_g1_i5",5545,"NODE_2909_length_8369_cov_7.418830","est2genome",[[1,1216,1920,1,"M362 I1 M342","NODE_2909_length_8369_cov_7.418830:hsp:98236:3.2.0.0",5545,"NODE_2909_length_8369_cov_7.418830","est2genome","TRINITY_DN1068_c0_g1_i5 416 1120 -","match_part"],[1,1998,2410,1,"M412","NODE_2909_length_8369_cov_7.418830:hsp:98237:3.2.0.0",5545,"NODE_2909_length_8369_cov_7.418830","est2genome","TRINITY_DN1068_c0_g1_i5 4 415 -","match_part"]],"1120","expressed_sequence_match"]],"urlTemplate":"lf-{Chunk}.json"}}