{"featureCount":5,"formatVersion":1,"histograms":{"meta":[{"arrayParams":{"chunkSize":10000,"length":2,"urlTemplate":"hist-10000-{Chunk}.json"},"basesPerBin":"10000"}],"stats":[{"basesPerBin":"10000","max":3,"mean":2.5}]},"intervals":{"classes":[{"attributes":["Start","End","Strand","Id","Name","Score","Seq_id","Source","Subfeatures","Target_length","Type"],"isArrayAttr":{"Subfeatures":1}},{"attributes":["Start","End","Strand","Gap","Id","Score","Seq_id","Source","Target","Type"],"isArrayAttr":{}},{"attributes":["Start","End","Chunk"],"isArrayAttr":{"Sublist":1}}],"count":5,"lazyClass":2,"maxEnd":18654,"minStart":3544,"nclist":[[0,3544,4660,-1,"NODE_472_length_26289_cov_8.358306:hit:48470:4.5.0.0","augustus-NODE_472_length_26289_cov_8.358306-abinit-gene-0.2-mRNA-1",0.64,"NODE_472_length_26289_cov_8.358306","augustus",[[1,4334,4660,-1,"M326","NODE_472_length_26289_cov_8.358306:hsp:254054:4.5.0.0",0.64,"NODE_472_length_26289_cov_8.358306","augustus","augustus-NODE_472_length_26289_cov_8.358306-abinit-gene-0.2-mRNA-1 377 702 +","match_part"],[1,4207,4235,-1,"M28","NODE_472_length_26289_cov_8.358306:hsp:254055:4.5.0.0",0.64,"NODE_472_length_26289_cov_8.358306","augustus","augustus-NODE_472_length_26289_cov_8.358306-abinit-gene-0.2-mRNA-1 349 376 +","match_part"],[1,4103,4126,-1,"M23","NODE_472_length_26289_cov_8.358306:hsp:254056:4.5.0.0",0.64,"NODE_472_length_26289_cov_8.358306","augustus","augustus-NODE_472_length_26289_cov_8.358306-abinit-gene-0.2-mRNA-1 326 348 +","match_part"],[1,3973,4039,-1,"M66","NODE_472_length_26289_cov_8.358306:hsp:254057:4.5.0.0",0.64,"NODE_472_length_26289_cov_8.358306","augustus","augustus-NODE_472_length_26289_cov_8.358306-abinit-gene-0.2-mRNA-1 260 325 +","match_part"],[1,3813,3877,-1,"M64","NODE_472_length_26289_cov_8.358306:hsp:254058:4.5.0.0",0.64,"NODE_472_length_26289_cov_8.358306","augustus","augustus-NODE_472_length_26289_cov_8.358306-abinit-gene-0.2-mRNA-1 196 259 +","match_part"],[1,3544,3739,-1,"M195","NODE_472_length_26289_cov_8.358306:hsp:254059:4.5.0.0",0.64,"NODE_472_length_26289_cov_8.358306","augustus","augustus-NODE_472_length_26289_cov_8.358306-abinit-gene-0.2-mRNA-1 1 195 +","match_part"]],"26289","match"],[0,4953,5923,1,"NODE_472_length_26289_cov_8.358306:hit:48473:4.5.0.0","augustus-NODE_472_length_26289_cov_8.358306-abinit-gene-0.0-mRNA-1",0.54,"NODE_472_length_26289_cov_8.358306","augustus",[[1,4953,5008,1,"M55","NODE_472_length_26289_cov_8.358306:hsp:254070:4.5.0.0",0.54,"NODE_472_length_26289_cov_8.358306","augustus","augustus-NODE_472_length_26289_cov_8.358306-abinit-gene-0.0-mRNA-1 1 55 +","match_part"],[1,5073,5131,1,"M58","NODE_472_length_26289_cov_8.358306:hsp:254071:4.5.0.0",0.54,"NODE_472_length_26289_cov_8.358306","augustus","augustus-NODE_472_length_26289_cov_8.358306-abinit-gene-0.0-mRNA-1 56 113 +","match_part"],[1,5215,5597,1,"M382","NODE_472_length_26289_cov_8.358306:hsp:254072:4.5.0.0",0.54,"NODE_472_length_26289_cov_8.358306","augustus","augustus-NODE_472_length_26289_cov_8.358306-abinit-gene-0.0-mRNA-1 114 495 +","match_part"],[1,5713,5830,1,"M117","NODE_472_length_26289_cov_8.358306:hsp:254073:4.5.0.0",0.54,"NODE_472_length_26289_cov_8.358306","augustus","augustus-NODE_472_length_26289_cov_8.358306-abinit-gene-0.0-mRNA-1 496 612 +","match_part"],[1,5902,5923,1,"M21","NODE_472_length_26289_cov_8.358306:hsp:254074:4.5.0.0",0.54,"NODE_472_length_26289_cov_8.358306","augustus","augustus-NODE_472_length_26289_cov_8.358306-abinit-gene-0.0-mRNA-1 613 633 +","match_part"]],"26289","match"],[0,7195,9147,1,"NODE_472_length_26289_cov_8.358306:hit:48476:4.5.0.0","augustus-NODE_472_length_26289_cov_8.358306-abinit-gene-0.1-mRNA-1",0.39,"NODE_472_length_26289_cov_8.358306","augustus",[[1,7195,7363,1,"M168","NODE_472_length_26289_cov_8.358306:hsp:254086:4.5.0.0",0.39,"NODE_472_length_26289_cov_8.358306","augustus","augustus-NODE_472_length_26289_cov_8.358306-abinit-gene-0.1-mRNA-1 1 168 +","match_part"],[1,7440,8918,1,"M1478","NODE_472_length_26289_cov_8.358306:hsp:254087:4.5.0.0",0.39,"NODE_472_length_26289_cov_8.358306","augustus","augustus-NODE_472_length_26289_cov_8.358306-abinit-gene-0.1-mRNA-1 169 1646 +","match_part"],[1,8996,9147,1,"M151","NODE_472_length_26289_cov_8.358306:hsp:254088:4.5.0.0",0.39,"NODE_472_length_26289_cov_8.358306","augustus","augustus-NODE_472_length_26289_cov_8.358306-abinit-gene-0.1-mRNA-1 1647 1797 +","match_part"]],"26289","match"],[0,10171,12465,-1,"NODE_472_length_26289_cov_8.358306:hit:48480:4.5.0.0","augustus-NODE_472_length_26289_cov_8.358306-abinit-gene-0.3-mRNA-1",0.09,"NODE_472_length_26289_cov_8.358306","augustus",[[1,12102,12465,-1,"M363","NODE_472_length_26289_cov_8.358306:hsp:254099:4.5.0.0",0.09,"NODE_472_length_26289_cov_8.358306","augustus","augustus-NODE_472_length_26289_cov_8.358306-abinit-gene-0.3-mRNA-1 1267 1629 +","match_part"],[1,10923,11636,-1,"M713","NODE_472_length_26289_cov_8.358306:hsp:254100:4.5.0.0",0.09,"NODE_472_length_26289_cov_8.358306","augustus","augustus-NODE_472_length_26289_cov_8.358306-abinit-gene-0.3-mRNA-1 554 1266 +","match_part"],[1,10586,10854,-1,"M268","NODE_472_length_26289_cov_8.358306:hsp:254101:4.5.0.0",0.09,"NODE_472_length_26289_cov_8.358306","augustus","augustus-NODE_472_length_26289_cov_8.358306-abinit-gene-0.3-mRNA-1 286 553 +","match_part"],[1,10171,10456,-1,"M285","NODE_472_length_26289_cov_8.358306:hsp:254102:4.5.0.0",0.09,"NODE_472_length_26289_cov_8.358306","augustus","augustus-NODE_472_length_26289_cov_8.358306-abinit-gene-0.3-mRNA-1 1 285 +","match_part"]],"26289","match"],[0,16988,18654,-1,"NODE_472_length_26289_cov_8.358306:hit:48486:4.5.0.0","augustus-NODE_472_length_26289_cov_8.358306-abinit-gene-0.4-mRNA-1",0.46,"NODE_472_length_26289_cov_8.358306","augustus",[[1,18438,18654,-1,"M216","NODE_472_length_26289_cov_8.358306:hsp:254120:4.5.0.0",0.46,"NODE_472_length_26289_cov_8.358306","augustus","augustus-NODE_472_length_26289_cov_8.358306-abinit-gene-0.4-mRNA-1 832 1047 +","match_part"],[1,18302,18363,-1,"M61","NODE_472_length_26289_cov_8.358306:hsp:254121:4.5.0.0",0.46,"NODE_472_length_26289_cov_8.358306","augustus","augustus-NODE_472_length_26289_cov_8.358306-abinit-gene-0.4-mRNA-1 771 831 +","match_part"],[1,18153,18230,-1,"M77","NODE_472_length_26289_cov_8.358306:hsp:254122:4.5.0.0",0.46,"NODE_472_length_26289_cov_8.358306","augustus","augustus-NODE_472_length_26289_cov_8.358306-abinit-gene-0.4-mRNA-1 694 770 +","match_part"],[1,17915,18077,-1,"M162","NODE_472_length_26289_cov_8.358306:hsp:254123:4.5.0.0",0.46,"NODE_472_length_26289_cov_8.358306","augustus","augustus-NODE_472_length_26289_cov_8.358306-abinit-gene-0.4-mRNA-1 532 693 +","match_part"],[1,17767,17825,-1,"M58","NODE_472_length_26289_cov_8.358306:hsp:254124:4.5.0.0",0.46,"NODE_472_length_26289_cov_8.358306","augustus","augustus-NODE_472_length_26289_cov_8.358306-abinit-gene-0.4-mRNA-1 474 531 +","match_part"],[1,17578,17665,-1,"M87","NODE_472_length_26289_cov_8.358306:hsp:254125:4.5.0.0",0.46,"NODE_472_length_26289_cov_8.358306","augustus","augustus-NODE_472_length_26289_cov_8.358306-abinit-gene-0.4-mRNA-1 387 473 +","match_part"],[1,17256,17451,-1,"M195","NODE_472_length_26289_cov_8.358306:hsp:254126:4.5.0.0",0.46,"NODE_472_length_26289_cov_8.358306","augustus","augustus-NODE_472_length_26289_cov_8.358306-abinit-gene-0.4-mRNA-1 192 386 +","match_part"],[1,16988,17179,-1,"M191","NODE_472_length_26289_cov_8.358306:hsp:254127:4.5.0.0",0.46,"NODE_472_length_26289_cov_8.358306","augustus","augustus-NODE_472_length_26289_cov_8.358306-abinit-gene-0.4-mRNA-1 1 191 +","match_part"]],"26289","match"]],"urlTemplate":"lf-{Chunk}.json"}}