{"featureCount":1,"formatVersion":1,"histograms":{"meta":[{"arrayParams":{"chunkSize":10000,"length":1,"urlTemplate":"hist-20000-{Chunk}.json"},"basesPerBin":"20000"}],"stats":[{"basesPerBin":"20000","max":1,"mean":1}]},"intervals":{"classes":[{"attributes":["Start","End","Strand","Id","Name","Seq_id","Source","Subfeatures","Target_length","Type"],"isArrayAttr":{"Subfeatures":1}},{"attributes":["Start","End","Strand","Gap","Id","Seq_id","Source","Target","Type"],"isArrayAttr":{}},{"attributes":["Start","End","Strand","Id","Seq_id","Source","Target","Type"],"isArrayAttr":{}},{"attributes":["Start","End","Chunk"],"isArrayAttr":{"Sublist":1}}],"count":1,"lazyClass":3,"maxEnd":4863,"minStart":600,"nclist":[[0,600,4863,-1,"NODE_4652_length_5522_cov_8.752549:hit:7498:4.5.0.0","genemark-NODE_4652_length_5522_cov_8.752549-abinit-gene-0.0-mRNA-1","NODE_4652_length_5522_cov_8.752549","genemark",[[1,4583,4863,-1,"M280","NODE_4652_length_5522_cov_8.752549:hsp:26566:4.5.0.0","NODE_4652_length_5522_cov_8.752549","genemark","genemark-NODE_4652_length_5522_cov_8.752549-abinit-gene-0.0-mRNA-1 3519 3798 +","match_part"],[1,3336,4467,-1,"M1131","NODE_4652_length_5522_cov_8.752549:hsp:26567:4.5.0.0","NODE_4652_length_5522_cov_8.752549","genemark","genemark-NODE_4652_length_5522_cov_8.752549-abinit-gene-0.0-mRNA-1 2388 3518 +","match_part"],[1,2804,3262,-1,"M458","NODE_4652_length_5522_cov_8.752549:hsp:26568:4.5.0.0","NODE_4652_length_5522_cov_8.752549","genemark","genemark-NODE_4652_length_5522_cov_8.752549-abinit-gene-0.0-mRNA-1 1930 2387 +","match_part"],[1,2510,2708,-1,"M198","NODE_4652_length_5522_cov_8.752549:hsp:26569:4.5.0.0","NODE_4652_length_5522_cov_8.752549","genemark","genemark-NODE_4652_length_5522_cov_8.752549-abinit-gene-0.0-mRNA-1 1732 1929 +","match_part"],[1,1065,2439,-1,"M1374","NODE_4652_length_5522_cov_8.752549:hsp:26570:4.5.0.0","NODE_4652_length_5522_cov_8.752549","genemark","genemark-NODE_4652_length_5522_cov_8.752549-abinit-gene-0.0-mRNA-1 358 1731 +","match_part"],[1,600,957,-1,"M357","NODE_4652_length_5522_cov_8.752549:hsp:26571:4.5.0.0","NODE_4652_length_5522_cov_8.752549","genemark","genemark-NODE_4652_length_5522_cov_8.752549-abinit-gene-0.0-mRNA-1 1 357 +","match_part"]],"5522","match"]],"urlTemplate":"lf-{Chunk}.json"}}