{"featureCount":2,"formatVersion":1,"histograms":{"meta":[{"arrayParams":{"chunkSize":10000,"length":1,"urlTemplate":"hist-20000-{Chunk}.json"},"basesPerBin":"20000"}],"stats":[{"basesPerBin":"20000","max":2,"mean":2}]},"intervals":{"classes":[{"attributes":["Start","End","Strand","Id","Name","Seq_id","Source","Subfeatures","Target_length","Type"],"isArrayAttr":{"Subfeatures":1}},{"attributes":["Start","End","Strand","Gap","Id","Seq_id","Source","Target","Type"],"isArrayAttr":{}},{"attributes":["Start","End","Strand","Id","Seq_id","Source","Target","Type"],"isArrayAttr":{}},{"attributes":["Start","End","Chunk"],"isArrayAttr":{"Sublist":1}}],"count":2,"lazyClass":3,"maxEnd":10477,"minStart":2813,"nclist":[[0,2813,8443,1,"NODE_2217_length_10588_cov_8.349297:hit:6279:4.5.0.0","genemark-NODE_2217_length_10588_cov_8.349297-abinit-gene-0.27-mRNA-1","NODE_2217_length_10588_cov_8.349297","genemark",[[1,2813,5050,1,"M2237","NODE_2217_length_10588_cov_8.349297:hsp:28871:4.5.0.0","NODE_2217_length_10588_cov_8.349297","genemark","genemark-NODE_2217_length_10588_cov_8.349297-abinit-gene-0.27-mRNA-1 1 2237 +","match_part"],[1,5144,5616,1,"M472","NODE_2217_length_10588_cov_8.349297:hsp:28872:4.5.0.0","NODE_2217_length_10588_cov_8.349297","genemark","genemark-NODE_2217_length_10588_cov_8.349297-abinit-gene-0.27-mRNA-1 2238 2709 +","match_part"],[1,5746,5824,1,"M78","NODE_2217_length_10588_cov_8.349297:hsp:28873:4.5.0.0","NODE_2217_length_10588_cov_8.349297","genemark","genemark-NODE_2217_length_10588_cov_8.349297-abinit-gene-0.27-mRNA-1 2710 2787 +","match_part"],[1,7563,7629,1,"M66","NODE_2217_length_10588_cov_8.349297:hsp:28874:4.5.0.0","NODE_2217_length_10588_cov_8.349297","genemark","genemark-NODE_2217_length_10588_cov_8.349297-abinit-gene-0.27-mRNA-1 2788 2853 +","match_part"],[1,7693,8443,1,"M750","NODE_2217_length_10588_cov_8.349297:hsp:28875:4.5.0.0","NODE_2217_length_10588_cov_8.349297","genemark","genemark-NODE_2217_length_10588_cov_8.349297-abinit-gene-0.27-mRNA-1 2854 3603 +","match_part"]],"10588","match"],[0,9673,10477,-1,"NODE_2217_length_10588_cov_8.349297:hit:6284:4.5.0.0","genemark-NODE_2217_length_10588_cov_8.349297-abinit-gene-0.28-mRNA-1","NODE_2217_length_10588_cov_8.349297","genemark",[[1,10189,10477,-1,"M288","NODE_2217_length_10588_cov_8.349297:hsp:28889:4.5.0.0","NODE_2217_length_10588_cov_8.349297","genemark","genemark-NODE_2217_length_10588_cov_8.349297-abinit-gene-0.28-mRNA-1 316 603 +","match_part"],[1,10088,10130,-1,"M42","NODE_2217_length_10588_cov_8.349297:hsp:28890:4.5.0.0","NODE_2217_length_10588_cov_8.349297","genemark","genemark-NODE_2217_length_10588_cov_8.349297-abinit-gene-0.28-mRNA-1 274 315 +","match_part"],[1,9872,10024,-1,"M152","NODE_2217_length_10588_cov_8.349297:hsp:28891:4.5.0.0","NODE_2217_length_10588_cov_8.349297","genemark","genemark-NODE_2217_length_10588_cov_8.349297-abinit-gene-0.28-mRNA-1 122 273 +","match_part"],[1,9673,9794,-1,"M121","NODE_2217_length_10588_cov_8.349297:hsp:28892:4.5.0.0","NODE_2217_length_10588_cov_8.349297","genemark","genemark-NODE_2217_length_10588_cov_8.349297-abinit-gene-0.28-mRNA-1 1 121 +","match_part"]],"10588","match"]],"urlTemplate":"lf-{Chunk}.json"}}