{"featureCount":1,"formatVersion":1,"histograms":{"meta":[{"arrayParams":{"chunkSize":10000,"length":1,"urlTemplate":"hist-20000-{Chunk}.json"},"basesPerBin":"20000"}],"stats":[{"basesPerBin":"20000","max":1,"mean":1}]},"intervals":{"classes":[{"attributes":["Start","End","Strand","Id","Name","Score","Seq_id","Source","Subfeatures","Target_length","Type"],"isArrayAttr":{"Subfeatures":1}},{"attributes":["Start","End","Strand","Gap","Id","Score","Seq_id","Source","Target","Type"],"isArrayAttr":{}},{"attributes":["Start","End","Chunk"],"isArrayAttr":{"Sublist":1}}],"count":1,"lazyClass":2,"maxEnd":5770,"minStart":470,"nclist":[[0,470,5770,1,"NODE_4387_length_5796_cov_0.988358:hit:4481:4.5.0.0","augustus-NODE_4387_length_5796_cov_0.988358-abinit-gene-0.1-mRNA-1",0.01,"NODE_4387_length_5796_cov_0.988358","augustus",[[1,470,875,1,"M405","NODE_4387_length_5796_cov_0.988358:hsp:15923:4.5.0.0",0.01,"NODE_4387_length_5796_cov_0.988358","augustus","augustus-NODE_4387_length_5796_cov_0.988358-abinit-gene-0.1-mRNA-1 1 405 +","match_part"],[1,1097,1416,1,"M319","NODE_4387_length_5796_cov_0.988358:hsp:15924:4.5.0.0",0.01,"NODE_4387_length_5796_cov_0.988358","augustus","augustus-NODE_4387_length_5796_cov_0.988358-abinit-gene-0.1-mRNA-1 406 724 +","match_part"],[1,1506,1704,1,"M198","NODE_4387_length_5796_cov_0.988358:hsp:15925:4.5.0.0",0.01,"NODE_4387_length_5796_cov_0.988358","augustus","augustus-NODE_4387_length_5796_cov_0.988358-abinit-gene-0.1-mRNA-1 725 922 +","match_part"],[1,1767,2583,1,"M816","NODE_4387_length_5796_cov_0.988358:hsp:15926:4.5.0.0",0.01,"NODE_4387_length_5796_cov_0.988358","augustus","augustus-NODE_4387_length_5796_cov_0.988358-abinit-gene-0.1-mRNA-1 923 1738 +","match_part"],[1,2724,2811,1,"M87","NODE_4387_length_5796_cov_0.988358:hsp:15927:4.5.0.0",0.01,"NODE_4387_length_5796_cov_0.988358","augustus","augustus-NODE_4387_length_5796_cov_0.988358-abinit-gene-0.1-mRNA-1 1739 1825 +","match_part"],[1,2934,3258,1,"M324","NODE_4387_length_5796_cov_0.988358:hsp:15928:4.5.0.0",0.01,"NODE_4387_length_5796_cov_0.988358","augustus","augustus-NODE_4387_length_5796_cov_0.988358-abinit-gene-0.1-mRNA-1 1826 2149 +","match_part"],[1,3342,3513,1,"M171","NODE_4387_length_5796_cov_0.988358:hsp:15929:4.5.0.0",0.01,"NODE_4387_length_5796_cov_0.988358","augustus","augustus-NODE_4387_length_5796_cov_0.988358-abinit-gene-0.1-mRNA-1 2150 2320 +","match_part"],[1,3930,4276,1,"M346","NODE_4387_length_5796_cov_0.988358:hsp:15930:4.5.0.0",0.01,"NODE_4387_length_5796_cov_0.988358","augustus","augustus-NODE_4387_length_5796_cov_0.988358-abinit-gene-0.1-mRNA-1 2321 2666 +","match_part"],[1,4450,5688,1,"M1238","NODE_4387_length_5796_cov_0.988358:hsp:15931:4.5.0.0",0.01,"NODE_4387_length_5796_cov_0.988358","augustus","augustus-NODE_4387_length_5796_cov_0.988358-abinit-gene-0.1-mRNA-1 2667 3904 +","match_part"],[1,5735,5770,1,"M35","NODE_4387_length_5796_cov_0.988358:hsp:15932:4.5.0.0",0.01,"NODE_4387_length_5796_cov_0.988358","augustus","augustus-NODE_4387_length_5796_cov_0.988358-abinit-gene-0.1-mRNA-1 3905 3939 +","match_part"]],"5796","match"]],"urlTemplate":"lf-{Chunk}.json"}}