{"featureCount":6,"formatVersion":1,"histograms":{"meta":[{"arrayParams":{"chunkSize":10000,"length":2,"urlTemplate":"hist-2000-{Chunk}.json"},"basesPerBin":"2000"}],"stats":[{"basesPerBin":"2000","max":6,"mean":6}]},"intervals":{"classes":[{"attributes":["Start","End","Strand","Aligned_coverage","Aligned_identity","Id","Name","Score","Seq_id","Source","Subfeatures","Target_length","Type"],"isArrayAttr":{"Subfeatures":1}},{"attributes":["Start","End","Strand","Gap","Id","Score","Seq_id","Source","Target","Type"],"isArrayAttr":{}},{"attributes":["Start","End","Chunk"],"isArrayAttr":{"Sublist":1}}],"count":6,"lazyClass":2,"maxEnd":2434,"minStart":0,"nclist":[[0,0,2434,-1,"99.2","99.5","NODE_6318_length_3769_cov_8.926963:hit:3114:3.2.0.0","TRINITY_DN934_c0_g1_i1",10364,"NODE_6318_length_3769_cov_8.926963","est2genome",[[1,2337,2434,-1,"M97","NODE_6318_length_3769_cov_8.926963:hsp:9183:3.2.0.0",10364,"NODE_6318_length_3769_cov_8.926963","est2genome","TRINITY_DN934_c0_g1_i1 2025 2121 -","match_part"],[1,2067,2264,-1,"M197","NODE_6318_length_3769_cov_8.926963:hsp:9184:3.2.0.0",10364,"NODE_6318_length_3769_cov_8.926963","est2genome","TRINITY_DN934_c0_g1_i1 1828 2024 -","match_part"],[1,1526,1998,-1,"M472","NODE_6318_length_3769_cov_8.926963:hsp:9185:3.2.0.0",10364,"NODE_6318_length_3769_cov_8.926963","est2genome","TRINITY_DN934_c0_g1_i1 1356 1827 -","match_part"],[1,600,1421,-1,"M821","NODE_6318_length_3769_cov_8.926963:hsp:9186:3.2.0.0",10364,"NODE_6318_length_3769_cov_8.926963","est2genome","TRINITY_DN934_c0_g1_i1 535 1355 -","match_part"],[1,0,517,-1,"M517","NODE_6318_length_3769_cov_8.926963:hsp:9187:3.2.0.0",10364,"NODE_6318_length_3769_cov_8.926963","est2genome","TRINITY_DN934_c0_g1_i1 18 534 -","match_part"]],"2121","expressed_sequence_match"],[0,0,2434,-1,"99.2","99.4","NODE_6318_length_3769_cov_8.926963:hit:3115:3.2.0.0","TRINITY_DN934_c0_g1_i2",10347,"NODE_6318_length_3769_cov_8.926963","est2genome",[[1,2337,2434,-1,"M97","NODE_6318_length_3769_cov_8.926963:hsp:9188:3.2.0.0",10347,"NODE_6318_length_3769_cov_8.926963","est2genome","TRINITY_DN934_c0_g1_i2 2024 2120 -","match_part"],[1,2067,2264,-1,"M197","NODE_6318_length_3769_cov_8.926963:hsp:9189:3.2.0.0",10347,"NODE_6318_length_3769_cov_8.926963","est2genome","TRINITY_DN934_c0_g1_i2 1827 2023 -","match_part"],[1,1526,1998,-1,"M472","NODE_6318_length_3769_cov_8.926963:hsp:9190:3.2.0.0",10347,"NODE_6318_length_3769_cov_8.926963","est2genome","TRINITY_DN934_c0_g1_i2 1355 1826 -","match_part"],[1,600,1421,-1,"M821","NODE_6318_length_3769_cov_8.926963:hsp:9191:3.2.0.0",10347,"NODE_6318_length_3769_cov_8.926963","est2genome","TRINITY_DN934_c0_g1_i2 534 1354 -","match_part"],[1,0,517,-1,"M359 D1 M157","NODE_6318_length_3769_cov_8.926963:hsp:9192:3.2.0.0",10347,"NODE_6318_length_3769_cov_8.926963","est2genome","TRINITY_DN934_c0_g1_i2 18 533 -","match_part"]],"2120","expressed_sequence_match"],[0,0,2434,-1,"99.23","99.4","NODE_6318_length_3769_cov_8.926963:hit:3116:3.2.0.0","TRINITY_DN934_c0_g1_i3",10762,"NODE_6318_length_3769_cov_8.926963","est2genome",[[1,2337,2434,-1,"M97","NODE_6318_length_3769_cov_8.926963:hsp:9193:3.2.0.0",10762,"NODE_6318_length_3769_cov_8.926963","est2genome","TRINITY_DN934_c0_g1_i3 2107 2203 -","match_part"],[1,2067,2264,-1,"M197","NODE_6318_length_3769_cov_8.926963:hsp:9194:3.2.0.0",10762,"NODE_6318_length_3769_cov_8.926963","est2genome","TRINITY_DN934_c0_g1_i3 1910 2106 -","match_part"],[1,1526,1998,-1,"M472","NODE_6318_length_3769_cov_8.926963:hsp:9195:3.2.0.0",10762,"NODE_6318_length_3769_cov_8.926963","est2genome","TRINITY_DN934_c0_g1_i3 1438 1909 -","match_part"],[1,0,1421,-1,"M359 D1 M1061","NODE_6318_length_3769_cov_8.926963:hsp:9196:3.2.0.0",10762,"NODE_6318_length_3769_cov_8.926963","est2genome","TRINITY_DN934_c0_g1_i3 18 1437 -","match_part"]],"2203","expressed_sequence_match"],[0,0,2434,-1,"99.23","99.5","NODE_6318_length_3769_cov_8.926963:hit:3117:3.2.0.0","TRINITY_DN934_c0_g1_i6",10779,"NODE_6318_length_3769_cov_8.926963","est2genome",[[1,2337,2434,-1,"M97","NODE_6318_length_3769_cov_8.926963:hsp:9197:3.2.0.0",10779,"NODE_6318_length_3769_cov_8.926963","est2genome","TRINITY_DN934_c0_g1_i6 2108 2204 -","match_part"],[1,2067,2264,-1,"M197","NODE_6318_length_3769_cov_8.926963:hsp:9198:3.2.0.0",10779,"NODE_6318_length_3769_cov_8.926963","est2genome","TRINITY_DN934_c0_g1_i6 1911 2107 -","match_part"],[1,1526,1998,-1,"M472","NODE_6318_length_3769_cov_8.926963:hsp:9199:3.2.0.0",10779,"NODE_6318_length_3769_cov_8.926963","est2genome","TRINITY_DN934_c0_g1_i6 1439 1910 -","match_part"],[1,0,1421,-1,"M1421","NODE_6318_length_3769_cov_8.926963:hsp:9200:3.2.0.0",10779,"NODE_6318_length_3769_cov_8.926963","est2genome","TRINITY_DN934_c0_g1_i6 18 1438 -","match_part"]],"2204","expressed_sequence_match"],[0,600,2434,-1,"100","99.8","NODE_6318_length_3769_cov_8.926963:hit:3118:3.2.0.0","TRINITY_DN934_c0_g1_i4",8024,"NODE_6318_length_3769_cov_8.926963","est2genome",[[1,2337,2434,-1,"M97","NODE_6318_length_3769_cov_8.926963:hsp:9201:3.2.0.0",8024,"NODE_6318_length_3769_cov_8.926963","est2genome","TRINITY_DN934_c0_g1_i4 1526 1622 -","match_part"],[1,2067,2264,-1,"M197","NODE_6318_length_3769_cov_8.926963:hsp:9202:3.2.0.0",8024,"NODE_6318_length_3769_cov_8.926963","est2genome","TRINITY_DN934_c0_g1_i4 1329 1525 -","match_part"],[1,1526,1998,-1,"M472","NODE_6318_length_3769_cov_8.926963:hsp:9203:3.2.0.0",8024,"NODE_6318_length_3769_cov_8.926963","est2genome","TRINITY_DN934_c0_g1_i4 857 1328 -","match_part"],[1,600,1456,-1,"M856","NODE_6318_length_3769_cov_8.926963:hsp:9204:3.2.0.0",8024,"NODE_6318_length_3769_cov_8.926963","est2genome","TRINITY_DN934_c0_g1_i4 1 856 -","match_part"]],"1622","expressed_sequence_match"],[0,600,2434,-1,"100","99.8","NODE_6318_length_3769_cov_8.926963:hit:3119:3.2.0.0","TRINITY_DN934_c0_g1_i5",8401,"NODE_6318_length_3769_cov_8.926963","est2genome",[[1,2337,2434,-1,"M97","NODE_6318_length_3769_cov_8.926963:hsp:9205:3.2.0.0",8401,"NODE_6318_length_3769_cov_8.926963","est2genome","TRINITY_DN934_c0_g1_i5 1596 1692 -","match_part"],[1,2067,2264,-1,"M197","NODE_6318_length_3769_cov_8.926963:hsp:9206:3.2.0.0",8401,"NODE_6318_length_3769_cov_8.926963","est2genome","TRINITY_DN934_c0_g1_i5 1399 1595 -","match_part"],[1,600,1998,-1,"M1398","NODE_6318_length_3769_cov_8.926963:hsp:9207:3.2.0.0",8401,"NODE_6318_length_3769_cov_8.926963","est2genome","TRINITY_DN934_c0_g1_i5 1 1398 -","match_part"]],"1692","expressed_sequence_match"]],"urlTemplate":"lf-{Chunk}.json"}}