{"featureCount":4,"formatVersion":1,"histograms":{"meta":[{"arrayParams":{"chunkSize":10000,"length":2,"urlTemplate":"hist-5000-{Chunk}.json"},"basesPerBin":"5000"}],"stats":[{"basesPerBin":"5000","max":4,"mean":3}]},"intervals":{"classes":[{"attributes":["Start","End","Strand","Aligned_coverage","Aligned_identity","Id","Name","Score","Seq_id","Source","Subfeatures","Target_length","Type"],"isArrayAttr":{"Subfeatures":1}},{"attributes":["Start","End","Strand","Gap","Id","Score","Seq_id","Source","Target","Type"],"isArrayAttr":{}},{"attributes":["Start","End","Chunk"],"isArrayAttr":{"Sublist":1}}],"count":4,"lazyClass":2,"maxEnd":5888,"minStart":2451,"nclist":[[0,2451,4613,-1,"99.35","99.7","NODE_3512_length_6971_cov_10.200321:hit:34107:3.2.0.0","TRINITY_DN359_c0_g2_i1",9108,"NODE_3512_length_6971_cov_10.200321","est2genome",[[1,4209,4613,-1,"M404","NODE_3512_length_6971_cov_10.200321:hsp:141708:3.2.0.0",9108,"NODE_3512_length_6971_cov_10.200321","est2genome","TRINITY_DN359_c0_g2_i1 1 404 +","match_part"],[1,4041,4096,-1,"M55","NODE_3512_length_6971_cov_10.200321:hsp:141709:3.2.0.0",9108,"NODE_3512_length_6971_cov_10.200321","est2genome","TRINITY_DN359_c0_g2_i1 405 459 +","match_part"],[1,3715,3939,-1,"M224","NODE_3512_length_6971_cov_10.200321:hsp:141710:3.2.0.0",9108,"NODE_3512_length_6971_cov_10.200321","est2genome","TRINITY_DN359_c0_g2_i1 460 683 +","match_part"],[1,2451,3609,-1,"M1158","NODE_3512_length_6971_cov_10.200321:hsp:141711:3.2.0.0",9108,"NODE_3512_length_6971_cov_10.200321","est2genome","TRINITY_DN359_c0_g2_i1 684 1841 +","match_part"]],"1853","expressed_sequence_match"],[0,2451,4613,-1,"99.39","99.7","NODE_3512_length_6971_cov_10.200321:hit:34108:3.2.0.0","TRINITY_DN359_c0_g2_i2",9694,"NODE_3512_length_6971_cov_10.200321","est2genome",[[1,4041,4613,-1,"M572","NODE_3512_length_6971_cov_10.200321:hsp:141712:3.2.0.0",9694,"NODE_3512_length_6971_cov_10.200321","est2genome","TRINITY_DN359_c0_g2_i2 1 572 +","match_part"],[1,3715,3939,-1,"M224","NODE_3512_length_6971_cov_10.200321:hsp:141713:3.2.0.0",9694,"NODE_3512_length_6971_cov_10.200321","est2genome","TRINITY_DN359_c0_g2_i2 573 796 +","match_part"],[1,2451,3609,-1,"M1158","NODE_3512_length_6971_cov_10.200321:hsp:141714:3.2.0.0",9694,"NODE_3512_length_6971_cov_10.200321","est2genome","TRINITY_DN359_c0_g2_i2 797 1954 +","match_part"]],"1966","expressed_sequence_match"],[0,4766,5888,1,"99.22","100","NODE_3512_length_6971_cov_10.200321:hit:34109:3.2.0.0","TRINITY_DN6900_c0_g1_i1",5067,"NODE_3512_length_6971_cov_10.200321","est2genome",[[1,4766,5041,1,"M275","NODE_3512_length_6971_cov_10.200321:hsp:141715:3.2.0.0",5067,"NODE_3512_length_6971_cov_10.200321","est2genome","TRINITY_DN6900_c0_g1_i1 1 275 +","match_part"],[1,5145,5888,1,"M743","NODE_3512_length_6971_cov_10.200321:hsp:141716:3.2.0.0",5067,"NODE_3512_length_6971_cov_10.200321","est2genome","TRINITY_DN6900_c0_g1_i1 276 1018 +","match_part"]],"1026","expressed_sequence_match"],[0,4766,5888,1,"99.24","100","NODE_3512_length_6971_cov_10.200321:hit:34110:3.2.0.0","TRINITY_DN6900_c0_g1_i2",5187,"NODE_3512_length_6971_cov_10.200321","est2genome",[[1,4766,5065,1,"M299","NODE_3512_length_6971_cov_10.200321:hsp:141717:3.2.0.0",5187,"NODE_3512_length_6971_cov_10.200321","est2genome","TRINITY_DN6900_c0_g1_i2 1 299 +","match_part"],[1,5145,5888,1,"M743","NODE_3512_length_6971_cov_10.200321:hsp:141718:3.2.0.0",5187,"NODE_3512_length_6971_cov_10.200321","est2genome","TRINITY_DN6900_c0_g1_i2 300 1042 +","match_part"]],"1050","expressed_sequence_match"]],"urlTemplate":"lf-{Chunk}.json"}}