{"featureCount":3,"formatVersion":1,"histograms":{"meta":[{"arrayParams":{"chunkSize":10000,"length":2,"urlTemplate":"hist-2000-{Chunk}.json"},"basesPerBin":"2000"}],"stats":[{"basesPerBin":"2000","max":3,"mean":2}]},"intervals":{"classes":[{"attributes":["Start","End","Strand","Id","Name","Score","Seq_id","Source","Subfeatures","Target_length","Type"],"isArrayAttr":{"Subfeatures":1}},{"attributes":["Start","End","Strand","Gap","Id","Score","Seq_id","Source","Target","Type"],"isArrayAttr":{}},{"attributes":["Start","End","Chunk"],"isArrayAttr":{"Sublist":1}}],"count":3,"lazyClass":2,"maxEnd":2000,"minStart":829,"nclist":[[0,829,1157,-1,"NODE_3664_length_6729_cov_6.488488:hit:36553:3.2.0.0","TRINITY_DN9456_c0_g1_i2",322,"NODE_3664_length_6729_cov_6.488488","blastn",[[1,829,1157,-1,"M328","NODE_3664_length_6729_cov_6.488488:hsp:150657:3.2.0.0",322,"NODE_3664_length_6729_cov_6.488488","blastn","TRINITY_DN9456_c0_g1_i2 1 328 +","match_part"]],"328","expressed_sequence_match"],[0,829,1157,-1,"NODE_3664_length_6729_cov_6.488488:hit:36554:3.2.0.0","TRINITY_DN9456_c0_g1_i1",86,"NODE_3664_length_6729_cov_6.488488","blastn",[[1,1071,1157,-1,"M86","NODE_3664_length_6729_cov_6.488488:hsp:150658:3.2.0.0",86,"NODE_3664_length_6729_cov_6.488488","blastn","TRINITY_DN9456_c0_g1_i1 1 86 +","match_part"],[1,829,1008,-1,"M179","NODE_3664_length_6729_cov_6.488488:hsp:150659:3.2.0.0",173,"NODE_3664_length_6729_cov_6.488488","blastn","TRINITY_DN9456_c0_g1_i1 87 265 +","match_part"]],"265","expressed_sequence_match"],[0,944,2000,1,"NODE_3664_length_6729_cov_6.488488:hit:36555:3.2.0.0","TRINITY_DN2200_c0_g2_i3",408,"NODE_3664_length_6729_cov_6.488488","blastn",[[1,944,1358,1,"M414","NODE_3664_length_6729_cov_6.488488:hsp:150660:3.2.0.0",408,"NODE_3664_length_6729_cov_6.488488","blastn","TRINITY_DN2200_c0_g2_i3 1 414 +","match_part"],[1,1454,1534,1,"M80","NODE_3664_length_6729_cov_6.488488:hsp:150661:3.2.0.0",74,"NODE_3664_length_6729_cov_6.488488","blastn","TRINITY_DN2200_c0_g2_i3 413 492 +","match_part"],[1,1629,2000,1,"M371","NODE_3664_length_6729_cov_6.488488:hsp:150662:3.2.0.0",353,"NODE_3664_length_6729_cov_6.488488","blastn","TRINITY_DN2200_c0_g2_i3 493 863 +","match_part"]],"863","expressed_sequence_match"]],"urlTemplate":"lf-{Chunk}.json"}}