{"featureCount":4,"formatVersion":1,"histograms":{"meta":[{"arrayParams":{"chunkSize":10000,"length":2,"urlTemplate":"hist-20000-{Chunk}.json"},"basesPerBin":"20000"}],"stats":[{"basesPerBin":"20000","max":4,"mean":2}]},"intervals":{"classes":[{"attributes":["Start","End","Strand","Aligned_coverage","Aligned_identity","Id","Name","Score","Seq_id","Source","Subfeatures","Target_length","Type"],"isArrayAttr":{"Subfeatures":1}},{"attributes":["Start","End","Strand","Gap","Id","Score","Seq_id","Source","Target","Type"],"isArrayAttr":{}},{"attributes":["Start","End","Chunk"],"isArrayAttr":{"Sublist":1}}],"count":4,"lazyClass":2,"maxEnd":25225,"minStart":21436,"nclist":[[0,21436,22327,-1,"99.79","99.6","NODE_504_length_25561_cov_8.020131:hit:50875:3.2.0.0","TRINITY_DN4214_c0_g1_i1",2275,"NODE_504_length_25561_cov_8.020131","est2genome",[[1,22305,22327,-1,"M22","NODE_504_length_25561_cov_8.020131:hsp:265854:3.2.0.0",2275,"NODE_504_length_25561_cov_8.020131","est2genome","TRINITY_DN4214_c0_g1_i1 1 22 +","match_part"],[1,22101,22211,-1,"M110","NODE_504_length_25561_cov_8.020131:hsp:265855:3.2.0.0",2275,"NODE_504_length_25561_cov_8.020131","est2genome","TRINITY_DN4214_c0_g1_i1 23 132 +","match_part"],[1,21975,22024,-1,"M49","NODE_504_length_25561_cov_8.020131:hsp:265856:3.2.0.0",2275,"NODE_504_length_25561_cov_8.020131","est2genome","TRINITY_DN4214_c0_g1_i1 133 181 +","match_part"],[1,21840,21891,-1,"M51","NODE_504_length_25561_cov_8.020131:hsp:265857:3.2.0.0",2275,"NODE_504_length_25561_cov_8.020131","est2genome","TRINITY_DN4214_c0_g1_i1 182 232 +","match_part"],[1,21680,21755,-1,"M75","NODE_504_length_25561_cov_8.020131:hsp:265858:3.2.0.0",2275,"NODE_504_length_25561_cov_8.020131","est2genome","TRINITY_DN4214_c0_g1_i1 233 307 +","match_part"],[1,21436,21602,-1,"M166","NODE_504_length_25561_cov_8.020131:hsp:265859:3.2.0.0",2275,"NODE_504_length_25561_cov_8.020131","est2genome","TRINITY_DN4214_c0_g1_i1 308 473 +","match_part"]],"474","expressed_sequence_match"],[0,21436,22327,-1,"99.77","99.8","NODE_504_length_25561_cov_8.020131:hit:50876:3.2.0.0","TRINITY_DN4214_c0_g1_i2",2132,"NODE_504_length_25561_cov_8.020131","est2genome",[[1,22305,22327,-1,"M22","NODE_504_length_25561_cov_8.020131:hsp:265860:3.2.0.0",2132,"NODE_504_length_25561_cov_8.020131","est2genome","TRINITY_DN4214_c0_g1_i2 1 22 +","match_part"],[1,22101,22211,-1,"M110","NODE_504_length_25561_cov_8.020131:hsp:265861:3.2.0.0",2132,"NODE_504_length_25561_cov_8.020131","est2genome","TRINITY_DN4214_c0_g1_i2 23 132 +","match_part"],[1,21975,22024,-1,"M49","NODE_504_length_25561_cov_8.020131:hsp:265862:3.2.0.0",2132,"NODE_504_length_25561_cov_8.020131","est2genome","TRINITY_DN4214_c0_g1_i2 133 181 +","match_part"],[1,21840,21857,-1,"M17","NODE_504_length_25561_cov_8.020131:hsp:265863:3.2.0.0",2132,"NODE_504_length_25561_cov_8.020131","est2genome","TRINITY_DN4214_c0_g1_i2 182 198 +","match_part"],[1,21680,21755,-1,"M75","NODE_504_length_25561_cov_8.020131:hsp:265864:3.2.0.0",2132,"NODE_504_length_25561_cov_8.020131","est2genome","TRINITY_DN4214_c0_g1_i2 199 273 +","match_part"],[1,21436,21602,-1,"M166","NODE_504_length_25561_cov_8.020131:hsp:265865:3.2.0.0",2132,"NODE_504_length_25561_cov_8.020131","est2genome","TRINITY_DN4214_c0_g1_i2 274 439 +","match_part"]],"440","expressed_sequence_match"],[0,22099,25225,-1,"99.7","96.5","NODE_504_length_25561_cov_8.020131:hit:50877:3.2.0.0","TRINITY_DN1788_c0_g1_i16",10904,"NODE_504_length_25561_cov_8.020131","est2genome",[[1,24167,25225,-1,"M13 I1 M72 D1 M60 I5 M912","NODE_504_length_25561_cov_8.020131:hsp:265866:3.2.0.0",10904,"NODE_504_length_25561_cov_8.020131","est2genome","TRINITY_DN1788_c0_g1_i16 1 1063 +","match_part"],[1,23633,24089,-1,"M456","NODE_504_length_25561_cov_8.020131:hsp:265867:3.2.0.0",10904,"NODE_504_length_25561_cov_8.020131","est2genome","TRINITY_DN1788_c0_g1_i16 1064 1519 +","match_part"],[1,23026,23464,-1,"M438","NODE_504_length_25561_cov_8.020131:hsp:265868:3.2.0.0",10904,"NODE_504_length_25561_cov_8.020131","est2genome","TRINITY_DN1788_c0_g1_i16 1520 1957 +","match_part"],[1,22768,22894,-1,"M126","NODE_504_length_25561_cov_8.020131:hsp:265869:3.2.0.0",10904,"NODE_504_length_25561_cov_8.020131","est2genome","TRINITY_DN1788_c0_g1_i16 1958 2083 +","match_part"],[1,22628,22675,-1,"M47","NODE_504_length_25561_cov_8.020131:hsp:265870:3.2.0.0",10904,"NODE_504_length_25561_cov_8.020131","est2genome","TRINITY_DN1788_c0_g1_i16 2084 2130 +","match_part"],[1,22495,22512,-1,"M17","NODE_504_length_25561_cov_8.020131:hsp:265871:3.2.0.0",10904,"NODE_504_length_25561_cov_8.020131","est2genome","TRINITY_DN1788_c0_g1_i16 2131 2147 +","match_part"],[1,22305,22404,-1,"M99","NODE_504_length_25561_cov_8.020131:hsp:265872:3.2.0.0",10904,"NODE_504_length_25561_cov_8.020131","est2genome","TRINITY_DN1788_c0_g1_i16 2148 2246 +","match_part"],[1,22099,22211,-1,"M112","NODE_504_length_25561_cov_8.020131:hsp:265873:3.2.0.0",10904,"NODE_504_length_25561_cov_8.020131","est2genome","TRINITY_DN1788_c0_g1_i16 2247 2358 +","match_part"]],"2365","expressed_sequence_match",{"Sublist":[[0,22099,23557,-1,"99.25","99.7","NODE_504_length_25561_cov_8.020131:hit:50878:3.2.0.0","TRINITY_DN1788_c0_g1_i7",4536,"NODE_504_length_25561_cov_8.020131","est2genome",[[1,23026,23557,-1,"M531","NODE_504_length_25561_cov_8.020131:hsp:265874:3.2.0.0",4536,"NODE_504_length_25561_cov_8.020131","est2genome","TRINITY_DN1788_c0_g1_i7 1 531 +","match_part"],[1,22768,22894,-1,"M126","NODE_504_length_25561_cov_8.020131:hsp:265875:3.2.0.0",4536,"NODE_504_length_25561_cov_8.020131","est2genome","TRINITY_DN1788_c0_g1_i7 532 657 +","match_part"],[1,22628,22675,-1,"M47","NODE_504_length_25561_cov_8.020131:hsp:265876:3.2.0.0",4536,"NODE_504_length_25561_cov_8.020131","est2genome","TRINITY_DN1788_c0_g1_i7 658 704 +","match_part"],[1,22495,22512,-1,"M17","NODE_504_length_25561_cov_8.020131:hsp:265877:3.2.0.0",4536,"NODE_504_length_25561_cov_8.020131","est2genome","TRINITY_DN1788_c0_g1_i7 705 721 +","match_part"],[1,22305,22404,-1,"M99","NODE_504_length_25561_cov_8.020131:hsp:265878:3.2.0.0",4536,"NODE_504_length_25561_cov_8.020131","est2genome","TRINITY_DN1788_c0_g1_i7 722 820 +","match_part"],[1,22099,22211,-1,"M112","NODE_504_length_25561_cov_8.020131:hsp:265879:3.2.0.0",4536,"NODE_504_length_25561_cov_8.020131","est2genome","TRINITY_DN1788_c0_g1_i7 821 932 +","match_part"]],"939","expressed_sequence_match"]]}]],"urlTemplate":"lf-{Chunk}.json"}}