{"featureCount":2,"formatVersion":1,"histograms":{"meta":[{"arrayParams":{"chunkSize":10000,"length":1,"urlTemplate":"hist-10000-{Chunk}.json"},"basesPerBin":"10000"}],"stats":[{"basesPerBin":"10000","max":2,"mean":2}]},"intervals":{"classes":[{"attributes":["Start","End","Strand","Id","Name","Score","Seq_id","Source","Subfeatures","Target_length","Type"],"isArrayAttr":{"Subfeatures":1}},{"attributes":["Start","End","Strand","Gap","Id","Score","Seq_id","Source","Target","Type"],"isArrayAttr":{}},{"attributes":["Start","End","Chunk"],"isArrayAttr":{"Sublist":1}}],"count":2,"lazyClass":2,"maxEnd":6419,"minStart":283,"nclist":[[0,283,4295,1,"NODE_3880_length_6419_cov_1.359479:hit:39370:4.5.0.0","augustus-NODE_3880_length_6419_cov_1.359479-abinit-gene-0.0-mRNA-1",0.35,"NODE_3880_length_6419_cov_1.359479","augustus",[[1,283,372,1,"M89","NODE_3880_length_6419_cov_1.359479:hsp:159950:4.5.0.0",0.35,"NODE_3880_length_6419_cov_1.359479","augustus","augustus-NODE_3880_length_6419_cov_1.359479-abinit-gene-0.0-mRNA-1 1 89 +","match_part"],[1,461,907,1,"M446","NODE_3880_length_6419_cov_1.359479:hsp:159951:4.5.0.0",0.35,"NODE_3880_length_6419_cov_1.359479","augustus","augustus-NODE_3880_length_6419_cov_1.359479-abinit-gene-0.0-mRNA-1 90 535 +","match_part"],[1,1097,1179,1,"M82","NODE_3880_length_6419_cov_1.359479:hsp:159952:4.5.0.0",0.35,"NODE_3880_length_6419_cov_1.359479","augustus","augustus-NODE_3880_length_6419_cov_1.359479-abinit-gene-0.0-mRNA-1 536 617 +","match_part"],[1,1259,1339,1,"M80","NODE_3880_length_6419_cov_1.359479:hsp:159953:4.5.0.0",0.35,"NODE_3880_length_6419_cov_1.359479","augustus","augustus-NODE_3880_length_6419_cov_1.359479-abinit-gene-0.0-mRNA-1 618 697 +","match_part"],[1,1419,2331,1,"M912","NODE_3880_length_6419_cov_1.359479:hsp:159954:4.5.0.0",0.35,"NODE_3880_length_6419_cov_1.359479","augustus","augustus-NODE_3880_length_6419_cov_1.359479-abinit-gene-0.0-mRNA-1 698 1609 +","match_part"],[1,2401,2530,1,"M129","NODE_3880_length_6419_cov_1.359479:hsp:159955:4.5.0.0",0.35,"NODE_3880_length_6419_cov_1.359479","augustus","augustus-NODE_3880_length_6419_cov_1.359479-abinit-gene-0.0-mRNA-1 1610 1738 +","match_part"],[1,2591,2717,1,"M126","NODE_3880_length_6419_cov_1.359479:hsp:159956:4.5.0.0",0.35,"NODE_3880_length_6419_cov_1.359479","augustus","augustus-NODE_3880_length_6419_cov_1.359479-abinit-gene-0.0-mRNA-1 1739 1864 +","match_part"],[1,2779,3276,1,"M497","NODE_3880_length_6419_cov_1.359479:hsp:159957:4.5.0.0",0.35,"NODE_3880_length_6419_cov_1.359479","augustus","augustus-NODE_3880_length_6419_cov_1.359479-abinit-gene-0.0-mRNA-1 1865 2361 +","match_part"],[1,3343,3454,1,"M111","NODE_3880_length_6419_cov_1.359479:hsp:159958:4.5.0.0",0.35,"NODE_3880_length_6419_cov_1.359479","augustus","augustus-NODE_3880_length_6419_cov_1.359479-abinit-gene-0.0-mRNA-1 2362 2472 +","match_part"],[1,3525,3690,1,"M165","NODE_3880_length_6419_cov_1.359479:hsp:159959:4.5.0.0",0.35,"NODE_3880_length_6419_cov_1.359479","augustus","augustus-NODE_3880_length_6419_cov_1.359479-abinit-gene-0.0-mRNA-1 2473 2637 +","match_part"],[1,3752,4295,1,"M543","NODE_3880_length_6419_cov_1.359479:hsp:159960:4.5.0.0",0.35,"NODE_3880_length_6419_cov_1.359479","augustus","augustus-NODE_3880_length_6419_cov_1.359479-abinit-gene-0.0-mRNA-1 2638 3180 +","match_part"]],"6419","match"],[0,5101,6419,-1,"NODE_3880_length_6419_cov_1.359479:hit:39376:4.5.0.0","augustus-NODE_3880_length_6419_cov_1.359479-abinit-gene-0.1-mRNA-1",0.2,"NODE_3880_length_6419_cov_1.359479","augustus",[[1,6230,6419,-1,"M189","NODE_3880_length_6419_cov_1.359479:hsp:159975:4.5.0.0",0.2,"NODE_3880_length_6419_cov_1.359479","augustus","augustus-NODE_3880_length_6419_cov_1.359479-abinit-gene-0.1-mRNA-1 694 882 +","match_part"],[1,6089,6156,-1,"M67","NODE_3880_length_6419_cov_1.359479:hsp:159976:4.5.0.0",0.2,"NODE_3880_length_6419_cov_1.359479","augustus","augustus-NODE_3880_length_6419_cov_1.359479-abinit-gene-0.1-mRNA-1 627 693 +","match_part"],[1,5919,6024,-1,"M105","NODE_3880_length_6419_cov_1.359479:hsp:159977:4.5.0.0",0.2,"NODE_3880_length_6419_cov_1.359479","augustus","augustus-NODE_3880_length_6419_cov_1.359479-abinit-gene-0.1-mRNA-1 522 626 +","match_part"],[1,5595,5849,-1,"M254","NODE_3880_length_6419_cov_1.359479:hsp:159978:4.5.0.0",0.2,"NODE_3880_length_6419_cov_1.359479","augustus","augustus-NODE_3880_length_6419_cov_1.359479-abinit-gene-0.1-mRNA-1 268 521 +","match_part"],[1,5355,5474,-1,"M119","NODE_3880_length_6419_cov_1.359479:hsp:159979:4.5.0.0",0.2,"NODE_3880_length_6419_cov_1.359479","augustus","augustus-NODE_3880_length_6419_cov_1.359479-abinit-gene-0.1-mRNA-1 149 267 +","match_part"],[1,5101,5249,-1,"M148","NODE_3880_length_6419_cov_1.359479:hsp:159980:4.5.0.0",0.2,"NODE_3880_length_6419_cov_1.359479","augustus","augustus-NODE_3880_length_6419_cov_1.359479-abinit-gene-0.1-mRNA-1 1 148 +","match_part"]],"6419","match"]],"urlTemplate":"lf-{Chunk}.json"}}