{"featureCount":4,"formatVersion":1,"histograms":{"meta":[{"arrayParams":{"chunkSize":10000,"length":2,"urlTemplate":"hist-5000-{Chunk}.json"},"basesPerBin":"5000"}],"stats":[{"basesPerBin":"5000","max":4,"mean":2.5}]},"intervals":{"classes":[{"attributes":["Start","End","Strand","Id","Name","Seq_id","Source","Subfeatures","Target_length","Type"],"isArrayAttr":{"Subfeatures":1}},{"attributes":["Start","End","Strand","Gap","Id","Seq_id","Source","Target","Type"],"isArrayAttr":{}},{"attributes":["Start","End","Strand","Id","Seq_id","Source","Target","Type"],"isArrayAttr":{}},{"attributes":["Start","End","Chunk"],"isArrayAttr":{"Sublist":1}}],"count":4,"lazyClass":3,"maxEnd":5028,"minStart":1528,"nclist":[[0,1528,2815,1,"NODE_4706_length_5460_cov_1.789237:hit:8209:4.5.0.0","genemark-NODE_4706_length_5460_cov_1.789237-abinit-gene-0.7-mRNA-1","NODE_4706_length_5460_cov_1.789237","genemark",[[1,1528,2276,1,"M748","NODE_4706_length_5460_cov_1.789237:hsp:29189:4.5.0.0","NODE_4706_length_5460_cov_1.789237","genemark","genemark-NODE_4706_length_5460_cov_1.789237-abinit-gene-0.7-mRNA-1 1 748 +","match_part"],[1,2354,2381,1,"M27","NODE_4706_length_5460_cov_1.789237:hsp:29190:4.5.0.0","NODE_4706_length_5460_cov_1.789237","genemark","genemark-NODE_4706_length_5460_cov_1.789237-abinit-gene-0.7-mRNA-1 749 775 +","match_part"],[1,2444,2815,1,"M371","NODE_4706_length_5460_cov_1.789237:hsp:29191:4.5.0.0","NODE_4706_length_5460_cov_1.789237","genemark","genemark-NODE_4706_length_5460_cov_1.789237-abinit-gene-0.7-mRNA-1 776 1146 +","match_part"]],"5460","match"],[0,3081,4000,-1,"NODE_4706_length_5460_cov_1.789237:hit:8212:4.5.0.0","genemark-NODE_4706_length_5460_cov_1.789237-abinit-gene-0.8-mRNA-1","NODE_4706_length_5460_cov_1.789237","genemark",[[1,3726,4000,-1,"M274","NODE_4706_length_5460_cov_1.789237:hsp:29196:4.5.0.0","NODE_4706_length_5460_cov_1.789237","genemark","genemark-NODE_4706_length_5460_cov_1.789237-abinit-gene-0.8-mRNA-1 576 849 +","match_part"],[1,3081,3656,-1,"M575","NODE_4706_length_5460_cov_1.789237:hsp:29197:4.5.0.0","NODE_4706_length_5460_cov_1.789237","genemark","genemark-NODE_4706_length_5460_cov_1.789237-abinit-gene-0.8-mRNA-1 1 575 +","match_part"]],"5460","match"],[0,4027,4585,-1,"NODE_4706_length_5460_cov_1.789237:hit:8215:4.5.0.0","genemark-NODE_4706_length_5460_cov_1.789237-abinit-gene-0.9-mRNA-1","NODE_4706_length_5460_cov_1.789237","genemark",[[1,4360,4585,-1,"M225","NODE_4706_length_5460_cov_1.789237:hsp:29203:4.5.0.0","NODE_4706_length_5460_cov_1.789237","genemark","genemark-NODE_4706_length_5460_cov_1.789237-abinit-gene-0.9-mRNA-1 142 366 +","match_part"],[1,4121,4235,-1,"M114","NODE_4706_length_5460_cov_1.789237:hsp:29204:4.5.0.0","NODE_4706_length_5460_cov_1.789237","genemark","genemark-NODE_4706_length_5460_cov_1.789237-abinit-gene-0.9-mRNA-1 28 141 +","match_part"],[1,4027,4054,-1,"M27","NODE_4706_length_5460_cov_1.789237:hsp:29205:4.5.0.0","NODE_4706_length_5460_cov_1.789237","genemark","genemark-NODE_4706_length_5460_cov_1.789237-abinit-gene-0.9-mRNA-1 1 27 +","match_part"]],"5460","match"],[0,4827,5028,-1,"NODE_4706_length_5460_cov_1.789237:hit:8217:4.5.0.0","genemark-NODE_4706_length_5460_cov_1.789237-abinit-gene-0.10-mRNA-1","NODE_4706_length_5460_cov_1.789237","genemark",[[1,4827,5028,-1,"M201","NODE_4706_length_5460_cov_1.789237:hsp:29209:4.5.0.0","NODE_4706_length_5460_cov_1.789237","genemark","genemark-NODE_4706_length_5460_cov_1.789237-abinit-gene-0.10-mRNA-1 1 201 +","match_part"]],"5460","match"]],"urlTemplate":"lf-{Chunk}.json"}}