{"featureCount":3,"formatVersion":1,"histograms":{"meta":[{"arrayParams":{"chunkSize":10000,"length":1,"urlTemplate":"hist-1000-{Chunk}.json"},"basesPerBin":"1000"}],"stats":[{"basesPerBin":"1000","max":3,"mean":3}]},"intervals":{"classes":[{"attributes":["Start","End","Strand","Aligned_coverage","Aligned_identity","Id","Name","Score","Seq_id","Source","Subfeatures","Target_length","Type"],"isArrayAttr":{"Subfeatures":1}},{"attributes":["Start","End","Strand","Gap","Id","Score","Seq_id","Source","Target","Type"],"isArrayAttr":{}},{"attributes":["Start","End","Chunk"],"isArrayAttr":{"Sublist":1}}],"count":3,"lazyClass":2,"maxEnd":988,"minStart":263,"nclist":[[0,263,706,1,"100","94.3","NODE_16435_length_1020_cov_2.668533:hit:1053:3.2.0.0","TRINITY_DN4215_c0_g1_i3",2037,"NODE_16435_length_1020_cov_2.668533","est2genome",[[1,263,706,1,"M55 I7 M183 I4 M64 I5 M141","NODE_16435_length_1020_cov_2.668533:hsp:2449:3.2.0.0",2037,"NODE_16435_length_1020_cov_2.668533","est2genome","TRINITY_DN4215_c0_g1_i3 1 459 +","match_part"]],"459","expressed_sequence_match"],[0,263,706,1,"100","95.2","NODE_16435_length_1020_cov_2.668533:hit:1054:3.2.0.0","TRINITY_DN4215_c0_g1_i5",2061,"NODE_16435_length_1020_cov_2.668533","est2genome",[[1,263,706,1,"M55 I7 M247 I5 M141","NODE_16435_length_1020_cov_2.668533:hsp:2450:3.2.0.0",2061,"NODE_16435_length_1020_cov_2.668533","est2genome","TRINITY_DN4215_c0_g1_i5 1 455 +","match_part"]],"455","expressed_sequence_match"],[0,669,988,1,"100","99.1","NODE_16435_length_1020_cov_2.668533:hit:1055:3.2.0.0","TRINITY_DN12201_c0_g1_i1",1074,"NODE_16435_length_1020_cov_2.668533","est2genome",[[1,669,703,1,"M34","NODE_16435_length_1020_cov_2.668533:hsp:2451:3.2.0.0",1074,"NODE_16435_length_1020_cov_2.668533","est2genome","TRINITY_DN12201_c0_g1_i1 187 220 -","match_part"],[1,802,988,1,"M186","NODE_16435_length_1020_cov_2.668533:hsp:2452:3.2.0.0",1074,"NODE_16435_length_1020_cov_2.668533","est2genome","TRINITY_DN12201_c0_g1_i1 1 186 -","match_part"]],"220","expressed_sequence_match"]],"urlTemplate":"lf-{Chunk}.json"}}