{"featureCount":17,"formatVersion":1,"histograms":{"meta":[{"arrayParams":{"chunkSize":10000,"length":4,"urlTemplate":"hist-5000-{Chunk}.json"},"basesPerBin":"5000"}],"stats":[{"basesPerBin":"5000","max":11,"mean":5.5}]},"intervals":{"classes":[{"attributes":["Start","End","Strand","Aligned_coverage","Aligned_identity","Id","Name","Score","Seq_id","Source","Subfeatures","Target_length","Type"],"isArrayAttr":{"Subfeatures":1}},{"attributes":["Start","End","Strand","Gap","Id","Score","Seq_id","Source","Target","Type"],"isArrayAttr":{}},{"attributes":["Start","End","Chunk"],"isArrayAttr":{"Sublist":1}}],"count":17,"lazyClass":2,"maxEnd":15384,"minStart":0,"nclist":[[0,0,2573,-1,"90.59","98.8","NODE_1124_length_16799_cov_7.518594:hit:88550:3.2.0.0","TRINITY_DN2522_c0_g1_i1",9919,"NODE_1124_length_16799_cov_7.518594","est2genome",[[1,2253,2573,-1,"M67 I1 M124 I4 M14 I2 M115","NODE_1124_length_16799_cov_7.518594:hsp:450912:3.2.0.0",9919,"NODE_1124_length_16799_cov_7.518594","est2genome","TRINITY_DN2522_c0_g1_i1 1 327 +","match_part"],[1,2142,2181,-1,"M39","NODE_1124_length_16799_cov_7.518594:hsp:450913:3.2.0.0",9919,"NODE_1124_length_16799_cov_7.518594","est2genome","TRINITY_DN2522_c0_g1_i1 328 366 +","match_part"],[1,1896,1997,-1,"M101","NODE_1124_length_16799_cov_7.518594:hsp:450914:3.2.0.0",9919,"NODE_1124_length_16799_cov_7.518594","est2genome","TRINITY_DN2522_c0_g1_i1 367 467 +","match_part"],[1,1705,1763,-1,"M58","NODE_1124_length_16799_cov_7.518594:hsp:450915:3.2.0.0",9919,"NODE_1124_length_16799_cov_7.518594","est2genome","TRINITY_DN2522_c0_g1_i1 468 525 +","match_part"],[1,1549,1614,-1,"M65","NODE_1124_length_16799_cov_7.518594:hsp:450916:3.2.0.0",9919,"NODE_1124_length_16799_cov_7.518594","est2genome","TRINITY_DN2522_c0_g1_i1 526 590 +","match_part"],[1,0,1460,-1,"M1460","NODE_1124_length_16799_cov_7.518594:hsp:450917:3.2.0.0",9919,"NODE_1124_length_16799_cov_7.518594","est2genome","TRINITY_DN2522_c0_g1_i1 591 2050 +","match_part"]],"2263","expressed_sequence_match"],[0,0,2573,-1,"90.59","98.9","NODE_1124_length_16799_cov_7.518594:hit:88552:3.2.0.0","TRINITY_DN2522_c0_g1_i3",9946,"NODE_1124_length_16799_cov_7.518594","est2genome",[[1,2253,2573,-1,"M67 I1 M124 I4 M14 I2 M115","NODE_1124_length_16799_cov_7.518594:hsp:450924:3.2.0.0",9946,"NODE_1124_length_16799_cov_7.518594","est2genome","TRINITY_DN2522_c0_g1_i3 1 327 +","match_part"],[1,2142,2181,-1,"M39","NODE_1124_length_16799_cov_7.518594:hsp:450925:3.2.0.0",9946,"NODE_1124_length_16799_cov_7.518594","est2genome","TRINITY_DN2522_c0_g1_i3 328 366 +","match_part"],[1,1896,1997,-1,"M101","NODE_1124_length_16799_cov_7.518594:hsp:450926:3.2.0.0",9946,"NODE_1124_length_16799_cov_7.518594","est2genome","TRINITY_DN2522_c0_g1_i3 367 467 +","match_part"],[1,1705,1763,-1,"M58","NODE_1124_length_16799_cov_7.518594:hsp:450927:3.2.0.0",9946,"NODE_1124_length_16799_cov_7.518594","est2genome","TRINITY_DN2522_c0_g1_i3 468 525 +","match_part"],[1,1549,1614,-1,"M65","NODE_1124_length_16799_cov_7.518594:hsp:450928:3.2.0.0",9946,"NODE_1124_length_16799_cov_7.518594","est2genome","TRINITY_DN2522_c0_g1_i3 526 590 +","match_part"],[1,0,1460,-1,"M1460","NODE_1124_length_16799_cov_7.518594:hsp:450929:3.2.0.0",9946,"NODE_1124_length_16799_cov_7.518594","est2genome","TRINITY_DN2522_c0_g1_i3 591 2050 +","match_part"]],"2263","expressed_sequence_match",{"Sublist":[[0,0,2393,-1,"89.74","99.5","NODE_1124_length_16799_cov_7.518594:hit:88551:3.2.0.0","TRINITY_DN2522_c0_g1_i2",9143,"NODE_1124_length_16799_cov_7.518594","est2genome",[[1,2253,2393,-1,"M140","NODE_1124_length_16799_cov_7.518594:hsp:450918:3.2.0.0",9143,"NODE_1124_length_16799_cov_7.518594","est2genome","TRINITY_DN2522_c0_g1_i2 1 140 +","match_part"],[1,2142,2181,-1,"M39","NODE_1124_length_16799_cov_7.518594:hsp:450919:3.2.0.0",9143,"NODE_1124_length_16799_cov_7.518594","est2genome","TRINITY_DN2522_c0_g1_i2 141 179 +","match_part"],[1,1896,1997,-1,"M101","NODE_1124_length_16799_cov_7.518594:hsp:450920:3.2.0.0",9143,"NODE_1124_length_16799_cov_7.518594","est2genome","TRINITY_DN2522_c0_g1_i2 180 280 +","match_part"],[1,1705,1763,-1,"M58","NODE_1124_length_16799_cov_7.518594:hsp:450921:3.2.0.0",9143,"NODE_1124_length_16799_cov_7.518594","est2genome","TRINITY_DN2522_c0_g1_i2 281 338 +","match_part"],[1,1549,1614,-1,"M65","NODE_1124_length_16799_cov_7.518594:hsp:450922:3.2.0.0",9143,"NODE_1124_length_16799_cov_7.518594","est2genome","TRINITY_DN2522_c0_g1_i2 339 403 +","match_part"],[1,0,1460,-1,"M1460","NODE_1124_length_16799_cov_7.518594:hsp:450923:3.2.0.0",9143,"NODE_1124_length_16799_cov_7.518594","est2genome","TRINITY_DN2522_c0_g1_i2 404 1863 +","match_part"]],"2076","expressed_sequence_match"],[0,0,2393,-1,"89.74","99.3","NODE_1124_length_16799_cov_7.518594:hit:88553:3.2.0.0","TRINITY_DN2522_c0_g1_i4",9116,"NODE_1124_length_16799_cov_7.518594","est2genome",[[1,2253,2393,-1,"M140","NODE_1124_length_16799_cov_7.518594:hsp:450930:3.2.0.0",9116,"NODE_1124_length_16799_cov_7.518594","est2genome","TRINITY_DN2522_c0_g1_i4 1 140 +","match_part"],[1,2142,2181,-1,"M39","NODE_1124_length_16799_cov_7.518594:hsp:450931:3.2.0.0",9116,"NODE_1124_length_16799_cov_7.518594","est2genome","TRINITY_DN2522_c0_g1_i4 141 179 +","match_part"],[1,1896,1997,-1,"M101","NODE_1124_length_16799_cov_7.518594:hsp:450932:3.2.0.0",9116,"NODE_1124_length_16799_cov_7.518594","est2genome","TRINITY_DN2522_c0_g1_i4 180 280 +","match_part"],[1,1705,1763,-1,"M58","NODE_1124_length_16799_cov_7.518594:hsp:450933:3.2.0.0",9116,"NODE_1124_length_16799_cov_7.518594","est2genome","TRINITY_DN2522_c0_g1_i4 281 338 +","match_part"],[1,1549,1614,-1,"M65","NODE_1124_length_16799_cov_7.518594:hsp:450934:3.2.0.0",9116,"NODE_1124_length_16799_cov_7.518594","est2genome","TRINITY_DN2522_c0_g1_i4 339 403 +","match_part"],[1,0,1460,-1,"M1460","NODE_1124_length_16799_cov_7.518594:hsp:450935:3.2.0.0",9116,"NODE_1124_length_16799_cov_7.518594","est2genome","TRINITY_DN2522_c0_g1_i4 404 1863 +","match_part"]],"2076","expressed_sequence_match"]]}],[0,676,2573,-1,"100","99","NODE_1124_length_16799_cov_7.518594:hit:88554:3.2.0.0","TRINITY_DN2522_c0_g1_i9",7010,"NODE_1124_length_16799_cov_7.518594","est2genome",[[1,2142,2573,-1,"M67 I1 M124 I4 M14 I2 M226","NODE_1124_length_16799_cov_7.518594:hsp:450936:3.2.0.0",7010,"NODE_1124_length_16799_cov_7.518594","est2genome","TRINITY_DN2522_c0_g1_i9 1 438 +","match_part"],[1,1896,1997,-1,"M101","NODE_1124_length_16799_cov_7.518594:hsp:450937:3.2.0.0",7010,"NODE_1124_length_16799_cov_7.518594","est2genome","TRINITY_DN2522_c0_g1_i9 439 539 +","match_part"],[1,1705,1763,-1,"M58","NODE_1124_length_16799_cov_7.518594:hsp:450938:3.2.0.0",7010,"NODE_1124_length_16799_cov_7.518594","est2genome","TRINITY_DN2522_c0_g1_i9 540 597 +","match_part"],[1,1549,1614,-1,"M65","NODE_1124_length_16799_cov_7.518594:hsp:450939:3.2.0.0",7010,"NODE_1124_length_16799_cov_7.518594","est2genome","TRINITY_DN2522_c0_g1_i9 598 662 +","match_part"],[1,676,1460,-1,"M784","NODE_1124_length_16799_cov_7.518594:hsp:450940:3.2.0.0",7010,"NODE_1124_length_16799_cov_7.518594","est2genome","TRINITY_DN2522_c0_g1_i9 663 1446 +","match_part"]],