{"featureCount":6,"formatVersion":1,"histograms":{"meta":[{"arrayParams":{"chunkSize":10000,"length":2,"urlTemplate":"hist-10000-{Chunk}.json"},"basesPerBin":"10000"}],"stats":[{"basesPerBin":"10000","max":5,"mean":3.5}]},"intervals":{"classes":[{"attributes":["Start","End","Strand","Id","Name","Seq_id","Source","Subfeatures","Target_length","Type"],"isArrayAttr":{"Subfeatures":1}},{"attributes":["Start","End","Strand","Gap","Id","Seq_id","Source","Target","Type"],"isArrayAttr":{}},{"attributes":["Start","End","Strand","Id","Seq_id","Source","Target","Type"],"isArrayAttr":{}},{"attributes":["Start","End","Chunk"],"isArrayAttr":{"Sublist":1}}],"count":6,"lazyClass":3,"maxEnd":15382,"minStart":1290,"nclist":[[0,1290,2272,1,"NODE_1316_length_15410_cov_7.436506:hit:97591:4.5.0.0","genemark-NODE_1316_length_15410_cov_7.436506-abinit-gene-0.7-mRNA-1","NODE_1316_length_15410_cov_7.436506","genemark",[[1,1290,2014,1,"M724","NODE_1316_length_15410_cov_7.436506:hsp:492885:4.5.0.0","NODE_1316_length_15410_cov_7.436506","genemark","genemark-NODE_1316_length_15410_cov_7.436506-abinit-gene-0.7-mRNA-1 1 724 +","match_part"],[1,2072,2272,1,"M200","NODE_1316_length_15410_cov_7.436506:hsp:492886:4.5.0.0","NODE_1316_length_15410_cov_7.436506","genemark","genemark-NODE_1316_length_15410_cov_7.436506-abinit-gene-0.7-mRNA-1 725 924 +","match_part"]],"15410","match"],[0,2951,3592,-1,"NODE_1316_length_15410_cov_7.436506:hit:97594:4.5.0.0","genemark-NODE_1316_length_15410_cov_7.436506-abinit-gene-0.12-mRNA-1","NODE_1316_length_15410_cov_7.436506","genemark",[[1,3533,3592,-1,"M59","NODE_1316_length_15410_cov_7.436506:hsp:492892:4.5.0.0","NODE_1316_length_15410_cov_7.436506","genemark","genemark-NODE_1316_length_15410_cov_7.436506-abinit-gene-0.12-mRNA-1 326 384 +","match_part"],[1,2951,3276,-1,"M325","NODE_1316_length_15410_cov_7.436506:hsp:492893:4.5.0.0","NODE_1316_length_15410_cov_7.436506","genemark","genemark-NODE_1316_length_15410_cov_7.436506-abinit-gene-0.12-mRNA-1 1 325 +","match_part"]],"15410","match"],[0,3634,5638,1,"NODE_1316_length_15410_cov_7.436506:hit:97597:4.5.0.0","genemark-NODE_1316_length_15410_cov_7.436506-abinit-gene-0.8-mRNA-1","NODE_1316_length_15410_cov_7.436506","genemark",[[1,3634,4007,1,"M373","NODE_1316_length_15410_cov_7.436506:hsp:492899:4.5.0.0","NODE_1316_length_15410_cov_7.436506","genemark","genemark-NODE_1316_length_15410_cov_7.436506-abinit-gene-0.8-mRNA-1 1 373 +","match_part"],[1,4081,4525,1,"M444","NODE_1316_length_15410_cov_7.436506:hsp:492900:4.5.0.0","NODE_1316_length_15410_cov_7.436506","genemark","genemark-NODE_1316_length_15410_cov_7.436506-abinit-gene-0.8-mRNA-1 374 817 +","match_part"],[1,4596,4650,1,"M54","NODE_1316_length_15410_cov_7.436506:hsp:492901:4.5.0.0","NODE_1316_length_15410_cov_7.436506","genemark","genemark-NODE_1316_length_15410_cov_7.436506-abinit-gene-0.8-mRNA-1 818 871 +","match_part"],[1,4748,5638,1,"M890","NODE_1316_length_15410_cov_7.436506:hsp:492902:4.5.0.0","NODE_1316_length_15410_cov_7.436506","genemark","genemark-NODE_1316_length_15410_cov_7.436506-abinit-gene-0.8-mRNA-1 872 1761 +","match_part"]],"15410","match"],[0,6386,6968,1,"NODE_1316_length_15410_cov_7.436506:hit:97599:4.5.0.0","genemark-NODE_1316_length_15410_cov_7.436506-abinit-gene-0.9-mRNA-1","NODE_1316_length_15410_cov_7.436506","genemark",[[1,6386,6417,1,"M31","NODE_1316_length_15410_cov_7.436506:hsp:492907:4.5.0.0","NODE_1316_length_15410_cov_7.436506","genemark","genemark-NODE_1316_length_15410_cov_7.436506-abinit-gene-0.9-mRNA-1 1 31 +","match_part"],[1,6473,6603,1,"M130","NODE_1316_length_15410_cov_7.436506:hsp:492908:4.5.0.0","NODE_1316_length_15410_cov_7.436506","genemark","genemark-NODE_1316_length_15410_cov_7.436506-abinit-gene-0.9-mRNA-1 32 161 +","match_part"],[1,6661,6968,1,"M307","NODE_1316_length_15410_cov_7.436506:hsp:492909:4.5.0.0","NODE_1316_length_15410_cov_7.436506","genemark","genemark-NODE_1316_length_15410_cov_7.436506-abinit-gene-0.9-mRNA-1 162 468 +","match_part"]],"15410","match"],[0,7160,11125,1,"NODE_1316_length_15410_cov_7.436506:hit:97603:4.5.0.0","genemark-NODE_1316_length_15410_cov_7.436506-abinit-gene-0.10-mRNA-1","NODE_1316_length_15410_cov_7.436506","genemark",[[1,7160,7259,1,"M99","NODE_1316_length_15410_cov_7.436506:hsp:492925:4.5.0.0","NODE_1316_length_15410_cov_7.436506","genemark","genemark-NODE_1316_length_15410_cov_7.436506-abinit-gene-0.10-mRNA-1 1 99 +","match_part"],[1,7348,7379,1,"M31","NODE_1316_length_15410_cov_7.436506:hsp:492926:4.5.0.0","NODE_1316_length_15410_cov_7.436506","genemark","genemark-NODE_1316_length_15410_cov_7.436506-abinit-gene-0.10-mRNA-1 100 130 +","match_part"],[1,7479,8268,1,"M789","NODE_1316_length_15410_cov_7.436506:hsp:492927:4.5.0.0","NODE_1316_length_15410_cov_7.436506","genemark","genemark-NODE_1316_length_15410_cov_7.436506-abinit-gene-0.10-mRNA-1 131 919 +","match_part"],[1,8411,8546,1,"M135","NODE_1316_length_15410_cov_7.436506:hsp:492928:4.5.0.0","NODE_1316_length_15410_cov_7.436506","genemark","genemark-NODE_1316_length_15410_cov_7.436506-abinit-gene-0.10-mRNA-1 920 1054 +","match_part"],[1,8626,8727,1,"M101","NODE_1316_length_15410_cov_7.436506:hsp:492929:4.5.0.0","NODE_1316_length_15410_cov_7.436506","genemark","genemark-NODE_1316_length_15410_cov_7.436506-abinit-gene-0.10-mRNA-1 1055 1155 +","match_part"],[1,8819,8885,1,"M66","NODE_1316_length_15410_cov_7.436506:hsp:492930:4.5.0.0","NODE_1316_length_15410_cov_7.436506","genemark","genemark-NODE_1316_length_15410_cov_7.436506-abinit-gene-0.10-mRNA-1 1156 1221 +","match_part"],[1,10218,10240,1,"M22","NODE_1316_length_15410_cov_7.436506:hsp:492931:4.5.0.0","NODE_1316_length_15410_cov_7.436506","genemark","genemark-NODE_1316_length_15410_cov_7.436506-abinit-gene-0.10-mRNA-1 1222 1243 +","match_part"],[1,10326,10469,1,"M143","NODE_1316_length_15410_cov_7.436506:hsp:492932:4.5.0.0","NODE_1316_length_15410_cov_7.436506","genemark","genemark-NODE_1316_length_15410_cov_7.436506-abinit-gene-0.10-mRNA-1 1244 1386 +","match_part"],[1,10536,10548,1,"M12","NODE_1316_length_15410_cov_7.436506:hsp:492933:4.5.0.0","NODE_1316_length_15410_cov_7.436506","genemark","genemark-NODE_1316_length_15410_cov_7.436506-abinit-gene-0.10-mRNA-1 1387 1398 +","match_part"],[1,10631,10709,1,"M78","NODE_1316_length_15410_cov_7.436506:hsp:492934:4.5.0.0","NODE_1316_length_15410_cov_7.436506","genemark","genemark-NODE_1316_length_15410_cov_7.436506-abinit-gene-0.10-mRNA-1 1399 1476 +","match_part"],[1,10802,10845,1,"M43","NODE_1316_length_15410_cov_7.436506:hsp:492935:4.5.0.0","NODE_1316_length_15410_cov_7.436506","genemark","genemark-NODE_1316_length_15410_cov_7.436506-abinit-gene-0.10-mRNA-1 1477 1519 +","match_part"],[1,10931,10978,1,"M47","NODE_1316_length_15410_cov_7.436506:hsp:492936:4.5.0.0","NODE_1316_length_15410_cov_7.436506","genemark","genemark-NODE_1316_length_15410_cov_7.436506-abinit-gene-0.10-mRNA-1 1520 1566 +","match_part"],[1,11074,11125,1,"M51","NODE_1316_length_15410_cov_7.436506:hsp:492937:4.5.0.0","NODE_1316_length_15410_cov_7.436506","genemark","genemark-NODE_1316_length_15410_cov_7.436506-abinit-gene-0.10-mRNA-1 1567 1617 +","match_part"]],"15410","match"],[0,13190,15382,1,"NODE_1316_length_15410_cov_7.436506:hit:97606:4.5.0.0","genemark-NODE_1316_length_15410_cov_7.436506-abinit-gene-0.11-mRNA-1","NODE_1316_length_15410_cov_7.436506","genemark",[[1,13190,14680,1,"M1490","NODE_1316_length_15410_cov_7.436506:hsp:492954:4.5.0.0","NODE_1316_length_15410_cov_7.436506","genemark","genemark-NODE_1316_length_15410_cov_7.436506-abinit-gene-0.11-mRNA-1 1 1490 +","match_part"],[1,14800,14970,1,"M170","NODE_1316_length_15410_cov_7.436506:hsp:492955:4.5.0.0","NODE_1316_length_15410_cov_7.436506","genemark","genemark-NODE_1316_length_15410_cov_7.436506-abinit-gene-0.11-mRNA-1 1491 1660 +","match_part"],[1,15074,15382,1,"M308","NODE_1316_length_15410_cov_7.436506:hsp:492956:4.5.0.0","NODE_1316_length_15410_cov_7.436506","genemark","genemark-NODE_1316_length_15410_cov_7.436506-abinit-gene-0.11-mRNA-1 1661 1968 +","match_part"]],