{"featureCount":16,"formatVersion":1,"histograms":{"meta":[{"arrayParams":{"chunkSize":10000,"length":4,"urlTemplate":"hist-500-{Chunk}.json"},"basesPerBin":"500"}],"stats":[{"basesPerBin":"500","max":7,"mean":6.5}]},"intervals":{"classes":[{"attributes":["Start","End","Strand","Id","Name","Score","Seq_id","Source","Subfeatures","Target_length","Type"],"isArrayAttr":{"Subfeatures":1}},{"attributes":["Start","End","Strand","Gap","Id","Score","Seq_id","Source","Target","Type"],"isArrayAttr":{}},{"attributes":["Start","End","Chunk"],"isArrayAttr":{"Sublist":1}}],"count":16,"lazyClass":2,"maxEnd":1758,"minStart":0,"nclist":[[0,0,429,-1,"NODE_6977_length_3235_cov_3.583977:hit:7951:3.2.0.0","TRINITY_DN5299_c0_g1_i1",48,"NODE_6977_length_3235_cov_3.583977","blastn",[[1,381,429,-1,"M48","NODE_6977_length_3235_cov_3.583977:hsp:24219:3.2.0.0",48,"NODE_6977_length_3235_cov_3.583977","blastn","TRINITY_DN5299_c0_g1_i1 1 48 +","match_part"],[1,255,304,-1,"M49","NODE_6977_length_3235_cov_3.583977:hsp:24220:3.2.0.0",43,"NODE_6977_length_3235_cov_3.583977","blastn","TRINITY_DN5299_c0_g1_i1 53 101 +","match_part"],[1,0,131,-1,"M131","NODE_6977_length_3235_cov_3.583977:hsp:24221:3.2.0.0",71,"NODE_6977_length_3235_cov_3.583977","blastn","TRINITY_DN5299_c0_g1_i1 143 273 +","match_part"]],"339","expressed_sequence_match"],[0,259,1658,1,"NODE_6977_length_3235_cov_3.583977:hit:7955:3.2.0.0","TRINITY_DN1908_c0_g1_i5",51,"NODE_6977_length_3235_cov_3.583977","blastn",[[1,259,310,1,"M51","NODE_6977_length_3235_cov_3.583977:hsp:24229:3.2.0.0",51,"NODE_6977_length_3235_cov_3.583977","blastn","TRINITY_DN1908_c0_g1_i5 1 51 +","match_part"],[1,381,560,1,"M179","NODE_6977_length_3235_cov_3.583977:hsp:24230:3.2.0.0",113,"NODE_6977_length_3235_cov_3.583977","blastn","TRINITY_DN1908_c0_g1_i5 50 228 +","match_part"],[1,659,981,1,"M322","NODE_6977_length_3235_cov_3.583977:hsp:24231:3.2.0.0",124,"NODE_6977_length_3235_cov_3.583977","blastn","TRINITY_DN1908_c0_g1_i5 233 554 +","match_part"],[1,1089,1512,1,"M346 I1 M77","NODE_6977_length_3235_cov_3.583977:hsp:24232:3.2.0.0",329,"NODE_6977_length_3235_cov_3.583977","blastn","TRINITY_DN1908_c0_g1_i5 657 1080 +","match_part"],[1,1491,1658,1,"M90 I1 M77","NODE_6977_length_3235_cov_3.583977:hsp:24233:3.2.0.0",133,"NODE_6977_length_3235_cov_3.583977","blastn","TRINITY_DN1908_c0_g1_i5 1108 1275 +","match_part"],[1,1511,1658,1,"M70 I1 M77","NODE_6977_length_3235_cov_3.583977:hsp:24234:3.2.0.0",113,"NODE_6977_length_3235_cov_3.583977","blastn","TRINITY_DN1908_c0_g1_i5 1279 1426 +","match_part"]],"1430","expressed_sequence_match",{"Sublist":[[0,259,981,-1,"NODE_6977_length_3235_cov_3.583977:hit:7953:3.2.0.0","TRINITY_DN11888_c0_g1_i1",164,"NODE_6977_length_3235_cov_3.583977","blastn",[[1,667,981,-1,"M314","NODE_6977_length_3235_cov_3.583977:hsp:24224:3.2.0.0",164,"NODE_6977_length_3235_cov_3.583977","blastn","TRINITY_DN11888_c0_g1_i1 1 314 +","match_part"],[1,381,560,-1,"M179","NODE_6977_length_3235_cov_3.583977:hsp:24225:3.2.0.0",65,"NODE_6977_length_3235_cov_3.583977","blastn","TRINITY_DN11888_c0_g1_i1 327 505 +","match_part"],[1,259,310,-1,"M51","NODE_6977_length_3235_cov_3.583977:hsp:24226:3.2.0.0",51,"NODE_6977_length_3235_cov_3.583977","blastn","TRINITY_DN11888_c0_g1_i1 504 554 +","match_part"]],"554","expressed_sequence_match",{"Sublist":[[0,259,474,-1,"NODE_6977_length_3235_cov_3.583977:hit:7952:3.2.0.0","TRINITY_DN11888_c0_g1_i5",63,"NODE_6977_length_3235_cov_3.583977","blastn",[[1,381,474,-1,"M93","NODE_6977_length_3235_cov_3.583977:hsp:24222:3.2.0.0",63,"NODE_6977_length_3235_cov_3.583977","blastn","TRINITY_DN11888_c0_g1_i5 132 224 +","match_part"],[1,259,310,-1,"M51","NODE_6977_length_3235_cov_3.583977:hsp:24223:3.2.0.0",51,"NODE_6977_length_3235_cov_3.583977","blastn","TRINITY_DN11888_c0_g1_i5 223 273 +","match_part"]],"273","expressed_sequence_match"],[0,259,474,-1,"NODE_6977_length_3235_cov_3.583977:hit:7954:3.2.0.0","TRINITY_DN11888_c0_g1_i3",63,"NODE_6977_length_3235_cov_3.583977","blastn",[[1,381,474,-1,"M93","NODE_6977_length_3235_cov_3.583977:hsp:24227:3.2.0.0",63,"NODE_6977_length_3235_cov_3.583977","blastn","TRINITY_DN11888_c0_g1_i3 129 221 +","match_part"],[1,259,310,-1,"M51","NODE_6977_length_3235_cov_3.583977:hsp:24228:3.2.0.0",51,"NODE_6977_length_3235_cov_3.583977","blastn","TRINITY_DN11888_c0_g1_i3 220 270 +","match_part"]],"270","expressed_sequence_match",{"Sublist":[[0,259,462,-1,"NODE_6977_length_3235_cov_3.583977:hit:7956:3.2.0.0","TRINITY_DN11888_c0_g1_i4",57,"NODE_6977_length_3235_cov_3.583977","blastn",[[1,381,462,-1,"M81","NODE_6977_length_3235_cov_3.583977:hsp:24235:3.2.0.0",57,"NODE_6977_length_3235_cov_3.583977","blastn","TRINITY_DN11888_c0_g1_i4 141 221 +","match_part"],[1,259,310,-1,"M51","NODE_6977_length_3235_cov_3.583977:hsp:24236:3.2.0.0",51,"NODE_6977_length_3235_cov_3.583977","blastn","TRINITY_DN11888_c0_g1_i4 220 270 +","match_part"]],"270","expressed_sequence_match"]]}]]}],[0,381,981,-1,"NODE_6977_length_3235_cov_3.583977:hit:7957:3.2.0.0","TRINITY_DN11888_c0_g1_i2",164,"NODE_6977_length_3235_cov_3.583977","blastn",[[1,667,981,-1,"M314","NODE_6977_length_3235_cov_3.583977:hsp:24237:3.2.0.0",164,"NODE_6977_length_3235_cov_3.583977","blastn","TRINITY_DN11888_c0_g1_i2 1 314 +","match_part"],[1,381,560,-1,"M179","NODE_6977_length_3235_cov_3.583977:hsp:24238:3.2.0.0",95,"NODE_6977_length_3235_cov_3.583977","blastn","TRINITY_DN11888_c0_g1_i2 327 505 +","match_part"]],"618","expressed_sequence_match",{"Sublist":[[0,656,847,-1,"NODE_6977_length_3235_cov_3.583977:hit:7958:3.2.0.0","TRINITY_DN6679_c0_g1_i4",179,"NODE_6977_length_3235_cov_3.583977","blastn",[[1,656,847,-1,"M191","NODE_6977_length_3235_cov_3.583977:hsp:24239:3.2.0.0",179,"NODE_6977_length_3235_cov_3.583977","blastn","TRINITY_DN6679_c0_g1_i4 1 191 +","match_part"]],"267","expressed_sequence_match"]]}],[0,691,981,-1,"NODE_6977_length_3235_cov_3.583977:hit:7959:3.2.0.0","TRINITY_DN11888_c0_g1_i7",164,"NODE_6977_length_3235_cov_3.583977","blastn",[[1,691,981,-1,"M290","NODE_6977_length_3235_cov_3.583977:hsp:24240:3.2.0.0",164,"NODE_6977_length_3235_cov_3.583977","blastn","TRINITY_DN11888_c0_g1_i7 1 290 +","match_part"]],"415","expressed_sequence_match"],[0,691,981,-1,"NODE_6977_length_3235_cov_3.583977:hit:7960:3.2.0.0","TRINITY_DN11888_c0_g1_i8",194,"NODE_6977_length_3235_cov_3.583977","blastn",[[1,691,981,-1,"M290","NODE_6977_length_3235_cov_3.583977:hsp:24241:3.2.0.0",194,"NODE_6977_length_3235_cov_3.583977","blastn","TRINITY_DN11888_c0_g1_i8 1 290 +","match_part"]],"415","expressed_sequence_match"],[0,908,1311,-1,"NODE_6977_length_3235_cov_3.583977:hit:7961:3.2.0.0","TRINITY_DN6679_c0_g1_i2",313,"NODE_6977_length_3235_cov_3.583977","blastn",[[1,908,1311,-1,"M403","NODE_6977_length_3235_cov_3.583977:hsp:24242:3.2.0.0",313,"NODE_6977_length_3235_cov_3.583977","blastn","TRINITY_DN6679_c0_g1_i2 310 712 +","match_part"]],"712","expressed_sequence_match"],[0,1116,1362,-1,"NODE_6977_length_3235_cov_3.583977:hit:7962:3.2.0.0","TRINITY_DN8722_c0_g1_i1",144,"NODE_6977_length_3235_cov_3.583977","blastn",[[1,1116,1362,-1,"M246","NODE_6977_length_3235_cov_3.583977:hsp:24243:3.2.0.0",144,"NODE_6977_length_3235_cov_3.583977","blastn","TRINITY_DN8722_c0_g1_i1 46 291 +","match_part"]],"291","expressed_sequence_match"]]}],[0,1491,1758,-1,"NODE_6977_length_3235_cov_3.583977:hit:7963:3.2.0.0","TRINITY_DN7217_c1_g1_i5",215,"NODE_6977_length_3235_cov_3.583977","blastn",[[1,1491,1758,-1,"M170 I1 M97","NODE_6977_length_3235_cov_3.583977:hsp:24244:3.2.0.0",215,"NODE_6977_length_3235_cov_3.583977","blastn","TRINITY_DN7217_c1_g1_i5 7 274 +","match_part"]],"294","expressed_sequence_match"],[0,1491,1758,-1,"NODE_6977_length_3235_cov_3.583977:hit:7965:3.2.0.0","TRINITY_DN7217_c1_g1_i3",204,"NODE_6977_length_3235_cov_3.583977","blastn",[[1,1491,1758,-1,"M169 I2 M98","NODE_6977_length_3235_cov_3.583977:hsp:24246:3.2.0.0",204,"NODE_6977_length_3235_cov_3.583977","blastn","TRINITY_DN7217_c1_g1_i3 7 275 +","match_part"]],