{"featureCount":2,"formatVersion":1,"histograms":{"meta":[{"arrayParams":{"chunkSize":10000,"length":1,"urlTemplate":"hist-10000-{Chunk}.json"},"basesPerBin":"10000"}],"stats":[{"basesPerBin":"10000","max":2,"mean":2}]},"intervals":{"classes":[{"attributes":["Start","End","Strand","Id","Name","Score","Seq_id","Source","Subfeatures","Target_length","Type"],"isArrayAttr":{"Subfeatures":1}},{"attributes":["Start","End","Strand","Gap","Id","Score","Seq_id","Source","Target","Type"],"isArrayAttr":{}},{"attributes":["Start","End","Chunk"],"isArrayAttr":{"Sublist":1}}],"count":2,"lazyClass":2,"maxEnd":4621,"minStart":3354,"nclist":[[0,3354,4621,-1,"NODE_5276_length_4811_cov_2.760034:hit:13914:3.2.0.0","TRINITY_DN8229_c0_g1_i1",509,"NODE_5276_length_4811_cov_2.760034","blastn",[[1,4088,4621,-1,"M533","NODE_5276_length_4811_cov_2.760034:hsp:48123:3.2.0.0",509,"NODE_5276_length_4811_cov_2.760034","blastn","TRINITY_DN8229_c0_g1_i1 1 533 +","match_part"],[1,3354,4015,-1,"M661","NODE_5276_length_4811_cov_2.760034:hsp:48124:3.2.0.0",661,"NODE_5276_length_4811_cov_2.760034","blastn","TRINITY_DN8229_c0_g1_i1 533 1193 +","match_part"]],"1200","expressed_sequence_match"],[0,3354,4621,-1,"NODE_5276_length_4811_cov_2.760034:hit:13915:3.2.0.0","TRINITY_DN8229_c0_g1_i2",509,"NODE_5276_length_4811_cov_2.760034","blastn",[[1,4088,4621,-1,"M533","NODE_5276_length_4811_cov_2.760034:hsp:48125:3.2.0.0",509,"NODE_5276_length_4811_cov_2.760034","blastn","TRINITY_DN8229_c0_g1_i2 1 533 +","match_part"],[1,3808,4015,-1,"M207","NODE_5276_length_4811_cov_2.760034:hsp:48126:3.2.0.0",207,"NODE_5276_length_4811_cov_2.760034","blastn","TRINITY_DN8229_c0_g1_i2 533 739 +","match_part"],[1,3354,3724,-1,"M370","NODE_5276_length_4811_cov_2.760034:hsp:48127:3.2.0.0",370,"NODE_5276_length_4811_cov_2.760034","blastn","TRINITY_DN8229_c0_g1_i2 739 1108 +","match_part"]],"1115","expressed_sequence_match"]],"urlTemplate":"lf-{Chunk}.json"}}