{"featureCount":5,"formatVersion":1,"histograms":{"meta":[{"arrayParams":{"chunkSize":10000,"length":2,"urlTemplate":"hist-10000-{Chunk}.json"},"basesPerBin":"10000"}],"stats":[{"basesPerBin":"10000","max":4,"mean":2.5}]},"intervals":{"classes":[{"attributes":["Start","End","Strand","Id","Name","Seq_id","Source","Subfeatures","Target_length","Type"],"isArrayAttr":{"Subfeatures":1}},{"attributes":["Start","End","Strand","Gap","Id","Seq_id","Source","Target","Type"],"isArrayAttr":{}},{"attributes":["Start","End","Strand","Id","Seq_id","Source","Target","Type"],"isArrayAttr":{}},{"attributes":["Start","End","Chunk"],"isArrayAttr":{"Sublist":1}}],"count":5,"lazyClass":3,"maxEnd":18380,"minStart":1861,"nclist":[[0,1861,4452,-1,"NODE_940_length_18792_cov_9.196357:hit:79788:4.5.0.0","genemark-NODE_940_length_18792_cov_9.196357-abinit-gene-0.44-mRNA-1","NODE_940_length_18792_cov_9.196357","genemark",[[1,4332,4452,-1,"M120","NODE_940_length_18792_cov_9.196357:hsp:410317:4.5.0.0","NODE_940_length_18792_cov_9.196357","genemark","genemark-NODE_940_length_18792_cov_9.196357-abinit-gene-0.44-mRNA-1 1099 1218 +","match_part"],[1,4136,4271,-1,"M135","NODE_940_length_18792_cov_9.196357:hsp:410318:4.5.0.0","NODE_940_length_18792_cov_9.196357","genemark","genemark-NODE_940_length_18792_cov_9.196357-abinit-gene-0.44-mRNA-1 964 1098 +","match_part"],[1,3984,4060,-1,"M76","NODE_940_length_18792_cov_9.196357:hsp:410319:4.5.0.0","NODE_940_length_18792_cov_9.196357","genemark","genemark-NODE_940_length_18792_cov_9.196357-abinit-gene-0.44-mRNA-1 888 963 +","match_part"],[1,3805,3889,-1,"M84","NODE_940_length_18792_cov_9.196357:hsp:410320:4.5.0.0","NODE_940_length_18792_cov_9.196357","genemark","genemark-NODE_940_length_18792_cov_9.196357-abinit-gene-0.44-mRNA-1 804 887 +","match_part"],[1,3621,3728,-1,"M107","NODE_940_length_18792_cov_9.196357:hsp:410321:4.5.0.0","NODE_940_length_18792_cov_9.196357","genemark","genemark-NODE_940_length_18792_cov_9.196357-abinit-gene-0.44-mRNA-1 697 803 +","match_part"],[1,2978,3019,-1,"M41","NODE_940_length_18792_cov_9.196357:hsp:410322:4.5.0.0","NODE_940_length_18792_cov_9.196357","genemark","genemark-NODE_940_length_18792_cov_9.196357-abinit-gene-0.44-mRNA-1 656 696 +","match_part"],[1,2708,2886,-1,"M178","NODE_940_length_18792_cov_9.196357:hsp:410323:4.5.0.0","NODE_940_length_18792_cov_9.196357","genemark","genemark-NODE_940_length_18792_cov_9.196357-abinit-gene-0.44-mRNA-1 478 655 +","match_part"],[1,2573,2603,-1,"M30","NODE_940_length_18792_cov_9.196357:hsp:410324:4.5.0.0","NODE_940_length_18792_cov_9.196357","genemark","genemark-NODE_940_length_18792_cov_9.196357-abinit-gene-0.44-mRNA-1 448 477 +","match_part"],[1,2259,2473,-1,"M214","NODE_940_length_18792_cov_9.196357:hsp:410325:4.5.0.0","NODE_940_length_18792_cov_9.196357","genemark","genemark-NODE_940_length_18792_cov_9.196357-abinit-gene-0.44-mRNA-1 234 447 +","match_part"],[1,2091,2183,-1,"M92","NODE_940_length_18792_cov_9.196357:hsp:410326:4.5.0.0","NODE_940_length_18792_cov_9.196357","genemark","genemark-NODE_940_length_18792_cov_9.196357-abinit-gene-0.44-mRNA-1 142 233 +","match_part"],[1,1861,2002,-1,"M141","NODE_940_length_18792_cov_9.196357:hsp:410327:4.5.0.0","NODE_940_length_18792_cov_9.196357","genemark","genemark-NODE_940_length_18792_cov_9.196357-abinit-gene-0.44-mRNA-1 1 141 +","match_part"]],"18792","match"],[0,4486,4997,-1,"NODE_940_length_18792_cov_9.196357:hit:79793:4.5.0.0","genemark-NODE_940_length_18792_cov_9.196357-abinit-gene-0.45-mRNA-1","NODE_940_length_18792_cov_9.196357","genemark",[[1,4949,4997,-1,"M48","NODE_940_length_18792_cov_9.196357:hsp:410343:4.5.0.0","NODE_940_length_18792_cov_9.196357","genemark","genemark-NODE_940_length_18792_cov_9.196357-abinit-gene-0.45-mRNA-1 352 399 +","match_part"],[1,4486,4837,-1,"M351","NODE_940_length_18792_cov_9.196357:hsp:410344:4.5.0.0","NODE_940_length_18792_cov_9.196357","genemark","genemark-NODE_940_length_18792_cov_9.196357-abinit-gene-0.45-mRNA-1 1 351 +","match_part"]],"18792","match"],[0,5110,6079,1,"NODE_940_length_18792_cov_9.196357:hit:79796:4.5.0.0","genemark-NODE_940_length_18792_cov_9.196357-abinit-gene-0.43-mRNA-1","NODE_940_length_18792_cov_9.196357","genemark",[[1,5110,5177,1,"M67","NODE_940_length_18792_cov_9.196357:hsp:410349:4.5.0.0","NODE_940_length_18792_cov_9.196357","genemark","genemark-NODE_940_length_18792_cov_9.196357-abinit-gene-0.43-mRNA-1 1 67 +","match_part"],[1,5224,5442,1,"M218","NODE_940_length_18792_cov_9.196357:hsp:410350:4.5.0.0","NODE_940_length_18792_cov_9.196357","genemark","genemark-NODE_940_length_18792_cov_9.196357-abinit-gene-0.43-mRNA-1 68 285 +","match_part"],[1,5511,5638,1,"M127","NODE_940_length_18792_cov_9.196357:hsp:410351:4.5.0.0","NODE_940_length_18792_cov_9.196357","genemark","genemark-NODE_940_length_18792_cov_9.196357-abinit-gene-0.43-mRNA-1 286 412 +","match_part"],[1,5769,5837,1,"M68","NODE_940_length_18792_cov_9.196357:hsp:410352:4.5.0.0","NODE_940_length_18792_cov_9.196357","genemark","genemark-NODE_940_length_18792_cov_9.196357-abinit-gene-0.43-mRNA-1 413 480 +","match_part"],[1,5896,5945,1,"M49","NODE_940_length_18792_cov_9.196357:hsp:410353:4.5.0.0","NODE_940_length_18792_cov_9.196357","genemark","genemark-NODE_940_length_18792_cov_9.196357-abinit-gene-0.43-mRNA-1 481 529 +","match_part"],[1,6038,6079,1,"M41","NODE_940_length_18792_cov_9.196357:hsp:410354:4.5.0.0","NODE_940_length_18792_cov_9.196357","genemark","genemark-NODE_940_length_18792_cov_9.196357-abinit-gene-0.43-mRNA-1 530 570 +","match_part"]],"18792","match"],[0,6980,8942,-1,"NODE_940_length_18792_cov_9.196357:hit:79800:4.5.0.0","genemark-NODE_940_length_18792_cov_9.196357-abinit-gene-0.46-mRNA-1","NODE_940_length_18792_cov_9.196357","genemark",[[1,8716,8942,-1,"M226","NODE_940_length_18792_cov_9.196357:hsp:410362:4.5.0.0","NODE_940_length_18792_cov_9.196357","genemark","genemark-NODE_940_length_18792_cov_9.196357-abinit-gene-0.46-mRNA-1 1026 1251 +","match_part"],[1,8043,8261,-1,"M218","NODE_940_length_18792_cov_9.196357:hsp:410363:4.5.0.0","NODE_940_length_18792_cov_9.196357","genemark","genemark-NODE_940_length_18792_cov_9.196357-abinit-gene-0.46-mRNA-1 808 1025 +","match_part"],[1,7866,7955,-1,"M89","NODE_940_length_18792_cov_9.196357:hsp:410364:4.5.0.0","NODE_940_length_18792_cov_9.196357","genemark","genemark-NODE_940_length_18792_cov_9.196357-abinit-gene-0.46-mRNA-1 719 807 +","match_part"],[1,7336,7809,-1,"M473","NODE_940_length_18792_cov_9.196357:hsp:410365:4.5.0.0","NODE_940_length_18792_cov_9.196357","genemark","genemark-NODE_940_length_18792_cov_9.196357-abinit-gene-0.46-mRNA-1 246 718 +","match_part"],[1,6980,7225,-1,"M245","NODE_940_length_18792_cov_9.196357:hsp:410366:4.5.0.0","NODE_940_length_18792_cov_9.196357","genemark","genemark-NODE_940_length_18792_cov_9.196357-abinit-gene-0.46-mRNA-1 1 245 +","match_part"]],"18792","match"],[0,16850,18380,-1,"NODE_940_length_18792_cov_9.196357:hit:79804:4.5.0.0","genemark-NODE_940_length_18792_cov_9.196357-abinit-gene-0.47-mRNA-1","NODE_940_length_18792_cov_9.196357","genemark",[[1,16850,18380,-1,"M1530","NODE_940_length_18792_cov_9.196357:hsp:410374:4.5.0.0","NODE_940_length_18792_cov_9.196357","genemark","genemark-NODE_940_length_18792_cov_9.196357-abinit-gene-0.47-mRNA-1 1 1530 +","match_part"]],"18792","match"]],"urlTemplate":"lf-{Chunk}.json"}}