{"featureCount":8,"formatVersion":1,"histograms":{"meta":[{"arrayParams":{"chunkSize":10000,"length":4,"urlTemplate":"hist-2000-{Chunk}.json"},"basesPerBin":"2000"}],"stats":[{"basesPerBin":"2000","max":7,"mean":3.5}]},"intervals":{"classes":[{"attributes":["Start","End","Strand","Aligned_coverage","Aligned_identity","Id","Name","Score","Seq_id","Source","Subfeatures","Target_length","Type"],"isArrayAttr":{"Subfeatures":1}},{"attributes":["Start","End","Strand","Gap","Id","Score","Seq_id","Source","Target","Type"],"isArrayAttr":{}},{"attributes":["Start","End","Chunk"],"isArrayAttr":{"Sublist":1}}],"count":8,"lazyClass":2,"maxEnd":6304,"minStart":36,"nclist":[[0,36,821,1,"100","95.7","NODE_3966_length_6308_cov_7.074745:hit:40434:3.2.0.0","TRINITY_DN3233_c0_g1_i8",2866,"NODE_3966_length_6308_cov_7.074745","est2genome",[[1,36,119,1,"M83","NODE_3966_length_6308_cov_7.074745:hsp:163399:3.2.0.0",2866,"NODE_3966_length_6308_cov_7.074745","est2genome","TRINITY_DN3233_c0_g1_i8 549 631 -","match_part"],[1,196,729,1,"M17 D1 M421 D1 M93","NODE_3966_length_6308_cov_7.074745:hsp:163400:3.2.0.0",2866,"NODE_3966_length_6308_cov_7.074745","est2genome","TRINITY_DN3233_c0_g1_i8 18 548 -","match_part"],[1,804,821,1,"M17","NODE_3966_length_6308_cov_7.074745:hsp:163401:3.2.0.0",2866,"NODE_3966_length_6308_cov_7.074745","est2genome","TRINITY_DN3233_c0_g1_i8 1 17 -","match_part"]],"631","expressed_sequence_match"],[0,36,821,1,"100","97","NODE_3966_length_6308_cov_7.074745:hit:40435:3.2.0.0","TRINITY_DN3233_c0_g1_i16",2938,"NODE_3966_length_6308_cov_7.074745","est2genome",[[1,36,119,1,"M83","NODE_3966_length_6308_cov_7.074745:hsp:163402:3.2.0.0",2938,"NODE_3966_length_6308_cov_7.074745","est2genome","TRINITY_DN3233_c0_g1_i16 547 629 -","match_part"],[1,196,729,1,"M17 D1 M220 D3 M292","NODE_3966_length_6308_cov_7.074745:hsp:163403:3.2.0.0",2938,"NODE_3966_length_6308_cov_7.074745","est2genome","TRINITY_DN3233_c0_g1_i16 18 546 -","match_part"],[1,804,821,1,"M17","NODE_3966_length_6308_cov_7.074745:hsp:163404:3.2.0.0",2938,"NODE_3966_length_6308_cov_7.074745","est2genome","TRINITY_DN3233_c0_g1_i16 1 17 -","match_part"]],"629","expressed_sequence_match"],[0,1097,1305,1,"100","96.6","NODE_3966_length_6308_cov_7.074745:hit:40436:3.2.0.0","TRINITY_DN27901_c0_g1_i1",977,"NODE_3966_length_6308_cov_7.074745","est2genome",[[1,1097,1305,1,"M208","NODE_3966_length_6308_cov_7.074745:hsp:163405:3.2.0.0",977,"NODE_3966_length_6308_cov_7.074745","est2genome","TRINITY_DN27901_c0_g1_i1 1 208 -","match_part"]],"208","expressed_sequence_match"],[0,1340,4070,1,"99.21","98.1","NODE_3966_length_6308_cov_7.074745:hit:40437:3.2.0.0","TRINITY_DN1398_c1_g2_i1",12658,"NODE_3966_length_6308_cov_7.074745","est2genome",[[1,1340,1394,1,"M7 D1 M18 I1 M5 I2 M5 I1 M7 I1 M11","NODE_3966_length_6308_cov_7.074745:hsp:163406:3.2.0.0",12658,"NODE_3966_length_6308_cov_7.074745","est2genome","TRINITY_DN1398_c1_g2_i1 21 78 +","match_part"],[1,1418,2995,1,"M109 D1 M21 D4 M1442","NODE_3966_length_6308_cov_7.074745:hsp:163407:3.2.0.0",12658,"NODE_3966_length_6308_cov_7.074745","est2genome","TRINITY_DN1398_c1_g2_i1 79 1650 +","match_part"],[1,3062,4070,1,"M834 D4 M46 D1 M46 D3 M74","NODE_3966_length_6308_cov_7.074745:hsp:163408:3.2.0.0",12658,"NODE_3966_length_6308_cov_7.074745","est2genome","TRINITY_DN1398_c1_g2_i1 1651 2650 +","match_part"]],"2651","expressed_sequence_match"],[0,1340,4070,1,"99.21","98.2","NODE_3966_length_6308_cov_7.074745:hit:40438:3.2.0.0","TRINITY_DN1398_c1_g2_i2",12693,"NODE_3966_length_6308_cov_7.074745","est2genome",[[1,1340,1394,1,"M7 D1 M18 I1 M5 I2 M5 I1 M7 I1 M11","NODE_3966_length_6308_cov_7.074745:hsp:163409:3.2.0.0",12693,"NODE_3966_length_6308_cov_7.074745","est2genome","TRINITY_DN1398_c1_g2_i2 21 78 +","match_part"],[1,1418,2995,1,"M109 D1 M21 D4 M1442","NODE_3966_length_6308_cov_7.074745:hsp:163410:3.2.0.0",12693,"NODE_3966_length_6308_cov_7.074745","est2genome","TRINITY_DN1398_c1_g2_i2 79 1650 +","match_part"],[1,3062,4070,1,"M834 D4 M46 D1 M123","NODE_3966_length_6308_cov_7.074745:hsp:163411:3.2.0.0",12693,"NODE_3966_length_6308_cov_7.074745","est2genome","TRINITY_DN1398_c1_g2_i2 1651 2653 +","match_part"]],"2654","expressed_sequence_match",{"Sublist":[[0,1456,1760,1,"100","99","NODE_3966_length_6308_cov_7.074745:hit:40439:3.2.0.0","TRINITY_DN6551_c0_g1_i1",1493,"NODE_3966_length_6308_cov_7.074745","est2genome",[[1,1456,1760,1,"M304","NODE_3966_length_6308_cov_7.074745:hsp:163412:3.2.0.0",1493,"NODE_3966_length_6308_cov_7.074745","est2genome","TRINITY_DN6551_c0_g1_i1 1 304 +","match_part"]],"304","expressed_sequence_match"],[0,1926,2156,1,"100","97.8","NODE_3966_length_6308_cov_7.074745:hit:40440:3.2.0.0","TRINITY_DN12545_c0_g1_i1",1105,"NODE_3966_length_6308_cov_7.074745","est2genome",[[1,1926,2156,1,"M230","NODE_3966_length_6308_cov_7.074745:hsp:163413:3.2.0.0",1105,"NODE_3966_length_6308_cov_7.074745","est2genome","TRINITY_DN12545_c0_g1_i1 1 230 +","match_part"]],"230","expressed_sequence_match"]]}],[0,5837,6304,1,"80.14","92.1","NODE_3966_length_6308_cov_7.074745:hit:40441:3.2.0.0","TRINITY_DN4814_c0_g1_i5",1962,"NODE_3966_length_6308_cov_7.074745","est2genome",[[1,5837,6304,1,"M12 D1 M31 I2 M10 D7 M361 D1 M44","NODE_3966_length_6308_cov_7.074745:hsp:163414:3.2.0.0",1962,"NODE_3966_length_6308_cov_7.074745","est2genome","TRINITY_DN4814_c0_g1_i5 115 574 -","match_part"]],"574","expressed_sequence_match"]],"urlTemplate":"lf-{Chunk}.json"}}