{"featureCount":5,"formatVersion":1,"histograms":{"meta":[{"arrayParams":{"chunkSize":10000,"length":2,"urlTemplate":"hist-10000-{Chunk}.json"},"basesPerBin":"10000"}],"stats":[{"basesPerBin":"10000","max":3,"mean":3}]},"intervals":{"classes":[{"attributes":["Start","End","Strand","Id","Name","Score","Seq_id","Source","Subfeatures","Target_length","Type"],"isArrayAttr":{"Subfeatures":1}},{"attributes":["Start","End","Strand","Gap","Id","Score","Seq_id","Source","Target","Type"],"isArrayAttr":{}},{"attributes":["Start","End","Chunk"],"isArrayAttr":{"Sublist":1}}],"count":5,"lazyClass":2,"maxEnd":15579,"minStart":1402,"nclist":[[0,1402,2912,1,"NODE_1197_length_16215_cov_10.350758:hit:92359:4.5.0.0","augustus-NODE_1197_length_16215_cov_10.350758-abinit-gene-0.33-mRNA-1",0.38,"NODE_1197_length_16215_cov_10.350758","augustus",[[1,1402,1427,1,"M25","NODE_1197_length_16215_cov_10.350758:hsp:469066:4.5.0.0",0.38,"NODE_1197_length_16215_cov_10.350758","augustus","augustus-NODE_1197_length_16215_cov_10.350758-abinit-gene-0.33-mRNA-1 1 25 +","match_part"],[1,1495,2087,1,"M592","NODE_1197_length_16215_cov_10.350758:hsp:469067:4.5.0.0",0.38,"NODE_1197_length_16215_cov_10.350758","augustus","augustus-NODE_1197_length_16215_cov_10.350758-abinit-gene-0.33-mRNA-1 26 617 +","match_part"],[1,2158,2243,1,"M85","NODE_1197_length_16215_cov_10.350758:hsp:469068:4.5.0.0",0.38,"NODE_1197_length_16215_cov_10.350758","augustus","augustus-NODE_1197_length_16215_cov_10.350758-abinit-gene-0.33-mRNA-1 618 702 +","match_part"],[1,2331,2447,1,"M116","NODE_1197_length_16215_cov_10.350758:hsp:469069:4.5.0.0",0.38,"NODE_1197_length_16215_cov_10.350758","augustus","augustus-NODE_1197_length_16215_cov_10.350758-abinit-gene-0.33-mRNA-1 703 818 +","match_part"],[1,2542,2613,1,"M71","NODE_1197_length_16215_cov_10.350758:hsp:469070:4.5.0.0",0.38,"NODE_1197_length_16215_cov_10.350758","augustus","augustus-NODE_1197_length_16215_cov_10.350758-abinit-gene-0.33-mRNA-1 819 889 +","match_part"],[1,2685,2912,1,"M227","NODE_1197_length_16215_cov_10.350758:hsp:469071:4.5.0.0",0.38,"NODE_1197_length_16215_cov_10.350758","augustus","augustus-NODE_1197_length_16215_cov_10.350758-abinit-gene-0.33-mRNA-1 890 1116 +","match_part"]],"16215","match"],[0,4376,6369,1,"NODE_1197_length_16215_cov_10.350758:hit:92364:4.5.0.0","augustus-NODE_1197_length_16215_cov_10.350758-abinit-gene-0.34-mRNA-1",0.8,"NODE_1197_length_16215_cov_10.350758","augustus",[[1,4376,4685,1,"M309","NODE_1197_length_16215_cov_10.350758:hsp:469093:4.5.0.0",0.8,"NODE_1197_length_16215_cov_10.350758","augustus","augustus-NODE_1197_length_16215_cov_10.350758-abinit-gene-0.34-mRNA-1 1 309 +","match_part"],[1,4761,4908,1,"M147","NODE_1197_length_16215_cov_10.350758:hsp:469094:4.5.0.0",0.8,"NODE_1197_length_16215_cov_10.350758","augustus","augustus-NODE_1197_length_16215_cov_10.350758-abinit-gene-0.34-mRNA-1 310 456 +","match_part"],[1,4999,5129,1,"M130","NODE_1197_length_16215_cov_10.350758:hsp:469095:4.5.0.0",0.8,"NODE_1197_length_16215_cov_10.350758","augustus","augustus-NODE_1197_length_16215_cov_10.350758-abinit-gene-0.34-mRNA-1 457 586 +","match_part"],[1,5212,5496,1,"M284","NODE_1197_length_16215_cov_10.350758:hsp:469096:4.5.0.0",0.8,"NODE_1197_length_16215_cov_10.350758","augustus","augustus-NODE_1197_length_16215_cov_10.350758-abinit-gene-0.34-mRNA-1 587 870 +","match_part"],[1,5601,6369,1,"M768","NODE_1197_length_16215_cov_10.350758:hsp:469097:4.5.0.0",0.8,"NODE_1197_length_16215_cov_10.350758","augustus","augustus-NODE_1197_length_16215_cov_10.350758-abinit-gene-0.34-mRNA-1 871 1638 +","match_part"]],"16215","match"],[0,8608,10108,1,"NODE_1197_length_16215_cov_10.350758:hit:92367:4.5.0.0","augustus-NODE_1197_length_16215_cov_10.350758-abinit-gene-0.35-mRNA-1",0.15,"NODE_1197_length_16215_cov_10.350758","augustus",[[1,8608,8631,1,"M23","NODE_1197_length_16215_cov_10.350758:hsp:469108:4.5.0.0",0.15,"NODE_1197_length_16215_cov_10.350758","augustus","augustus-NODE_1197_length_16215_cov_10.350758-abinit-gene-0.35-mRNA-1 1 23 +","match_part"],[1,8704,8716,1,"M12","NODE_1197_length_16215_cov_10.350758:hsp:469109:4.5.0.0",0.15,"NODE_1197_length_16215_cov_10.350758","augustus","augustus-NODE_1197_length_16215_cov_10.350758-abinit-gene-0.35-mRNA-1 24 35 +","match_part"],[1,8791,8807,1,"M16","NODE_1197_length_16215_cov_10.350758:hsp:469110:4.5.0.0",0.15,"NODE_1197_length_16215_cov_10.350758","augustus","augustus-NODE_1197_length_16215_cov_10.350758-abinit-gene-0.35-mRNA-1 36 51 +","match_part"],[1,8899,9027,1,"M128","NODE_1197_length_16215_cov_10.350758:hsp:469111:4.5.0.0",0.15,"NODE_1197_length_16215_cov_10.350758","augustus","augustus-NODE_1197_length_16215_cov_10.350758-abinit-gene-0.35-mRNA-1 52 179 +","match_part"],[1,9129,9218,1,"M89","NODE_1197_length_16215_cov_10.350758:hsp:469112:4.5.0.0",0.15,"NODE_1197_length_16215_cov_10.350758","augustus","augustus-NODE_1197_length_16215_cov_10.350758-abinit-gene-0.35-mRNA-1 180 268 +","match_part"],[1,9298,9421,1,"M123","NODE_1197_length_16215_cov_10.350758:hsp:469113:4.5.0.0",0.15,"NODE_1197_length_16215_cov_10.350758","augustus","augustus-NODE_1197_length_16215_cov_10.350758-abinit-gene-0.35-mRNA-1 269 391 +","match_part"],[1,9551,10108,1,"M557","NODE_1197_length_16215_cov_10.350758:hsp:469114:4.5.0.0",0.15,"NODE_1197_length_16215_cov_10.350758","augustus","augustus-NODE_1197_length_16215_cov_10.350758-abinit-gene-0.35-mRNA-1 392 948 +","match_part"]],"16215","match"],[0,12097,12451,1,"NODE_1197_length_16215_cov_10.350758:hit:92370:4.5.0.0","augustus-NODE_1197_length_16215_cov_10.350758-abinit-gene-0.36-mRNA-1",0.46,"NODE_1197_length_16215_cov_10.350758","augustus",[[1,12097,12451,1,"M354","NODE_1197_length_16215_cov_10.350758:hsp:469126:4.5.0.0",0.46,"NODE_1197_length_16215_cov_10.350758","augustus","augustus-NODE_1197_length_16215_cov_10.350758-abinit-gene-0.36-mRNA-1 1 354 +","match_part"]],"16215","match"],[0,12639,15579,1,"NODE_1197_length_16215_cov_10.350758:hit:92373:4.5.0.0","augustus-NODE_1197_length_16215_cov_10.350758-abinit-gene-0.37-mRNA-1",0.16,"NODE_1197_length_16215_cov_10.350758","augustus",[[1,12639,13269,1,"M630","NODE_1197_length_16215_cov_10.350758:hsp:469138:4.5.0.0",0.16,"NODE_1197_length_16215_cov_10.350758","augustus","augustus-NODE_1197_length_16215_cov_10.350758-abinit-gene-0.37-mRNA-1 1 630 +","match_part"],[1,13333,13479,1,"M146","NODE_1197_length_16215_cov_10.350758:hsp:469139:4.5.0.0",0.16,"NODE_1197_length_16215_cov_10.350758","augustus","augustus-NODE_1197_length_16215_cov_10.350758-abinit-gene-0.37-mRNA-1 631 776 +","match_part"],[1,13538,13647,1,"M109","NODE_1197_length_16215_cov_10.350758:hsp:469140:4.5.0.0",0.16,"NODE_1197_length_16215_cov_10.350758","augustus","augustus-NODE_1197_length_16215_cov_10.350758-abinit-gene-0.37-mRNA-1 777 885 +","match_part"],[1,13709,13974,1,"M265","NODE_1197_length_16215_cov_10.350758:hsp:469141:4.5.0.0",0.16,"NODE_1197_length_16215_cov_10.350758","augustus","augustus-NODE_1197_length_16215_cov_10.350758-abinit-gene-0.37-mRNA-1 886 1150 +","match_part"],[1,14041,14285,1,"M244","NODE_1197_length_16215_cov_10.350758:hsp:469142:4.5.0.0",0.16,"NODE_1197_length_16215_cov_10.350758","augustus","augustus-NODE_1197_length_16215_cov_10.350758-abinit-gene-0.37-mRNA-1 1151 1394 +","match_part"],[1,14348,14476,1,"M128","NODE_1197_length_16215_cov_10.350758:hsp:469143:4.5.0.0",0.16,"NODE_1197_length_16215_cov_10.350758","augustus","augustus-NODE_1197_length_16215_cov_10.350758-abinit-gene-0.37-mRNA-1 1395 1522 +","match_part"],[1,14541,14670,1,"M129","NODE_1197_length_16215_cov_10.350758:hsp:469144:4.5.0.0",0.16,"NODE_1197_length_16215_cov_10.350758","augustus","augustus-NODE_1197_length_16215_cov_10.350758-abinit-gene-0.37-mRNA-1 1523 1651 +","match_part"],[1,14728,15579,1,"M851","NODE_1197_length_16215_cov_10.350758:hsp:469145:4.5.0.0",0.16,"NODE_1197_length_16215_cov_10.350758","augustus","augustus-NODE_1197_length_16215_cov_10.350758-abinit-gene-0.37-mRNA-1 1652 2502 +","match_part"]],"16215","match"]],"urlTemplate":"lf-{Chunk}.json"}}