{"featureCount":3,"formatVersion":1,"histograms":{"meta":[{"arrayParams":{"chunkSize":10000,"length":1,"urlTemplate":"hist-10000-{Chunk}.json"},"basesPerBin":"10000"}],"stats":[{"basesPerBin":"10000","max":3,"mean":3}]},"intervals":{"classes":[{"attributes":["Start","End","Strand","Id","Name","Score","Seq_id","Source","Subfeatures","Target_length","Type"],"isArrayAttr":{"Subfeatures":1}},{"attributes":["Start","End","Strand","Gap","Id","Score","Seq_id","Source","Target","Type"],"isArrayAttr":{}},{"attributes":["Start","End","Chunk"],"isArrayAttr":{"Sublist":1}}],"count":3,"lazyClass":2,"maxEnd":9623,"minStart":1550,"nclist":[[0,1550,4172,-1,"NODE_2437_length_9770_cov_7.129731:hit:12421:4.5.0.0","augustus-NODE_2437_length_9770_cov_7.129731-abinit-gene-0.19-mRNA-1",0.1,"NODE_2437_length_9770_cov_7.129731","augustus",[[1,4133,4172,-1,"M39","NODE_2437_length_9770_cov_7.129731:hsp:54010:4.5.0.0",0.1,"NODE_2437_length_9770_cov_7.129731","augustus","augustus-NODE_2437_length_9770_cov_7.129731-abinit-gene-0.19-mRNA-1 1678 1716 +","match_part"],[1,3908,4040,-1,"M132","NODE_2437_length_9770_cov_7.129731:hsp:54011:4.5.0.0",0.1,"NODE_2437_length_9770_cov_7.129731","augustus","augustus-NODE_2437_length_9770_cov_7.129731-abinit-gene-0.19-mRNA-1 1546 1677 +","match_part"],[1,3614,3718,-1,"M104","NODE_2437_length_9770_cov_7.129731:hsp:54012:4.5.0.0",0.1,"NODE_2437_length_9770_cov_7.129731","augustus","augustus-NODE_2437_length_9770_cov_7.129731-abinit-gene-0.19-mRNA-1 1442 1545 +","match_part"],[1,2586,3527,-1,"M941","NODE_2437_length_9770_cov_7.129731:hsp:54013:4.5.0.0",0.1,"NODE_2437_length_9770_cov_7.129731","augustus","augustus-NODE_2437_length_9770_cov_7.129731-abinit-gene-0.19-mRNA-1 501 1441 +","match_part"],[1,2365,2464,-1,"M99","NODE_2437_length_9770_cov_7.129731:hsp:54014:4.5.0.0",0.1,"NODE_2437_length_9770_cov_7.129731","augustus","augustus-NODE_2437_length_9770_cov_7.129731-abinit-gene-0.19-mRNA-1 402 500 +","match_part"],[1,2098,2153,-1,"M55","NODE_2437_length_9770_cov_7.129731:hsp:54015:4.5.0.0",0.1,"NODE_2437_length_9770_cov_7.129731","augustus","augustus-NODE_2437_length_9770_cov_7.129731-abinit-gene-0.19-mRNA-1 347 401 +","match_part"],[1,1894,1982,-1,"M88","NODE_2437_length_9770_cov_7.129731:hsp:54016:4.5.0.0",0.1,"NODE_2437_length_9770_cov_7.129731","augustus","augustus-NODE_2437_length_9770_cov_7.129731-abinit-gene-0.19-mRNA-1 259 346 +","match_part"],[1,1550,1808,-1,"M258","NODE_2437_length_9770_cov_7.129731:hsp:54017:4.5.0.0",0.1,"NODE_2437_length_9770_cov_7.129731","augustus","augustus-NODE_2437_length_9770_cov_7.129731-abinit-gene-0.19-mRNA-1 1 258 +","match_part"]],"9770","match"],[0,4547,7522,1,"NODE_2437_length_9770_cov_7.129731:hit:12423:4.5.0.0","augustus-NODE_2437_length_9770_cov_7.129731-abinit-gene-0.18-mRNA-1",0.07,"NODE_2437_length_9770_cov_7.129731","augustus",[[1,4547,4586,1,"M39","NODE_2437_length_9770_cov_7.129731:hsp:54020:4.5.0.0",0.07,"NODE_2437_length_9770_cov_7.129731","augustus","augustus-NODE_2437_length_9770_cov_7.129731-abinit-gene-0.18-mRNA-1 1 39 +","match_part"],[1,4638,4681,1,"M43","NODE_2437_length_9770_cov_7.129731:hsp:54021:4.5.0.0",0.07,"NODE_2437_length_9770_cov_7.129731","augustus","augustus-NODE_2437_length_9770_cov_7.129731-abinit-gene-0.18-mRNA-1 40 82 +","match_part"],[1,4757,4854,1,"M97","NODE_2437_length_9770_cov_7.129731:hsp:54022:4.5.0.0",0.07,"NODE_2437_length_9770_cov_7.129731","augustus","augustus-NODE_2437_length_9770_cov_7.129731-abinit-gene-0.18-mRNA-1 83 179 +","match_part"],[1,5092,5634,1,"M542","NODE_2437_length_9770_cov_7.129731:hsp:54023:4.5.0.0",0.07,"NODE_2437_length_9770_cov_7.129731","augustus","augustus-NODE_2437_length_9770_cov_7.129731-abinit-gene-0.18-mRNA-1 180 721 +","match_part"],[1,5727,5858,1,"M131","NODE_2437_length_9770_cov_7.129731:hsp:54024:4.5.0.0",0.07,"NODE_2437_length_9770_cov_7.129731","augustus","augustus-NODE_2437_length_9770_cov_7.129731-abinit-gene-0.18-mRNA-1 722 852 +","match_part"],[1,5964,6006,1,"M42","NODE_2437_length_9770_cov_7.129731:hsp:54025:4.5.0.0",0.07,"NODE_2437_length_9770_cov_7.129731","augustus","augustus-NODE_2437_length_9770_cov_7.129731-abinit-gene-0.18-mRNA-1 853 894 +","match_part"],[1,6113,6225,1,"M112","NODE_2437_length_9770_cov_7.129731:hsp:54026:4.5.0.0",0.07,"NODE_2437_length_9770_cov_7.129731","augustus","augustus-NODE_2437_length_9770_cov_7.129731-abinit-gene-0.18-mRNA-1 895 1006 +","match_part"],[1,6306,6334,1,"M28","NODE_2437_length_9770_cov_7.129731:hsp:54027:4.5.0.0",0.07,"NODE_2437_length_9770_cov_7.129731","augustus","augustus-NODE_2437_length_9770_cov_7.129731-abinit-gene-0.18-mRNA-1 1007 1034 +","match_part"],[1,6552,6646,1,"M94","NODE_2437_length_9770_cov_7.129731:hsp:54028:4.5.0.0",0.07,"NODE_2437_length_9770_cov_7.129731","augustus","augustus-NODE_2437_length_9770_cov_7.129731-abinit-gene-0.18-mRNA-1 1035 1128 +","match_part"],[1,6754,6895,1,"M141","NODE_2437_length_9770_cov_7.129731:hsp:54029:4.5.0.0",0.07,"NODE_2437_length_9770_cov_7.129731","augustus","augustus-NODE_2437_length_9770_cov_7.129731-abinit-gene-0.18-mRNA-1 1129 1269 +","match_part"],[1,7000,7234,1,"M234","NODE_2437_length_9770_cov_7.129731:hsp:54030:4.5.0.0",0.07,"NODE_2437_length_9770_cov_7.129731","augustus","augustus-NODE_2437_length_9770_cov_7.129731-abinit-gene-0.18-mRNA-1 1270 1503 +","match_part"],[1,7309,7333,1,"M24","NODE_2437_length_9770_cov_7.129731:hsp:54031:4.5.0.0",0.07,"NODE_2437_length_9770_cov_7.129731","augustus","augustus-NODE_2437_length_9770_cov_7.129731-abinit-gene-0.18-mRNA-1 1504 1527 +","match_part"],[1,7435,7522,1,"M87","NODE_2437_length_9770_cov_7.129731:hsp:54032:4.5.0.0",0.07,"NODE_2437_length_9770_cov_7.129731","augustus","augustus-NODE_2437_length_9770_cov_7.129731-abinit-gene-0.18-mRNA-1 1528 1614 +","match_part"]],"9770","match"],[0,9380,9623,-1,"NODE_2437_length_9770_cov_7.129731:hit:12428:4.5.0.0","augustus-NODE_2437_length_9770_cov_7.129731-abinit-gene-0.20-mRNA-1",0.95,"NODE_2437_length_9770_cov_7.129731","augustus",[[1,9380,9623,-1,"M243","NODE_2437_length_9770_cov_7.129731:hsp:54050:4.5.0.0",0.95,"NODE_2437_length_9770_cov_7.129731","augustus","augustus-NODE_2437_length_9770_cov_7.129731-abinit-gene-0.20-mRNA-1 1 243 +","match_part"]],"9770","match"]],"urlTemplate":"lf-{Chunk}.json"}}