{"featureCount":1,"formatVersion":1,"histograms":{"meta":[{"arrayParams":{"chunkSize":10000,"length":1,"urlTemplate":"hist-10000-{Chunk}.json"},"basesPerBin":"10000"}],"stats":[{"basesPerBin":"10000","max":1,"mean":1}]},"intervals":{"classes":[{"attributes":["Start","End","Strand","Id","Name","Seq_id","Source","Subfeatures","Target_length","Type"],"isArrayAttr":{"Subfeatures":1}},{"attributes":["Start","End","Strand","Gap","Id","Seq_id","Source","Target","Type"],"isArrayAttr":{}},{"attributes":["Start","End","Strand","Id","Seq_id","Source","Target","Type"],"isArrayAttr":{}},{"attributes":["Start","End","Chunk"],"isArrayAttr":{"Sublist":1}}],"count":1,"lazyClass":3,"maxEnd":2513,"minStart":12,"nclist":[[0,12,2513,-1,"NODE_7507_length_2873_cov_2.156227:hit:11476:4.5.0.0","genemark-NODE_7507_length_2873_cov_2.156227-abinit-gene-0.1-mRNA-1","NODE_7507_length_2873_cov_2.156227","genemark",[[1,2431,2513,-1,"M82","NODE_7507_length_2873_cov_2.156227:hsp:34058:4.5.0.0","NODE_7507_length_2873_cov_2.156227","genemark","genemark-NODE_7507_length_2873_cov_2.156227-abinit-gene-0.1-mRNA-1 1011 1092 +","match_part"],[1,2312,2346,-1,"M34","NODE_7507_length_2873_cov_2.156227:hsp:34059:4.5.0.0","NODE_7507_length_2873_cov_2.156227","genemark","genemark-NODE_7507_length_2873_cov_2.156227-abinit-gene-0.1-mRNA-1 977 1010 +","match_part"],[1,2093,2215,-1,"M122","NODE_7507_length_2873_cov_2.156227:hsp:34060:4.5.0.0","NODE_7507_length_2873_cov_2.156227","genemark","genemark-NODE_7507_length_2873_cov_2.156227-abinit-gene-0.1-mRNA-1 855 976 +","match_part"],[1,1924,2010,-1,"M86","NODE_7507_length_2873_cov_2.156227:hsp:34061:4.5.0.0","NODE_7507_length_2873_cov_2.156227","genemark","genemark-NODE_7507_length_2873_cov_2.156227-abinit-gene-0.1-mRNA-1 769 854 +","match_part"],[1,599,928,-1,"M329","NODE_7507_length_2873_cov_2.156227:hsp:34062:4.5.0.0","NODE_7507_length_2873_cov_2.156227","genemark","genemark-NODE_7507_length_2873_cov_2.156227-abinit-gene-0.1-mRNA-1 440 768 +","match_part"],[1,444,513,-1,"M69","NODE_7507_length_2873_cov_2.156227:hsp:34063:4.5.0.0","NODE_7507_length_2873_cov_2.156227","genemark","genemark-NODE_7507_length_2873_cov_2.156227-abinit-gene-0.1-mRNA-1 371 439 +","match_part"],[1,12,382,-1,"M370","NODE_7507_length_2873_cov_2.156227:hsp:34064:4.5.0.0","NODE_7507_length_2873_cov_2.156227","genemark","genemark-NODE_7507_length_2873_cov_2.156227-abinit-gene-0.1-mRNA-1 1 370 +","match_part"]],"2873","match"]],"urlTemplate":"lf-{Chunk}.json"}}