{"featureCount":5,"formatVersion":1,"histograms":{"meta":[{"arrayParams":{"chunkSize":10000,"length":2,"urlTemplate":"hist-2000-{Chunk}.json"},"basesPerBin":"2000"}],"stats":[{"basesPerBin":"2000","max":5,"mean":5}]},"intervals":{"classes":[{"attributes":["Start","End","Strand","Aligned_coverage","Aligned_identity","Id","Name","Score","Seq_id","Source","Subfeatures","Target_length","Type"],"isArrayAttr":{"Subfeatures":1}},{"attributes":["Start","End","Strand","Gap","Id","Score","Seq_id","Source","Target","Type"],"isArrayAttr":{}},{"attributes":["Start","End","Chunk"],"isArrayAttr":{"Sublist":1}}],"count":5,"lazyClass":2,"maxEnd":2051,"minStart":766,"nclist":[[0,766,2051,-1,"100","94.3","NODE_3749_length_6591_cov_9.583540:hit:37682:3.2.0.0","TRINITY_DN1832_c0_g1_i4",4088,"NODE_3749_length_6591_cov_9.583540","est2genome",[[1,1924,2051,-1,"M127","NODE_3749_length_6591_cov_9.583540:hsp:154455:3.2.0.0",4088,"NODE_3749_length_6591_cov_9.583540","est2genome","TRINITY_DN1832_c0_g1_i4 1 127 +","match_part"],[1,1638,1818,-1,"M30 D1 M149","NODE_3749_length_6591_cov_9.583540:hsp:154456:3.2.0.0",4088,"NODE_3749_length_6591_cov_9.583540","est2genome","TRINITY_DN1832_c0_g1_i4 128 306 +","match_part"],[1,1429,1571,-1,"M142","NODE_3749_length_6591_cov_9.583540:hsp:154457:3.2.0.0",4088,"NODE_3749_length_6591_cov_9.583540","est2genome","TRINITY_DN1832_c0_g1_i4 307 448 +","match_part"],[1,1263,1325,-1,"M62","NODE_3749_length_6591_cov_9.583540:hsp:154458:3.2.0.0",4088,"NODE_3749_length_6591_cov_9.583540","est2genome","TRINITY_DN1832_c0_g1_i4 449 510 +","match_part"],[1,766,1182,-1,"M95 I4 M124 I3 M136 I4 M61","NODE_3749_length_6591_cov_9.583540:hsp:154459:3.2.0.0",4088,"NODE_3749_length_6591_cov_9.583540","est2genome","TRINITY_DN1832_c0_g1_i4 511 937 +","match_part"]],"937","expressed_sequence_match"],[0,766,2051,-1,"100","94.2","NODE_3749_length_6591_cov_9.583540:hit:37683:3.2.0.0","TRINITY_DN1832_c0_g1_i5",3984,"NODE_3749_length_6591_cov_9.583540","est2genome",[[1,1924,2051,-1,"M127","NODE_3749_length_6591_cov_9.583540:hsp:154460:3.2.0.0",3984,"NODE_3749_length_6591_cov_9.583540","est2genome","TRINITY_DN1832_c0_g1_i5 1 127 +","match_part"],[1,1638,1818,-1,"M30 D1 M149","NODE_3749_length_6591_cov_9.583540:hsp:154461:3.2.0.0",3984,"NODE_3749_length_6591_cov_9.583540","est2genome","TRINITY_DN1832_c0_g1_i5 128 306 +","match_part"],[1,1450,1571,-1,"M121","NODE_3749_length_6591_cov_9.583540:hsp:154462:3.2.0.0",3984,"NODE_3749_length_6591_cov_9.583540","est2genome","TRINITY_DN1832_c0_g1_i5 307 427 +","match_part"],[1,1263,1325,-1,"M62","NODE_3749_length_6591_cov_9.583540:hsp:154463:3.2.0.0",3984,"NODE_3749_length_6591_cov_9.583540","est2genome","TRINITY_DN1832_c0_g1_i5 428 489 +","match_part"],[1,766,1182,-1,"M95 I4 M124 I3 M136 I4 M61","NODE_3749_length_6591_cov_9.583540:hsp:154464:3.2.0.0",3984,"NODE_3749_length_6591_cov_9.583540","est2genome","TRINITY_DN1832_c0_g1_i5 490 916 +","match_part"]],"916","expressed_sequence_match"],[0,766,2051,-1,"100","94.5","NODE_3749_length_6591_cov_9.583540:hit:37684:3.2.0.0","TRINITY_DN1832_c0_g1_i1",3409,"NODE_3749_length_6591_cov_9.583540","est2genome",[[1,1924,2051,-1,"M127","NODE_3749_length_6591_cov_9.583540:hsp:154465:3.2.0.0",3409,"NODE_3749_length_6591_cov_9.583540","est2genome","TRINITY_DN1832_c0_g1_i1 1 127 +","match_part"],[1,1763,1818,-1,"M30 D1 M24","NODE_3749_length_6591_cov_9.583540:hsp:154466:3.2.0.0",3409,"NODE_3749_length_6591_cov_9.583540","est2genome","TRINITY_DN1832_c0_g1_i1 128 181 +","match_part"],[1,1450,1563,-1,"M113","NODE_3749_length_6591_cov_9.583540:hsp:154467:3.2.0.0",3409,"NODE_3749_length_6591_cov_9.583540","est2genome","TRINITY_DN1832_c0_g1_i1 182 294 +","match_part"],[1,1263,1325,-1,"M62","NODE_3749_length_6591_cov_9.583540:hsp:154468:3.2.0.0",3409,"NODE_3749_length_6591_cov_9.583540","est2genome","TRINITY_DN1832_c0_g1_i1 295 356 +","match_part"],[1,766,1182,-1,"M95 I4 M124 I3 M136 I4 M61","NODE_3749_length_6591_cov_9.583540:hsp:154469:3.2.0.0",3409,"NODE_3749_length_6591_cov_9.583540","est2genome","TRINITY_DN1832_c0_g1_i1 357 783 +","match_part"]],"783","expressed_sequence_match"],[0,766,2051,-1,"100","94.5","NODE_3749_length_6591_cov_9.583540:hit:37685:3.2.0.0","TRINITY_DN1832_c0_g1_i2",3686,"NODE_3749_length_6591_cov_9.583540","est2genome",[[1,1924,2051,-1,"M127","NODE_3749_length_6591_cov_9.583540:hsp:154470:3.2.0.0",3686,"NODE_3749_length_6591_cov_9.583540","est2genome","TRINITY_DN1832_c0_g1_i2 1 127 +","match_part"],[1,1763,1818,-1,"M30 D1 M24","NODE_3749_length_6591_cov_9.583540:hsp:154471:3.2.0.0",3686,"NODE_3749_length_6591_cov_9.583540","est2genome","TRINITY_DN1832_c0_g1_i2 128 181 +","match_part"],[1,1638,1697,-1,"M59","NODE_3749_length_6591_cov_9.583540:hsp:154472:3.2.0.0",3686,"NODE_3749_length_6591_cov_9.583540","est2genome","TRINITY_DN1832_c0_g1_i2 182 240 +","match_part"],[1,1450,1571,-1,"M121","NODE_3749_length_6591_cov_9.583540:hsp:154473:3.2.0.0",3686,"NODE_3749_length_6591_cov_9.583540","est2genome","TRINITY_DN1832_c0_g1_i2 241 361 +","match_part"],[1,1263,1325,-1,"M62","NODE_3749_length_6591_cov_9.583540:hsp:154474:3.2.0.0",3686,"NODE_3749_length_6591_cov_9.583540","est2genome","TRINITY_DN1832_c0_g1_i2 362 423 +","match_part"],[1,766,1182,-1,"M95 I4 M124 I3 M136 I4 M61","NODE_3749_length_6591_cov_9.583540:hsp:154475:3.2.0.0",3686,"NODE_3749_length_6591_cov_9.583540","est2genome","TRINITY_DN1832_c0_g1_i2 424 850 +","match_part"]],"850","expressed_sequence_match"],[0,766,2051,-1,"100","94.6","NODE_3749_length_6591_cov_9.583540:hit:37686:3.2.0.0","TRINITY_DN1832_c0_g1_i3",4256,"NODE_3749_length_6591_cov_9.583540","est2genome",[[1,1924,2051,-1,"M127","NODE_3749_length_6591_cov_9.583540:hsp:154476:3.2.0.0",4256,"NODE_3749_length_6591_cov_9.583540","est2genome","TRINITY_DN1832_c0_g1_i3 1 127 +","match_part"],[1,1638,1818,-1,"M30 D1 M149","NODE_3749_length_6591_cov_9.583540:hsp:154477:3.2.0.0",4256,"NODE_3749_length_6591_cov_9.583540","est2genome","TRINITY_DN1832_c0_g1_i3 128 306 +","match_part"],[1,1429,1571,-1,"M142","NODE_3749_length_6591_cov_9.583540:hsp:154478:3.2.0.0",4256,"NODE_3749_length_6591_cov_9.583540","est2genome","TRINITY_DN1832_c0_g1_i3 307 448 +","match_part"],[1,1263,1361,-1,"M98","NODE_3749_length_6591_cov_9.583540:hsp:154479:3.2.0.0",4256,"NODE_3749_length_6591_cov_9.583540","est2genome","TRINITY_DN1832_c0_g1_i3 449 546 +","match_part"],[1,766,1182,-1,"M95 I4 M124 I3 M136 I4 M61","NODE_3749_length_6591_cov_9.583540:hsp:154480:3.2.0.0",4256,"NODE_3749_length_6591_cov_9.583540","est2genome","TRINITY_DN1832_c0_g1_i3 547 973 +","match_part"]],"973","expressed_sequence_match"]],"urlTemplate":"lf-{Chunk}.json"}}