{"featureCount":1,"formatVersion":1,"histograms":{"meta":[{"arrayParams":{"chunkSize":10000,"length":1,"urlTemplate":"hist-20000-{Chunk}.json"},"basesPerBin":"20000"}],"stats":[{"basesPerBin":"20000","max":1,"mean":1}]},"intervals":{"classes":[{"attributes":["Start","End","Strand","Aligned_coverage","Aligned_identity","Id","Name","Score","Seq_id","Source","Subfeatures","Target_length","Type"],"isArrayAttr":{"Subfeatures":1}},{"attributes":["Start","End","Strand","Gap","Id","Score","Seq_id","Source","Target","Type"],"isArrayAttr":{}},{"attributes":["Start","End","Chunk"],"isArrayAttr":{"Sublist":1}}],"count":1,"lazyClass":2,"maxEnd":4676,"minStart":2754,"nclist":[[0,2754,4676,1,"96.13","68.4","NODE_2081_length_11132_cov_7.759746:hit:2472:3.10.0.0","sp|Q870B9.1|ENO_RHOMI",1321,"NODE_2081_length_11132_cov_7.759746","protein2genome",[[1,2754,2815,1,"M20 F1","NODE_2081_length_11132_cov_7.759746:hsp:12413:3.10.0.0",1321,"NODE_2081_length_11132_cov_7.759746","protein2genome","sp|Q870B9.1|ENO_RHOMI 1 20","match_part"],[1,2921,2945,1,"R1 M8 F1","NODE_2081_length_11132_cov_7.759746:hsp:12414:3.10.0.0",1321,"NODE_2081_length_11132_cov_7.759746","protein2genome","sp|Q870B9.1|ENO_RHOMI 21 28","match_part"],[1,3012,3108,1,"R1 M32 F1","NODE_2081_length_11132_cov_7.759746:hsp:12415:3.10.0.0",1321,"NODE_2081_length_11132_cov_7.759746","protein2genome","sp|Q870B9.1|ENO_RHOMI 29 60","match_part"],[1,3193,3390,1,"R1 M66","NODE_2081_length_11132_cov_7.759746:hsp:12416:3.10.0.0",1321,"NODE_2081_length_11132_cov_7.759746","protein2genome","sp|Q870B9.1|ENO_RHOMI 61 126","match_part"],[1,3454,3818,1,"M12 I1 M109 F1","NODE_2081_length_11132_cov_7.759746:hsp:12417:3.10.0.0",1321,"NODE_2081_length_11132_cov_7.759746","protein2genome","sp|Q870B9.1|ENO_RHOMI 127 248","match_part"],[1,3889,4001,1,"R1 M37 F2","NODE_2081_length_11132_cov_7.759746:hsp:12418:3.10.0.0",1321,"NODE_2081_length_11132_cov_7.759746","protein2genome","sp|Q870B9.1|ENO_RHOMI 249 285","match_part"],[1,4071,4212,1,"R2 M24 I1 M6 I1 M17 F2","NODE_2081_length_11132_cov_7.759746:hsp:12419:3.10.0.0",1321,"NODE_2081_length_11132_cov_7.759746","protein2genome","sp|Q870B9.1|ENO_RHOMI 286 334","match_part"],[1,4273,4399,1,"R2 M42 F2","NODE_2081_length_11132_cov_7.759746:hsp:12420:3.10.0.0",1321,"NODE_2081_length_11132_cov_7.759746","protein2genome","sp|Q870B9.1|ENO_RHOMI 335 376","match_part"],[1,4469,4546,1,"R2 M26 F1","NODE_2081_length_11132_cov_7.759746:hsp:12421:3.10.0.0",1321,"NODE_2081_length_11132_cov_7.759746","protein2genome","sp|Q870B9.1|ENO_RHOMI 377 402","match_part"],[1,4617,4676,1,"R1 M20","NODE_2081_length_11132_cov_7.759746:hsp:12422:3.10.0.0",1321,"NODE_2081_length_11132_cov_7.759746","protein2genome","sp|Q870B9.1|ENO_RHOMI 403 422","match_part"]],"439","protein_match"]],"urlTemplate":"lf-{Chunk}.json"}}