{"featureCount":4,"formatVersion":1,"histograms":{"meta":[{"arrayParams":{"chunkSize":10000,"length":2,"urlTemplate":"hist-1000-{Chunk}.json"},"basesPerBin":"1000"}],"stats":[{"basesPerBin":"1000","max":3,"mean":2}]},"intervals":{"classes":[{"attributes":["Start","End","Strand","Aligned_coverage","Aligned_identity","Id","Name","Score","Seq_id","Source","Subfeatures","Target_length","Type"],"isArrayAttr":{"Subfeatures":1}},{"attributes":["Start","End","Strand","Gap","Id","Score","Seq_id","Source","Target","Type"],"isArrayAttr":{}},{"attributes":["Start","End","Chunk"],"isArrayAttr":{"Sublist":1}}],"count":4,"lazyClass":2,"maxEnd":1458,"minStart":0,"nclist":[[0,0,517,-1,"96.65","97.5","NODE_12178_length_1476_cov_3.048184:hit:560:3.2.0.0","TRINITY_DN4455_c0_g1_i2",2440,"NODE_12178_length_1476_cov_3.048184","est2genome",[[1,0,517,-1,"M472 I1 M1 I2 M44","NODE_12178_length_1476_cov_3.048184:hsp:1079:3.2.0.0",2440,"NODE_12178_length_1476_cov_3.048184","est2genome","TRINITY_DN4455_c0_g1_i2 13 532 -","match_part"]],"538","expressed_sequence_match"],[0,0,517,-1,"96.63","95.9","NODE_12178_length_1476_cov_3.048184:hit:561:3.2.0.0","TRINITY_DN4455_c0_g1_i10",2360,"NODE_12178_length_1476_cov_3.048184","est2genome",[[1,0,517,-1,"M162 D4 M306 I1 M1 I2 M44","NODE_12178_length_1476_cov_3.048184:hsp:1080:3.2.0.0",2360,"NODE_12178_length_1476_cov_3.048184","est2genome","TRINITY_DN4455_c0_g1_i10 13 528 -","match_part"]],"534","expressed_sequence_match"],[0,0,517,-1,"96.63","95.9","NODE_12178_length_1476_cov_3.048184:hit:562:3.2.0.0","TRINITY_DN4455_c0_g1_i7",2360,"NODE_12178_length_1476_cov_3.048184","est2genome",[[1,0,517,-1,"M162 D4 M306 I1 M1 I2 M44","NODE_12178_length_1476_cov_3.048184:hsp:1081:3.2.0.0",2360,"NODE_12178_length_1476_cov_3.048184","est2genome","TRINITY_DN4455_c0_g1_i7 13 528 -","match_part"]],"534","expressed_sequence_match"],[0,1120,1458,1,"100","98.2","NODE_12178_length_1476_cov_3.048184:hit:563:3.2.0.0","TRINITY_DN31905_c0_g1_i1",1636,"NODE_12178_length_1476_cov_3.048184","est2genome",[[1,1120,1458,1,"M338","NODE_12178_length_1476_cov_3.048184:hsp:1082:3.2.0.0",1636,"NODE_12178_length_1476_cov_3.048184","est2genome","TRINITY_DN31905_c0_g1_i1 1 338 -","match_part"]],"338","expressed_sequence_match"]],"urlTemplate":"lf-{Chunk}.json"}}