{"featureCount":3,"formatVersion":1,"histograms":{"meta":[{"arrayParams":{"chunkSize":10000,"length":1,"urlTemplate":"hist-10000-{Chunk}.json"},"basesPerBin":"10000"}],"stats":[{"basesPerBin":"10000","max":3,"mean":3}]},"intervals":{"classes":[{"attributes":["Start","End","Strand","Id","Name","Score","Seq_id","Source","Subfeatures","Target_length","Type"],"isArrayAttr":{"Subfeatures":1}},{"attributes":["Start","End","Strand","Gap","Id","Score","Seq_id","Source","Target","Type"],"isArrayAttr":{}},{"attributes":["Start","End","Chunk"],"isArrayAttr":{"Sublist":1}}],"count":3,"lazyClass":2,"maxEnd":8582,"minStart":1223,"nclist":[[0,1223,2273,-1,"NODE_946_length_18745_cov_4.830648:hit:79941:4.5.0.0","augustus-NODE_946_length_18745_cov_4.830648-abinit-gene-0.1-mRNA-1",0.74,"NODE_946_length_18745_cov_4.830648","augustus",[[1,2263,2273,-1,"M10","NODE_946_length_18745_cov_4.830648:hsp:410906:4.5.0.0",0.74,"NODE_946_length_18745_cov_4.830648","augustus","augustus-NODE_946_length_18745_cov_4.830648-abinit-gene-0.1-mRNA-1 747 756 +","match_part"],[1,2100,2176,-1,"M76","NODE_946_length_18745_cov_4.830648:hsp:410907:4.5.0.0",0.74,"NODE_946_length_18745_cov_4.830648","augustus","augustus-NODE_946_length_18745_cov_4.830648-abinit-gene-0.1-mRNA-1 671 746 +","match_part"],[1,1722,2034,-1,"M312","NODE_946_length_18745_cov_4.830648:hsp:410908:4.5.0.0",0.74,"NODE_946_length_18745_cov_4.830648","augustus","augustus-NODE_946_length_18745_cov_4.830648-abinit-gene-0.1-mRNA-1 359 670 +","match_part"],[1,1314,1648,-1,"M334","NODE_946_length_18745_cov_4.830648:hsp:410909:4.5.0.0",0.74,"NODE_946_length_18745_cov_4.830648","augustus","augustus-NODE_946_length_18745_cov_4.830648-abinit-gene-0.1-mRNA-1 25 358 +","match_part"],[1,1223,1247,-1,"M24","NODE_946_length_18745_cov_4.830648:hsp:410910:4.5.0.0",0.74,"NODE_946_length_18745_cov_4.830648","augustus","augustus-NODE_946_length_18745_cov_4.830648-abinit-gene-0.1-mRNA-1 1 24 +","match_part"]],"18745","match"],[0,2549,4276,1,"NODE_946_length_18745_cov_4.830648:hit:79944:4.5.0.0","augustus-NODE_946_length_18745_cov_4.830648-abinit-gene-0.0-mRNA-1",0.38,"NODE_946_length_18745_cov_4.830648","augustus",[[1,2549,2864,1,"M315","NODE_946_length_18745_cov_4.830648:hsp:410937:4.5.0.0",0.38,"NODE_946_length_18745_cov_4.830648","augustus","augustus-NODE_946_length_18745_cov_4.830648-abinit-gene-0.0-mRNA-1 1 315 +","match_part"],[1,2932,3106,1,"M174","NODE_946_length_18745_cov_4.830648:hsp:410938:4.5.0.0",0.38,"NODE_946_length_18745_cov_4.830648","augustus","augustus-NODE_946_length_18745_cov_4.830648-abinit-gene-0.0-mRNA-1 316 489 +","match_part"],[1,3163,3280,1,"M117","NODE_946_length_18745_cov_4.830648:hsp:410939:4.5.0.0",0.38,"NODE_946_length_18745_cov_4.830648","augustus","augustus-NODE_946_length_18745_cov_4.830648-abinit-gene-0.0-mRNA-1 490 606 +","match_part"],[1,3335,3479,1,"M144","NODE_946_length_18745_cov_4.830648:hsp:410940:4.5.0.0",0.38,"NODE_946_length_18745_cov_4.830648","augustus","augustus-NODE_946_length_18745_cov_4.830648-abinit-gene-0.0-mRNA-1 607 750 +","match_part"],[1,3558,3642,1,"M84","NODE_946_length_18745_cov_4.830648:hsp:410941:4.5.0.0",0.38,"NODE_946_length_18745_cov_4.830648","augustus","augustus-NODE_946_length_18745_cov_4.830648-abinit-gene-0.0-mRNA-1 751 834 +","match_part"],[1,3716,3809,1,"M93","NODE_946_length_18745_cov_4.830648:hsp:410942:4.5.0.0",0.38,"NODE_946_length_18745_cov_4.830648","augustus","augustus-NODE_946_length_18745_cov_4.830648-abinit-gene-0.0-mRNA-1 835 927 +","match_part"],[1,3879,4004,1,"M125","NODE_946_length_18745_cov_4.830648:hsp:410943:4.5.0.0",0.38,"NODE_946_length_18745_cov_4.830648","augustus","augustus-NODE_946_length_18745_cov_4.830648-abinit-gene-0.0-mRNA-1 928 1052 +","match_part"],[1,4074,4276,1,"M202","NODE_946_length_18745_cov_4.830648:hsp:410944:4.5.0.0",0.38,"NODE_946_length_18745_cov_4.830648","augustus","augustus-NODE_946_length_18745_cov_4.830648-abinit-gene-0.0-mRNA-1 1053 1254 +","match_part"]],"18745","match"],[0,4678,8582,-1,"NODE_946_length_18745_cov_4.830648:hit:79946:4.5.0.0","augustus-NODE_946_length_18745_cov_4.830648-abinit-gene-0.2-mRNA-1",0.81,"NODE_946_length_18745_cov_4.830648","augustus",[[1,6873,8582,-1,"M1709","NODE_946_length_18745_cov_4.830648:hsp:410948:4.5.0.0",0.81,"NODE_946_length_18745_cov_4.830648","augustus","augustus-NODE_946_length_18745_cov_4.830648-abinit-gene-0.2-mRNA-1 1724 3432 +","match_part"],[1,4678,6401,-1,"M1723","NODE_946_length_18745_cov_4.830648:hsp:410949:4.5.0.0",0.81,"NODE_946_length_18745_cov_4.830648","augustus","augustus-NODE_946_length_18745_cov_4.830648-abinit-gene-0.2-mRNA-1 1 1723 +","match_part"]],"18745","match"]],"urlTemplate":"lf-{Chunk}.json"}}