{"featureCount":4,"formatVersion":1,"histograms":{"meta":[{"arrayParams":{"chunkSize":10000,"length":2,"urlTemplate":"hist-20000-{Chunk}.json"},"basesPerBin":"20000"}],"stats":[{"basesPerBin":"20000","max":2,"mean":2}]},"intervals":{"classes":[{"attributes":["Start","End","Strand","Id","Name","Score","Seq_id","Source","Subfeatures","Target_length","Type"],"isArrayAttr":{"Subfeatures":1}},{"attributes":["Start","End","Strand","Gap","Id","Score","Seq_id","Source","Target","Type"],"isArrayAttr":{}},{"attributes":["Start","End","Chunk"],"isArrayAttr":{"Sublist":1}}],"count":4,"lazyClass":2,"maxEnd":28543,"minStart":13615,"nclist":[[0,13615,18570,-1,"NODE_297_length_31233_cov_7.294927:hit:33859:4.5.0.0","augustus-NODE_297_length_31233_cov_7.294927-abinit-gene-0.2-mRNA-1",0.34,"NODE_297_length_31233_cov_7.294927","augustus",[[1,18517,18570,-1,"M53","NODE_297_length_31233_cov_7.294927:hsp:173557:4.5.0.0",0.34,"NODE_297_length_31233_cov_7.294927","augustus","augustus-NODE_297_length_31233_cov_7.294927-abinit-gene-0.2-mRNA-1 3911 3963 +","match_part"],[1,18157,18404,-1,"M247","NODE_297_length_31233_cov_7.294927:hsp:173558:4.5.0.0",0.34,"NODE_297_length_31233_cov_7.294927","augustus","augustus-NODE_297_length_31233_cov_7.294927-abinit-gene-0.2-mRNA-1 3664 3910 +","match_part"],[1,17448,18043,-1,"M595","NODE_297_length_31233_cov_7.294927:hsp:173559:4.5.0.0",0.34,"NODE_297_length_31233_cov_7.294927","augustus","augustus-NODE_297_length_31233_cov_7.294927-abinit-gene-0.2-mRNA-1 3069 3663 +","match_part"],[1,17285,17362,-1,"M77","NODE_297_length_31233_cov_7.294927:hsp:173560:4.5.0.0",0.34,"NODE_297_length_31233_cov_7.294927","augustus","augustus-NODE_297_length_31233_cov_7.294927-abinit-gene-0.2-mRNA-1 2992 3068 +","match_part"],[1,17065,17215,-1,"M150","NODE_297_length_31233_cov_7.294927:hsp:173561:4.5.0.0",0.34,"NODE_297_length_31233_cov_7.294927","augustus","augustus-NODE_297_length_31233_cov_7.294927-abinit-gene-0.2-mRNA-1 2842 2991 +","match_part"],[1,15986,16976,-1,"M990","NODE_297_length_31233_cov_7.294927:hsp:173562:4.5.0.0",0.34,"NODE_297_length_31233_cov_7.294927","augustus","augustus-NODE_297_length_31233_cov_7.294927-abinit-gene-0.2-mRNA-1 1852 2841 +","match_part"],[1,15679,15919,-1,"M240","NODE_297_length_31233_cov_7.294927:hsp:173563:4.5.0.0",0.34,"NODE_297_length_31233_cov_7.294927","augustus","augustus-NODE_297_length_31233_cov_7.294927-abinit-gene-0.2-mRNA-1 1612 1851 +","match_part"],[1,15046,15604,-1,"M558","NODE_297_length_31233_cov_7.294927:hsp:173564:4.5.0.0",0.34,"NODE_297_length_31233_cov_7.294927","augustus","augustus-NODE_297_length_31233_cov_7.294927-abinit-gene-0.2-mRNA-1 1054 1611 +","match_part"],[1,14704,14968,-1,"M264","NODE_297_length_31233_cov_7.294927:hsp:173565:4.5.0.0",0.34,"NODE_297_length_31233_cov_7.294927","augustus","augustus-NODE_297_length_31233_cov_7.294927-abinit-gene-0.2-mRNA-1 790 1053 +","match_part"],[1,14190,14605,-1,"M415","NODE_297_length_31233_cov_7.294927:hsp:173566:4.5.0.0",0.34,"NODE_297_length_31233_cov_7.294927","augustus","augustus-NODE_297_length_31233_cov_7.294927-abinit-gene-0.2-mRNA-1 375 789 +","match_part"],[1,13975,14090,-1,"M115","NODE_297_length_31233_cov_7.294927:hsp:173567:4.5.0.0",0.34,"NODE_297_length_31233_cov_7.294927","augustus","augustus-NODE_297_length_31233_cov_7.294927-abinit-gene-0.2-mRNA-1 260 374 +","match_part"],[1,13615,13874,-1,"M259","NODE_297_length_31233_cov_7.294927:hsp:173568:4.5.0.0",0.34,"NODE_297_length_31233_cov_7.294927","augustus","augustus-NODE_297_length_31233_cov_7.294927-abinit-gene-0.2-mRNA-1 1 259 +","match_part"]],"31233","match"],[0,18857,19193,1,"NODE_297_length_31233_cov_7.294927:hit:33862:4.5.0.0","augustus-NODE_297_length_31233_cov_7.294927-abinit-gene-0.0-mRNA-1",1,"NODE_297_length_31233_cov_7.294927","augustus",[[1,18857,19193,1,"M336","NODE_297_length_31233_cov_7.294927:hsp:173571:4.5.0.0",1,"NODE_297_length_31233_cov_7.294927","augustus","augustus-NODE_297_length_31233_cov_7.294927-abinit-gene-0.0-mRNA-1 1 336 +","match_part"]],"31233","match"],[0,20937,23282,1,"NODE_297_length_31233_cov_7.294927:hit:33865:4.5.0.0","augustus-NODE_297_length_31233_cov_7.294927-abinit-gene-0.1-mRNA-1",0.26,"NODE_297_length_31233_cov_7.294927","augustus",[[1,20937,21747,1,"M810","NODE_297_length_31233_cov_7.294927:hsp:173581:4.5.0.0",0.26,"NODE_297_length_31233_cov_7.294927","augustus","augustus-NODE_297_length_31233_cov_7.294927-abinit-gene-0.1-mRNA-1 1 810 +","match_part"],[1,22017,22174,1,"M157","NODE_297_length_31233_cov_7.294927:hsp:173582:4.5.0.0",0.26,"NODE_297_length_31233_cov_7.294927","augustus","augustus-NODE_297_length_31233_cov_7.294927-abinit-gene-0.1-mRNA-1 811 967 +","match_part"],[1,22243,22355,1,"M112","NODE_297_length_31233_cov_7.294927:hsp:173583:4.5.0.0",0.26,"NODE_297_length_31233_cov_7.294927","augustus","augustus-NODE_297_length_31233_cov_7.294927-abinit-gene-0.1-mRNA-1 968 1079 +","match_part"],[1,22438,22814,1,"M376","NODE_297_length_31233_cov_7.294927:hsp:173584:4.5.0.0",0.26,"NODE_297_length_31233_cov_7.294927","augustus","augustus-NODE_297_length_31233_cov_7.294927-abinit-gene-0.1-mRNA-1 1080 1455 +","match_part"],[1,22924,23003,1,"M79","NODE_297_length_31233_cov_7.294927:hsp:173585:4.5.0.0",0.26,"NODE_297_length_31233_cov_7.294927","augustus","augustus-NODE_297_length_31233_cov_7.294927-abinit-gene-0.1-mRNA-1 1456 1534 +","match_part"],[1,23092,23130,1,"M38","NODE_297_length_31233_cov_7.294927:hsp:173586:4.5.0.0",0.26,"NODE_297_length_31233_cov_7.294927","augustus","augustus-NODE_297_length_31233_cov_7.294927-abinit-gene-0.1-mRNA-1 1535 1572 +","match_part"],[1,23237,23282,1,"M45","NODE_297_length_31233_cov_7.294927:hsp:173587:4.5.0.0",0.26,"NODE_297_length_31233_cov_7.294927","augustus","augustus-NODE_297_length_31233_cov_7.294927-abinit-gene-0.1-mRNA-1 1573 1617 +","match_part"]],