{"featureCount":5,"formatVersion":1,"histograms":{"meta":[{"arrayParams":{"chunkSize":10000,"length":2,"urlTemplate":"hist-20000-{Chunk}.json"},"basesPerBin":"20000"}],"stats":[{"basesPerBin":"20000","max":5,"mean":3}]},"intervals":{"classes":[{"attributes":["Start","End","Strand","Id","Name","Seq_id","Source","Subfeatures","Target_length","Type"],"isArrayAttr":{"Subfeatures":1}},{"attributes":["Start","End","Strand","Gap","Id","Seq_id","Source","Target","Type"],"isArrayAttr":{}},{"attributes":["Start","End","Strand","Id","Seq_id","Source","Target","Type"],"isArrayAttr":{}},{"attributes":["Start","End","Chunk"],"isArrayAttr":{"Sublist":1}}],"count":5,"lazyClass":3,"maxEnd":21201,"minStart":2479,"nclist":[[0,2479,3520,1,"NODE_684_length_22017_cov_8.498675:hit:63873:4.5.0.0","genemark-NODE_684_length_22017_cov_8.498675-abinit-gene-0.0-mRNA-1","NODE_684_length_22017_cov_8.498675","genemark",[[1,2479,3520,1,"M1041","NODE_684_length_22017_cov_8.498675:hsp:328088:4.5.0.0","NODE_684_length_22017_cov_8.498675","genemark","genemark-NODE_684_length_22017_cov_8.498675-abinit-gene-0.0-mRNA-1 1 1041 +","match_part"]],"22017","match"],[0,6227,10553,1,"NODE_684_length_22017_cov_8.498675:hit:63876:4.5.0.0","genemark-NODE_684_length_22017_cov_8.498675-abinit-gene-0.1-mRNA-1","NODE_684_length_22017_cov_8.498675","genemark",[[1,6227,6402,1,"M175","NODE_684_length_22017_cov_8.498675:hsp:328113:4.5.0.0","NODE_684_length_22017_cov_8.498675","genemark","genemark-NODE_684_length_22017_cov_8.498675-abinit-gene-0.1-mRNA-1 1 175 +","match_part"],[1,6481,6835,1,"M354","NODE_684_length_22017_cov_8.498675:hsp:328114:4.5.0.0","NODE_684_length_22017_cov_8.498675","genemark","genemark-NODE_684_length_22017_cov_8.498675-abinit-gene-0.1-mRNA-1 176 529 +","match_part"],[1,6914,6959,1,"M45","NODE_684_length_22017_cov_8.498675:hsp:328115:4.5.0.0","NODE_684_length_22017_cov_8.498675","genemark","genemark-NODE_684_length_22017_cov_8.498675-abinit-gene-0.1-mRNA-1 530 574 +","match_part"],[1,7014,7757,1,"M743","NODE_684_length_22017_cov_8.498675:hsp:328116:4.5.0.0","NODE_684_length_22017_cov_8.498675","genemark","genemark-NODE_684_length_22017_cov_8.498675-abinit-gene-0.1-mRNA-1 575 1317 +","match_part"],[1,7826,8284,1,"M458","NODE_684_length_22017_cov_8.498675:hsp:328117:4.5.0.0","NODE_684_length_22017_cov_8.498675","genemark","genemark-NODE_684_length_22017_cov_8.498675-abinit-gene-0.1-mRNA-1 1318 1775 +","match_part"],[1,8351,8430,1,"M79","NODE_684_length_22017_cov_8.498675:hsp:328118:4.5.0.0","NODE_684_length_22017_cov_8.498675","genemark","genemark-NODE_684_length_22017_cov_8.498675-abinit-gene-0.1-mRNA-1 1776 1854 +","match_part"],[1,8517,8880,1,"M363","NODE_684_length_22017_cov_8.498675:hsp:328119:4.5.0.0","NODE_684_length_22017_cov_8.498675","genemark","genemark-NODE_684_length_22017_cov_8.498675-abinit-gene-0.1-mRNA-1 1855 2217 +","match_part"],[1,9461,9725,1,"M264","NODE_684_length_22017_cov_8.498675:hsp:328120:4.5.0.0","NODE_684_length_22017_cov_8.498675","genemark","genemark-NODE_684_length_22017_cov_8.498675-abinit-gene-0.1-mRNA-1 2218 2481 +","match_part"],[1,9849,9925,1,"M76","NODE_684_length_22017_cov_8.498675:hsp:328121:4.5.0.0","NODE_684_length_22017_cov_8.498675","genemark","genemark-NODE_684_length_22017_cov_8.498675-abinit-gene-0.1-mRNA-1 2482 2557 +","match_part"],[1,10216,10359,1,"M143","NODE_684_length_22017_cov_8.498675:hsp:328122:4.5.0.0","NODE_684_length_22017_cov_8.498675","genemark","genemark-NODE_684_length_22017_cov_8.498675-abinit-gene-0.1-mRNA-1 2558 2700 +","match_part"],[1,10460,10553,1,"M93","NODE_684_length_22017_cov_8.498675:hsp:328123:4.5.0.0","NODE_684_length_22017_cov_8.498675","genemark","genemark-NODE_684_length_22017_cov_8.498675-abinit-gene-0.1-mRNA-1 2701 2793 +","match_part"]],"22017","match"],[0,11475,12342,1,"NODE_684_length_22017_cov_8.498675:hit:63879:4.5.0.0","genemark-NODE_684_length_22017_cov_8.498675-abinit-gene-0.2-mRNA-1","NODE_684_length_22017_cov_8.498675","genemark",[[1,11475,11511,1,"M36","NODE_684_length_22017_cov_8.498675:hsp:328146:4.5.0.0","NODE_684_length_22017_cov_8.498675","genemark","genemark-NODE_684_length_22017_cov_8.498675-abinit-gene-0.2-mRNA-1 1 36 +","match_part"],[1,11607,11748,1,"M141","NODE_684_length_22017_cov_8.498675:hsp:328147:4.5.0.0","NODE_684_length_22017_cov_8.498675","genemark","genemark-NODE_684_length_22017_cov_8.498675-abinit-gene-0.2-mRNA-1 37 177 +","match_part"],[1,11861,12095,1,"M234","NODE_684_length_22017_cov_8.498675:hsp:328148:4.5.0.0","NODE_684_length_22017_cov_8.498675","genemark","genemark-NODE_684_length_22017_cov_8.498675-abinit-gene-0.2-mRNA-1 178 411 +","match_part"],[1,12171,12195,1,"M24","NODE_684_length_22017_cov_8.498675:hsp:328149:4.5.0.0","NODE_684_length_22017_cov_8.498675","genemark","genemark-NODE_684_length_22017_cov_8.498675-abinit-gene-0.2-mRNA-1 412 435 +","match_part"],[1,12258,12342,1,"M84","NODE_684_length_22017_cov_8.498675:hsp:328150:4.5.0.0","NODE_684_length_22017_cov_8.498675","genemark","genemark-NODE_684_length_22017_cov_8.498675-abinit-gene-0.2-mRNA-1 436 519 +","match_part"]],"22017","match"],[0,14532,17901,-1,"NODE_684_length_22017_cov_8.498675:hit:63884:4.5.0.0","genemark-NODE_684_length_22017_cov_8.498675-abinit-gene-0.3-mRNA-1","NODE_684_length_22017_cov_8.498675","genemark",[[1,17441,17901,-1,"M460","NODE_684_length_22017_cov_8.498675:hsp:328161:4.5.0.0","NODE_684_length_22017_cov_8.498675","genemark","genemark-NODE_684_length_22017_cov_8.498675-abinit-gene-0.3-mRNA-1 2424 2883 +","match_part"],[1,17080,17193,-1,"M113","NODE_684_length_22017_cov_8.498675:hsp:328162:4.5.0.0","NODE_684_length_22017_cov_8.498675","genemark","genemark-NODE_684_length_22017_cov_8.498675-abinit-gene-0.3-mRNA-1 2311 2423 +","match_part"],[1,15285,16996,-1,"M1711","NODE_684_length_22017_cov_8.498675:hsp:328163:4.5.0.0","NODE_684_length_22017_cov_8.498675","genemark","genemark-NODE_684_length_22017_cov_8.498675-abinit-gene-0.3-mRNA-1 600 2310 +","match_part"],[1,14622,15207,-1,"M585","NODE_684_length_22017_cov_8.498675:hsp:328164:4.5.0.0","NODE_684_length_22017_cov_8.498675","genemark","genemark-NODE_684_length_22017_cov_8.498675-abinit-gene-0.3-mRNA-1 15 599 +","match_part"],[1,14532,14546,-1,"M14","NODE_684_length_22017_cov_8.498675:hsp:328165:4.5.0.0","NODE_684_length_22017_cov_8.498675","genemark","genemark-NODE_684_length_22017_cov_8.498675-abinit-gene-0.3-mRNA-1 1 14 +","match_part"]],