{"featureCount":15,"formatVersion":1,"histograms":{"meta":[{"arrayParams":{"chunkSize":10000,"length":6,"urlTemplate":"hist-5000-{Chunk}.json"},"basesPerBin":"5000"}],"stats":[{"basesPerBin":"5000","max":7,"mean":3.33333333333333}]},"intervals":{"classes":[{"attributes":["Start","End","Strand","Aligned_coverage","Aligned_identity","Id","Name","Score","Seq_id","Source","Subfeatures","Target_length","Type"],"isArrayAttr":{"Subfeatures":1}},{"attributes":["Start","End","Strand","Gap","Id","Score","Seq_id","Source","Target","Type"],"isArrayAttr":{}},{"attributes":["Start","End","Chunk"],"isArrayAttr":{"Sublist":1}}],"count":15,"lazyClass":2,"maxEnd":25702,"minStart":709,"nclist":[[0,709,3182,-1,"99.74","99.1","NODE_491_length_25865_cov_7.987722:hit:50185:3.2.0.0","TRINITY_DN3620_c0_g1_i3",11357,"NODE_491_length_25865_cov_7.987722","est2genome",[[1,2662,3182,-1,"M520","NODE_491_length_25865_cov_7.987722:hsp:262376:3.2.0.0",11357,"NODE_491_length_25865_cov_7.987722","est2genome","TRINITY_DN3620_c0_g1_i3 1795 2314 -","match_part"],[1,1583,2581,-1,"M998","NODE_491_length_25865_cov_7.987722:hsp:262377:3.2.0.0",11357,"NODE_491_length_25865_cov_7.987722","est2genome","TRINITY_DN3620_c0_g1_i3 797 1794 -","match_part"],[1,709,1501,-1,"M792","NODE_491_length_25865_cov_7.987722:hsp:262378:3.2.0.0",11357,"NODE_491_length_25865_cov_7.987722","est2genome","TRINITY_DN3620_c0_g1_i3 5 796 -","match_part"]],"2316","expressed_sequence_match",{"Sublist":[[0,709,2170,-1,"99.71","99.4","NODE_491_length_25865_cov_7.987722:hit:50184:3.2.0.0","TRINITY_DN3620_c0_g1_i5",6806,"NODE_491_length_25865_cov_7.987722","est2genome",[[1,1583,2170,-1,"M587","NODE_491_length_25865_cov_7.987722:hsp:262374:3.2.0.0",6806,"NODE_491_length_25865_cov_7.987722","est2genome","TRINITY_DN3620_c0_g1_i5 797 1383 -","match_part"],[1,709,1501,-1,"M792","NODE_491_length_25865_cov_7.987722:hsp:262375:3.2.0.0",6806,"NODE_491_length_25865_cov_7.987722","est2genome","TRINITY_DN3620_c0_g1_i5 5 796 -","match_part"]],"1383","expressed_sequence_match"]]}],[0,1147,3182,-1,"84.65","98.2","NODE_491_length_25865_cov_7.987722:hit:50186:3.2.0.0","TRINITY_DN3620_c0_g1_i4",9026,"NODE_491_length_25865_cov_7.987722","est2genome",[[1,2662,3182,-1,"M520","NODE_491_length_25865_cov_7.987722:hsp:262379:3.2.0.0",9026,"NODE_491_length_25865_cov_7.987722","est2genome","TRINITY_DN3620_c0_g1_i4 1687 2206 -","match_part"],[1,1583,2581,-1,"M998","NODE_491_length_25865_cov_7.987722:hsp:262380:3.2.0.0",9026,"NODE_491_length_25865_cov_7.987722","est2genome","TRINITY_DN3620_c0_g1_i4 689 1686 -","match_part"],[1,1147,1501,-1,"M8 D1 M8 D1 M10 D1 M325","NODE_491_length_25865_cov_7.987722:hsp:262381:3.2.0.0",9026,"NODE_491_length_25865_cov_7.987722","est2genome","TRINITY_DN3620_c0_g1_i4 338 688 -","match_part"]],"2208","expressed_sequence_match"],[0,3680,4116,1,"100","100","NODE_491_length_25865_cov_7.987722:hit:50187:3.2.0.0","TRINITY_DN3792_c1_g1_i1",2180,"NODE_491_length_25865_cov_7.987722","est2genome",[[1,3680,4116,1,"M436","NODE_491_length_25865_cov_7.987722:hsp:262382:3.2.0.0",2180,"NODE_491_length_25865_cov_7.987722","est2genome","TRINITY_DN3792_c1_g1_i1 1 436 +","match_part"]],"436","expressed_sequence_match"],[0,3962,4733,-1,"100","98.2","NODE_491_length_25865_cov_7.987722:hit:50188:3.2.0.0","TRINITY_DN985_c4_g1_i1",3669,"NODE_491_length_25865_cov_7.987722","est2genome",[[1,3962,4733,-1,"M325 I1 M21 I5 M51 D3 M65 I1 M306","NODE_491_length_25865_cov_7.987722:hsp:262383:3.2.0.0",3669,"NODE_491_length_25865_cov_7.987722","est2genome","TRINITY_DN985_c4_g1_i1 1 775 -","match_part"]],"775","expressed_sequence_match"],[0,4561,9077,-1,"93.4","98.7","NODE_491_length_25865_cov_7.987722:hit:50189:3.2.0.0","TRINITY_DN1710_c1_g2_i1",21023,"NODE_491_length_25865_cov_7.987722","est2genome",[[1,7704,9077,-1,"M13 I1 M8 I2 M5 I2 M1 I2 M1346","NODE_491_length_25865_cov_7.987722:hsp:262384:3.2.0.0",21023,"NODE_491_length_25865_cov_7.987722","est2genome","TRINITY_DN1710_c1_g2_i1 302 1681 +","match_part"],[1,7516,7623,-1,"M107","NODE_491_length_25865_cov_7.987722:hsp:262385:3.2.0.0",21023,"NODE_491_length_25865_cov_7.987722","est2genome","TRINITY_DN1710_c1_g2_i1 1682 1788 +","match_part"],[1,6037,7459,-1,"M1422","NODE_491_length_25865_cov_7.987722:hsp:262386:3.2.0.0",21023,"NODE_491_length_25865_cov_7.987722","est2genome","TRINITY_DN1710_c1_g2_i1 1789 3210 +","match_part"],[1,4561,5970,-1,"M1409","NODE_491_length_25865_cov_7.987722:hsp:262387:3.2.0.0",21023,"NODE_491_length_25865_cov_7.987722","est2genome","TRINITY_DN1710_c1_g2_i1 3211 4619 +","match_part"]],"4623","expressed_sequence_match",{"Sublist":[[0,8205,8432,-1,"100","98.7","NODE_491_length_25865_cov_7.987722:hit:50190:3.2.0.0","TRINITY_DN7746_c0_g1_i1",1108,"NODE_491_length_25865_cov_7.987722","est2genome",[[1,8205,8432,-1,"M227","NODE_491_length_25865_cov_7.987722:hsp:262388:3.2.0.0",1108,"NODE_491_length_25865_cov_7.987722","est2genome","TRINITY_DN7746_c0_g1_i1 1 227 +","match_part"]],"227","expressed_sequence_match"]]}],[0,20336,20639,-1,"100","90.9","NODE_491_length_25865_cov_7.987722:hit:50191:3.2.0.0","TRINITY_DN24179_c0_g1_i1",929,"NODE_491_length_25865_cov_7.987722","est2genome",[[1,20572,20639,-1,"M57 D5 M5","NODE_491_length_25865_cov_7.987722:hsp:262389:3.2.0.0",929,"NODE_491_length_25865_cov_7.987722","est2genome","TRINITY_DN24179_c0_g1_i1 1 62 +","match_part"],[1,20336,20501,-1,"M108 D8 M49","NODE_491_length_25865_cov_7.987722:hsp:262390:3.2.0.0",929,"NODE_491_length_25865_cov_7.987722","est2genome","TRINITY_DN24179_c0_g1_i1 63 219 +","match_part"]],"219","expressed_sequence_match"],[0,20638,20834,-1,"100","97.4","NODE_491_length_25865_cov_7.987722:hit:50192:3.2.0.0","TRINITY_DN45790_c0_g1_i1",879,"NODE_491_length_25865_cov_7.987722","est2genome",[[1,20638,20834,-1,"M12 I9 M48 I1 M136","NODE_491_length_25865_cov_7.987722:hsp:262391:3.2.0.0",879,"NODE_491_length_25865_cov_7.987722","est2genome","TRINITY_DN45790_c0_g1_i1 1 206 -","match_part"]],"206","expressed_sequence_match"],[0,21362,22002,1,"99.03","97.1","NODE_491_length_25865_cov_7.987722:hit:50193:3.2.0.0","TRINITY_DN18025_c0_g1_i1",1869,"NODE_491_length_25865_cov_7.987722","est2genome",[[1,21362,21438,1,"M3 D1 M60 I3 M12","NODE_491_length_25865_cov_7.987722:hsp:262392:3.2.0.0",1869,"NODE_491_length_25865_cov_7.987722","est2genome","TRINITY_DN18025_c0_g1_i1 4 81 +","match_part"],[1,21525,21604,1,"M79","NODE_491_length_25865_cov_7.987722:hsp:262393:3.2.0.0",1869,"NODE_491_length_25865_cov_7.987722","est2genome","TRINITY_DN18025_c0_g1_i1 82 160 +","match_part"],[1,21674,21757,1,"M83","NODE_491_length_25865_cov_7.987722:hsp:262394:3.2.0.0",1869,"NODE_491_length_25865_cov_7.987722","est2genome","TRINITY_DN18025_c0_g1_i1 161 243 +","match_part"],[1,21832,22002,1,"M170","NODE_491_length_25865_cov_7.987722:hsp:262395:3.2.0.0",1869,"NODE_491_length_25865_cov_7.987722","est2genome","TRINITY_DN18025_c0_g1_i1 244 413 +","match_part"]],