{"featureCount":2,"formatVersion":1,"histograms":{"meta":[{"arrayParams":{"chunkSize":10000,"length":1,"urlTemplate":"hist-20000-{Chunk}.json"},"basesPerBin":"20000"}],"stats":[{"basesPerBin":"20000","max":2,"mean":2}]},"intervals":{"classes":[{"attributes":["Start","End","Strand","Id","Name","Seq_id","Source","Subfeatures","Target_length","Type"],"isArrayAttr":{"Subfeatures":1}},{"attributes":["Start","End","Strand","Gap","Id","Seq_id","Source","Target","Type"],"isArrayAttr":{}},{"attributes":["Start","End","Strand","Id","Seq_id","Source","Target","Type"],"isArrayAttr":{}},{"attributes":["Start","End","Chunk"],"isArrayAttr":{"Sublist":1}}],"count":2,"lazyClass":3,"maxEnd":8164,"minStart":451,"nclist":[[0,451,3310,1,"NODE_1722_length_12841_cov_2.488202:hit:113739:4.5.0.0","genemark-NODE_1722_length_12841_cov_2.488202-abinit-gene-0.4-mRNA-1","NODE_1722_length_12841_cov_2.488202","genemark",[[1,451,850,1,"M399","NODE_1722_length_12841_cov_2.488202:hsp:565778:4.5.0.0","NODE_1722_length_12841_cov_2.488202","genemark","genemark-NODE_1722_length_12841_cov_2.488202-abinit-gene-0.4-mRNA-1 1 399 +","match_part"],[1,982,1435,1,"M453","NODE_1722_length_12841_cov_2.488202:hsp:565779:4.5.0.0","NODE_1722_length_12841_cov_2.488202","genemark","genemark-NODE_1722_length_12841_cov_2.488202-abinit-gene-0.4-mRNA-1 400 852 +","match_part"],[1,1507,1748,1,"M241","NODE_1722_length_12841_cov_2.488202:hsp:565780:4.5.0.0","NODE_1722_length_12841_cov_2.488202","genemark","genemark-NODE_1722_length_12841_cov_2.488202-abinit-gene-0.4-mRNA-1 853 1093 +","match_part"],[1,1807,2130,1,"M323","NODE_1722_length_12841_cov_2.488202:hsp:565781:4.5.0.0","NODE_1722_length_12841_cov_2.488202","genemark","genemark-NODE_1722_length_12841_cov_2.488202-abinit-gene-0.4-mRNA-1 1094 1416 +","match_part"],[1,2932,3310,1,"M378","NODE_1722_length_12841_cov_2.488202:hsp:565782:4.5.0.0","NODE_1722_length_12841_cov_2.488202","genemark","genemark-NODE_1722_length_12841_cov_2.488202-abinit-gene-0.4-mRNA-1 1417 1794 +","match_part"]],"12841","match"],[0,4895,8164,1,"NODE_1722_length_12841_cov_2.488202:hit:113744:4.5.0.0","genemark-NODE_1722_length_12841_cov_2.488202-abinit-gene-0.5-mRNA-1","NODE_1722_length_12841_cov_2.488202","genemark",[[1,4895,5007,1,"M112","NODE_1722_length_12841_cov_2.488202:hsp:565789:4.5.0.0","NODE_1722_length_12841_cov_2.488202","genemark","genemark-NODE_1722_length_12841_cov_2.488202-abinit-gene-0.5-mRNA-1 1 112 +","match_part"],[1,7118,7222,1,"M104","NODE_1722_length_12841_cov_2.488202:hsp:565790:4.5.0.0","NODE_1722_length_12841_cov_2.488202","genemark","genemark-NODE_1722_length_12841_cov_2.488202-abinit-gene-0.5-mRNA-1 113 216 +","match_part"],[1,7306,8164,1,"M858","NODE_1722_length_12841_cov_2.488202:hsp:565791:4.5.0.0","NODE_1722_length_12841_cov_2.488202","genemark","genemark-NODE_1722_length_12841_cov_2.488202-abinit-gene-0.5-mRNA-1 217 1074 +","match_part"]],"12841","match"]],"urlTemplate":"lf-{Chunk}.json"}}