{"featureCount":5,"formatVersion":1,"histograms":{"meta":[{"arrayParams":{"chunkSize":10000,"length":2,"urlTemplate":"hist-1000-{Chunk}.json"},"basesPerBin":"1000"}],"stats":[{"basesPerBin":"1000","max":5,"mean":4.5}]},"intervals":{"classes":[{"attributes":["Start","End","Strand","Id","Name","Score","Seq_id","Source","Subfeatures","Target_length","Type"],"isArrayAttr":{"Subfeatures":1}},{"attributes":["Start","End","Strand","Gap","Id","Score","Seq_id","Source","Target","Type"],"isArrayAttr":{}},{"attributes":["Start","End","Chunk"],"isArrayAttr":{"Sublist":1}}],"count":5,"lazyClass":2,"maxEnd":1345,"minStart":504,"nclist":[[0,504,764,-1,"NODE_3593_length_6841_cov_3.791629:hit:35520:3.2.0.0","TRINITY_DN17732_c1_g1_i1",182,"NODE_3593_length_6841_cov_3.791629","blastn",[[1,504,764,-1,"M260","NODE_3593_length_6841_cov_3.791629:hsp:146869:3.2.0.0",182,"NODE_3593_length_6841_cov_3.791629","blastn","TRINITY_DN17732_c1_g1_i1 1 260 +","match_part"]],"260","expressed_sequence_match"],[0,835,1345,-1,"NODE_3593_length_6841_cov_3.791629:hit:35521:3.2.0.0","TRINITY_DN17732_c0_g1_i4",143,"NODE_3593_length_6841_cov_3.791629","blastn",[[1,1178,1345,-1,"M167","NODE_3593_length_6841_cov_3.791629:hsp:146870:3.2.0.0",143,"NODE_3593_length_6841_cov_3.791629","blastn","TRINITY_DN17732_c0_g1_i4 1 167 +","match_part"],[1,835,914,-1,"M79","NODE_3593_length_6841_cov_3.791629:hsp:146871:3.2.0.0",67,"NODE_3593_length_6841_cov_3.791629","blastn","TRINITY_DN17732_c0_g1_i4 259 337 +","match_part"]],"340","expressed_sequence_match"],[0,835,1345,-1,"NODE_3593_length_6841_cov_3.791629:hit:35523:3.2.0.0","TRINITY_DN17732_c0_g1_i9",143,"NODE_3593_length_6841_cov_3.791629","blastn",[[1,1178,1345,-1,"M167","NODE_3593_length_6841_cov_3.791629:hsp:146875:3.2.0.0",143,"NODE_3593_length_6841_cov_3.791629","blastn","TRINITY_DN17732_c0_g1_i9 1 167 +","match_part"],[1,1144,1176,-1,"M32","NODE_3593_length_6841_cov_3.791629:hsp:146876:3.2.0.0",32,"NODE_3593_length_6841_cov_3.791629","blastn","TRINITY_DN17732_c0_g1_i9 179 210 +","match_part"],[1,835,914,-1,"M79","NODE_3593_length_6841_cov_3.791629:hsp:146877:3.2.0.0",67,"NODE_3593_length_6841_cov_3.791629","blastn","TRINITY_DN17732_c0_g1_i9 271 349 +","match_part"]],"352","expressed_sequence_match"],[0,835,1345,-1,"NODE_3593_length_6841_cov_3.791629:hit:35524:3.2.0.0","TRINITY_DN17732_c0_g1_i10",43,"NODE_3593_length_6841_cov_3.791629","blastn",[[1,1302,1345,-1,"M43","NODE_3593_length_6841_cov_3.791629:hsp:146878:3.2.0.0",43,"NODE_3593_length_6841_cov_3.791629","blastn","TRINITY_DN17732_c0_g1_i10 1 43 +","match_part"],[1,835,914,-1,"M79","NODE_3593_length_6841_cov_3.791629:hsp:146879:3.2.0.0",67,"NODE_3593_length_6841_cov_3.791629","blastn","TRINITY_DN17732_c0_g1_i10 159 237 +","match_part"]],"240","expressed_sequence_match",{"Sublist":[[0,835,1234,-1,"NODE_3593_length_6841_cov_3.791629:hit:35522:3.2.0.0","TRINITY_DN17732_c0_g1_i3",40,"NODE_3593_length_6841_cov_3.791629","blastn",[[1,1188,1234,-1,"M46","NODE_3593_length_6841_cov_3.791629:hsp:146872:3.2.0.0",40,"NODE_3593_length_6841_cov_3.791629","blastn","TRINITY_DN17732_c0_g1_i3 1 46 +","match_part"],[1,994,1049,-1,"M55","NODE_3593_length_6841_cov_3.791629:hsp:146873:3.2.0.0",43,"NODE_3593_length_6841_cov_3.791629","blastn","TRINITY_DN17732_c0_g1_i3 185 239 +","match_part"],[1,835,914,-1,"M79","NODE_3593_length_6841_cov_3.791629:hsp:146874:3.2.0.0",67,"NODE_3593_length_6841_cov_3.791629","blastn","TRINITY_DN17732_c0_g1_i3 239 317 +","match_part"]],"320","expressed_sequence_match"]]}]],"urlTemplate":"lf-{Chunk}.json"}}