{"featureCount":19,"formatVersion":1,"histograms":{"meta":[{"arrayParams":{"chunkSize":10000,"length":6,"urlTemplate":"hist-2000-{Chunk}.json"},"basesPerBin":"2000"}],"stats":[{"basesPerBin":"2000","max":19,"mean":8.16666666666667}]},"intervals":{"classes":[{"attributes":["Start","End","Strand","Id","Name","Score","Seq_id","Source","Subfeatures","Target_length","Type"],"isArrayAttr":{"Subfeatures":1}},{"attributes":["Start","End","Strand","Gap","Id","Score","Seq_id","Source","Target","Type"],"isArrayAttr":{}},{"attributes":["Start","End","Chunk"],"isArrayAttr":{"Sublist":1}}],"count":19,"lazyClass":2,"maxEnd":11995,"minStart":6911,"nclist":[[0,6911,11995,1,"NODE_1864_length_12096_cov_6.730972:hit:119266:3.2.0.0","TRINITY_DN2558_c0_g1_i12",3097,"NODE_1864_length_12096_cov_6.730972","blastn",[[1,6911,10175,1,"M13 D1 M3250","NODE_1864_length_12096_cov_6.730972:hsp:590241:3.2.0.0",3097,"NODE_1864_length_12096_cov_6.730972","blastn","TRINITY_DN2558_c0_g1_i12 1 3263 +","match_part"],[1,10245,10828,1,"M583","NODE_1864_length_12096_cov_6.730972:hsp:590242:3.2.0.0",553,"NODE_1864_length_12096_cov_6.730972","blastn","TRINITY_DN2558_c0_g1_i12 3262 3844 +","match_part"],[1,10910,11525,1,"M233 I4 M382","NODE_1864_length_12096_cov_6.730972:hsp:590243:3.2.0.0",572,"NODE_1864_length_12096_cov_6.730972","blastn","TRINITY_DN2558_c0_g1_i12 3845 4463 +","match_part"],[1,11648,11995,1,"M347","NODE_1864_length_12096_cov_6.730972:hsp:590244:3.2.0.0",341,"NODE_1864_length_12096_cov_6.730972","blastn","TRINITY_DN2558_c0_g1_i12 4464 4810 +","match_part"]],"4863","expressed_sequence_match"],[0,6911,11995,1,"NODE_1864_length_12096_cov_6.730972:hit:119267:3.2.0.0","TRINITY_DN2558_c0_g1_i8",1527,"NODE_1864_length_12096_cov_6.730972","blastn",[[1,6911,8539,1,"M13 D1 M1614","NODE_1864_length_12096_cov_6.730972:hsp:590245:3.2.0.0",1527,"NODE_1864_length_12096_cov_6.730972","blastn","TRINITY_DN2558_c0_g1_i8 1 1627 +","match_part"],[1,8681,10175,1,"M1494","NODE_1864_length_12096_cov_6.730972:hsp:590246:3.2.0.0",1428,"NODE_1864_length_12096_cov_6.730972","blastn","TRINITY_DN2558_c0_g1_i8 1626 3119 +","match_part"],[1,10245,11363,1,"M898 I4 M220","NODE_1864_length_12096_cov_6.730972:hsp:590247:3.2.0.0",1039,"NODE_1864_length_12096_cov_6.730972","blastn","TRINITY_DN2558_c0_g1_i8 3118 4239 +","match_part"],[1,11458,11525,1,"M67","NODE_1864_length_12096_cov_6.730972:hsp:590248:3.2.0.0",67,"NODE_1864_length_12096_cov_6.730972","blastn","TRINITY_DN2558_c0_g1_i8 4240 4306 +","match_part"],[1,11648,11995,1,"M347","NODE_1864_length_12096_cov_6.730972:hsp:590249:3.2.0.0",341,"NODE_1864_length_12096_cov_6.730972","blastn","TRINITY_DN2558_c0_g1_i8 4307 4653 +","match_part"]],"4706","expressed_sequence_match"],[0,6911,11995,1,"NODE_1864_length_12096_cov_6.730972:hit:119270:3.2.0.0","TRINITY_DN2558_c0_g1_i22",3097,"NODE_1864_length_12096_cov_6.730972","blastn",[[1,6911,10175,1,"M13 D1 M3250","NODE_1864_length_12096_cov_6.730972:hsp:590258:3.2.0.0",3097,"NODE_1864_length_12096_cov_6.730972","blastn","TRINITY_DN2558_c0_g1_i22 1 3263 +","match_part"],[1,10245,10828,1,"M583","NODE_1864_length_12096_cov_6.730972:hsp:590259:3.2.0.0",553,"NODE_1864_length_12096_cov_6.730972","blastn","TRINITY_DN2558_c0_g1_i22 3262 3844 +","match_part"],[1,10910,11265,1,"M233 I4 M122","NODE_1864_length_12096_cov_6.730972:hsp:590260:3.2.0.0",312,"NODE_1864_length_12096_cov_6.730972","blastn","TRINITY_DN2558_c0_g1_i22 3845 4203 +","match_part"],[1,11458,11525,1,"M67","NODE_1864_length_12096_cov_6.730972:hsp:590261:3.2.0.0",67,"NODE_1864_length_12096_cov_6.730972","blastn","TRINITY_DN2558_c0_g1_i22 4207 4273 +","match_part"],[1,11648,11995,1,"M347","NODE_1864_length_12096_cov_6.730972:hsp:590262:3.2.0.0",341,"NODE_1864_length_12096_cov_6.730972","blastn","TRINITY_DN2558_c0_g1_i22 4274 4620 +","match_part"]],"4673","expressed_sequence_match"],[0,6911,11995,1,"NODE_1864_length_12096_cov_6.730972:hit:119271:3.2.0.0","TRINITY_DN2558_c0_g1_i21",3097,"NODE_1864_length_12096_cov_6.730972","blastn",[[1,6911,10175,1,"M13 D1 M3250","NODE_1864_length_12096_cov_6.730972:hsp:590263:3.2.0.0",3097,"NODE_1864_length_12096_cov_6.730972","blastn","TRINITY_DN2558_c0_g1_i21 1 3263 +","match_part"],[1,10245,10828,1,"M583","NODE_1864_length_12096_cov_6.730972:hsp:590264:3.2.0.0",553,"NODE_1864_length_12096_cov_6.730972","blastn","TRINITY_DN2558_c0_g1_i21 3262 3844 +","match_part"],[1,10910,11265,1,"M233 I4 M122","NODE_1864_length_12096_cov_6.730972:hsp:590265:3.2.0.0",312,"NODE_1864_length_12096_cov_6.730972","blastn","TRINITY_DN2558_c0_g1_i21 3845 4203 +","match_part"],[1,11355,11525,1,"M170","NODE_1864_length_12096_cov_6.730972:hsp:590266:3.2.0.0",170,"NODE_1864_length_12096_cov_6.730972","blastn","TRINITY_DN2558_c0_g1_i21 4199 4368 +","match_part"],[1,11648,11995,1,"M347","NODE_1864_length_12096_cov_6.730972:hsp:590267:3.2.0.0",341,"NODE_1864_length_12096_cov_6.730972","blastn","TRINITY_DN2558_c0_g1_i21 4369 4715 +","match_part"]],"4768","expressed_sequence_match"],[0,6911,11995,1,"NODE_1864_length_12096_cov_6.730972:hit:119273:3.2.0.0","TRINITY_DN2558_c0_g1_i4",3097,"NODE_1864_length_12096_cov_6.730972","blastn",[[1,6911,10175,1,"M13 D1 M3250","NODE_1864_length_12096_cov_6.730972:hsp:590271:3.2.0.0",3097,"NODE_1864_length_12096_cov_6.730972","blastn","TRINITY_DN2558_c0_g1_i4 1 3263 +","match_part"],[1,10245,10828,1,"M583","NODE_1864_length_12096_cov_6.730972:hsp:590272:3.2.0.0",553,"NODE_1864_length_12096_cov_6.730972","blastn","TRINITY_DN2558_c0_g1_i4 3262 3844 +","match_part"],[1,10910,11265,1,"M233 I4 M122","NODE_1864_length_12096_cov_6.730972:hsp:590273:3.2.0.0",312,"NODE_1864_length_12096_cov_6.730972","blastn","TRINITY_DN2558_c0_g1_i4 3845 4203 +","match_part"],[1,11355,11390,1,"M35","NODE_1864_length_12096_cov_6.730972:hsp:590274:3.2.0.0",35,"NODE_1864_length_12096_cov_6.730972","blastn","TRINITY_DN2558_c0_g1_i4 4199 4233 +","match_part"],[1,11458,11525,1,"M67","NODE_1864_length_12096_cov_6.730972:hsp:590275:3.2.0.0",67,"NODE_1864_length_12096_cov_6.730972","blastn","TRINITY_DN2558_c0_g1_i4 4234 4300 +","match_part"],[1,11648,11995,1,"M347","NODE_1864_length_12096_cov_6.730972:hsp:590276:3.2.0.0",341,"NODE_1864_length_12096_cov_6.730972","blastn","TRINITY_DN2558_c0_g1_i4 4301 4647 +","match_part"]],"4700","expressed_sequence_match"],[0,6911,11995,1,"NODE_1864_length_12096_cov_6.730972:hit:119275:3.2.0.0","TRINITY_DN2558_c0_g1_i24",1527,"NODE_1864_length_12096_cov_6.730972","blastn",[[1,6911,8539,1,"M13 D1 M1614","NODE_1864_length_12096_cov_6.730972:hsp:590282:3.2.0.0",1527,"NODE_1864_length_12096_cov_6.730972","blastn","TRINITY_DN2558_c0_g1_i24 1 1627 +","match_part"],[1,8681,10175,1,"M1494","NODE_1864_length_12096_cov_6.730972:hsp:590283:3.2.0.0",1428,"NODE_1864_length_12096_cov_6.730972","blastn","TRINITY_DN2558_c0_g1_i24 1626 3119 +","match_part"],[1,10245,10828,1,"M583","NODE_1864_length_12096_cov_6.730972:hsp:590284:3.2.0.0",553,"NODE_1864_length_12096_cov_6.730972","blastn","TRINITY_DN2558_c0_g1_i24 3118 3700 +","match_part"],[1,10910,11265,1,"M233 I4 M122","NODE_1864_length_12096_cov_6.730972:hsp:590285:3.2.0.0",312,"NODE_1864_length_12096_cov_6.730972","blastn","TRINITY_DN2558_c0_g1_i24 3701 4059 +","match_part"],[1,11355,11525,1,"M170","NODE_1864_length_12096_cov_6.730972:hsp:590286:3.2.0.0",170,"NODE_1864_length_12096_cov_6.730972","blastn","TRINITY_DN2558_c0_g1_i24 4055 4224 +","match_part"],[1,11648,11995,1,"M347","NODE_1864_length_12096_cov_6.730972:hsp:590287:3.2.0.0",341,"NODE_1864_length_12096_cov_6.730972","blastn","TRINITY_DN2558_c0_g1_i24 4225 4571 +","match_part"]],