{"featureCount":6,"formatVersion":1,"histograms":{"meta":[{"arrayParams":{"chunkSize":10000,"length":3,"urlTemplate":"hist-200-{Chunk}.json"},"basesPerBin":"200"}],"stats":[{"basesPerBin":"200","max":6,"mean":4.33333333333333}]},"intervals":{"classes":[{"attributes":["Start","End","Strand","Aligned_coverage","Aligned_identity","Id","Name","Score","Seq_id","Source","Subfeatures","Target_length","Type"],"isArrayAttr":{"Subfeatures":1}},{"attributes":["Start","End","Strand","Gap","Id","Score","Seq_id","Source","Target","Type"],"isArrayAttr":{}},{"attributes":["Start","End","Chunk"],"isArrayAttr":{"Sublist":1}}],"count":6,"lazyClass":2,"maxEnd":419,"minStart":64,"nclist":[[0,64,409,-1,"99.15","97.4","NODE_26010_length_419_cov_1.071918:hit:34:3.2.0.0","TRINITY_DN15024_c0_g1_i4",1580,"NODE_26010_length_419_cov_1.071918","est2genome",[[1,64,409,-1,"M14 D1 M53 I7 M18 D1 M86 I1 M172","NODE_26010_length_419_cov_1.071918:hsp:44:3.2.0.0",1580,"NODE_26010_length_419_cov_1.071918","est2genome","TRINITY_DN15024_c0_g1_i4 4 354 -","match_part"]],"354","expressed_sequence_match",{"Sublist":[[0,64,358,-1,"97.79","94.2","NODE_26010_length_419_cov_1.071918:hit:33:3.2.0.0","TRINITY_DN15024_c0_g1_i3",816,"NODE_26010_length_419_cov_1.071918","est2genome",[[1,199,358,-1,"M38 I1 M42 I2 M2 I8 M5 I3 M72","NODE_26010_length_419_cov_1.071918:hsp:42:3.2.0.0",816,"NODE_26010_length_419_cov_1.071918","est2genome","TRINITY_DN15024_c0_g1_i3 52 224 -","match_part"],[1,64,113,-1,"M14 D1 M34","NODE_26010_length_419_cov_1.071918:hsp:43:3.2.0.0",816,"NODE_26010_length_419_cov_1.071918","est2genome","TRINITY_DN15024_c0_g1_i3 4 51 -","match_part"]],"226","expressed_sequence_match",{"Sublist":[[0,64,302,1,"98.82","87.4","NODE_26010_length_419_cov_1.071918:hit:35:3.2.0.0","TRINITY_DN15024_c0_g1_i5",913,"NODE_26010_length_419_cov_1.071918","est2genome",[[1,64,302,1,"M14 D1 M53 I7 M18 D1 M33 I3 M53 I1 M31 I1 M16 I1 M14 I2 M4","NODE_26010_length_419_cov_1.071918:hsp:45:3.2.0.0",913,"NODE_26010_length_419_cov_1.071918","est2genome","TRINITY_DN15024_c0_g1_i5 4 254 +","match_part"]],"254","expressed_sequence_match",{"Sublist":[[0,64,279,1,"98.64","89.3","NODE_26010_length_419_cov_1.071918:hit:36:3.2.0.0","TRINITY_DN15024_c0_g1_i1",856,"NODE_26010_length_419_cov_1.071918","est2genome",[[1,64,279,1,"M14 D1 M53 I7 M18 D1 M29 I1 M16 D4 M37 I1 M42","NODE_26010_length_419_cov_1.071918:hsp:46:3.2.0.0",856,"NODE_26010_length_419_cov_1.071918","est2genome","TRINITY_DN15024_c0_g1_i1 4 221 +","match_part"]],"221","expressed_sequence_match"]]}]]}],[0,96,358,1,"97.87","91.7","NODE_26010_length_419_cov_1.071918:hit:37:3.2.0.0","TRINITY_DN15024_c0_g1_i2",1141,"NODE_26010_length_419_cov_1.071918","est2genome",[[1,96,358,1,"M141 I1 M42 I2 M2 I8 M5 I3 M72","NODE_26010_length_419_cov_1.071918:hsp:47:3.2.0.0",1141,"NODE_26010_length_419_cov_1.071918","est2genome","TRINITY_DN15024_c0_g1_i2 5 280 +","match_part"]],"282","expressed_sequence_match"]]}],[0,202,419,-1,"84.7","87","NODE_26010_length_419_cov_1.071918:hit:38:3.2.0.0","TRINITY_DN8641_c0_g1_i1",871,"NODE_26010_length_419_cov_1.071918","est2genome",[[1,202,419,-1,"M112 I7 M21 I1 M8 I9 M3 I3 M6 I1 M67","NODE_26010_length_419_cov_1.071918:hsp:48:3.2.0.0",871,"NODE_26010_length_419_cov_1.071918","est2genome","TRINITY_DN8641_c0_g1_i1 44 281 +","match_part"]],"281","expressed_sequence_match"]],"urlTemplate":"lf-{Chunk}.json"}}