{"featureCount":4,"formatVersion":1,"histograms":{"meta":[{"arrayParams":{"chunkSize":10000,"length":2,"urlTemplate":"hist-5000-{Chunk}.json"},"basesPerBin":"5000"}],"stats":[{"basesPerBin":"5000","max":4,"mean":4}]},"intervals":{"classes":[{"attributes":["Start","End","Strand","Aligned_coverage","Aligned_identity","Id","Name","Score","Seq_id","Source","Subfeatures","Target_length","Type"],"isArrayAttr":{"Subfeatures":1}},{"attributes":["Start","End","Strand","Gap","Id","Score","Seq_id","Source","Target","Type"],"isArrayAttr":{}},{"attributes":["Start","End","Chunk"],"isArrayAttr":{"Sublist":1}}],"count":4,"lazyClass":2,"maxEnd":5862,"minStart":4648,"nclist":[[0,4648,5862,-1,"100","96.8","NODE_4272_length_5911_cov_2.186625:hit:3080:3.2.0.0","TRINITY_DN6954_c0_g1_i1",4853,"NODE_4272_length_5911_cov_2.186625","est2genome",[[1,5682,5862,-1,"M63 D10 M107","NODE_4272_length_5911_cov_2.186625:hsp:10992:3.2.0.0",4853,"NODE_4272_length_5911_cov_2.186625","est2genome","TRINITY_DN6954_c0_g1_i1 859 1028 -","match_part"],[1,4822,5602,-1,"M780","NODE_4272_length_5911_cov_2.186625:hsp:10993:3.2.0.0",4853,"NODE_4272_length_5911_cov_2.186625","est2genome","TRINITY_DN6954_c0_g1_i1 79 858 -","match_part"],[1,4648,4726,-1,"M78","NODE_4272_length_5911_cov_2.186625:hsp:10994:3.2.0.0",4853,"NODE_4272_length_5911_cov_2.186625","est2genome","TRINITY_DN6954_c0_g1_i1 1 78 -","match_part"]],"1028","expressed_sequence_match"],[0,4648,5862,-1,"100","97.3","NODE_4272_length_5911_cov_2.186625:hit:3081:3.2.0.0","TRINITY_DN6954_c0_g1_i4",4898,"NODE_4272_length_5911_cov_2.186625","est2genome",[[1,5682,5862,-1,"M63 D10 M107","NODE_4272_length_5911_cov_2.186625:hsp:10995:3.2.0.0",4898,"NODE_4272_length_5911_cov_2.186625","est2genome","TRINITY_DN6954_c0_g1_i4 859 1028 -","match_part"],[1,4822,5602,-1,"M780","NODE_4272_length_5911_cov_2.186625:hsp:10996:3.2.0.0",4898,"NODE_4272_length_5911_cov_2.186625","est2genome","TRINITY_DN6954_c0_g1_i4 79 858 -","match_part"],[1,4648,4726,-1,"M78","NODE_4272_length_5911_cov_2.186625:hsp:10997:3.2.0.0",4898,"NODE_4272_length_5911_cov_2.186625","est2genome","TRINITY_DN6954_c0_g1_i4 1 78 -","match_part"]],"1028","expressed_sequence_match"],[0,4648,5862,-1,"100","97.5","NODE_4272_length_5911_cov_2.186625:hit:3082:3.2.0.0","TRINITY_DN6954_c0_g1_i5",4916,"NODE_4272_length_5911_cov_2.186625","est2genome",[[1,5682,5862,-1,"M63 D10 M107","NODE_4272_length_5911_cov_2.186625:hsp:10998:3.2.0.0",4916,"NODE_4272_length_5911_cov_2.186625","est2genome","TRINITY_DN6954_c0_g1_i5 859 1028 -","match_part"],[1,4822,5602,-1,"M780","NODE_4272_length_5911_cov_2.186625:hsp:10999:3.2.0.0",4916,"NODE_4272_length_5911_cov_2.186625","est2genome","TRINITY_DN6954_c0_g1_i5 79 858 -","match_part"],[1,4648,4726,-1,"M78","NODE_4272_length_5911_cov_2.186625:hsp:11000:3.2.0.0",4916,"NODE_4272_length_5911_cov_2.186625","est2genome","TRINITY_DN6954_c0_g1_i5 1 78 -","match_part"]],"1028","expressed_sequence_match",{"Sublist":[[0,4648,5667,-1,"99.78","98.2","NODE_4272_length_5911_cov_2.186625:hit:3079:3.2.0.0","TRINITY_DN6954_c0_g1_i6",4440,"NODE_4272_length_5911_cov_2.186625","est2genome",[[1,4822,5667,-1,"M845","NODE_4272_length_5911_cov_2.186625:hsp:10990:3.2.0.0",4440,"NODE_4272_length_5911_cov_2.186625","est2genome","TRINITY_DN6954_c0_g1_i6 79 923 -","match_part"],[1,4648,4726,-1,"M78","NODE_4272_length_5911_cov_2.186625:hsp:10991:3.2.0.0",4440,"NODE_4272_length_5911_cov_2.186625","est2genome","TRINITY_DN6954_c0_g1_i6 1 78 -","match_part"]],"925","expressed_sequence_match"]]}]],"urlTemplate":"lf-{Chunk}.json"}}