{"featureCount":2,"formatVersion":1,"histograms":{"meta":[{"arrayParams":{"chunkSize":10000,"length":1,"urlTemplate":"hist-2000-{Chunk}.json"},"basesPerBin":"2000"}],"stats":[{"basesPerBin":"2000","max":2,"mean":2}]},"intervals":{"classes":[{"attributes":["Start","End","Strand","Aligned_coverage","Aligned_identity","Id","Name","Score","Seq_id","Source","Subfeatures","Target_length","Type"],"isArrayAttr":{"Subfeatures":1}},{"attributes":["Start","End","Strand","Gap","Id","Score","Seq_id","Source","Target","Type"],"isArrayAttr":{}},{"attributes":["Start","End","Chunk"],"isArrayAttr":{"Sublist":1}}],"count":2,"lazyClass":2,"maxEnd":1414,"minStart":289,"nclist":[[0,289,650,1,"100","96.4","NODE_12609_length_1414_cov_2.406371:hit:1750:3.2.0.0","TRINITY_DN3033_c0_g1_i15",1022,"NODE_12609_length_1414_cov_2.406371","est2genome",[[1,289,369,1,"M80","NODE_12609_length_1414_cov_2.406371:hsp:3653:3.2.0.0",1022,"NODE_12609_length_1414_cov_2.406371","est2genome","TRINITY_DN3033_c0_g1_i15 144 223 -","match_part"],[1,507,650,1,"M143","NODE_12609_length_1414_cov_2.406371:hsp:3654:3.2.0.0",1022,"NODE_12609_length_1414_cov_2.406371","est2genome","TRINITY_DN3033_c0_g1_i15 1 143 -","match_part"]],"223","expressed_sequence_match"],[0,333,1414,1,"82.93","99.2","NODE_12609_length_1414_cov_2.406371:hit:1751:3.2.0.0","TRINITY_DN3033_c0_g1_i5",3123,"NODE_12609_length_1414_cov_2.406371","est2genome",[[1,333,369,1,"M36","NODE_12609_length_1414_cov_2.406371:hsp:3655:3.2.0.0",3123,"NODE_12609_length_1414_cov_2.406371","est2genome","TRINITY_DN3033_c0_g1_i5 750 785 -","match_part"],[1,507,562,1,"M55","NODE_12609_length_1414_cov_2.406371:hsp:3656:3.2.0.0",3123,"NODE_12609_length_1414_cov_2.406371","est2genome","TRINITY_DN3033_c0_g1_i5 695 749 -","match_part"],[1,662,874,1,"M212","NODE_12609_length_1414_cov_2.406371:hsp:3657:3.2.0.0",3123,"NODE_12609_length_1414_cov_2.406371","est2genome","TRINITY_DN3033_c0_g1_i5 483 694 -","match_part"],[1,974,1210,1,"M236","NODE_12609_length_1414_cov_2.406371:hsp:3658:3.2.0.0",3123,"NODE_12609_length_1414_cov_2.406371","est2genome","TRINITY_DN3033_c0_g1_i5 247 482 -","match_part"],[1,1302,1414,1,"M112","NODE_12609_length_1414_cov_2.406371:hsp:3659:3.2.0.0",3123,"NODE_12609_length_1414_cov_2.406371","est2genome","TRINITY_DN3033_c0_g1_i5 135 246 -","match_part"]],"785","expressed_sequence_match"]],"urlTemplate":"lf-{Chunk}.json"}}