{"featureCount":3,"formatVersion":1,"histograms":{"meta":[{"arrayParams":{"chunkSize":10000,"length":1,"urlTemplate":"hist-20000-{Chunk}.json"},"basesPerBin":"20000"}],"stats":[{"basesPerBin":"20000","max":3,"mean":3}]},"intervals":{"classes":[{"attributes":["Start","End","Strand","Id","Name","Seq_id","Source","Subfeatures","Target_length","Type"],"isArrayAttr":{"Subfeatures":1}},{"attributes":["Start","End","Strand","Gap","Id","Seq_id","Source","Target","Type"],"isArrayAttr":{}},{"attributes":["Start","End","Strand","Id","Seq_id","Source","Target","Type"],"isArrayAttr":{}},{"attributes":["Start","End","Chunk"],"isArrayAttr":{"Sublist":1}}],"count":3,"lazyClass":3,"maxEnd":12843,"minStart":7432,"nclist":[[0,7432,8630,-1,"NODE_1343_length_15242_cov_6.051677:hit:98789:4.5.0.0","genemark-NODE_1343_length_15242_cov_6.051677-abinit-gene-0.1-mRNA-1","NODE_1343_length_15242_cov_6.051677","genemark",[[1,8277,8630,-1,"M353","NODE_1343_length_15242_cov_6.051677:hsp:498969:4.5.0.0","NODE_1343_length_15242_cov_6.051677","genemark","genemark-NODE_1343_length_15242_cov_6.051677-abinit-gene-0.1-mRNA-1 281 633 +","match_part"],[1,7432,7712,-1,"M280","NODE_1343_length_15242_cov_6.051677:hsp:498970:4.5.0.0","NODE_1343_length_15242_cov_6.051677","genemark","genemark-NODE_1343_length_15242_cov_6.051677-abinit-gene-0.1-mRNA-1 1 280 +","match_part"]],"15242","match"],[0,8696,11747,1,"NODE_1343_length_15242_cov_6.051677:hit:98792:4.5.0.0","genemark-NODE_1343_length_15242_cov_6.051677-abinit-gene-0.0-mRNA-1","NODE_1343_length_15242_cov_6.051677","genemark",[[1,8696,9258,1,"M562","NODE_1343_length_15242_cov_6.051677:hsp:498989:4.5.0.0","NODE_1343_length_15242_cov_6.051677","genemark","genemark-NODE_1343_length_15242_cov_6.051677-abinit-gene-0.0-mRNA-1 1 562 +","match_part"],[1,9350,9556,1,"M206","NODE_1343_length_15242_cov_6.051677:hsp:498990:4.5.0.0","NODE_1343_length_15242_cov_6.051677","genemark","genemark-NODE_1343_length_15242_cov_6.051677-abinit-gene-0.0-mRNA-1 563 768 +","match_part"],[1,9651,10294,1,"M643","NODE_1343_length_15242_cov_6.051677:hsp:498991:4.5.0.0","NODE_1343_length_15242_cov_6.051677","genemark","genemark-NODE_1343_length_15242_cov_6.051677-abinit-gene-0.0-mRNA-1 769 1411 +","match_part"],[1,10595,10773,1,"M178","NODE_1343_length_15242_cov_6.051677:hsp:498992:4.5.0.0","NODE_1343_length_15242_cov_6.051677","genemark","genemark-NODE_1343_length_15242_cov_6.051677-abinit-gene-0.0-mRNA-1 1412 1589 +","match_part"],[1,10864,11084,1,"M220","NODE_1343_length_15242_cov_6.051677:hsp:498993:4.5.0.0","NODE_1343_length_15242_cov_6.051677","genemark","genemark-NODE_1343_length_15242_cov_6.051677-abinit-gene-0.0-mRNA-1 1590 1809 +","match_part"],[1,11196,11449,1,"M253","NODE_1343_length_15242_cov_6.051677:hsp:498994:4.5.0.0","NODE_1343_length_15242_cov_6.051677","genemark","genemark-NODE_1343_length_15242_cov_6.051677-abinit-gene-0.0-mRNA-1 1810 2062 +","match_part"],[1,11510,11535,1,"M25","NODE_1343_length_15242_cov_6.051677:hsp:498995:4.5.0.0","NODE_1343_length_15242_cov_6.051677","genemark","genemark-NODE_1343_length_15242_cov_6.051677-abinit-gene-0.0-mRNA-1 2063 2087 +","match_part"],[1,11614,11747,1,"M133","NODE_1343_length_15242_cov_6.051677:hsp:498996:4.5.0.0","NODE_1343_length_15242_cov_6.051677","genemark","genemark-NODE_1343_length_15242_cov_6.051677-abinit-gene-0.0-mRNA-1 2088 2220 +","match_part"]],"15242","match"],[0,12198,12843,-1,"NODE_1343_length_15242_cov_6.051677:hit:98794:4.5.0.0","genemark-NODE_1343_length_15242_cov_6.051677-abinit-gene-0.2-mRNA-1","NODE_1343_length_15242_cov_6.051677","genemark",[[1,12699,12843,-1,"M144","NODE_1343_length_15242_cov_6.051677:hsp:499000:4.5.0.0","NODE_1343_length_15242_cov_6.051677","genemark","genemark-NODE_1343_length_15242_cov_6.051677-abinit-gene-0.2-mRNA-1 358 501 +","match_part"],[1,12564,12637,-1,"M73","NODE_1343_length_15242_cov_6.051677:hsp:499001:4.5.0.0","NODE_1343_length_15242_cov_6.051677","genemark","genemark-NODE_1343_length_15242_cov_6.051677-abinit-gene-0.2-mRNA-1 285 357 +","match_part"],[1,12198,12482,-1,"M284","NODE_1343_length_15242_cov_6.051677:hsp:499002:4.5.0.0","NODE_1343_length_15242_cov_6.051677","genemark","genemark-NODE_1343_length_15242_cov_6.051677-abinit-gene-0.2-mRNA-1 1 284 +","match_part"]],"15242","match"]],"urlTemplate":"lf-{Chunk}.json"}}