{"featureCount":2,"formatVersion":1,"histograms":{"meta":[{"arrayParams":{"chunkSize":10000,"length":1,"urlTemplate":"hist-10000-{Chunk}.json"},"basesPerBin":"10000"}],"stats":[{"basesPerBin":"10000","max":2,"mean":2}]},"intervals":{"classes":[{"attributes":["Start","End","Strand","Id","Name","Score","Seq_id","Source","Subfeatures","Target_length","Type"],"isArrayAttr":{"Subfeatures":1}},{"attributes":["Start","End","Strand","Gap","Id","Score","Seq_id","Source","Target","Type"],"isArrayAttr":{}},{"attributes":["Start","End","Chunk"],"isArrayAttr":{"Sublist":1}}],"count":2,"lazyClass":2,"maxEnd":4509,"minStart":4027,"nclist":[[0,4027,4509,1,"NODE_2135_length_10890_cov_6.627751:hit:3961:3.10.0.0","sp|P0CR85.1|T2AG_CRYNB",99,"NODE_2135_length_10890_cov_6.627751","blastx",[[1,4027,4114,1,"M29","NODE_2135_length_10890_cov_6.627751:hsp:19393:3.10.0.0",99,"NODE_2135_length_10890_cov_6.627751","blastx","sp|P0CR85.1|T2AG_CRYNB 19 47","match_part"],[1,4218,4509,1,"M33 D29 M14 I3 M21","NODE_2135_length_10890_cov_6.627751:hsp:19394:3.10.0.0",140,"NODE_2135_length_10890_cov_6.627751","blastx","sp|P0CR85.1|T2AG_CRYNB 47 117","match_part"]],"127","protein_match"],[0,4027,4509,1,"NODE_2135_length_10890_cov_6.627751:hit:3962:3.10.0.0","sp|P0CR84.1|T2AG_CRYNJ",99,"NODE_2135_length_10890_cov_6.627751","blastx",[[1,4027,4114,1,"M29","NODE_2135_length_10890_cov_6.627751:hsp:19395:3.10.0.0",99,"NODE_2135_length_10890_cov_6.627751","blastx","sp|P0CR84.1|T2AG_CRYNJ 19 47","match_part"],[1,4218,4509,1,"M33 D29 M14 I3 M21","NODE_2135_length_10890_cov_6.627751:hsp:19396:3.10.0.0",140,"NODE_2135_length_10890_cov_6.627751","blastx","sp|P0CR84.1|T2AG_CRYNJ 47 117","match_part"]],"127","protein_match"]],"urlTemplate":"lf-{Chunk}.json"}}