{"featureCount":20,"formatVersion":1,"histograms":{"meta":[{"arrayParams":{"chunkSize":10000,"length":5,"urlTemplate":"hist-2000-{Chunk}.json"},"basesPerBin":"2000"}],"stats":[{"basesPerBin":"2000","max":11,"mean":4.6}]},"intervals":{"classes":[{"attributes":["Start","End","Strand","Aligned_coverage","Aligned_identity","Id","Name","Score","Seq_id","Source","Subfeatures","Target_length","Type"],"isArrayAttr":{"Subfeatures":1}},{"attributes":["Start","End","Strand","Gap","Id","Score","Seq_id","Source","Target","Type"],"isArrayAttr":{}},{"attributes":["Start","End","Chunk"],"isArrayAttr":{"Sublist":1}}],"count":20,"lazyClass":2,"maxEnd":8332,"minStart":0,"nclist":[[0,0,324,-1,"94.46","99.1","NODE_2484_length_9626_cov_7.339333:hit:13513:3.2.0.0","TRINITY_DN41221_c0_g1_i1",1593,"NODE_2484_length_9626_cov_7.339333","est2genome",[[1,0,324,-1,"M324","NODE_2484_length_9626_cov_7.339333:hsp:58400:3.2.0.0",1593,"NODE_2484_length_9626_cov_7.339333","est2genome","TRINITY_DN41221_c0_g1_i1 20 343 -","match_part"]],"343","expressed_sequence_match"],[0,727,1573,1,"100","98.4","NODE_2484_length_9626_cov_7.339333:hit:13514:3.2.0.0","TRINITY_DN11176_c0_g1_i1",3387,"NODE_2484_length_9626_cov_7.339333","est2genome",[[1,727,820,1,"M93","NODE_2484_length_9626_cov_7.339333:hsp:58401:3.2.0.0",3387,"NODE_2484_length_9626_cov_7.339333","est2genome","TRINITY_DN11176_c0_g1_i1 1 93 +","match_part"],[1,899,1323,1,"M424","NODE_2484_length_9626_cov_7.339333:hsp:58402:3.2.0.0",3387,"NODE_2484_length_9626_cov_7.339333","est2genome","TRINITY_DN11176_c0_g1_i1 94 517 +","match_part"],[1,1385,1573,1,"M188","NODE_2484_length_9626_cov_7.339333:hsp:58403:3.2.0.0",3387,"NODE_2484_length_9626_cov_7.339333","est2genome","TRINITY_DN11176_c0_g1_i1 518 705 +","match_part"]],"705","expressed_sequence_match",{"Sublist":[[0,727,980,1,"100","96.5","NODE_2484_length_9626_cov_7.339333:hit:13515:3.2.0.0","TRINITY_DN11176_c0_g1_i2",1178,"NODE_2484_length_9626_cov_7.339333","est2genome",[[1,727,980,1,"M120 I2 M25 D1 M107","NODE_2484_length_9626_cov_7.339333:hsp:58404:3.2.0.0",1178,"NODE_2484_length_9626_cov_7.339333","est2genome","TRINITY_DN11176_c0_g1_i2 1 254 +","match_part"]],"254","expressed_sequence_match"]]}],[0,1950,2168,-1,"100","98.2","NODE_2484_length_9626_cov_7.339333:hit:13516:3.2.0.0","TRINITY_DN44817_c0_g1_i1",1038,"NODE_2484_length_9626_cov_7.339333","est2genome",[[1,1950,2168,-1,"M32 D1 M1 D1 M183","NODE_2484_length_9626_cov_7.339333:hsp:58405:3.2.0.0",1038,"NODE_2484_length_9626_cov_7.339333","est2genome","TRINITY_DN44817_c0_g1_i1 1 216 +","match_part"]],"216","expressed_sequence_match"],[0,2906,3364,1,"99.59","98","NODE_2484_length_9626_cov_7.339333:hit:13517:3.2.0.0","TRINITY_DN18843_c0_g1_i1",1117,"NODE_2484_length_9626_cov_7.339333","est2genome",[[1,2906,2956,1,"M47 D1 M2","NODE_2484_length_9626_cov_7.339333:hsp:58406:3.2.0.0",1117,"NODE_2484_length_9626_cov_7.339333","est2genome","TRINITY_DN18843_c0_g1_i1 2 50 +","match_part"],[1,3057,3191,1,"M134","NODE_2484_length_9626_cov_7.339333:hsp:58407:3.2.0.0",1117,"NODE_2484_length_9626_cov_7.339333","est2genome","TRINITY_DN18843_c0_g1_i1 51 184 +","match_part"],[1,3304,3364,1,"M60","NODE_2484_length_9626_cov_7.339333:hsp:58408:3.2.0.0",1117,"NODE_2484_length_9626_cov_7.339333","est2genome","TRINITY_DN18843_c0_g1_i1 185 244 +","match_part"]],"244","expressed_sequence_match"],[0,3688,4414,1,"100","99.1","NODE_2484_length_9626_cov_7.339333:hit:13518:3.2.0.0","TRINITY_DN2845_c0_g2_i1",3118,"NODE_2484_length_9626_cov_7.339333","est2genome",[[1,3688,4156,1,"M468","NODE_2484_length_9626_cov_7.339333:hsp:58409:3.2.0.0",3118,"NODE_2484_length_9626_cov_7.339333","est2genome","TRINITY_DN2845_c0_g2_i1 171 638 -","match_part"],[1,4244,4414,1,"M170","NODE_2484_length_9626_cov_7.339333:hsp:58410:3.2.0.0",3118,"NODE_2484_length_9626_cov_7.339333","est2genome","TRINITY_DN2845_c0_g2_i1 1 170 -","match_part"]],"638","expressed_sequence_match"],[0,4249,4739,1,"100","99","NODE_2484_length_9626_cov_7.339333:hit:13519:3.2.0.0","TRINITY_DN2845_c0_g1_i1",2393,"NODE_2484_length_9626_cov_7.339333","est2genome",[[1,4249,4739,1,"M265 I1 M225","NODE_2484_length_9626_cov_7.339333:hsp:58411:3.2.0.0",2393,"NODE_2484_length_9626_cov_7.339333","est2genome","TRINITY_DN2845_c0_g1_i1 1 491 -","match_part"]],"491","expressed_sequence_match"],[0,4249,4739,1,"100","99","NODE_2484_length_9626_cov_7.339333:hit:13520:3.2.0.0","TRINITY_DN2845_c0_g1_i2",1909,"NODE_2484_length_9626_cov_7.339333","est2genome",[[1,4249,4456,1,"M207","NODE_2484_length_9626_cov_7.339333:hsp:58412:3.2.0.0",1909,"NODE_2484_length_9626_cov_7.339333","est2genome","TRINITY_DN2845_c0_g1_i2 185 391 -","match_part"],[1,4555,4739,1,"M184","NODE_2484_length_9626_cov_7.339333:hsp:58413:3.2.0.0",1909,"NODE_2484_length_9626_cov_7.339333","est2genome","TRINITY_DN2845_c0_g1_i2 1 184 -","match_part"]],"391","expressed_sequence_match"],[0,4249,4739,1,"100","98.2","NODE_2484_length_9626_cov_7.339333:hit:13521:3.2.0.0","TRINITY_DN2845_c0_g1_i4",2337,"NODE_2484_length_9626_cov_7.339333","est2genome",[[1,4249,4739,1,"M162 D3 M33 I1 M67 I1 M225","NODE_2484_length_9626_cov_7.339333:hsp:58414:3.2.0.0",2337,"NODE_2484_length_9626_cov_7.339333","est2genome","TRINITY_DN2845_c0_g1_i4 1 489 -","match_part"]],"489","expressed_sequence_match"],[0,4249,4739,1,"100","98.7","NODE_2484_length_9626_cov_7.339333:hit:13522:3.2.0.0","TRINITY_DN2845_c0_g1_i5",1900,"NODE_2484_length_9626_cov_7.339333","est2genome",[[1,4249,4456,1,"M207","NODE_2484_length_9626_cov_7.339333:hsp:58415:3.2.0.0",1900,"NODE_2484_length_9626_cov_7.339333","est2genome","TRINITY_DN2845_c0_g1_i5 185 391 -","match_part"],[1,4555,4739,1,"M184","NODE_2484_length_9626_cov_7.339333:hsp:58416:3.2.0.0",1900,"NODE_2484_length_9626_cov_7.339333","est2genome","TRINITY_DN2845_c0_g1_i5 1 184 -","match_part"]],"391","expressed_sequence_match"],[0,4249,4739,1,"100","98.2","NODE_2484_length_9626_cov_7.339333:hit:13523:3.2.0.0","TRINITY_DN2845_c0_g1_i6",1874,"NODE_2484_length_9626_cov_7.339333","est2genome",[[1,4249,4456,1,"M207","NODE_2484_length_9626_cov_7.339333:hsp:58417:3.2.0.0",1874,"NODE_2484_length_9626_cov_7.339333","est2genome","TRINITY_DN2845_c0_g1_i6 182 388 -","match_part"],[1,4555,4739,1,"M162 D3 M19","NODE_2484_length_9626_cov_7.339333:hsp:58418:3.2.0.0",1874,"NODE_2484_length_9626_cov_7.339333","est2genome","TRINITY_DN2845_c0_g1_i6 1 181 -","match_part"]],"388","expressed_sequence_match",{"Sublist":[[0,4249,4622,1,"100","95.4","NODE_2484_length_9626_cov_7.339333:hit:13524:3.2.0.0","TRINITY_DN2845_c0_g1_i7",1680,"NODE_2484_length_9626_cov_7.339333","est2genome",[[1,4249,4622,1,"M23 D9 M15 D1 M100 I2 M225","NODE_2484_length_9626_cov_7.339333:hsp:58419:3.2.0.0",1680,"NODE_2484_length_9626_cov_7.339333","est2genome","TRINITY_DN2845_c0_g1_i7 1 365 -","match_part"]],"365","expressed_sequence_match"]]}],[0,4597,5024,1,"99.3","98.1","NODE_2484_length_9626_cov_7.339333:hit:13525:3.2.0.0","TRINITY_DN2845_c0_g3_i2",2051,"NODE_2484_length_9626_cov_7.339333","est2genome",[[1,4597,5024,1,"M404 I1 M23","NODE_2484_length_9626_cov_7.339333:hsp:58420:3.2.0.0",2051,"NODE_2484_length_9626_cov_7.339333","est2genome","TRINITY_DN2845_c0_g3_i2 4 431 -","match_part"]],"431","expressed_sequence_match"],[0,4597,5024,1,"99.3","99.1","NODE_2484_length_9626_cov_7.339333:hit:13526:3.2.0.0","TRINITY_DN2845_c0_g3_i3",2087,"NODE_2484_length_9626_cov_7.339333","est2genome",[[1,4597,5024,1,"M404 I1 M23","NODE_2484_length_9626_cov_7.339333:hsp:58421:3.2.0.0",2087,"NODE_2484_length_9626_cov_7.339333","est2genome","TRINITY_DN2845_c0_g3_i3 4 431 -","match_part"]],"431","expressed_sequence_match",{"Sublist":[[0,4597,4866,1,"100","98.5","NODE_2484_length_9626_cov_7.339333:hit:13527:3.2.0.0","TRINITY_DN2845_c0_g3_i1",1285,"NODE_2484_length_9626_cov_7.339333","est2genome",[[1,4597,4866,1,"M21 I1 M225 I1 M23","NODE_2484_length_9626_cov_7.339333:hsp:58422:3.2.0.0",1285,"NODE_2484_length_9626_cov_7.339333","est2genome","TRINITY_DN2845_c0_g3_i1 1 271 -","match_part"]],