{"featureCount":3,"formatVersion":1,"histograms":{"meta":[{"arrayParams":{"chunkSize":10000,"length":1,"urlTemplate":"hist-10000-{Chunk}.json"},"basesPerBin":"10000"}],"stats":[{"basesPerBin":"10000","max":3,"mean":3}]},"intervals":{"classes":[{"attributes":["Start","End","Strand","Id","Name","Seq_id","Source","Subfeatures","Target_length","Type"],"isArrayAttr":{"Subfeatures":1}},{"attributes":["Start","End","Strand","Gap","Id","Seq_id","Source","Target","Type"],"isArrayAttr":{}},{"attributes":["Start","End","Strand","Id","Seq_id","Source","Target","Type"],"isArrayAttr":{}},{"attributes":["Start","End","Chunk"],"isArrayAttr":{"Sublist":1}}],"count":3,"lazyClass":3,"maxEnd":6640,"minStart":711,"nclist":[[0,711,2155,-1,"NODE_3655_length_6738_cov_7.231886:hit:36444:4.5.0.0","genemark-NODE_3655_length_6738_cov_7.231886-abinit-gene-0.4-mRNA-1","NODE_3655_length_6738_cov_7.231886","genemark",[[1,1623,2155,-1,"M532","NODE_3655_length_6738_cov_7.231886:hsp:150306:4.5.0.0","NODE_3655_length_6738_cov_7.231886","genemark","genemark-NODE_3655_length_6738_cov_7.231886-abinit-gene-0.4-mRNA-1 765 1296 +","match_part"],[1,1084,1548,-1,"M464","NODE_3655_length_6738_cov_7.231886:hsp:150307:4.5.0.0","NODE_3655_length_6738_cov_7.231886","genemark","genemark-NODE_3655_length_6738_cov_7.231886-abinit-gene-0.4-mRNA-1 301 764 +","match_part"],[1,711,1011,-1,"M300","NODE_3655_length_6738_cov_7.231886:hsp:150308:4.5.0.0","NODE_3655_length_6738_cov_7.231886","genemark","genemark-NODE_3655_length_6738_cov_7.231886-abinit-gene-0.4-mRNA-1 1 300 +","match_part"]],"6738","match"],[0,3428,3764,1,"NODE_3655_length_6738_cov_7.231886:hit:36447:4.5.0.0","genemark-NODE_3655_length_6738_cov_7.231886-abinit-gene-0.2-mRNA-1","NODE_3655_length_6738_cov_7.231886","genemark",[[1,3428,3475,1,"M47","NODE_3655_length_6738_cov_7.231886:hsp:150315:4.5.0.0","NODE_3655_length_6738_cov_7.231886","genemark","genemark-NODE_3655_length_6738_cov_7.231886-abinit-gene-0.2-mRNA-1 1 47 +","match_part"],[1,3548,3609,1,"M61","NODE_3655_length_6738_cov_7.231886:hsp:150316:4.5.0.0","NODE_3655_length_6738_cov_7.231886","genemark","genemark-NODE_3655_length_6738_cov_7.231886-abinit-gene-0.2-mRNA-1 48 108 +","match_part"],[1,3665,3764,1,"M99","NODE_3655_length_6738_cov_7.231886:hsp:150317:4.5.0.0","NODE_3655_length_6738_cov_7.231886","genemark","genemark-NODE_3655_length_6738_cov_7.231886-abinit-gene-0.2-mRNA-1 109 207 +","match_part"]],"6738","match"],[0,6115,6640,1,"NODE_3655_length_6738_cov_7.231886:hit:36448:4.5.0.0","genemark-NODE_3655_length_6738_cov_7.231886-abinit-gene-0.3-mRNA-1","NODE_3655_length_6738_cov_7.231886","genemark",[[1,6115,6640,1,"M525","NODE_3655_length_6738_cov_7.231886:hsp:150318:4.5.0.0","NODE_3655_length_6738_cov_7.231886","genemark","genemark-NODE_3655_length_6738_cov_7.231886-abinit-gene-0.3-mRNA-1 1 525 +","match_part"]],"6738","match"]],"urlTemplate":"lf-{Chunk}.json"}}