{"featureCount":2,"formatVersion":1,"histograms":{"meta":[{"arrayParams":{"chunkSize":10000,"length":1,"urlTemplate":"hist-10000-{Chunk}.json"},"basesPerBin":"10000"}],"stats":[{"basesPerBin":"10000","max":2,"mean":2}]},"intervals":{"classes":[{"attributes":["Start","End","Strand","Id","Name","Score","Seq_id","Source","Subfeatures","Target_length","Type"],"isArrayAttr":{"Subfeatures":1}},{"attributes":["Start","End","Strand","Gap","Id","Score","Seq_id","Source","Target","Type"],"isArrayAttr":{}},{"attributes":["Start","End","Chunk"],"isArrayAttr":{"Sublist":1}}],"count":2,"lazyClass":2,"maxEnd":5288,"minStart":98,"nclist":[[0,98,3795,1,"NODE_4585_length_5601_cov_1.094446:hit:6726:4.5.0.0","augustus-NODE_4585_length_5601_cov_1.094446-abinit-gene-0.12-mRNA-1",0.14,"NODE_4585_length_5601_cov_1.094446","augustus",[[1,98,2184,1,"M2086","NODE_4585_length_5601_cov_1.094446:hsp:23675:4.5.0.0",0.14,"NODE_4585_length_5601_cov_1.094446","augustus","augustus-NODE_4585_length_5601_cov_1.094446-abinit-gene-0.12-mRNA-1 1 2086 +","match_part"],[1,2255,2684,1,"M429","NODE_4585_length_5601_cov_1.094446:hsp:23676:4.5.0.0",0.14,"NODE_4585_length_5601_cov_1.094446","augustus","augustus-NODE_4585_length_5601_cov_1.094446-abinit-gene-0.12-mRNA-1 2087 2515 +","match_part"],[1,2754,3227,1,"M473","NODE_4585_length_5601_cov_1.094446:hsp:23677:4.5.0.0",0.14,"NODE_4585_length_5601_cov_1.094446","augustus","augustus-NODE_4585_length_5601_cov_1.094446-abinit-gene-0.12-mRNA-1 2516 2988 +","match_part"],[1,3297,3795,1,"M498","NODE_4585_length_5601_cov_1.094446:hsp:23678:4.5.0.0",0.14,"NODE_4585_length_5601_cov_1.094446","augustus","augustus-NODE_4585_length_5601_cov_1.094446-abinit-gene-0.12-mRNA-1 2989 3486 +","match_part"]],"5601","match"],[0,4047,5288,-1,"NODE_4585_length_5601_cov_1.094446:hit:6730:4.5.0.0","augustus-NODE_4585_length_5601_cov_1.094446-abinit-gene-0.13-mRNA-1",0.67,"NODE_4585_length_5601_cov_1.094446","augustus",[[1,5130,5288,-1,"M158","NODE_4585_length_5601_cov_1.094446:hsp:23685:4.5.0.0",0.67,"NODE_4585_length_5601_cov_1.094446","augustus","augustus-NODE_4585_length_5601_cov_1.094446-abinit-gene-0.13-mRNA-1 689 846 +","match_part"],[1,4941,5058,-1,"M117","NODE_4585_length_5601_cov_1.094446:hsp:23686:4.5.0.0",0.67,"NODE_4585_length_5601_cov_1.094446","augustus","augustus-NODE_4585_length_5601_cov_1.094446-abinit-gene-0.13-mRNA-1 572 688 +","match_part"],[1,4773,4869,-1,"M96","NODE_4585_length_5601_cov_1.094446:hsp:23687:4.5.0.0",0.67,"NODE_4585_length_5601_cov_1.094446","augustus","augustus-NODE_4585_length_5601_cov_1.094446-abinit-gene-0.13-mRNA-1 476 571 +","match_part"],[1,4361,4600,-1,"M239","NODE_4585_length_5601_cov_1.094446:hsp:23688:4.5.0.0",0.67,"NODE_4585_length_5601_cov_1.094446","augustus","augustus-NODE_4585_length_5601_cov_1.094446-abinit-gene-0.13-mRNA-1 237 475 +","match_part"],[1,4047,4283,-1,"M236","NODE_4585_length_5601_cov_1.094446:hsp:23689:4.5.0.0",0.67,"NODE_4585_length_5601_cov_1.094446","augustus","augustus-NODE_4585_length_5601_cov_1.094446-abinit-gene-0.13-mRNA-1 1 236 +","match_part"]],"5601","match"]],"urlTemplate":"lf-{Chunk}.json"}}