{"featureCount":2,"formatVersion":1,"histograms":{"meta":[{"arrayParams":{"chunkSize":10000,"length":1,"urlTemplate":"hist-20000-{Chunk}.json"},"basesPerBin":"20000"}],"stats":[{"basesPerBin":"20000","max":2,"mean":2}]},"intervals":{"classes":[{"attributes":["Start","End","Strand","Id","Name","Seq_id","Source","Subfeatures","Target_length","Type"],"isArrayAttr":{"Subfeatures":1}},{"attributes":["Start","End","Strand","Gap","Id","Seq_id","Source","Target","Type"],"isArrayAttr":{}},{"attributes":["Start","End","Strand","Id","Seq_id","Source","Target","Type"],"isArrayAttr":{}},{"attributes":["Start","End","Chunk"],"isArrayAttr":{"Sublist":1}}],"count":2,"lazyClass":3,"maxEnd":13044,"minStart":2764,"nclist":[[0,2764,6678,1,"NODE_1678_length_13055_cov_2.544245:hit:112248:4.5.0.0","genemark-NODE_1678_length_13055_cov_2.544245-abinit-gene-0.6-mRNA-1","NODE_1678_length_13055_cov_2.544245","genemark",[[1,2764,3003,1,"M239","NODE_1678_length_13055_cov_2.544245:hsp:559315:4.5.0.0","NODE_1678_length_13055_cov_2.544245","genemark","genemark-NODE_1678_length_13055_cov_2.544245-abinit-gene-0.6-mRNA-1 1 239 +","match_part"],[1,3857,3925,1,"M68","NODE_1678_length_13055_cov_2.544245:hsp:559316:4.5.0.0","NODE_1678_length_13055_cov_2.544245","genemark","genemark-NODE_1678_length_13055_cov_2.544245-abinit-gene-0.6-mRNA-1 240 307 +","match_part"],[1,3990,4308,1,"M318","NODE_1678_length_13055_cov_2.544245:hsp:559317:4.5.0.0","NODE_1678_length_13055_cov_2.544245","genemark","genemark-NODE_1678_length_13055_cov_2.544245-abinit-gene-0.6-mRNA-1 308 625 +","match_part"],[1,6372,6462,1,"M90","NODE_1678_length_13055_cov_2.544245:hsp:559318:4.5.0.0","NODE_1678_length_13055_cov_2.544245","genemark","genemark-NODE_1678_length_13055_cov_2.544245-abinit-gene-0.6-mRNA-1 626 715 +","match_part"],[1,6532,6678,1,"M146","NODE_1678_length_13055_cov_2.544245:hsp:559319:4.5.0.0","NODE_1678_length_13055_cov_2.544245","genemark","genemark-NODE_1678_length_13055_cov_2.544245-abinit-gene-0.6-mRNA-1 716 861 +","match_part"]],"13055","match"],[0,12750,13044,1,"NODE_1678_length_13055_cov_2.544245:hit:112254:4.5.0.0","genemark-NODE_1678_length_13055_cov_2.544245-abinit-gene-0.7-mRNA-1","NODE_1678_length_13055_cov_2.544245","genemark",[[1,12750,13044,1,"M294","NODE_1678_length_13055_cov_2.544245:hsp:559336:4.5.0.0","NODE_1678_length_13055_cov_2.544245","genemark","genemark-NODE_1678_length_13055_cov_2.544245-abinit-gene-0.7-mRNA-1 1 294 +","match_part"]],"13055","match"]],"urlTemplate":"lf-{Chunk}.json"}}