{"featureCount":3,"formatVersion":1,"histograms":{"meta":[{"arrayParams":{"chunkSize":10000,"length":2,"urlTemplate":"hist-1000-{Chunk}.json"},"basesPerBin":"1000"}],"stats":[{"basesPerBin":"1000","max":3,"mean":2.5}]},"intervals":{"classes":[{"attributes":["Start","End","Strand","Id","Name","Score","Seq_id","Source","Subfeatures","Target_length","Type"],"isArrayAttr":{"Subfeatures":1}},{"attributes":["Start","End","Strand","Gap","Id","Score","Seq_id","Source","Target","Type"],"isArrayAttr":{}},{"attributes":["Start","End","Chunk"],"isArrayAttr":{"Sublist":1}}],"count":3,"lazyClass":2,"maxEnd":1067,"minStart":546,"nclist":[[0,546,1067,1,"NODE_12616_length_1413_cov_5.576205:hit:1774:3.2.0.0","TRINITY_DN15410_c0_g1_i1",231,"NODE_12616_length_1413_cov_5.576205","blastn",[[1,546,795,1,"M249","NODE_12616_length_1413_cov_5.576205:hsp:3713:3.2.0.0",231,"NODE_12616_length_1413_cov_5.576205","blastn","TRINITY_DN15410_c0_g1_i1 1 249 +","match_part"],[1,871,1067,1,"M196","NODE_12616_length_1413_cov_5.576205:hsp:3714:3.2.0.0",154,"NODE_12616_length_1413_cov_5.576205","blastn","TRINITY_DN15410_c0_g1_i1 250 445 +","match_part"]],"445","expressed_sequence_match",{"Sublist":[[0,546,929,1,"NODE_12616_length_1413_cov_5.576205:hit:1775:3.2.0.0","TRINITY_DN15410_c0_g1_i3",353,"NODE_12616_length_1413_cov_5.576205","blastn",[[1,546,929,1,"M383","NODE_12616_length_1413_cov_5.576205:hsp:3715:3.2.0.0",353,"NODE_12616_length_1413_cov_5.576205","blastn","TRINITY_DN15410_c0_g1_i3 1 383 +","match_part"]],"391","expressed_sequence_match"]]}],[0,712,1067,1,"NODE_12616_length_1413_cov_5.576205:hit:1776:3.2.0.0","TRINITY_DN15410_c0_g1_i2",59,"NODE_12616_length_1413_cov_5.576205","blastn",[[1,712,795,1,"M83","NODE_12616_length_1413_cov_5.576205:hsp:3716:3.2.0.0",59,"NODE_12616_length_1413_cov_5.576205","blastn","TRINITY_DN15410_c0_g1_i2 188 270 +","match_part"],[1,871,1067,1,"M196","NODE_12616_length_1413_cov_5.576205:hsp:3717:3.2.0.0",154,"NODE_12616_length_1413_cov_5.576205","blastn","TRINITY_DN15410_c0_g1_i2 271 466 +","match_part"]],"466","expressed_sequence_match"]],"urlTemplate":"lf-{Chunk}.json"}}