{"featureCount":7,"formatVersion":1,"histograms":{"meta":[{"arrayParams":{"chunkSize":10000,"length":2,"urlTemplate":"hist-5000-{Chunk}.json"},"basesPerBin":"5000"}],"stats":[{"basesPerBin":"5000","max":7,"mean":3.5}]},"intervals":{"classes":[{"attributes":["Start","End","Strand","Aligned_coverage","Aligned_identity","Id","Name","Score","Seq_id","Source","Subfeatures","Target_length","Type"],"isArrayAttr":{"Subfeatures":1}},{"attributes":["Start","End","Strand","Gap","Id","Score","Seq_id","Source","Target","Type"],"isArrayAttr":{}},{"attributes":["Start","End","Chunk"],"isArrayAttr":{"Sublist":1}}],"count":7,"lazyClass":2,"maxEnd":8309,"minStart":6653,"nclist":[[0,6653,7956,1,"99.68","98.6","NODE_1816_length_12314_cov_7.273160:hit:117521:3.2.0.0","TRINITY_DN2975_c0_g1_i7",4459,"NODE_1816_length_12314_cov_7.273160","est2genome",[[1,6653,6942,1,"M289","NODE_1816_length_12314_cov_7.273160:hsp:582202:3.2.0.0",4459,"NODE_1816_length_12314_cov_7.273160","est2genome","TRINITY_DN2975_c0_g1_i7 646 934 -","match_part"],[1,7021,7084,1,"M63","NODE_1816_length_12314_cov_7.273160:hsp:582203:3.2.0.0",4459,"NODE_1816_length_12314_cov_7.273160","est2genome","TRINITY_DN2975_c0_g1_i7 583 645 -","match_part"],[1,7164,7204,1,"M40","NODE_1816_length_12314_cov_7.273160:hsp:582204:3.2.0.0",4459,"NODE_1816_length_12314_cov_7.273160","est2genome","TRINITY_DN2975_c0_g1_i7 543 582 -","match_part"],[1,7279,7302,1,"M23","NODE_1816_length_12314_cov_7.273160:hsp:582205:3.2.0.0",4459,"NODE_1816_length_12314_cov_7.273160","est2genome","TRINITY_DN2975_c0_g1_i7 520 542 -","match_part"],[1,7369,7549,1,"M180","NODE_1816_length_12314_cov_7.273160:hsp:582206:3.2.0.0",4459,"NODE_1816_length_12314_cov_7.273160","est2genome","TRINITY_DN2975_c0_g1_i7 340 519 -","match_part"],[1,7617,7956,1,"M339","NODE_1816_length_12314_cov_7.273160:hsp:582207:3.2.0.0",4459,"NODE_1816_length_12314_cov_7.273160","est2genome","TRINITY_DN2975_c0_g1_i7 1 339 -","match_part"]],"937","expressed_sequence_match"],[0,6653,7956,1,"99.68","98.9","NODE_1816_length_12314_cov_7.273160:hit:117522:3.2.0.0","TRINITY_DN2975_c0_g1_i3",4481,"NODE_1816_length_12314_cov_7.273160","est2genome",[[1,6653,6942,1,"M289","NODE_1816_length_12314_cov_7.273160:hsp:582208:3.2.0.0",4481,"NODE_1816_length_12314_cov_7.273160","est2genome","TRINITY_DN2975_c0_g1_i3 645 933 -","match_part"],[1,7021,7084,1,"M63","NODE_1816_length_12314_cov_7.273160:hsp:582209:3.2.0.0",4481,"NODE_1816_length_12314_cov_7.273160","est2genome","TRINITY_DN2975_c0_g1_i3 582 644 -","match_part"],[1,7164,7204,1,"M40","NODE_1816_length_12314_cov_7.273160:hsp:582210:3.2.0.0",4481,"NODE_1816_length_12314_cov_7.273160","est2genome","TRINITY_DN2975_c0_g1_i3 542 581 -","match_part"],[1,7279,7434,1,"M155","NODE_1816_length_12314_cov_7.273160:hsp:582211:3.2.0.0",4481,"NODE_1816_length_12314_cov_7.273160","est2genome","TRINITY_DN2975_c0_g1_i3 387 541 -","match_part"],[1,7502,7549,1,"M47","NODE_1816_length_12314_cov_7.273160:hsp:582212:3.2.0.0",4481,"NODE_1816_length_12314_cov_7.273160","est2genome","TRINITY_DN2975_c0_g1_i3 340 386 -","match_part"],[1,7617,7956,1,"M339","NODE_1816_length_12314_cov_7.273160:hsp:582213:3.2.0.0",4481,"NODE_1816_length_12314_cov_7.273160","est2genome","TRINITY_DN2975_c0_g1_i3 1 339 -","match_part"]],"936","expressed_sequence_match"],[0,6653,7956,1,"99.65","98.8","NODE_1816_length_12314_cov_7.273160:hit:117523:3.2.0.0","TRINITY_DN2975_c0_g1_i8",4124,"NODE_1816_length_12314_cov_7.273160","est2genome",[[1,6653,6942,1,"M289","NODE_1816_length_12314_cov_7.273160:hsp:582214:3.2.0.0",4124,"NODE_1816_length_12314_cov_7.273160","est2genome","TRINITY_DN2975_c0_g1_i8 578 866 -","match_part"],[1,7021,7084,1,"M63","NODE_1816_length_12314_cov_7.273160:hsp:582215:3.2.0.0",4124,"NODE_1816_length_12314_cov_7.273160","est2genome","TRINITY_DN2975_c0_g1_i8 515 577 -","match_part"],[1,7164,7204,1,"M40","NODE_1816_length_12314_cov_7.273160:hsp:582216:3.2.0.0",4124,"NODE_1816_length_12314_cov_7.273160","est2genome","TRINITY_DN2975_c0_g1_i8 475 514 -","match_part"],[1,7279,7302,1,"M23","NODE_1816_length_12314_cov_7.273160:hsp:582217:3.2.0.0",4124,"NODE_1816_length_12314_cov_7.273160","est2genome","TRINITY_DN2975_c0_g1_i8 452 474 -","match_part"],[1,7369,7434,1,"M65","NODE_1816_length_12314_cov_7.273160:hsp:582218:3.2.0.0",4124,"NODE_1816_length_12314_cov_7.273160","est2genome","TRINITY_DN2975_c0_g1_i8 387 451 -","match_part"],[1,7502,7549,1,"M47","NODE_1816_length_12314_cov_7.273160:hsp:582219:3.2.0.0",4124,"NODE_1816_length_12314_cov_7.273160","est2genome","TRINITY_DN2975_c0_g1_i8 340 386 -","match_part"],[1,7617,7956,1,"M339","NODE_1816_length_12314_cov_7.273160:hsp:582220:3.2.0.0",4124,"NODE_1816_length_12314_cov_7.273160","est2genome","TRINITY_DN2975_c0_g1_i8 1 339 -","match_part"]],"869","expressed_sequence_match"],[0,6919,7956,1,"100","99.6","NODE_1816_length_12314_cov_7.273160:hit:117524:3.2.0.0","TRINITY_DN2975_c0_g1_i6",3627,"NODE_1816_length_12314_cov_7.273160","est2genome",[[1,6919,7084,1,"M165","NODE_1816_length_12314_cov_7.273160:hsp:582221:3.2.0.0",3627,"NODE_1816_length_12314_cov_7.273160","est2genome","TRINITY_DN2975_c0_g1_i6 582 746 -","match_part"],[1,7164,7204,1,"M40","NODE_1816_length_12314_cov_7.273160:hsp:582222:3.2.0.0",3627,"NODE_1816_length_12314_cov_7.273160","est2genome","TRINITY_DN2975_c0_g1_i6 542 581 -","match_part"],[1,7279,7434,1,"M155","NODE_1816_length_12314_cov_7.273160:hsp:582223:3.2.0.0",3627,"NODE_1816_length_12314_cov_7.273160","est2genome","TRINITY_DN2975_c0_g1_i6 387 541 -","match_part"],[1,7502,7549,1,"M47","NODE_1816_length_12314_cov_7.273160:hsp:582224:3.2.0.0",3627,"NODE_1816_length_12314_cov_7.273160","est2genome","TRINITY_DN2975_c0_g1_i6 340 386 -","match_part"],[1,7617,7956,1,"M339","NODE_1816_length_12314_cov_7.273160:hsp:582225:3.2.0.0",3627,"NODE_1816_length_12314_cov_7.273160","est2genome","TRINITY_DN2975_c0_g1_i6 1 339 -","match_part"]],"746","expressed_sequence_match"],[0,7061,7956,1,"100","98.9","NODE_1816_length_12314_cov_7.273160:hit:117525:3.2.0.0","TRINITY_DN2975_c0_g1_i1",3653,"NODE_1816_length_12314_cov_7.273160","est2genome",[[1,7061,7204,1,"M143","NODE_1816_length_12314_cov_7.273160:hsp:582226:3.2.0.0",3653,"NODE_1816_length_12314_cov_7.273160","est2genome","TRINITY_DN2975_c0_g1_i1 610 752 -","match_part"],[1,7279,7549,1,"M270","NODE_1816_length_12314_cov_7.273160:hsp:582227:3.2.0.0",3653,"NODE_1816_length_12314_cov_7.273160","est2genome","TRINITY_DN2975_c0_g1_i1 340 609 -","match_part"],[1,7617,7956,1,"M339","NODE_1816_length_12314_cov_7.273160:hsp:582228:3.2.0.0",3653,"NODE_1816_length_12314_cov_7.273160","est2genome","TRINITY_DN2975_c0_g1_i1 1 339 -","match_part"]],"752","expressed_sequence_match"],[0,7182,7956,1,"100","99.1","NODE_1816_length_12314_cov_7.273160:hit:117526:3.2.0.0","TRINITY_DN2975_c0_g1_i4",3100,"NODE_1816_length_12314_cov_7.273160","est2genome",[[1,7182,7434,1,"M252","NODE_1816_length_12314_cov_7.273160:hsp:582229:3.2.0.0",3100,"NODE_1816_length_12314_cov_7.273160","est2genome","TRINITY_DN2975_c0_g1_i4 387 638 -","match_part"],[1,7502,7549,1,"M47","NODE_1816_length_12314_cov_7.273160:hsp:582230:3.2.0.0",3100,"NODE_1816_length_12314_cov_7.273160","est2genome","TRINITY_DN2975_c0_g1_i4 340 386 -","match_part"],[1,7617,7956,1,"M339","NODE_1816_length_12314_cov_7.273160:hsp:582231:3.2.0.0",3100,"NODE_1816_length_12314_cov_7.273160","est2genome","TRINITY_DN2975_c0_g1_i4 1 339 -","match_part"]],"638","expressed_sequence_match"],[0,7958,8309,1,"100","100","NODE_1816_length_12314_cov_7.273160:hit:117527:3.2.0.0","TRINITY_DN37001_c0_g1_i1",1755,"NODE_1816_length_12314_cov_7.273160","est2genome",[[1,7958,8309,1,"M351","NODE_1816_length_12314_cov_7.273160:hsp:582232:3.2.0.0",1755,"NODE_1816_length_12314_cov_7.273160","est2genome","TRINITY_DN37001_c0_g1_i1 1 351 -","match_part"]],"351","expressed_sequence_match"]],"urlTemplate":"lf-{Chunk}.json"}}