{"featureCount":2,"formatVersion":1,"histograms":{"meta":[{"arrayParams":{"chunkSize":10000,"length":1,"urlTemplate":"hist-5000-{Chunk}.json"},"basesPerBin":"5000"}],"stats":[{"basesPerBin":"5000","max":2,"mean":2}]},"intervals":{"classes":[{"attributes":["Start","End","Strand","Id","Name","Seq_id","Source","Subfeatures","Target_length","Type"],"isArrayAttr":{"Subfeatures":1}},{"attributes":["Start","End","Strand","Gap","Id","Seq_id","Source","Target","Type"],"isArrayAttr":{}},{"attributes":["Start","End","Strand","Id","Seq_id","Source","Target","Type"],"isArrayAttr":{}},{"attributes":["Start","End","Chunk"],"isArrayAttr":{"Sublist":1}}],"count":2,"lazyClass":3,"maxEnd":2289,"minStart":38,"nclist":[[0,38,1500,-1,"NODE_5294_length_4782_cov_2.020561:hit:14083:4.5.0.0","genemark-NODE_5294_length_4782_cov_2.020561-abinit-gene-0.1-mRNA-1","NODE_5294_length_4782_cov_2.020561","genemark",[[1,1301,1500,-1,"M199","NODE_5294_length_4782_cov_2.020561:hsp:48614:4.5.0.0","NODE_5294_length_4782_cov_2.020561","genemark","genemark-NODE_5294_length_4782_cov_2.020561-abinit-gene-0.1-mRNA-1 339 537 +","match_part"],[1,1143,1221,-1,"M78","NODE_5294_length_4782_cov_2.020561:hsp:48615:4.5.0.0","NODE_5294_length_4782_cov_2.020561","genemark","genemark-NODE_5294_length_4782_cov_2.020561-abinit-gene-0.1-mRNA-1 261 338 +","match_part"],[1,1030,1054,-1,"M24","NODE_5294_length_4782_cov_2.020561:hsp:48616:4.5.0.0","NODE_5294_length_4782_cov_2.020561","genemark","genemark-NODE_5294_length_4782_cov_2.020561-abinit-gene-0.1-mRNA-1 237 260 +","match_part"],[1,833,956,-1,"M123","NODE_5294_length_4782_cov_2.020561:hsp:48617:4.5.0.0","NODE_5294_length_4782_cov_2.020561","genemark","genemark-NODE_5294_length_4782_cov_2.020561-abinit-gene-0.1-mRNA-1 114 236 +","match_part"],[1,136,217,-1,"M81","NODE_5294_length_4782_cov_2.020561:hsp:48618:4.5.0.0","NODE_5294_length_4782_cov_2.020561","genemark","genemark-NODE_5294_length_4782_cov_2.020561-abinit-gene-0.1-mRNA-1 33 113 +","match_part"],[1,38,70,-1,"M32","NODE_5294_length_4782_cov_2.020561:hsp:48619:4.5.0.0","NODE_5294_length_4782_cov_2.020561","genemark","genemark-NODE_5294_length_4782_cov_2.020561-abinit-gene-0.1-mRNA-1 1 32 +","match_part"]],"4782","match"],[0,2028,2289,-1,"NODE_5294_length_4782_cov_2.020561:hit:14085:4.5.0.0","genemark-NODE_5294_length_4782_cov_2.020561-abinit-gene-0.2-mRNA-1","NODE_5294_length_4782_cov_2.020561","genemark",[[1,2028,2289,-1,"M261","NODE_5294_length_4782_cov_2.020561:hsp:48623:4.5.0.0","NODE_5294_length_4782_cov_2.020561","genemark","genemark-NODE_5294_length_4782_cov_2.020561-abinit-gene-0.2-mRNA-1 1 261 +","match_part"]],"4782","match"]],"urlTemplate":"lf-{Chunk}.json"}}