{"featureCount":2,"formatVersion":1,"histograms":{"meta":[{"arrayParams":{"chunkSize":10000,"length":1,"urlTemplate":"hist-10000-{Chunk}.json"},"basesPerBin":"10000"}],"stats":[{"basesPerBin":"10000","max":2,"mean":2}]},"intervals":{"classes":[{"attributes":["Start","End","Strand","Id","Name","Score","Seq_id","Source","Subfeatures","Target_length","Type"],"isArrayAttr":{"Subfeatures":1}},{"attributes":["Start","End","Strand","Gap","Id","Score","Seq_id","Source","Target","Type"],"isArrayAttr":{}},{"attributes":["Start","End","Chunk"],"isArrayAttr":{"Sublist":1}}],"count":2,"lazyClass":2,"maxEnd":6237,"minStart":344,"nclist":[[0,344,3027,1,"NODE_3606_length_6819_cov_4.678273:hit:35740:4.5.0.0","augustus-NODE_3606_length_6819_cov_4.678273-abinit-gene-0.7-mRNA-1",0.59,"NODE_3606_length_6819_cov_4.678273","augustus",[[1,344,508,1,"M164","NODE_3606_length_6819_cov_4.678273:hsp:147582:4.5.0.0",0.59,"NODE_3606_length_6819_cov_4.678273","augustus","augustus-NODE_3606_length_6819_cov_4.678273-abinit-gene-0.7-mRNA-1 1 164 +","match_part"],[1,696,1063,1,"M367","NODE_3606_length_6819_cov_4.678273:hsp:147583:4.5.0.0",0.59,"NODE_3606_length_6819_cov_4.678273","augustus","augustus-NODE_3606_length_6819_cov_4.678273-abinit-gene-0.7-mRNA-1 165 531 +","match_part"],[1,1134,2246,1,"M1112","NODE_3606_length_6819_cov_4.678273:hsp:147584:4.5.0.0",0.59,"NODE_3606_length_6819_cov_4.678273","augustus","augustus-NODE_3606_length_6819_cov_4.678273-abinit-gene-0.7-mRNA-1 532 1643 +","match_part"],[1,2318,3027,1,"M709","NODE_3606_length_6819_cov_4.678273:hsp:147585:4.5.0.0",0.59,"NODE_3606_length_6819_cov_4.678273","augustus","augustus-NODE_3606_length_6819_cov_4.678273-abinit-gene-0.7-mRNA-1 1644 2352 +","match_part"]],"6819","match"],[0,3234,6237,-1,"NODE_3606_length_6819_cov_4.678273:hit:35743:4.5.0.0","augustus-NODE_3606_length_6819_cov_4.678273-abinit-gene-0.8-mRNA-1",0.51,"NODE_3606_length_6819_cov_4.678273","augustus",[[1,5850,6237,-1,"M387","NODE_3606_length_6819_cov_4.678273:hsp:147593:4.5.0.0",0.51,"NODE_3606_length_6819_cov_4.678273","augustus","augustus-NODE_3606_length_6819_cov_4.678273-abinit-gene-0.8-mRNA-1 2356 2742 +","match_part"],[1,4330,5784,-1,"M1454","NODE_3606_length_6819_cov_4.678273:hsp:147594:4.5.0.0",0.51,"NODE_3606_length_6819_cov_4.678273","augustus","augustus-NODE_3606_length_6819_cov_4.678273-abinit-gene-0.8-mRNA-1 902 2355 +","match_part"],[1,3799,4268,-1,"M469","NODE_3606_length_6819_cov_4.678273:hsp:147595:4.5.0.0",0.51,"NODE_3606_length_6819_cov_4.678273","augustus","augustus-NODE_3606_length_6819_cov_4.678273-abinit-gene-0.8-mRNA-1 433 901 +","match_part"],[1,3677,3734,-1,"M57","NODE_3606_length_6819_cov_4.678273:hsp:147596:4.5.0.0",0.51,"NODE_3606_length_6819_cov_4.678273","augustus","augustus-NODE_3606_length_6819_cov_4.678273-abinit-gene-0.8-mRNA-1 376 432 +","match_part"],[1,3234,3609,-1,"M375","NODE_3606_length_6819_cov_4.678273:hsp:147597:4.5.0.0",0.51,"NODE_3606_length_6819_cov_4.678273","augustus","augustus-NODE_3606_length_6819_cov_4.678273-abinit-gene-0.8-mRNA-1 1 375 +","match_part"]],"6819","match"]],"urlTemplate":"lf-{Chunk}.json"}}