{"featureCount":2,"formatVersion":1,"histograms":{"meta":[{"arrayParams":{"chunkSize":10000,"length":1,"urlTemplate":"hist-10000-{Chunk}.json"},"basesPerBin":"10000"}],"stats":[{"basesPerBin":"10000","max":2,"mean":2}]},"intervals":{"classes":[{"attributes":["Start","End","Strand","Id","Name","Seq_id","Source","Subfeatures","Target_length","Type"],"isArrayAttr":{"Subfeatures":1}},{"attributes":["Start","End","Strand","Gap","Id","Seq_id","Source","Target","Type"],"isArrayAttr":{}},{"attributes":["Start","End","Strand","Id","Seq_id","Source","Target","Type"],"isArrayAttr":{}},{"attributes":["Start","End","Chunk"],"isArrayAttr":{"Sublist":1}}],"count":2,"lazyClass":3,"maxEnd":7027,"minStart":9,"nclist":[[0,9,3205,1,"NODE_3471_length_7055_cov_10.581871:hit:33533:4.5.0.0","genemark-NODE_3471_length_7055_cov_10.581871-abinit-gene-0.3-mRNA-1","NODE_3471_length_7055_cov_10.581871","genemark",[[1,9,145,1,"M136","NODE_3471_length_7055_cov_10.581871:hsp:139539:4.5.0.0","NODE_3471_length_7055_cov_10.581871","genemark","genemark-NODE_3471_length_7055_cov_10.581871-abinit-gene-0.3-mRNA-1 1 136 +","match_part"],[1,210,538,1,"M328","NODE_3471_length_7055_cov_10.581871:hsp:139540:4.5.0.0","NODE_3471_length_7055_cov_10.581871","genemark","genemark-NODE_3471_length_7055_cov_10.581871-abinit-gene-0.3-mRNA-1 137 464 +","match_part"],[1,605,716,1,"M111","NODE_3471_length_7055_cov_10.581871:hsp:139541:4.5.0.0","NODE_3471_length_7055_cov_10.581871","genemark","genemark-NODE_3471_length_7055_cov_10.581871-abinit-gene-0.3-mRNA-1 465 575 +","match_part"],[1,781,1704,1,"M923","NODE_3471_length_7055_cov_10.581871:hsp:139542:4.5.0.0","NODE_3471_length_7055_cov_10.581871","genemark","genemark-NODE_3471_length_7055_cov_10.581871-abinit-gene-0.3-mRNA-1 576 1498 +","match_part"],[1,1770,3094,1,"M1324","NODE_3471_length_7055_cov_10.581871:hsp:139543:4.5.0.0","NODE_3471_length_7055_cov_10.581871","genemark","genemark-NODE_3471_length_7055_cov_10.581871-abinit-gene-0.3-mRNA-1 1499 2822 +","match_part"],[1,3165,3205,1,"M40","NODE_3471_length_7055_cov_10.581871:hsp:139544:4.5.0.0","NODE_3471_length_7055_cov_10.581871","genemark","genemark-NODE_3471_length_7055_cov_10.581871-abinit-gene-0.3-mRNA-1 2823 2862 +","match_part"]],"7055","match"],[0,3244,7027,-1,"NODE_3471_length_7055_cov_10.581871:hit:33536:4.5.0.0","genemark-NODE_3471_length_7055_cov_10.581871-abinit-gene-0.4-mRNA-1","NODE_3471_length_7055_cov_10.581871","genemark",[[1,6995,7027,-1,"M32","NODE_3471_length_7055_cov_10.581871:hsp:139555:4.5.0.0","NODE_3471_length_7055_cov_10.581871","genemark","genemark-NODE_3471_length_7055_cov_10.581871-abinit-gene-0.4-mRNA-1 2816 2847 +","match_part"],[1,6824,6897,-1,"M73","NODE_3471_length_7055_cov_10.581871:hsp:139556:4.5.0.0","NODE_3471_length_7055_cov_10.581871","genemark","genemark-NODE_3471_length_7055_cov_10.581871-abinit-gene-0.4-mRNA-1 2743 2815 +","match_part"],[1,6301,6423,-1,"M122","NODE_3471_length_7055_cov_10.581871:hsp:139557:4.5.0.0","NODE_3471_length_7055_cov_10.581871","genemark","genemark-NODE_3471_length_7055_cov_10.581871-abinit-gene-0.4-mRNA-1 2621 2742 +","match_part"],[1,5962,6223,-1,"M261","NODE_3471_length_7055_cov_10.581871:hsp:139558:4.5.0.0","NODE_3471_length_7055_cov_10.581871","genemark","genemark-NODE_3471_length_7055_cov_10.581871-abinit-gene-0.4-mRNA-1 2360 2620 +","match_part"],[1,5529,5886,-1,"M357","NODE_3471_length_7055_cov_10.581871:hsp:139559:4.5.0.0","NODE_3471_length_7055_cov_10.581871","genemark","genemark-NODE_3471_length_7055_cov_10.581871-abinit-gene-0.4-mRNA-1 2003 2359 +","match_part"],[1,4413,5468,-1,"M1055","NODE_3471_length_7055_cov_10.581871:hsp:139560:4.5.0.0","NODE_3471_length_7055_cov_10.581871","genemark","genemark-NODE_3471_length_7055_cov_10.581871-abinit-gene-0.4-mRNA-1 948 2002 +","match_part"],[1,3879,4339,-1,"M460","NODE_3471_length_7055_cov_10.581871:hsp:139561:4.5.0.0","NODE_3471_length_7055_cov_10.581871","genemark","genemark-NODE_3471_length_7055_cov_10.581871-abinit-gene-0.4-mRNA-1 488 947 +","match_part"],[1,3756,3813,-1,"M57","NODE_3471_length_7055_cov_10.581871:hsp:139562:4.5.0.0","NODE_3471_length_7055_cov_10.581871","genemark","genemark-NODE_3471_length_7055_cov_10.581871-abinit-gene-0.4-mRNA-1 431 487 +","match_part"],[1,3244,3674,-1,"M430","NODE_3471_length_7055_cov_10.581871:hsp:139563:4.5.0.0","NODE_3471_length_7055_cov_10.581871","genemark","genemark-NODE_3471_length_7055_cov_10.581871-abinit-gene-0.4-mRNA-1 1 430 +","match_part"]],"7055","match"]],"urlTemplate":"lf-{Chunk}.json"}}