{"featureCount":3,"formatVersion":1,"histograms":{"meta":[{"arrayParams":{"chunkSize":10000,"length":1,"urlTemplate":"hist-1000-{Chunk}.json"},"basesPerBin":"1000"}],"stats":[{"basesPerBin":"1000","max":3,"mean":3}]},"intervals":{"classes":[{"attributes":["Start","End","Strand","Id","Name","Score","Seq_id","Source","Subfeatures","Target_length","Type"],"isArrayAttr":{"Subfeatures":1}},{"attributes":["Start","End","Strand","Gap","Id","Score","Seq_id","Source","Target","Type"],"isArrayAttr":{}},{"attributes":["Start","End","Chunk"],"isArrayAttr":{"Sublist":1}}],"count":3,"lazyClass":2,"maxEnd":881,"minStart":0,"nclist":[[0,0,881,-1,"NODE_16343_length_1028_cov_2.564928:hit:885:3.2.0.0","TRINITY_DN1526_c0_g1_i16",63,"NODE_16343_length_1028_cov_2.564928","blastn",[[1,818,881,-1,"M63","NODE_16343_length_1028_cov_2.564928:hsp:2146:3.2.0.0",63,"NODE_16343_length_1028_cov_2.564928","blastn","TRINITY_DN1526_c0_g1_i16 7 69 +","match_part"],[1,663,727,-1,"M64","NODE_16343_length_1028_cov_2.564928:hsp:2147:3.2.0.0",64,"NODE_16343_length_1028_cov_2.564928","blastn","TRINITY_DN1526_c0_g1_i16 68 131 +","match_part"],[1,0,620,-1,"M76 I8 M57 D4 M78 I3 M28 D1 M89 I1 M287","NODE_16343_length_1028_cov_2.564928:hsp:2148:3.2.0.0",415,"NODE_16343_length_1028_cov_2.564928","blastn","TRINITY_DN1526_c0_g1_i16 189 815 +","match_part"]],"979","expressed_sequence_match"],[0,486,881,-1,"NODE_16343_length_1028_cov_2.564928:hit:886:3.2.0.0","TRINITY_DN1526_c0_g1_i5",63,"NODE_16343_length_1028_cov_2.564928","blastn",[[1,818,881,-1,"M63","NODE_16343_length_1028_cov_2.564928:hsp:2149:3.2.0.0",63,"NODE_16343_length_1028_cov_2.564928","blastn","TRINITY_DN1526_c0_g1_i5 7 69 +","match_part"],[1,486,727,-1,"M45 D2 M194","NODE_16343_length_1028_cov_2.564928:hsp:2150:3.2.0.0",188,"NODE_16343_length_1028_cov_2.564928","blastn","TRINITY_DN1526_c0_g1_i5 68 306 +","match_part"]],"324","expressed_sequence_match"],[0,486,881,-1,"NODE_16343_length_1028_cov_2.564928:hit:887:3.2.0.0","TRINITY_DN1526_c0_g1_i13",63,"NODE_16343_length_1028_cov_2.564928","blastn",[[1,818,881,-1,"M63","NODE_16343_length_1028_cov_2.564928:hsp:2151:3.2.0.0",63,"NODE_16343_length_1028_cov_2.564928","blastn","TRINITY_DN1526_c0_g1_i13 7 69 +","match_part"],[1,486,727,-1,"M45 I1 M196","NODE_16343_length_1028_cov_2.564928:hsp:2152:3.2.0.0",189,"NODE_16343_length_1028_cov_2.564928","blastn","TRINITY_DN1526_c0_g1_i13 68 309 +","match_part"]],"327","expressed_sequence_match"]],"urlTemplate":"lf-{Chunk}.json"}}