{"featureCount":3,"formatVersion":1,"histograms":{"meta":[{"arrayParams":{"chunkSize":10000,"length":1,"urlTemplate":"hist-10000-{Chunk}.json"},"basesPerBin":"10000"}],"stats":[{"basesPerBin":"10000","max":3,"mean":3}]},"intervals":{"classes":[{"attributes":["Start","End","Strand","Aligned_coverage","Aligned_identity","Id","Name","Score","Seq_id","Source","Subfeatures","Target_length","Type"],"isArrayAttr":{"Subfeatures":1}},{"attributes":["Start","End","Strand","Gap","Id","Score","Seq_id","Source","Target","Type"],"isArrayAttr":{}},{"attributes":["Start","End","Chunk"],"isArrayAttr":{"Sublist":1}}],"count":3,"lazyClass":2,"maxEnd":7964,"minStart":7590,"nclist":[[0,7590,7964,1,"99.67","96.4","NODE_3028_length_8031_cov_3.560152:hit:25058:3.2.0.0","TRINITY_DN10164_c0_g1_i4",1394,"NODE_3028_length_8031_cov_3.560152","est2genome",[[1,7590,7823,1,"M63 I1 M170","NODE_3028_length_8031_cov_3.560152:hsp:107015:3.2.0.0",1394,"NODE_3028_length_8031_cov_3.560152","est2genome","TRINITY_DN10164_c0_g1_i4 2 235 +","match_part"],[1,7891,7964,1,"M7 D1 M65","NODE_3028_length_8031_cov_3.560152:hsp:107016:3.2.0.0",1394,"NODE_3028_length_8031_cov_3.560152","est2genome","TRINITY_DN10164_c0_g1_i4 236 307 +","match_part"]],"307","expressed_sequence_match",{"Sublist":[[0,7590,7903,1,"99.69","96.2","NODE_3028_length_8031_cov_3.560152:hit:25059:3.2.0.0","TRINITY_DN10164_c0_g1_i1",1461,"NODE_3028_length_8031_cov_3.560152","est2genome",[[1,7590,7903,1,"M63 I1 M200 I3 M50","NODE_3028_length_8031_cov_3.560152:hsp:107017:3.2.0.0",1461,"NODE_3028_length_8031_cov_3.560152","est2genome","TRINITY_DN10164_c0_g1_i1 2 318 +","match_part"]],"318","expressed_sequence_match",{"Sublist":[[0,7590,7884,1,"98.66","96.3","NODE_3028_length_8031_cov_3.560152:hit:25060:3.2.0.0","TRINITY_DN10164_c0_g1_i2",1368,"NODE_3028_length_8031_cov_3.560152","est2genome",[[1,7590,7884,1,"M63 I1 M231","NODE_3028_length_8031_cov_3.560152:hsp:107018:3.2.0.0",1368,"NODE_3028_length_8031_cov_3.560152","est2genome","TRINITY_DN10164_c0_g1_i2 2 296 +","match_part"]],"299","expressed_sequence_match"]]}]]}]],"urlTemplate":"lf-{Chunk}.json"}}