{"featureCount":4,"formatVersion":1,"histograms":{"meta":[{"arrayParams":{"chunkSize":10000,"length":1,"urlTemplate":"hist-2000-{Chunk}.json"},"basesPerBin":"2000"}],"stats":[{"basesPerBin":"2000","max":4,"mean":4}]},"intervals":{"classes":[{"attributes":["Start","End","Strand","Id","Name","Score","Seq_id","Source","Subfeatures","Target_length","Type"],"isArrayAttr":{"Subfeatures":1}},{"attributes":["Start","End","Strand","Gap","Id","Score","Seq_id","Source","Target","Type"],"isArrayAttr":{}},{"attributes":["Start","End","Chunk"],"isArrayAttr":{"Sublist":1}}],"count":4,"lazyClass":2,"maxEnd":1766,"minStart":104,"nclist":[[0,104,519,1,"NODE_5964_length_4123_cov_7.721722:hit:19905:3.2.0.0","TRINITY_DN10243_c0_g1_i5",319,"NODE_5964_length_4123_cov_7.721722","blastn",[[1,104,519,1,"M415","NODE_5964_length_4123_cov_7.721722:hsp:68277:3.2.0.0",319,"NODE_5964_length_4123_cov_7.721722","blastn","TRINITY_DN10243_c0_g1_i5 147 561 +","match_part"]],"561","expressed_sequence_match"],[0,104,519,1,"NODE_5964_length_4123_cov_7.721722:hit:19906:3.2.0.0","TRINITY_DN10243_c0_g1_i2",337,"NODE_5964_length_4123_cov_7.721722","blastn",[[1,104,519,1,"M415","NODE_5964_length_4123_cov_7.721722:hsp:68278:3.2.0.0",337,"NODE_5964_length_4123_cov_7.721722","blastn","TRINITY_DN10243_c0_g1_i2 147 561 +","match_part"]],"561","expressed_sequence_match"],[0,104,519,1,"NODE_5964_length_4123_cov_7.721722:hit:19907:3.2.0.0","TRINITY_DN10243_c0_g1_i3",325,"NODE_5964_length_4123_cov_7.721722","blastn",[[1,104,519,1,"M415","NODE_5964_length_4123_cov_7.721722:hsp:68279:3.2.0.0",325,"NODE_5964_length_4123_cov_7.721722","blastn","TRINITY_DN10243_c0_g1_i3 147 561 +","match_part"]],"561","expressed_sequence_match"],[0,1180,1766,1,"NODE_5964_length_4123_cov_7.721722:hit:19908:3.2.0.0","TRINITY_DN8398_c0_g1_i1",550,"NODE_5964_length_4123_cov_7.721722","blastn",[[1,1180,1766,1,"M586","NODE_5964_length_4123_cov_7.721722:hsp:68280:3.2.0.0",550,"NODE_5964_length_4123_cov_7.721722","blastn","TRINITY_DN8398_c0_g1_i1 1 586 +","match_part"]],"586","expressed_sequence_match"]],"urlTemplate":"lf-{Chunk}.json"}}