{"featureCount":4,"formatVersion":1,"histograms":{"meta":[{"arrayParams":{"chunkSize":10000,"length":2,"urlTemplate":"hist-20000-{Chunk}.json"},"basesPerBin":"20000"}],"stats":[{"basesPerBin":"20000","max":4,"mean":2.5}]},"intervals":{"classes":[{"attributes":["Start","End","Strand","Id","Name","Score","Seq_id","Source","Subfeatures","Target_length","Type"],"isArrayAttr":{"Subfeatures":1}},{"attributes":["Start","End","Strand","Gap","Id","Score","Seq_id","Source","Target","Type"],"isArrayAttr":{}},{"attributes":["Start","End","Chunk"],"isArrayAttr":{"Sublist":1}}],"count":4,"lazyClass":2,"maxEnd":21097,"minStart":1371,"nclist":[[0,1371,5522,-1,"NODE_649_length_22491_cov_7.889376:hit:61512:4.5.0.0","augustus-NODE_649_length_22491_cov_7.889376-abinit-gene-0.2-mRNA-1",0.14,"NODE_649_length_22491_cov_7.889376","augustus",[[1,4863,5522,-1,"M659","NODE_649_length_22491_cov_7.889376:hsp:316283:4.5.0.0",0.14,"NODE_649_length_22491_cov_7.889376","augustus","augustus-NODE_649_length_22491_cov_7.889376-abinit-gene-0.2-mRNA-1 2696 3354 +","match_part"],[1,4553,4782,-1,"M229","NODE_649_length_22491_cov_7.889376:hsp:316284:4.5.0.0",0.14,"NODE_649_length_22491_cov_7.889376","augustus","augustus-NODE_649_length_22491_cov_7.889376-abinit-gene-0.2-mRNA-1 2467 2695 +","match_part"],[1,4285,4470,-1,"M185","NODE_649_length_22491_cov_7.889376:hsp:316285:4.5.0.0",0.14,"NODE_649_length_22491_cov_7.889376","augustus","augustus-NODE_649_length_22491_cov_7.889376-abinit-gene-0.2-mRNA-1 2282 2466 +","match_part"],[1,4095,4202,-1,"M107","NODE_649_length_22491_cov_7.889376:hsp:316286:4.5.0.0",0.14,"NODE_649_length_22491_cov_7.889376","augustus","augustus-NODE_649_length_22491_cov_7.889376-abinit-gene-0.2-mRNA-1 2175 2281 +","match_part"],[1,3691,3873,-1,"M182","NODE_649_length_22491_cov_7.889376:hsp:316287:4.5.0.0",0.14,"NODE_649_length_22491_cov_7.889376","augustus","augustus-NODE_649_length_22491_cov_7.889376-abinit-gene-0.2-mRNA-1 1993 2174 +","match_part"],[1,3315,3590,-1,"M275","NODE_649_length_22491_cov_7.889376:hsp:316288:4.5.0.0",0.14,"NODE_649_length_22491_cov_7.889376","augustus","augustus-NODE_649_length_22491_cov_7.889376-abinit-gene-0.2-mRNA-1 1718 1992 +","match_part"],[1,1824,3245,-1,"M1421","NODE_649_length_22491_cov_7.889376:hsp:316289:4.5.0.0",0.14,"NODE_649_length_22491_cov_7.889376","augustus","augustus-NODE_649_length_22491_cov_7.889376-abinit-gene-0.2-mRNA-1 297 1717 +","match_part"],[1,1677,1743,-1,"M66","NODE_649_length_22491_cov_7.889376:hsp:316290:4.5.0.0",0.14,"NODE_649_length_22491_cov_7.889376","augustus","augustus-NODE_649_length_22491_cov_7.889376-abinit-gene-0.2-mRNA-1 231 296 +","match_part"],[1,1371,1601,-1,"M230","NODE_649_length_22491_cov_7.889376:hsp:316291:4.5.0.0",0.14,"NODE_649_length_22491_cov_7.889376","augustus","augustus-NODE_649_length_22491_cov_7.889376-abinit-gene-0.2-mRNA-1 1 230 +","match_part"]],"22491","match"],[0,6937,7871,1,"NODE_649_length_22491_cov_7.889376:hit:61517:4.5.0.0","augustus-NODE_649_length_22491_cov_7.889376-abinit-gene-0.0-mRNA-1",0.12,"NODE_649_length_22491_cov_7.889376","augustus",[[1,6937,7013,1,"M76","NODE_649_length_22491_cov_7.889376:hsp:316310:4.5.0.0",0.12,"NODE_649_length_22491_cov_7.889376","augustus","augustus-NODE_649_length_22491_cov_7.889376-abinit-gene-0.0-mRNA-1 1 76 +","match_part"],[1,7123,7272,1,"M149","NODE_649_length_22491_cov_7.889376:hsp:316311:4.5.0.0",0.12,"NODE_649_length_22491_cov_7.889376","augustus","augustus-NODE_649_length_22491_cov_7.889376-abinit-gene-0.0-mRNA-1 77 225 +","match_part"],[1,7377,7428,1,"M51","NODE_649_length_22491_cov_7.889376:hsp:316312:4.5.0.0",0.12,"NODE_649_length_22491_cov_7.889376","augustus","augustus-NODE_649_length_22491_cov_7.889376-abinit-gene-0.0-mRNA-1 226 276 +","match_part"],[1,7514,7711,1,"M197","NODE_649_length_22491_cov_7.889376:hsp:316313:4.5.0.0",0.12,"NODE_649_length_22491_cov_7.889376","augustus","augustus-NODE_649_length_22491_cov_7.889376-abinit-gene-0.0-mRNA-1 277 473 +","match_part"],[1,7780,7871,1,"M91","NODE_649_length_22491_cov_7.889376:hsp:316314:4.5.0.0",0.12,"NODE_649_length_22491_cov_7.889376","augustus","augustus-NODE_649_length_22491_cov_7.889376-abinit-gene-0.0-mRNA-1 474 564 +","match_part"]],"22491","match"],[0,13912,15217,-1,"NODE_649_length_22491_cov_7.889376:hit:61518:4.5.0.0","augustus-NODE_649_length_22491_cov_7.889376-abinit-gene-0.3-mRNA-1",0.36,"NODE_649_length_22491_cov_7.889376","augustus",[[1,15177,15217,-1,"M40","NODE_649_length_22491_cov_7.889376:hsp:316315:4.5.0.0",0.36,"NODE_649_length_22491_cov_7.889376","augustus","augustus-NODE_649_length_22491_cov_7.889376-abinit-gene-0.3-mRNA-1 921 960 +","match_part"],[1,15042,15088,-1,"M46","NODE_649_length_22491_cov_7.889376:hsp:316316:4.5.0.0",0.36,"NODE_649_length_22491_cov_7.889376","augustus","augustus-NODE_649_length_22491_cov_7.889376-abinit-gene-0.3-mRNA-1 875 920 +","match_part"],[1,14917,14968,-1,"M51","NODE_649_length_22491_cov_7.889376:hsp:316317:4.5.0.0",0.36,"NODE_649_length_22491_cov_7.889376","augustus","augustus-NODE_649_length_22491_cov_7.889376-abinit-gene-0.3-mRNA-1 824 874 +","match_part"],[1,14509,14858,-1,"M349","NODE_649_length_22491_cov_7.889376:hsp:316318:4.5.0.0",0.36,"NODE_649_length_22491_cov_7.889376","augustus","augustus-NODE_649_length_22491_cov_7.889376-abinit-gene-0.3-mRNA-1 475 823 +","match_part"],[1,14330,14442,-1,"M112","NODE_649_length_22491_cov_7.889376:hsp:316319:4.5.0.0",0.36,"NODE_649_length_22491_cov_7.889376","augustus","augustus-NODE_649_length_22491_cov_7.889376-abinit-gene-0.3-mRNA-1 363 474 +","match_part"],[1,13912,14274,-1,"M362","NODE_649_length_22491_cov_7.889376:hsp:316320:4.5.0.0",0.36,"NODE_649_length_22491_cov_7.889376","augustus","augustus-NODE_649_length_22491_cov_7.889376-abinit-gene-0.3-mRNA-1 1 362 +","match_part"]],