{"featureCount":3,"formatVersion":1,"histograms":{"meta":[{"arrayParams":{"chunkSize":10000,"length":2,"urlTemplate":"hist-5000-{Chunk}.json"},"basesPerBin":"5000"}],"stats":[{"basesPerBin":"5000","max":3,"mean":3}]},"intervals":{"classes":[{"attributes":["Start","End","Strand","Id","Name","Score","Seq_id","Source","Subfeatures","Target_length","Type"],"isArrayAttr":{"Subfeatures":1}},{"attributes":["Start","End","Strand","Gap","Id","Score","Seq_id","Source","Target","Type"],"isArrayAttr":{}},{"attributes":["Start","End","Chunk"],"isArrayAttr":{"Sublist":1}}],"count":3,"lazyClass":2,"maxEnd":5034,"minStart":3342,"nclist":[[0,3342,5019,-1,"NODE_253_length_33409_cov_7.037558:hit:29927:3.10.0.0","sp|Q4PDT1.1|DBP3_USTMA",553,"NODE_253_length_33409_cov_7.037558","blastx",[[1,4794,5019,-1,"M2 I1 M45 I6 M28","NODE_253_length_33409_cov_7.037558:hsp:155068:3.10.0.0",131,"NODE_253_length_33409_cov_7.037558","blastx","sp|Q4PDT1.1|DBP3_USTMA 125 206","match_part"],[1,4375,4735,-1,"M21 I7 M6 D1 M27 D2 M63","NODE_253_length_33409_cov_7.037558:hsp:155069:3.10.0.0",304,"NODE_253_length_33409_cov_7.037558","blastx","sp|Q4PDT1.1|DBP3_USTMA 207 330","match_part"],[1,3342,4302,-1,"M15 D1 M5 D4 M62 D4 M66 D21 M13 D29 M53 D26 M21","NODE_253_length_33409_cov_7.037558:hsp:155070:3.10.0.0",553,"NODE_253_length_33409_cov_7.037558","blastx","sp|Q4PDT1.1|DBP3_USTMA 330 564","match_part"]],"585","protein_match"],[0,3489,5034,-1,"NODE_253_length_33409_cov_7.037558:hit:29928:3.10.0.0","sp|P0CQ78.1|DBP3_CRYNJ",551,"NODE_253_length_33409_cov_7.037558","blastx",[[1,4794,5034,-1,"M8 I2 M16 D4 M52","NODE_253_length_33409_cov_7.037558:hsp:155071:3.10.0.0",168,"NODE_253_length_33409_cov_7.037558","blastx","sp|P0CQ78.1|DBP3_CRYNJ 143 220","match_part"],[1,4378,4735,-1,"M12 D1 M14 I8 M28 D2 M20 D1 M41","NODE_253_length_33409_cov_7.037558:hsp:155072:3.10.0.0",260,"NODE_253_length_33409_cov_7.037558","blastx","sp|P0CQ78.1|DBP3_CRYNJ 221 343","match_part"],[1,3489,4299,-1,"M13 D1 M6 D4 M62 I1 M70 D21 M12 D29 M36 I2 M16","NODE_253_length_33409_cov_7.037558:hsp:155073:3.10.0.0",551,"NODE_253_length_33409_cov_7.037558","blastx","sp|P0CQ78.1|DBP3_CRYNJ 345 562","match_part"]],"605","protein_match"],[0,3489,5034,-1,"NODE_253_length_33409_cov_7.037558:hit:29929:3.10.0.0","sp|P0CQ79.1|DBP3_CRYNB",551,"NODE_253_length_33409_cov_7.037558","blastx",[[1,4794,5034,-1,"M8 I2 M16 D4 M52","NODE_253_length_33409_cov_7.037558:hsp:155074:3.10.0.0",168,"NODE_253_length_33409_cov_7.037558","blastx","sp|P0CQ79.1|DBP3_CRYNB 143 220","match_part"],[1,4378,4735,-1,"M12 D1 M13 I8 M29 D2 M20 D1 M41","NODE_253_length_33409_cov_7.037558:hsp:155075:3.10.0.0",261,"NODE_253_length_33409_cov_7.037558","blastx","sp|P0CQ79.1|DBP3_CRYNB 221 343","match_part"],[1,3489,4299,-1,"M13 D1 M6 D4 M62 I1 M70 D21 M12 D29 M36 I2 M16","NODE_253_length_33409_cov_7.037558:hsp:155076:3.10.0.0",551,"NODE_253_length_33409_cov_7.037558","blastx","sp|P0CQ79.1|DBP3_CRYNB 345 562","match_part"]],"605","protein_match"]],"urlTemplate":"lf-{Chunk}.json"}}