{"featureCount":1,"formatVersion":1,"histograms":{"meta":[{"arrayParams":{"chunkSize":10000,"length":1,"urlTemplate":"hist-10000-{Chunk}.json"},"basesPerBin":"10000"}],"stats":[{"basesPerBin":"10000","max":1,"mean":1}]},"intervals":{"classes":[{"attributes":["Start","End","Strand","Id","Name","Score","Seq_id","Source","Subfeatures","Target_length","Type"],"isArrayAttr":{"Subfeatures":1}},{"attributes":["Start","End","Strand","Gap","Id","Score","Seq_id","Source","Target","Type"],"isArrayAttr":{}},{"attributes":["Start","End","Chunk"],"isArrayAttr":{"Sublist":1}}],"count":1,"lazyClass":2,"maxEnd":3027,"minStart":835,"nclist":[[0,835,3027,1,"NODE_5501_length_4581_cov_6.443771:hit:15761:4.5.0.0","augustus-NODE_5501_length_4581_cov_6.443771-abinit-gene-0.1-mRNA-1",0.32,"NODE_5501_length_4581_cov_6.443771","augustus",[[1,835,1129,1,"M294","NODE_5501_length_4581_cov_6.443771:hsp:54434:4.5.0.0",0.32,"NODE_5501_length_4581_cov_6.443771","augustus","augustus-NODE_5501_length_4581_cov_6.443771-abinit-gene-0.1-mRNA-1 1 294 +","match_part"],[1,1274,1287,1,"M13","NODE_5501_length_4581_cov_6.443771:hsp:54435:4.5.0.0",0.32,"NODE_5501_length_4581_cov_6.443771","augustus","augustus-NODE_5501_length_4581_cov_6.443771-abinit-gene-0.1-mRNA-1 295 307 +","match_part"],[1,1362,1508,1,"M146","NODE_5501_length_4581_cov_6.443771:hsp:54436:4.5.0.0",0.32,"NODE_5501_length_4581_cov_6.443771","augustus","augustus-NODE_5501_length_4581_cov_6.443771-abinit-gene-0.1-mRNA-1 308 453 +","match_part"],[1,1737,1863,1,"M126","NODE_5501_length_4581_cov_6.443771:hsp:54437:4.5.0.0",0.32,"NODE_5501_length_4581_cov_6.443771","augustus","augustus-NODE_5501_length_4581_cov_6.443771-abinit-gene-0.1-mRNA-1 454 579 +","match_part"],[1,2000,2282,1,"M282","NODE_5501_length_4581_cov_6.443771:hsp:54438:4.5.0.0",0.32,"NODE_5501_length_4581_cov_6.443771","augustus","augustus-NODE_5501_length_4581_cov_6.443771-abinit-gene-0.1-mRNA-1 580 861 +","match_part"],[1,2375,2783,1,"M408","NODE_5501_length_4581_cov_6.443771:hsp:54439:4.5.0.0",0.32,"NODE_5501_length_4581_cov_6.443771","augustus","augustus-NODE_5501_length_4581_cov_6.443771-abinit-gene-0.1-mRNA-1 862 1269 +","match_part"],[1,2859,3027,1,"M168","NODE_5501_length_4581_cov_6.443771:hsp:54440:4.5.0.0",0.32,"NODE_5501_length_4581_cov_6.443771","augustus","augustus-NODE_5501_length_4581_cov_6.443771-abinit-gene-0.1-mRNA-1 1270 1437 +","match_part"]],"4581","match"]],"urlTemplate":"lf-{Chunk}.json"}}