{"featureCount":2,"formatVersion":1,"histograms":{"meta":[{"arrayParams":{"chunkSize":10000,"length":1,"urlTemplate":"hist-10000-{Chunk}.json"},"basesPerBin":"10000"}],"stats":[{"basesPerBin":"10000","max":2,"mean":2}]},"intervals":{"classes":[{"attributes":["Start","End","Strand","Id","Name","Seq_id","Source","Subfeatures","Target_length","Type"],"isArrayAttr":{"Subfeatures":1}},{"attributes":["Start","End","Strand","Gap","Id","Seq_id","Source","Target","Type"],"isArrayAttr":{}},{"attributes":["Start","End","Strand","Id","Seq_id","Source","Target","Type"],"isArrayAttr":{}},{"attributes":["Start","End","Chunk"],"isArrayAttr":{"Sublist":1}}],"count":2,"lazyClass":3,"maxEnd":5209,"minStart":67,"nclist":[[0,67,1224,-1,"NODE_4563_length_5631_cov_7.230741:hit:6346:4.5.0.0","genemark-NODE_4563_length_5631_cov_7.230741-abinit-gene-0.1-mRNA-1","NODE_4563_length_5631_cov_7.230741","genemark",[[1,1204,1224,-1,"M20","NODE_4563_length_5631_cov_7.230741:hsp:22557:4.5.0.0","NODE_4563_length_5631_cov_7.230741","genemark","genemark-NODE_4563_length_5631_cov_7.230741-abinit-gene-0.1-mRNA-1 797 816 +","match_part"],[1,711,1079,-1,"M368","NODE_4563_length_5631_cov_7.230741:hsp:22558:4.5.0.0","NODE_4563_length_5631_cov_7.230741","genemark","genemark-NODE_4563_length_5631_cov_7.230741-abinit-gene-0.1-mRNA-1 429 796 +","match_part"],[1,640,657,-1,"M17","NODE_4563_length_5631_cov_7.230741:hsp:22559:4.5.0.0","NODE_4563_length_5631_cov_7.230741","genemark","genemark-NODE_4563_length_5631_cov_7.230741-abinit-gene-0.1-mRNA-1 412 428 +","match_part"],[1,392,567,-1,"M175","NODE_4563_length_5631_cov_7.230741:hsp:22560:4.5.0.0","NODE_4563_length_5631_cov_7.230741","genemark","genemark-NODE_4563_length_5631_cov_7.230741-abinit-gene-0.1-mRNA-1 237 411 +","match_part"],[1,67,303,-1,"M236","NODE_4563_length_5631_cov_7.230741:hsp:22561:4.5.0.0","NODE_4563_length_5631_cov_7.230741","genemark","genemark-NODE_4563_length_5631_cov_7.230741-abinit-gene-0.1-mRNA-1 1 236 +","match_part"]],"5631","match"],[0,1534,5209,1,"NODE_4563_length_5631_cov_7.230741:hit:6349:4.5.0.0","genemark-NODE_4563_length_5631_cov_7.230741-abinit-gene-0.0-mRNA-1","NODE_4563_length_5631_cov_7.230741","genemark",[[1,1534,1780,1,"M246","NODE_4563_length_5631_cov_7.230741:hsp:22588:4.5.0.0","NODE_4563_length_5631_cov_7.230741","genemark","genemark-NODE_4563_length_5631_cov_7.230741-abinit-gene-0.0-mRNA-1 1 246 +","match_part"],[1,1856,2780,1,"M924","NODE_4563_length_5631_cov_7.230741:hsp:22589:4.5.0.0","NODE_4563_length_5631_cov_7.230741","genemark","genemark-NODE_4563_length_5631_cov_7.230741-abinit-gene-0.0-mRNA-1 247 1170 +","match_part"],[1,2856,2948,1,"M92","NODE_4563_length_5631_cov_7.230741:hsp:22590:4.5.0.0","NODE_4563_length_5631_cov_7.230741","genemark","genemark-NODE_4563_length_5631_cov_7.230741-abinit-gene-0.0-mRNA-1 1171 1262 +","match_part"],[1,3032,3131,1,"M99","NODE_4563_length_5631_cov_7.230741:hsp:22591:4.5.0.0","NODE_4563_length_5631_cov_7.230741","genemark","genemark-NODE_4563_length_5631_cov_7.230741-abinit-gene-0.0-mRNA-1 1263 1361 +","match_part"],[1,3199,3326,1,"M127","NODE_4563_length_5631_cov_7.230741:hsp:22592:4.5.0.0","NODE_4563_length_5631_cov_7.230741","genemark","genemark-NODE_4563_length_5631_cov_7.230741-abinit-gene-0.0-mRNA-1 1362 1488 +","match_part"],[1,3389,3556,1,"M167","NODE_4563_length_5631_cov_7.230741:hsp:22593:4.5.0.0","NODE_4563_length_5631_cov_7.230741","genemark","genemark-NODE_4563_length_5631_cov_7.230741-abinit-gene-0.0-mRNA-1 1489 1655 +","match_part"],[1,3636,3741,1,"M105","NODE_4563_length_5631_cov_7.230741:hsp:22594:4.5.0.0","NODE_4563_length_5631_cov_7.230741","genemark","genemark-NODE_4563_length_5631_cov_7.230741-abinit-gene-0.0-mRNA-1 1656 1760 +","match_part"],[1,3815,3893,1,"M78","NODE_4563_length_5631_cov_7.230741:hsp:22595:4.5.0.0","NODE_4563_length_5631_cov_7.230741","genemark","genemark-NODE_4563_length_5631_cov_7.230741-abinit-gene-0.0-mRNA-1 1761 1838 +","match_part"],[1,3962,4046,1,"M84","NODE_4563_length_5631_cov_7.230741:hsp:22596:4.5.0.0","NODE_4563_length_5631_cov_7.230741","genemark","genemark-NODE_4563_length_5631_cov_7.230741-abinit-gene-0.0-mRNA-1 1839 1922 +","match_part"],[1,4119,4382,1,"M263","NODE_4563_length_5631_cov_7.230741:hsp:22597:4.5.0.0","NODE_4563_length_5631_cov_7.230741","genemark","genemark-NODE_4563_length_5631_cov_7.230741-abinit-gene-0.0-mRNA-1 1923 2185 +","match_part"],[1,4459,4629,1,"M170","NODE_4563_length_5631_cov_7.230741:hsp:22598:4.5.0.0","NODE_4563_length_5631_cov_7.230741","genemark","genemark-NODE_4563_length_5631_cov_7.230741-abinit-gene-0.0-mRNA-1 2186 2355 +","match_part"],[1,4695,4932,1,"M237","NODE_4563_length_5631_cov_7.230741:hsp:22599:4.5.0.0","NODE_4563_length_5631_cov_7.230741","genemark","genemark-NODE_4563_length_5631_cov_7.230741-abinit-gene-0.0-mRNA-1 2356 2592 +","match_part"],[1,4987,5209,1,"M222","NODE_4563_length_5631_cov_7.230741:hsp:22600:4.5.0.0","NODE_4563_length_5631_cov_7.230741","genemark","genemark-NODE_4563_length_5631_cov_7.230741-abinit-gene-0.0-mRNA-1 2593 2814 +","match_part"]],"5631","match"]],"urlTemplate":"lf-{Chunk}.json"}}