{"featureCount":2,"formatVersion":1,"histograms":{"meta":[{"arrayParams":{"chunkSize":10000,"length":1,"urlTemplate":"hist-10000-{Chunk}.json"},"basesPerBin":"10000"}],"stats":[{"basesPerBin":"10000","max":2,"mean":2}]},"intervals":{"classes":[{"attributes":["Start","End","Strand","Id","Name","Seq_id","Source","Subfeatures","Target_length","Type"],"isArrayAttr":{"Subfeatures":1}},{"attributes":["Start","End","Strand","Gap","Id","Seq_id","Source","Target","Type"],"isArrayAttr":{}},{"attributes":["Start","End","Strand","Id","Seq_id","Source","Target","Type"],"isArrayAttr":{}},{"attributes":["Start","End","Chunk"],"isArrayAttr":{"Sublist":1}}],"count":2,"lazyClass":3,"maxEnd":5554,"minStart":24,"nclist":[[0,24,1673,-1,"NODE_4493_length_5705_cov_4.012372:hit:5589:4.5.0.0","genemark-NODE_4493_length_5705_cov_4.012372-abinit-gene-0.5-mRNA-1","NODE_4493_length_5705_cov_4.012372","genemark",[[1,856,1673,-1,"M817","NODE_4493_length_5705_cov_4.012372:hsp:19588:4.5.0.0","NODE_4493_length_5705_cov_4.012372","genemark","genemark-NODE_4493_length_5705_cov_4.012372-abinit-gene-0.5-mRNA-1 504 1320 +","match_part"],[1,708,782,-1,"M74","NODE_4493_length_5705_cov_4.012372:hsp:19589:4.5.0.0","NODE_4493_length_5705_cov_4.012372","genemark","genemark-NODE_4493_length_5705_cov_4.012372-abinit-gene-0.5-mRNA-1 430 503 +","match_part"],[1,550,650,-1,"M100","NODE_4493_length_5705_cov_4.012372:hsp:19590:4.5.0.0","NODE_4493_length_5705_cov_4.012372","genemark","genemark-NODE_4493_length_5705_cov_4.012372-abinit-gene-0.5-mRNA-1 330 429 +","match_part"],[1,355,484,-1,"M129","NODE_4493_length_5705_cov_4.012372:hsp:19591:4.5.0.0","NODE_4493_length_5705_cov_4.012372","genemark","genemark-NODE_4493_length_5705_cov_4.012372-abinit-gene-0.5-mRNA-1 201 329 +","match_part"],[1,24,224,-1,"M200","NODE_4493_length_5705_cov_4.012372:hsp:19592:4.5.0.0","NODE_4493_length_5705_cov_4.012372","genemark","genemark-NODE_4493_length_5705_cov_4.012372-abinit-gene-0.5-mRNA-1 1 200 +","match_part"]],"5705","match"],[0,1764,5554,-1,"NODE_4493_length_5705_cov_4.012372:hit:5593:4.5.0.0","genemark-NODE_4493_length_5705_cov_4.012372-abinit-gene-0.6-mRNA-1","NODE_4493_length_5705_cov_4.012372","genemark",[[1,3726,5554,-1,"M1828","NODE_4493_length_5705_cov_4.012372:hsp:19603:4.5.0.0","NODE_4493_length_5705_cov_4.012372","genemark","genemark-NODE_4493_length_5705_cov_4.012372-abinit-gene-0.6-mRNA-1 1926 3753 +","match_part"],[1,1764,3689,-1,"M1925","NODE_4493_length_5705_cov_4.012372:hsp:19604:4.5.0.0","NODE_4493_length_5705_cov_4.012372","genemark","genemark-NODE_4493_length_5705_cov_4.012372-abinit-gene-0.6-mRNA-1 1 1925 +","match_part"]],"5705","match"]],"urlTemplate":"lf-{Chunk}.json"}}