{"featureCount":4,"formatVersion":1,"histograms":{"meta":[{"arrayParams":{"chunkSize":10000,"length":2,"urlTemplate":"hist-20000-{Chunk}.json"},"basesPerBin":"20000"}],"stats":[{"basesPerBin":"20000","max":4,"mean":2.5}]},"intervals":{"classes":[{"attributes":["Start","End","Strand","Aligned_coverage","Aligned_identity","Id","Name","Score","Seq_id","Source","Subfeatures","Target_length","Type"],"isArrayAttr":{"Subfeatures":1}},{"attributes":["Start","End","Strand","Gap","Id","Score","Seq_id","Source","Target","Type"],"isArrayAttr":{}},{"attributes":["Start","End","Chunk"],"isArrayAttr":{"Sublist":1}}],"count":4,"lazyClass":2,"maxEnd":20161,"minStart":8790,"nclist":[[0,8790,9096,1,"85.52","90.9","NODE_734_length_21177_cov_6.084086:hit:66974:3.2.0.0","TRINITY_DN5764_c0_g1_i11",1275,"NODE_734_length_21177_cov_6.084086","est2genome",[[1,8790,9096,1,"M122 I1 M184","NODE_734_length_21177_cov_6.084086:hsp:345562:3.2.0.0",1275,"NODE_734_length_21177_cov_6.084086","est2genome","TRINITY_DN5764_c0_g1_i11 1 307 +","match_part"]],"359","expressed_sequence_match"],[0,8794,9096,1,"84.17","89.4","NODE_734_length_21177_cov_6.084086:hit:66975:3.2.0.0","TRINITY_DN5764_c0_g1_i1",1219,"NODE_734_length_21177_cov_6.084086","est2genome",[[1,8794,9096,1,"M118 I1 M184","NODE_734_length_21177_cov_6.084086:hsp:345563:3.2.0.0",1219,"NODE_734_length_21177_cov_6.084086","est2genome","TRINITY_DN5764_c0_g1_i1 6 308 +","match_part"]],"360","expressed_sequence_match"],[0,9867,11845,1,"100","99.9","NODE_734_length_21177_cov_6.084086:hit:66976:3.2.0.0","TRINITY_DN40999_c0_g1_i1",8163,"NODE_734_length_21177_cov_6.084086","est2genome",[[1,9867,10219,1,"M352","NODE_734_length_21177_cov_6.084086:hsp:345564:3.2.0.0",8163,"NODE_734_length_21177_cov_6.084086","est2genome","TRINITY_DN40999_c0_g1_i1 1 352 +","match_part"],[1,10279,10348,1,"M69","NODE_734_length_21177_cov_6.084086:hsp:345565:3.2.0.0",8163,"NODE_734_length_21177_cov_6.084086","est2genome","TRINITY_DN40999_c0_g1_i1 353 421 +","match_part"],[1,10412,10722,1,"M310","NODE_734_length_21177_cov_6.084086:hsp:345566:3.2.0.0",8163,"NODE_734_length_21177_cov_6.084086","est2genome","TRINITY_DN40999_c0_g1_i1 422 731 +","match_part"],[1,10794,11024,1,"M230","NODE_734_length_21177_cov_6.084086:hsp:345567:3.2.0.0",8163,"NODE_734_length_21177_cov_6.084086","est2genome","TRINITY_DN40999_c0_g1_i1 732 961 +","match_part"],[1,11096,11326,1,"M230","NODE_734_length_21177_cov_6.084086:hsp:345568:3.2.0.0",8163,"NODE_734_length_21177_cov_6.084086","est2genome","TRINITY_DN40999_c0_g1_i1 962 1191 +","match_part"],[1,11389,11845,1,"M456","NODE_734_length_21177_cov_6.084086:hsp:345569:3.2.0.0",8163,"NODE_734_length_21177_cov_6.084086","est2genome","TRINITY_DN40999_c0_g1_i1 1192 1647 +","match_part"]],"1647","expressed_sequence_match"],[0,19927,20161,-1,"91.05","95.3","NODE_734_length_21177_cov_6.084086:hit:66977:3.2.0.0","TRINITY_DN16984_c0_g1_i1",1071,"NODE_734_length_21177_cov_6.084086","est2genome",[[1,19927,20161,-1,"M234","NODE_734_length_21177_cov_6.084086:hsp:345570:3.2.0.0",1071,"NODE_734_length_21177_cov_6.084086","est2genome","TRINITY_DN16984_c0_g1_i1 24 257 -","match_part"]],"257","expressed_sequence_match"]],"urlTemplate":"lf-{Chunk}.json"}}