{"featureCount":2,"formatVersion":1,"histograms":{"meta":[{"arrayParams":{"chunkSize":10000,"length":1,"urlTemplate":"hist-2000-{Chunk}.json"},"basesPerBin":"2000"}],"stats":[{"basesPerBin":"2000","max":2,"mean":2}]},"intervals":{"classes":[{"attributes":["Start","End","Strand","Id","Name","Score","Seq_id","Source","Subfeatures","Target_length","Type"],"isArrayAttr":{"Subfeatures":1}},{"attributes":["Start","End","Strand","Gap","Id","Score","Seq_id","Source","Target","Type"],"isArrayAttr":{}},{"attributes":["Start","End","Chunk"],"isArrayAttr":{"Sublist":1}}],"count":2,"lazyClass":2,"maxEnd":1183,"minStart":354,"nclist":[[0,354,1183,1,"NODE_14578_length_1186_cov_2.868992:hit:1516:3.2.0.0","TRINITY_DN7906_c0_g1_i2",114,"NODE_14578_length_1186_cov_2.868992","blastn",[[1,354,486,1,"M132","NODE_14578_length_1186_cov_2.868992:hsp:3160:3.2.0.0",114,"NODE_14578_length_1186_cov_2.868992","blastn","TRINITY_DN7906_c0_g1_i2 49 180 +","match_part"],[1,551,634,1,"M83","NODE_14578_length_1186_cov_2.868992:hsp:3161:3.2.0.0",77,"NODE_14578_length_1186_cov_2.868992","blastn","TRINITY_DN7906_c0_g1_i2 181 263 +","match_part"],[1,692,1183,1,"M314 D4 M56 D2 M13 I1 M27 I1 M2 I1 M73","NODE_14578_length_1186_cov_2.868992:hsp:3162:3.2.0.0",337,"NODE_14578_length_1186_cov_2.868992","blastn","TRINITY_DN7906_c0_g1_i2 263 750 +","match_part"]],"811","expressed_sequence_match"],[0,610,1183,1,"NODE_14578_length_1186_cov_2.868992:hit:1517:3.2.0.0","TRINITY_DN7906_c0_g1_i1",419,"NODE_14578_length_1186_cov_2.868992","blastn",[[1,610,1183,1,"M396 D4 M56 D2 M13 I1 M27 I1 M2 I1 M73","NODE_14578_length_1186_cov_2.868992:hsp:3163:3.2.0.0",419,"NODE_14578_length_1186_cov_2.868992","blastn","TRINITY_DN7906_c0_g1_i1 1 570 +","match_part"]],"631","expressed_sequence_match"]],"urlTemplate":"lf-{Chunk}.json"}}