{"featureCount":3,"formatVersion":1,"histograms":{"meta":[{"arrayParams":{"chunkSize":10000,"length":1,"urlTemplate":"hist-5000-{Chunk}.json"},"basesPerBin":"5000"}],"stats":[{"basesPerBin":"5000","max":3,"mean":3}]},"intervals":{"classes":[{"attributes":["Start","End","Strand","Aligned_coverage","Aligned_identity","Id","Name","Score","Seq_id","Source","Subfeatures","Target_length","Type"],"isArrayAttr":{"Subfeatures":1}},{"attributes":["Start","End","Strand","Gap","Id","Score","Seq_id","Source","Target","Type"],"isArrayAttr":{}},{"attributes":["Start","End","Chunk"],"isArrayAttr":{"Sublist":1}}],"count":3,"lazyClass":2,"maxEnd":3010,"minStart":1279,"nclist":[[0,1279,1733,1,"98.84","92.9","NODE_7284_length_3010_cov_6.575442:hit:10049:3.2.0.0","TRINITY_DN12583_c0_g1_i1",1426,"NODE_7284_length_3010_cov_6.575442","est2genome",[[1,1279,1311,1,"M32","NODE_7284_length_3010_cov_6.575442:hsp:29847:3.2.0.0",1426,"NODE_7284_length_3010_cov_6.575442","est2genome","TRINITY_DN12583_c0_g1_i1 314 345 -","match_part"],[1,1425,1733,1,"M11 I2 M53 I1 M14 D2 M228","NODE_7284_length_3010_cov_6.575442:hsp:29848:3.2.0.0",1426,"NODE_7284_length_3010_cov_6.575442","est2genome","TRINITY_DN12583_c0_g1_i1 5 313 -","match_part"]],"345","expressed_sequence_match"],[0,2277,3010,1,"91.36","77.1","NODE_7284_length_3010_cov_6.575442:hit:10050:3.2.0.0","TRINITY_DN2993_c0_g1_i4",2008,"NODE_7284_length_3010_cov_6.575442","est2genome",[[1,2277,3010,1,"M26 D1 M12 D3 M8 I1 M18 I1 M27 I2 M2 I2 M7 I1 M1 I1 M7 I2 M3 I2 M5 I1 M6 I2 M9 I3 M8 I1 M20 D2 M6 D2 M36 D1 M2 D3 M4 I2 M2 I1 M7 I1 M24 D1 M3 D2 M10 D3 M4 I1 M11 D3 M5 D1 M2 D1 M90 I6 M345","NODE_7284_length_3010_cov_6.575442:hsp:29849:3.2.0.0",2008,"NODE_7284_length_3010_cov_6.575442","est2genome","TRINITY_DN2993_c0_g1_i4 2 741 +","match_part"]],"810","expressed_sequence_match"],[0,2356,3010,1,"90.53","89.5","NODE_7284_length_3010_cov_6.575442:hit:10051:3.2.0.0","TRINITY_DN2993_c0_g1_i7",2630,"NODE_7284_length_3010_cov_6.575442","est2genome",[[1,2356,3010,1,"M243 D2 M11 D1 M20 D1 M4 D1 M1 D2 M4 I2 M15 I1 M22 D1 M89 I3 M2 I8 M235","NODE_7284_length_3010_cov_6.575442:hsp:29850:3.2.0.0",2630,"NODE_7284_length_3010_cov_6.575442","est2genome","TRINITY_DN2993_c0_g1_i7 1 660 +","match_part"]],"729","expressed_sequence_match"]],"urlTemplate":"lf-{Chunk}.json"}}