{"featureCount":2,"formatVersion":1,"histograms":{"meta":[{"arrayParams":{"chunkSize":10000,"length":1,"urlTemplate":"hist-2000-{Chunk}.json"},"basesPerBin":"2000"}],"stats":[{"basesPerBin":"2000","max":2,"mean":2}]},"intervals":{"classes":[{"attributes":["Start","End","Strand","Aligned_coverage","Aligned_identity","Id","Name","Score","Seq_id","Source","Subfeatures","Target_length","Type"],"isArrayAttr":{"Subfeatures":1}},{"attributes":["Start","End","Strand","Gap","Id","Score","Seq_id","Source","Target","Type"],"isArrayAttr":{}},{"attributes":["Start","End","Chunk"],"isArrayAttr":{"Sublist":1}}],"count":2,"lazyClass":2,"maxEnd":1125,"minStart":347,"nclist":[[0,347,1125,1,"98.92","98.9","NODE_5615_length_4464_cov_1.043579:hit:16862:3.2.0.0","TRINITY_DN13705_c0_g1_i1",3111,"NODE_5615_length_4464_cov_1.043579","est2genome",[[1,347,559,1,"M212","NODE_5615_length_4464_cov_1.043579:hsp:58114:3.2.0.0",3111,"NODE_5615_length_4464_cov_1.043579","est2genome","TRINITY_DN13705_c0_g1_i1 435 646 -","match_part"],[1,698,1125,1,"M427","NODE_5615_length_4464_cov_1.043579:hsp:58115:3.2.0.0",3111,"NODE_5615_length_4464_cov_1.043579","est2genome","TRINITY_DN13705_c0_g1_i1 8 434 -","match_part"]],"646","expressed_sequence_match"],[0,347,1125,1,"98.81","99","NODE_5615_length_4464_cov_1.043579:hit:16863:3.2.0.0","TRINITY_DN13705_c0_g1_i2",2809,"NODE_5615_length_4464_cov_1.043579","est2genome",[[1,347,559,1,"M212","NODE_5615_length_4464_cov_1.043579:hsp:58116:3.2.0.0",2809,"NODE_5615_length_4464_cov_1.043579","est2genome","TRINITY_DN13705_c0_g1_i2 375 586 -","match_part"],[1,698,864,1,"M166","NODE_5615_length_4464_cov_1.043579:hsp:58117:3.2.0.0",2809,"NODE_5615_length_4464_cov_1.043579","est2genome","TRINITY_DN13705_c0_g1_i2 209 374 -","match_part"],[1,924,1125,1,"M201","NODE_5615_length_4464_cov_1.043579:hsp:58118:3.2.0.0",2809,"NODE_5615_length_4464_cov_1.043579","est2genome","TRINITY_DN13705_c0_g1_i2 8 208 -","match_part"]],"586","expressed_sequence_match"]],"urlTemplate":"lf-{Chunk}.json"}}