{"featureCount":11,"formatVersion":1,"histograms":{"meta":[{"arrayParams":{"chunkSize":10000,"length":4,"urlTemplate":"hist-2000-{Chunk}.json"},"basesPerBin":"2000"}],"stats":[{"basesPerBin":"2000","max":11,"mean":4.5}]},"intervals":{"classes":[{"attributes":["Start","End","Strand","Aligned_coverage","Aligned_identity","Id","Name","Score","Seq_id","Source","Subfeatures","Target_length","Type"],"isArrayAttr":{"Subfeatures":1}},{"attributes":["Start","End","Strand","Gap","Id","Score","Seq_id","Source","Target","Type"],"isArrayAttr":{}},{"attributes":["Start","End","Chunk"],"isArrayAttr":{"Sublist":1}}],"count":11,"lazyClass":2,"maxEnd":6954,"minStart":3670,"nclist":[[0,3670,4155,-1,"99.18","97.9","NODE_1996_length_11469_cov_7.595750:hit:124039:3.2.0.0","TRINITY_DN6250_c0_g1_i1",2327,"NODE_1996_length_11469_cov_7.595750","est2genome",[[1,3670,4155,-1,"M471 D2 M12","NODE_1996_length_11469_cov_7.595750:hsp:609353:3.2.0.0",2327,"NODE_1996_length_11469_cov_7.595750","est2genome","TRINITY_DN6250_c0_g1_i1 1 483 -","match_part"]],"487","expressed_sequence_match"],[0,4264,4566,-1,"99.02","94.7","NODE_1996_length_11469_cov_7.595750:hit:124040:3.2.0.0","TRINITY_DN1818_c0_g1_i5",1366,"NODE_1996_length_11469_cov_7.595750","est2genome",[[1,4264,4566,-1,"M302","NODE_1996_length_11469_cov_7.595750:hsp:609354:3.2.0.0",1366,"NODE_1996_length_11469_cov_7.595750","est2genome","TRINITY_DN1818_c0_g1_i5 4 305 +","match_part"]],"305","expressed_sequence_match"],[0,4353,6954,-1,"100","99","NODE_1996_length_11469_cov_7.595750:hit:124041:3.2.0.0","TRINITY_DN1818_c0_g1_i2",10307,"NODE_1996_length_11469_cov_7.595750","est2genome",[[1,6496,6954,-1,"M47 I1 M411","NODE_1996_length_11469_cov_7.595750:hsp:609355:3.2.0.0",10307,"NODE_1996_length_11469_cov_7.595750","est2genome","TRINITY_DN1818_c0_g1_i2 1 459 +","match_part"],[1,6039,6392,-1,"M353","NODE_1996_length_11469_cov_7.595750:hsp:609356:3.2.0.0",10307,"NODE_1996_length_11469_cov_7.595750","est2genome","TRINITY_DN1818_c0_g1_i2 460 812 +","match_part"],[1,5738,5961,-1,"M223","NODE_1996_length_11469_cov_7.595750:hsp:609357:3.2.0.0",10307,"NODE_1996_length_11469_cov_7.595750","est2genome","TRINITY_DN1818_c0_g1_i2 813 1035 +","match_part"],[1,5528,5645,-1,"M117","NODE_1996_length_11469_cov_7.595750:hsp:609358:3.2.0.0",10307,"NODE_1996_length_11469_cov_7.595750","est2genome","TRINITY_DN1818_c0_g1_i2 1036 1152 +","match_part"],[1,5429,5458,-1,"M29","NODE_1996_length_11469_cov_7.595750:hsp:609359:3.2.0.0",10307,"NODE_1996_length_11469_cov_7.595750","est2genome","TRINITY_DN1818_c0_g1_i2 1153 1181 +","match_part"],[1,4690,5358,-1,"M185 I10 M483","NODE_1996_length_11469_cov_7.595750:hsp:609360:3.2.0.0",10307,"NODE_1996_length_11469_cov_7.595750","est2genome","TRINITY_DN1818_c0_g1_i2 1182 1859 +","match_part"],[1,4353,4625,-1,"M272","NODE_1996_length_11469_cov_7.595750:hsp:609361:3.2.0.0",10307,"NODE_1996_length_11469_cov_7.595750","est2genome","TRINITY_DN1818_c0_g1_i2 1860 2131 +","match_part"]],"2131","expressed_sequence_match"],[0,4542,6954,-1,"100","98.7","NODE_1996_length_11469_cov_7.595750:hit:124042:3.2.0.0","TRINITY_DN1818_c0_g1_i9",9693,"NODE_1996_length_11469_cov_7.595750","est2genome",[[1,6496,6954,-1,"M47 I1 M411","NODE_1996_length_11469_cov_7.595750:hsp:609362:3.2.0.0",9693,"NODE_1996_length_11469_cov_7.595750","est2genome","TRINITY_DN1818_c0_g1_i9 1 459 +","match_part"],[1,6039,6392,-1,"M353","NODE_1996_length_11469_cov_7.595750:hsp:609363:3.2.0.0",9693,"NODE_1996_length_11469_cov_7.595750","est2genome","TRINITY_DN1818_c0_g1_i9 460 812 +","match_part"],[1,5738,5961,-1,"M223","NODE_1996_length_11469_cov_7.595750:hsp:609364:3.2.0.0",9693,"NODE_1996_length_11469_cov_7.595750","est2genome","TRINITY_DN1818_c0_g1_i9 813 1035 +","match_part"],[1,5528,5645,-1,"M117","NODE_1996_length_11469_cov_7.595750:hsp:609365:3.2.0.0",9693,"NODE_1996_length_11469_cov_7.595750","est2genome","TRINITY_DN1818_c0_g1_i9 1036 1152 +","match_part"],[1,4690,5458,-1,"M32 I2 M253 I10 M483","NODE_1996_length_11469_cov_7.595750:hsp:609366:3.2.0.0",9693,"NODE_1996_length_11469_cov_7.595750","est2genome","TRINITY_DN1818_c0_g1_i9 1153 1932 +","match_part"],[1,4542,4625,-1,"M83","NODE_1996_length_11469_cov_7.595750:hsp:609367:3.2.0.0",9693,"NODE_1996_length_11469_cov_7.595750","est2genome","TRINITY_DN1818_c0_g1_i9 1933 2015 +","match_part"]],"2015","expressed_sequence_match"],[0,4574,6954,-1,"100","98.9","NODE_1996_length_11469_cov_7.595750:hit:124044:3.2.0.0","TRINITY_DN1818_c0_g1_i8",8803,"NODE_1996_length_11469_cov_7.595750","est2genome",[[1,6496,6954,-1,"M47 I1 M411","NODE_1996_length_11469_cov_7.595750:hsp:609375:3.2.0.0",8803,"NODE_1996_length_11469_cov_7.595750","est2genome","TRINITY_DN1818_c0_g1_i8 1 459 +","match_part"],[1,6039,6392,-1,"M353","NODE_1996_length_11469_cov_7.595750:hsp:609376:3.2.0.0",8803,"NODE_1996_length_11469_cov_7.595750","est2genome","TRINITY_DN1818_c0_g1_i8 460 812 +","match_part"],[1,5738,5961,-1,"M223","NODE_1996_length_11469_cov_7.595750:hsp:609377:3.2.0.0",8803,"NODE_1996_length_11469_cov_7.595750","est2genome","TRINITY_DN1818_c0_g1_i8 813 1035 +","match_part"],[1,5528,5645,-1,"M117","NODE_1996_length_11469_cov_7.595750:hsp:609378:3.2.0.0",8803,"NODE_1996_length_11469_cov_7.595750","est2genome","TRINITY_DN1818_c0_g1_i8 1036 1152 +","match_part"],[1,5429,5458,-1,"M29","NODE_1996_length_11469_cov_7.595750:hsp:609379:3.2.0.0",8803,"NODE_1996_length_11469_cov_7.595750","est2genome","TRINITY_DN1818_c0_g1_i8 1153 1181 +","match_part"],[1,5337,5358,-1,"M21","NODE_1996_length_11469_cov_7.595750:hsp:609380:3.2.0.0",8803,"NODE_1996_length_11469_cov_7.595750","est2genome","TRINITY_DN1818_c0_g1_i8 1182 1202 +","match_part"],[1,4690,5260,-1,"M87 I10 M483","NODE_1996_length_11469_cov_7.595750:hsp:609381:3.2.0.0",8803,"NODE_1996_length_11469_cov_7.595750","est2genome","TRINITY_DN1818_c0_g1_i8 1203 1782 +","match_part"],[1,4574,4625,-1,"M51","NODE_1996_length_11469_cov_7.595750:hsp:609382:3.2.0.0",8803,"NODE_1996_length_11469_cov_7.595750","est2genome","TRINITY_DN1818_c0_g1_i8 1783 1833 +","match_part"]],"1833","expressed_sequence_match",{"Sublist":[[0,4574,6926,-1,"100","98.8","NODE_1996_length_11469_cov_7.595750:hit:124043:3.2.0.0","TRINITY_DN1818_c0_g1_i3",9062,"NODE_1996_length_11469_cov_7.595750","est2genome",[[1,6496,6926,-1,"M18 I1 M412","NODE_1996_length_11469_cov_7.595750:hsp:609368:3.2.0.0",9062,"NODE_1996_length_11469_cov_7.595750","est2genome","TRINITY_DN1818_c0_g1_i3 1 431 +","match_part"],[1,6039,6392,-1,"M353","NODE_1996_length_11469_cov_7.595750:hsp:609369:3.2.0.0",9062,"NODE_1996_length_11469_cov_7.595750","est2genome","TRINITY_DN1818_c0_g1_i3 432 784 +","match_part"],[1,5738,5961,-1,"M223","NODE_1996_length_11469_cov_7.595750:hsp:609370:3.2.0.0",9062,"NODE_1996_length_11469_cov_7.595750","est2genome","TRINITY_DN1818_c0_g1_i3 785 1007 +","match_part"],[1,5528,5645,-1,"M117","NODE_1996_length_11469_cov_7.595750:hsp:609371:3.2.0.0",9062,"NODE_1996_length_11469_cov_7.595750","est2genome","TRINITY_DN1818_c0_g1_i3 1008 1124 +","match_part"],[1,5429,5458,-1,"M29","NODE_1996_length_11469_cov_7.595750:hsp:609372:3.2.0.0",9062,"NODE_1996_length_11469_cov_7.595750","est2genome","TRINITY_DN1818_c0_g1_i3 1125 1153 +","match_part"],[1,4690,5358,-1,"M185 I10 M483","NODE_1996_length_11469_cov_7.595750:hsp:609373:3.2.0.0",9062,"NODE_1996_length_11469_cov_7.595750","est2genome","TRINITY_DN1818_c0_g1_i3 1154 1831 +","match_part"],[1,4574,4625,-1,"M51","NODE_1996_length_11469_cov_7.595750:hsp:609374:3.2.0.0",9062,"NODE_1996_length_11469_cov_7.595750","est2genome","TRINITY_DN1818_c0_g1_i3 1832 1882 +","match_part"]],