{"featureCount":5,"formatVersion":1,"histograms":{"meta":[{"arrayParams":{"chunkSize":10000,"length":2,"urlTemplate":"hist-1000-{Chunk}.json"},"basesPerBin":"1000"}],"stats":[{"basesPerBin":"1000","max":5,"mean":5}]},"intervals":{"classes":[{"attributes":["Start","End","Strand","Aligned_coverage","Aligned_identity","Id","Name","Score","Seq_id","Source","Subfeatures","Target_length","Type"],"isArrayAttr":{"Subfeatures":1}},{"attributes":["Start","End","Strand","Gap","Id","Score","Seq_id","Source","Target","Type"],"isArrayAttr":{}},{"attributes":["Start","End","Chunk"],"isArrayAttr":{"Sublist":1}}],"count":5,"lazyClass":2,"maxEnd":1228,"minStart":0,"nclist":[[0,0,1228,-1,"89.75","94.6","NODE_8921_length_2229_cov_3.633682:hit:4554:3.2.0.0","TRINITY_DN5353_c0_g1_i3",4097,"NODE_8921_length_2229_cov_3.633682","est2genome",[[1,860,1228,-1,"M10 I1 M86 I4 M17 I1 M72 I2 M183","NODE_8921_length_2229_cov_3.633682:hsp:10916:3.2.0.0",4097,"NODE_8921_length_2229_cov_3.633682","est2genome","TRINITY_DN5353_c0_g1_i3 1 376 +","match_part"],[1,378,725,-1,"M347","NODE_8921_length_2229_cov_3.633682:hsp:10917:3.2.0.0",4097,"NODE_8921_length_2229_cov_3.633682","est2genome","TRINITY_DN5353_c0_g1_i3 377 723 +","match_part"],[1,172,271,-1,"M99","NODE_8921_length_2229_cov_3.633682:hsp:10918:3.2.0.0",4097,"NODE_8921_length_2229_cov_3.633682","est2genome","TRINITY_DN5353_c0_g1_i3 724 822 +","match_part"],[1,0,106,-1,"M106","NODE_8921_length_2229_cov_3.633682:hsp:10919:3.2.0.0",4097,"NODE_8921_length_2229_cov_3.633682","est2genome","TRINITY_DN5353_c0_g1_i3 823 928 +","match_part"]],"1034","expressed_sequence_match"],[0,281,1228,-1,"100","93.7","NODE_8921_length_2229_cov_3.633682:hit:4555:3.2.0.0","TRINITY_DN5353_c0_g1_i1",3210,"NODE_8921_length_2229_cov_3.633682","est2genome",[[1,867,1228,-1,"M10 I1 M86 I4 M17 I1 M72 I2 M176","NODE_8921_length_2229_cov_3.633682:hsp:10920:3.2.0.0",3210,"NODE_8921_length_2229_cov_3.633682","est2genome","TRINITY_DN5353_c0_g1_i1 1 369 +","match_part"],[1,549,732,-1,"M183","NODE_8921_length_2229_cov_3.633682:hsp:10921:3.2.0.0",3210,"NODE_8921_length_2229_cov_3.633682","est2genome","TRINITY_DN5353_c0_g1_i1 370 552 +","match_part"],[1,281,472,-1,"M107 I1 M84","NODE_8921_length_2229_cov_3.633682:hsp:10922:3.2.0.0",3210,"NODE_8921_length_2229_cov_3.633682","est2genome","TRINITY_DN5353_c0_g1_i1 553 744 +","match_part"]],"744","expressed_sequence_match"],[0,281,1228,-1,"100","94","NODE_8921_length_2229_cov_3.633682:hit:4556:3.2.0.0","TRINITY_DN5353_c0_g1_i2",3612,"NODE_8921_length_2229_cov_3.633682","est2genome",[[1,867,1228,-1,"M10 I1 M86 I4 M17 I1 M72 I2 M176","NODE_8921_length_2229_cov_3.633682:hsp:10923:3.2.0.0",3612,"NODE_8921_length_2229_cov_3.633682","est2genome","TRINITY_DN5353_c0_g1_i2 1 369 +","match_part"],[1,281,732,-1,"M367 I1 M84","NODE_8921_length_2229_cov_3.633682:hsp:10924:3.2.0.0",3612,"NODE_8921_length_2229_cov_3.633682","est2genome","TRINITY_DN5353_c0_g1_i2 370 821 +","match_part"]],"821","expressed_sequence_match"],[0,549,1228,1,"100","94.1","NODE_8921_length_2229_cov_3.633682:hit:4557:3.2.0.0","TRINITY_DN5353_c0_g1_i5",2959,"NODE_8921_length_2229_cov_3.633682","est2genome",[[1,549,1228,1,"M10 I1 M86 I4 M17 I1 M72 I2 M186 I1 M308","NODE_8921_length_2229_cov_3.633682:hsp:10925:3.2.0.0",2959,"NODE_8921_length_2229_cov_3.633682","est2genome","TRINITY_DN5353_c0_g1_i5 1 688 -","match_part"]],"688","expressed_sequence_match"],[0,549,1228,-1,"100","93.2","NODE_8921_length_2229_cov_3.633682:hit:4558:3.2.0.0","TRINITY_DN5353_c0_g1_i6",2483,"NODE_8921_length_2229_cov_3.633682","est2genome",[[1,867,1228,-1,"M10 I1 M86 I4 M17 I1 M72 I2 M176","NODE_8921_length_2229_cov_3.633682:hsp:10926:3.2.0.0",2483,"NODE_8921_length_2229_cov_3.633682","est2genome","TRINITY_DN5353_c0_g1_i6 1 369 +","match_part"],[1,549,757,-1,"M208","NODE_8921_length_2229_cov_3.633682:hsp:10927:3.2.0.0",2483,"NODE_8921_length_2229_cov_3.633682","est2genome","TRINITY_DN5353_c0_g1_i6 370 577 +","match_part"]],"577","expressed_sequence_match"]],"urlTemplate":"lf-{Chunk}.json"}}