{"featureCount":9,"formatVersion":1,"histograms":{"meta":[{"arrayParams":{"chunkSize":10000,"length":4,"urlTemplate":"hist-2000-{Chunk}.json"},"basesPerBin":"2000"}],"stats":[{"basesPerBin":"2000","max":5,"mean":2.75}]},"intervals":{"classes":[{"attributes":["Start","End","Strand","Id","Name","Score","Seq_id","Source","Subfeatures","Target_length","Type"],"isArrayAttr":{"Subfeatures":1}},{"attributes":["Start","End","Strand","Gap","Id","Score","Seq_id","Source","Target","Type"],"isArrayAttr":{}},{"attributes":["Start","End","Chunk"],"isArrayAttr":{"Sublist":1}}],"count":9,"lazyClass":2,"maxEnd":6829,"minStart":1058,"nclist":[[0,1058,1142,1,"NODE_2026_length_11376_cov_5.813583:hit:840:3.2.0.0","TRINITY_DN8323_c0_g1_i1",54,"NODE_2026_length_11376_cov_5.813583","blastn",[[1,1058,1142,1,"M84","NODE_2026_length_11376_cov_5.813583:hsp:3771:3.2.0.0",54,"NODE_2026_length_11376_cov_5.813583","blastn","TRINITY_DN8323_c0_g1_i1 123 206 +","match_part"]],"206","expressed_sequence_match"],[0,1093,1554,-1,"NODE_2026_length_11376_cov_5.813583:hit:841:3.2.0.0","TRINITY_DN10620_c0_g1_i1",325,"NODE_2026_length_11376_cov_5.813583","blastn",[[1,1223,1554,-1,"M331","NODE_2026_length_11376_cov_5.813583:hsp:3772:3.2.0.0",325,"NODE_2026_length_11376_cov_5.813583","blastn","TRINITY_DN10620_c0_g1_i1 1 331 +","match_part"],[1,1093,1158,-1,"M65","NODE_2026_length_11376_cov_5.813583:hsp:3773:3.2.0.0",65,"NODE_2026_length_11376_cov_5.813583","blastn","TRINITY_DN10620_c0_g1_i1 330 394 +","match_part"]],"394","expressed_sequence_match"],[0,1093,1554,-1,"NODE_2026_length_11376_cov_5.813583:hit:842:3.2.0.0","TRINITY_DN10620_c0_g1_i2",455,"NODE_2026_length_11376_cov_5.813583","blastn",[[1,1093,1554,-1,"M461","NODE_2026_length_11376_cov_5.813583:hsp:3774:3.2.0.0",455,"NODE_2026_length_11376_cov_5.813583","blastn","TRINITY_DN10620_c0_g1_i2 1 461 +","match_part"]],"461","expressed_sequence_match"],[0,1430,1753,-1,"NODE_2026_length_11376_cov_5.813583:hit:843:3.2.0.0","TRINITY_DN8347_c0_g1_i1",323,"NODE_2026_length_11376_cov_5.813583","blastn",[[1,1430,1753,-1,"M323","NODE_2026_length_11376_cov_5.813583:hsp:3775:3.2.0.0",323,"NODE_2026_length_11376_cov_5.813583","blastn","TRINITY_DN8347_c0_g1_i1 1 323 +","match_part"]],"323","expressed_sequence_match"],[0,1960,2190,1,"NODE_2026_length_11376_cov_5.813583:hit:844:3.2.0.0","TRINITY_DN20008_c0_g1_i1",176,"NODE_2026_length_11376_cov_5.813583","blastn",[[1,1960,2190,1,"M230","NODE_2026_length_11376_cov_5.813583:hsp:3776:3.2.0.0",176,"NODE_2026_length_11376_cov_5.813583","blastn","TRINITY_DN20008_c0_g1_i1 17 246 +","match_part"]],"246","expressed_sequence_match"],[0,3525,4027,-1,"NODE_2026_length_11376_cov_5.813583:hit:845:3.2.0.0","TRINITY_DN10401_c0_g1_i2",487,"NODE_2026_length_11376_cov_5.813583","blastn",[[1,3525,4027,-1,"M333 I2 M169","NODE_2026_length_11376_cov_5.813583:hsp:3777:3.2.0.0",487,"NODE_2026_length_11376_cov_5.813583","blastn","TRINITY_DN10401_c0_g1_i2 1 504 +","match_part"]],"504","expressed_sequence_match"],[0,4169,4524,-1,"NODE_2026_length_11376_cov_5.813583:hit:846:3.2.0.0","TRINITY_DN170_c1_g1_i2",86,"NODE_2026_length_11376_cov_5.813583","blastn",[[1,4380,4524,-1,"M45 I1 M99","NODE_2026_length_11376_cov_5.813583:hsp:3778:3.2.0.0",86,"NODE_2026_length_11376_cov_5.813583","blastn","TRINITY_DN170_c1_g1_i2 1 145 +","match_part"],[1,4169,4246,-1,"M77","NODE_2026_length_11376_cov_5.813583:hsp:3779:3.2.0.0",71,"NODE_2026_length_11376_cov_5.813583","blastn","TRINITY_DN170_c1_g1_i2 212 288 +","match_part"]],"294","expressed_sequence_match"],[0,4169,4524,-1,"NODE_2026_length_11376_cov_5.813583:hit:847:3.2.0.0","TRINITY_DN170_c1_g1_i6",86,"NODE_2026_length_11376_cov_5.813583","blastn",[[1,4380,4524,-1,"M45 I1 M99","NODE_2026_length_11376_cov_5.813583:hsp:3780:3.2.0.0",86,"NODE_2026_length_11376_cov_5.813583","blastn","TRINITY_DN170_c1_g1_i6 1 145 +","match_part"],[1,4169,4246,-1,"M77","NODE_2026_length_11376_cov_5.813583:hsp:3781:3.2.0.0",71,"NODE_2026_length_11376_cov_5.813583","blastn","TRINITY_DN170_c1_g1_i6 213 289 +","match_part"]],"295","expressed_sequence_match"],[0,6703,6829,1,"NODE_2026_length_11376_cov_5.813583:hit:848:3.2.0.0","TRINITY_DN4648_c0_g1_i3",66,"NODE_2026_length_11376_cov_5.813583","blastn",[[1,6703,6829,1,"M126","NODE_2026_length_11376_cov_5.813583:hsp:3782:3.2.0.0",66,"NODE_2026_length_11376_cov_5.813583","blastn","TRINITY_DN4648_c0_g1_i3 14 139 +","match_part"]],"199","expressed_sequence_match"]],"urlTemplate":"lf-{Chunk}.json"}}