{"featureCount":4,"formatVersion":1,"histograms":{"meta":[{"arrayParams":{"chunkSize":10000,"length":2,"urlTemplate":"hist-10000-{Chunk}.json"},"basesPerBin":"10000"}],"stats":[{"basesPerBin":"10000","max":3,"mean":2.5}]},"intervals":{"classes":[{"attributes":["Start","End","Strand","Id","Name","Score","Seq_id","Source","Subfeatures","Target_length","Type"],"isArrayAttr":{"Subfeatures":1}},{"attributes":["Start","End","Strand","Gap","Id","Score","Seq_id","Source","Target","Type"],"isArrayAttr":{}},{"attributes":["Start","End","Chunk"],"isArrayAttr":{"Sublist":1}}],"count":4,"lazyClass":2,"maxEnd":12244,"minStart":2772,"nclist":[[0,2772,3577,-1,"NODE_1289_length_15637_cov_7.069370:hit:96392:4.5.0.0","augustus-NODE_1289_length_15637_cov_7.069370-abinit-gene-0.1-mRNA-1",0.63,"NODE_1289_length_15637_cov_7.069370","augustus",[[1,3238,3577,-1,"M339","NODE_1289_length_15637_cov_7.069370:hsp:487064:4.5.0.0",0.63,"NODE_1289_length_15637_cov_7.069370","augustus","augustus-NODE_1289_length_15637_cov_7.069370-abinit-gene-0.1-mRNA-1 388 726 +","match_part"],[1,2772,3159,-1,"M387","NODE_1289_length_15637_cov_7.069370:hsp:487065:4.5.0.0",0.63,"NODE_1289_length_15637_cov_7.069370","augustus","augustus-NODE_1289_length_15637_cov_7.069370-abinit-gene-0.1-mRNA-1 1 387 +","match_part"]],"15637","match"],[0,4500,6513,-1,"NODE_1289_length_15637_cov_7.069370:hit:96394:4.5.0.0","augustus-NODE_1289_length_15637_cov_7.069370-abinit-gene-0.2-mRNA-1",0.42,"NODE_1289_length_15637_cov_7.069370","augustus",[[1,6431,6513,-1,"M82","NODE_1289_length_15637_cov_7.069370:hsp:487074:4.5.0.0",0.42,"NODE_1289_length_15637_cov_7.069370","augustus","augustus-NODE_1289_length_15637_cov_7.069370-abinit-gene-0.2-mRNA-1 846 927 +","match_part"],[1,6124,6179,-1,"M55","NODE_1289_length_15637_cov_7.069370:hsp:487075:4.5.0.0",0.42,"NODE_1289_length_15637_cov_7.069370","augustus","augustus-NODE_1289_length_15637_cov_7.069370-abinit-gene-0.2-mRNA-1 791 845 +","match_part"],[1,5658,6009,-1,"M351","NODE_1289_length_15637_cov_7.069370:hsp:487076:4.5.0.0",0.42,"NODE_1289_length_15637_cov_7.069370","augustus","augustus-NODE_1289_length_15637_cov_7.069370-abinit-gene-0.2-mRNA-1 440 790 +","match_part"],[1,5200,5311,-1,"M111","NODE_1289_length_15637_cov_7.069370:hsp:487077:4.5.0.0",0.42,"NODE_1289_length_15637_cov_7.069370","augustus","augustus-NODE_1289_length_15637_cov_7.069370-abinit-gene-0.2-mRNA-1 329 439 +","match_part"],[1,5031,5116,-1,"M85","NODE_1289_length_15637_cov_7.069370:hsp:487078:4.5.0.0",0.42,"NODE_1289_length_15637_cov_7.069370","augustus","augustus-NODE_1289_length_15637_cov_7.069370-abinit-gene-0.2-mRNA-1 244 328 +","match_part"],[1,4849,4900,-1,"M51","NODE_1289_length_15637_cov_7.069370:hsp:487079:4.5.0.0",0.42,"NODE_1289_length_15637_cov_7.069370","augustus","augustus-NODE_1289_length_15637_cov_7.069370-abinit-gene-0.2-mRNA-1 193 243 +","match_part"],[1,4648,4776,-1,"M128","NODE_1289_length_15637_cov_7.069370:hsp:487080:4.5.0.0",0.42,"NODE_1289_length_15637_cov_7.069370","augustus","augustus-NODE_1289_length_15637_cov_7.069370-abinit-gene-0.2-mRNA-1 65 192 +","match_part"],[1,4500,4564,-1,"M64","NODE_1289_length_15637_cov_7.069370:hsp:487081:4.5.0.0",0.42,"NODE_1289_length_15637_cov_7.069370","augustus","augustus-NODE_1289_length_15637_cov_7.069370-abinit-gene-0.2-mRNA-1 1 64 +","match_part"]],"15637","match"],[0,8169,11594,-1,"NODE_1289_length_15637_cov_7.069370:hit:96399:4.5.0.0","augustus-NODE_1289_length_15637_cov_7.069370-abinit-gene-0.3-mRNA-1",0.46,"NODE_1289_length_15637_cov_7.069370","augustus",[[1,11521,11594,-1,"M73","NODE_1289_length_15637_cov_7.069370:hsp:487093:4.5.0.0",0.46,"NODE_1289_length_15637_cov_7.069370","augustus","augustus-NODE_1289_length_15637_cov_7.069370-abinit-gene-0.3-mRNA-1 3264 3336 +","match_part"],[1,8169,11432,-1,"M3263","NODE_1289_length_15637_cov_7.069370:hsp:487094:4.5.0.0",0.46,"NODE_1289_length_15637_cov_7.069370","augustus","augustus-NODE_1289_length_15637_cov_7.069370-abinit-gene-0.3-mRNA-1 1 3263 +","match_part"]],"15637","match"],[0,11866,12244,1,"NODE_1289_length_15637_cov_7.069370:hit:96402:4.5.0.0","augustus-NODE_1289_length_15637_cov_7.069370-abinit-gene-0.0-mRNA-1",0.77,"NODE_1289_length_15637_cov_7.069370","augustus",[[1,11866,12244,1,"M378","NODE_1289_length_15637_cov_7.069370:hsp:487097:4.5.0.0",0.77,"NODE_1289_length_15637_cov_7.069370","augustus","augustus-NODE_1289_length_15637_cov_7.069370-abinit-gene-0.0-mRNA-1 1 378 +","match_part"]],"15637","match"]],"urlTemplate":"lf-{Chunk}.json"}}