{"featureCount":17,"formatVersion":1,"histograms":{"meta":[{"arrayParams":{"chunkSize":10000,"length":7,"urlTemplate":"hist-500-{Chunk}.json"},"basesPerBin":"500"}],"stats":[{"basesPerBin":"500","max":9,"mean":6.14285714285714}]},"intervals":{"classes":[{"attributes":["Start","End","Strand","Aligned_coverage","Aligned_identity","Id","Name","Score","Seq_id","Source","Subfeatures","Target_length","Type"],"isArrayAttr":{"Subfeatures":1}},{"attributes":["Start","End","Strand","Gap","Id","Score","Seq_id","Source","Target","Type"],"isArrayAttr":{}},{"attributes":["Start","End","Chunk"],"isArrayAttr":{"Sublist":1}}],"count":17,"lazyClass":2,"maxEnd":3368,"minStart":329,"nclist":[[0,329,616,-1,"100","98.3","NODE_6802_length_3368_cov_7.327985:hit:6664:3.2.0.0","TRINITY_DN7250_c0_g1_i1",1378,"NODE_6802_length_3368_cov_7.327985","est2genome",[[1,329,616,-1,"M193 I1 M94","NODE_6802_length_3368_cov_7.327985:hsp:20791:3.2.0.0",1378,"NODE_6802_length_3368_cov_7.327985","est2genome","TRINITY_DN7250_c0_g1_i1 1 288 -","match_part"]],"288","expressed_sequence_match"],[0,862,1278,-1,"100","94.7","NODE_6802_length_3368_cov_7.327985:hit:6665:3.2.0.0","TRINITY_DN14411_c0_g1_i3",928,"NODE_6802_length_3368_cov_7.327985","est2genome",[[1,1258,1278,-1,"M10 I4 M10","NODE_6802_length_3368_cov_7.327985:hsp:20792:3.2.0.0",928,"NODE_6802_length_3368_cov_7.327985","est2genome","TRINITY_DN14411_c0_g1_i3 211 234 -","match_part"],[1,1054,1139,-1,"M85","NODE_6802_length_3368_cov_7.327985:hsp:20793:3.2.0.0",928,"NODE_6802_length_3368_cov_7.327985","est2genome","TRINITY_DN14411_c0_g1_i3 126 210 -","match_part"],[1,862,983,-1,"M47 I4 M74","NODE_6802_length_3368_cov_7.327985:hsp:20794:3.2.0.0",928,"NODE_6802_length_3368_cov_7.327985","est2genome","TRINITY_DN14411_c0_g1_i3 1 125 -","match_part"]],"234","expressed_sequence_match"],[0,898,1283,-1,"99.51","94.6","NODE_6802_length_3368_cov_7.327985:hit:6666:3.2.0.0","TRINITY_DN14411_c0_g1_i1",886,"NODE_6802_length_3368_cov_7.327985","est2genome",[[1,1232,1283,-1,"M51","NODE_6802_length_3368_cov_7.327985:hsp:20795:3.2.0.0",886,"NODE_6802_length_3368_cov_7.327985","est2genome","TRINITY_DN14411_c0_g1_i1 154 204 -","match_part"],[1,1054,1139,-1,"M85","NODE_6802_length_3368_cov_7.327985:hsp:20796:3.2.0.0",886,"NODE_6802_length_3368_cov_7.327985","est2genome","TRINITY_DN14411_c0_g1_i1 69 153 -","match_part"],[1,898,965,-1,"M67","NODE_6802_length_3368_cov_7.327985:hsp:20797:3.2.0.0",886,"NODE_6802_length_3368_cov_7.327985","est2genome","TRINITY_DN14411_c0_g1_i1 2 68 -","match_part"]],"204","expressed_sequence_match"],[0,898,1283,-1,"99.55","95","NODE_6802_length_3368_cov_7.327985:hit:6667:3.2.0.0","TRINITY_DN14411_c0_g1_i2",964,"NODE_6802_length_3368_cov_7.327985","est2genome",[[1,1232,1283,-1,"M51","NODE_6802_length_3368_cov_7.327985:hsp:20798:3.2.0.0",964,"NODE_6802_length_3368_cov_7.327985","est2genome","TRINITY_DN14411_c0_g1_i2 172 222 -","match_part"],[1,1054,1139,-1,"M85","NODE_6802_length_3368_cov_7.327985:hsp:20799:3.2.0.0",964,"NODE_6802_length_3368_cov_7.327985","est2genome","TRINITY_DN14411_c0_g1_i2 87 171 -","match_part"],[1,898,983,-1,"M85","NODE_6802_length_3368_cov_7.327985:hsp:20800:3.2.0.0",964,"NODE_6802_length_3368_cov_7.327985","est2genome","TRINITY_DN14411_c0_g1_i2 2 86 -","match_part"]],"222","expressed_sequence_match",{"Sublist":[[0,916,1252,-1,"100","92.8","NODE_6802_length_3368_cov_7.327985:hit:6668:3.2.0.0","TRINITY_DN2160_c0_g1_i8",1108,"NODE_6802_length_3368_cov_7.327985","est2genome",[[1,1054,1252,-1,"M127 D4 M28 I1 M39","NODE_6802_length_3368_cov_7.327985:hsp:20801:3.2.0.0",1108,"NODE_6802_length_3368_cov_7.327985","est2genome","TRINITY_DN2160_c0_g1_i8 68 262 -","match_part"],[1,916,983,-1,"M67","NODE_6802_length_3368_cov_7.327985:hsp:20802:3.2.0.0",1108,"NODE_6802_length_3368_cov_7.327985","est2genome","TRINITY_DN2160_c0_g1_i8 1 67 -","match_part"]],"262","expressed_sequence_match"]]}],[0,1075,1758,-1,"99.83","94.3","NODE_6802_length_3368_cov_7.327985:hit:6669:3.2.0.0","TRINITY_DN2160_c0_g1_i15",2524,"NODE_6802_length_3368_cov_7.327985","est2genome",[[1,1554,1758,-1,"M31 I4 M139 D1 M33","NODE_6802_length_3368_cov_7.327985:hsp:20803:3.2.0.0",2524,"NODE_6802_length_3368_cov_7.327985","est2genome","TRINITY_DN2160_c0_g1_i15 372 578 -","match_part"],[1,1075,1449,-1,"M106 D4 M28 I1 M236","NODE_6802_length_3368_cov_7.327985:hsp:20804:3.2.0.0",2524,"NODE_6802_length_3368_cov_7.327985","est2genome","TRINITY_DN2160_c0_g1_i15 1 371 -","match_part"]],"579","expressed_sequence_match"],[0,1075,1758,-1,"99.8","93.9","NODE_6802_length_3368_cov_7.327985:hit:6670:3.2.0.0","TRINITY_DN2160_c0_g1_i3",2187,"NODE_6802_length_3368_cov_7.327985","est2genome",[[1,1554,1758,-1,"M31 I4 M139 D1 M33","NODE_6802_length_3368_cov_7.327985:hsp:20805:3.2.0.0",2187,"NODE_6802_length_3368_cov_7.327985","est2genome","TRINITY_DN2160_c0_g1_i3 304 510 -","match_part"],[1,1364,1449,-1,"M85","NODE_6802_length_3368_cov_7.327985:hsp:20806:3.2.0.0",2187,"NODE_6802_length_3368_cov_7.327985","est2genome","TRINITY_DN2160_c0_g1_i3 219 303 -","match_part"],[1,1075,1296,-1,"M106 D4 M28 I1 M83","NODE_6802_length_3368_cov_7.327985:hsp:20807:3.2.0.0",2187,"NODE_6802_length_3368_cov_7.327985","est2genome","TRINITY_DN2160_c0_g1_i3 1 218 -","match_part"]],"511","expressed_sequence_match"],[0,1100,1758,1,"99.73","93.3","NODE_6802_length_3368_cov_7.327985:hit:6671:3.2.0.0","TRINITY_DN2160_c0_g1_i4",1565,"NODE_6802_length_3368_cov_7.327985","est2genome",[[1,1100,1296,1,"M81 D4 M28 I1 M83","NODE_6802_length_3368_cov_7.327985:hsp:20808:3.2.0.0",1565,"NODE_6802_length_3368_cov_7.327985","est2genome","TRINITY_DN2160_c0_g1_i4 1 193 +","match_part"],[1,1368,1391,1,"M23","NODE_6802_length_3368_cov_7.327985:hsp:20809:3.2.0.0",1565,"NODE_6802_length_3368_cov_7.327985","est2genome","TRINITY_DN2160_c0_g1_i4 194 216 +","match_part"],[1,1606,1758,1,"M118 D1 M33","NODE_6802_length_3368_cov_7.327985:hsp:20810:3.2.0.0",1565,"NODE_6802_length_3368_cov_7.327985","est2genome","TRINITY_DN2160_c0_g1_i4 217 367 +","match_part"]],"368","expressed_sequence_match",{"Sublist":[[0,1100,1616,-1,"100","95.6","NODE_6802_length_3368_cov_7.327985:hit:6672:3.2.0.0","TRINITY_DN2160_c0_g1_i7",1820,"NODE_6802_length_3368_cov_7.327985","est2genome",[[1,1554,1616,-1,"M15 I1 M47","NODE_6802_length_3368_cov_7.327985:hsp:20811:3.2.0.0",1820,"NODE_6802_length_3368_cov_7.327985","est2genome","TRINITY_DN2160_c0_g1_i7 351 413 -","match_part"],[1,1100,1449,-1,"M81 D4 M28 I1 M55 I4 M181","NODE_6802_length_3368_cov_7.327985:hsp:20812:3.2.0.0",1820,"NODE_6802_length_3368_cov_7.327985","est2genome","TRINITY_DN2160_c0_g1_i7 1 350 -","match_part"]],"413","expressed_sequence_match"],[0,1374,1704,-1,"100","93","NODE_6802_length_3368_cov_7.327985:hit:6673:3.2.0.0","TRINITY_DN11379_c0_g1_i1",1195,"NODE_6802_length_3368_cov_7.327985","est2genome",[[1,1515,1704,-1,"M184 D1 M4","NODE_6802_length_3368_cov_7.327985:hsp:20813:3.2.0.0",1195,"NODE_6802_length_3368_cov_7.327985","est2genome","TRINITY_DN11379_c0_g1_i1 1 188 +","match_part"],[1,1374,1466,-1,"M6 D1 M10 I5 M75","NODE_6802_length_3368_cov_7.327985:hsp:20814:3.2.0.0",1195,"NODE_6802_length_3368_cov_7.327985","est2genome","TRINITY_DN11379_c0_g1_i1 189 284 +","match_part"]],