{"featureCount":3,"formatVersion":1,"histograms":{"meta":[{"arrayParams":{"chunkSize":10000,"length":1,"urlTemplate":"hist-10000-{Chunk}.json"},"basesPerBin":"10000"}],"stats":[{"basesPerBin":"10000","max":3,"mean":3}]},"intervals":{"classes":[{"attributes":["Start","End","Strand","Id","Name","Seq_id","Source","Subfeatures","Target_length","Type"],"isArrayAttr":{"Subfeatures":1}},{"attributes":["Start","End","Strand","Gap","Id","Seq_id","Source","Target","Type"],"isArrayAttr":{}},{"attributes":["Start","End","Strand","Id","Seq_id","Source","Target","Type"],"isArrayAttr":{}},{"attributes":["Start","End","Chunk"],"isArrayAttr":{"Sublist":1}}],"count":3,"lazyClass":3,"maxEnd":6425,"minStart":417,"nclist":[[0,417,2132,1,"NODE_3851_length_6477_cov_1.849291:hit:39010:4.5.0.0","genemark-NODE_3851_length_6477_cov_1.849291-abinit-gene-0.2-mRNA-1","NODE_3851_length_6477_cov_1.849291","genemark",[[1,417,471,1,"M54","NODE_3851_length_6477_cov_1.849291:hsp:158848:4.5.0.0","NODE_3851_length_6477_cov_1.849291","genemark","genemark-NODE_3851_length_6477_cov_1.849291-abinit-gene-0.2-mRNA-1 1 54 +","match_part"],[1,530,707,1,"M177","NODE_3851_length_6477_cov_1.849291:hsp:158849:4.5.0.0","NODE_3851_length_6477_cov_1.849291","genemark","genemark-NODE_3851_length_6477_cov_1.849291-abinit-gene-0.2-mRNA-1 55 231 +","match_part"],[1,797,1118,1,"M321","NODE_3851_length_6477_cov_1.849291:hsp:158850:4.5.0.0","NODE_3851_length_6477_cov_1.849291","genemark","genemark-NODE_3851_length_6477_cov_1.849291-abinit-gene-0.2-mRNA-1 232 552 +","match_part"],[1,1181,1388,1,"M207","NODE_3851_length_6477_cov_1.849291:hsp:158851:4.5.0.0","NODE_3851_length_6477_cov_1.849291","genemark","genemark-NODE_3851_length_6477_cov_1.849291-abinit-gene-0.2-mRNA-1 553 759 +","match_part"],[1,1459,1594,1,"M135","NODE_3851_length_6477_cov_1.849291:hsp:158852:4.5.0.0","NODE_3851_length_6477_cov_1.849291","genemark","genemark-NODE_3851_length_6477_cov_1.849291-abinit-gene-0.2-mRNA-1 760 894 +","match_part"],[1,1667,2132,1,"M465","NODE_3851_length_6477_cov_1.849291:hsp:158853:4.5.0.0","NODE_3851_length_6477_cov_1.849291","genemark","genemark-NODE_3851_length_6477_cov_1.849291-abinit-gene-0.2-mRNA-1 895 1359 +","match_part"]],"6477","match"],[0,2396,5487,1,"NODE_3851_length_6477_cov_1.849291:hit:39012:4.5.0.0","genemark-NODE_3851_length_6477_cov_1.849291-abinit-gene-0.3-mRNA-1","NODE_3851_length_6477_cov_1.849291","genemark",[[1,2396,2661,1,"M265","NODE_3851_length_6477_cov_1.849291:hsp:158857:4.5.0.0","NODE_3851_length_6477_cov_1.849291","genemark","genemark-NODE_3851_length_6477_cov_1.849291-abinit-gene-0.3-mRNA-1 1 265 +","match_part"],[1,2712,4692,1,"M1980","NODE_3851_length_6477_cov_1.849291:hsp:158858:4.5.0.0","NODE_3851_length_6477_cov_1.849291","genemark","genemark-NODE_3851_length_6477_cov_1.849291-abinit-gene-0.3-mRNA-1 266 2245 +","match_part"],[1,4750,5487,1,"M737","NODE_3851_length_6477_cov_1.849291:hsp:158859:4.5.0.0","NODE_3851_length_6477_cov_1.849291","genemark","genemark-NODE_3851_length_6477_cov_1.849291-abinit-gene-0.3-mRNA-1 2246 2982 +","match_part"]],"6477","match"],[0,6305,6425,-1,"NODE_3851_length_6477_cov_1.849291:hit:39014:4.5.0.0","genemark-NODE_3851_length_6477_cov_1.849291-abinit-gene-0.4-mRNA-1","NODE_3851_length_6477_cov_1.849291","genemark",[[1,6305,6425,-1,"M120","NODE_3851_length_6477_cov_1.849291:hsp:158862:4.5.0.0","NODE_3851_length_6477_cov_1.849291","genemark","genemark-NODE_3851_length_6477_cov_1.849291-abinit-gene-0.4-mRNA-1 1 120 +","match_part"]],"6477","match"]],"urlTemplate":"lf-{Chunk}.json"}}