{"featureCount":3,"formatVersion":1,"histograms":{"meta":[{"arrayParams":{"chunkSize":10000,"length":1,"urlTemplate":"hist-10000-{Chunk}.json"},"basesPerBin":"10000"}],"stats":[{"basesPerBin":"10000","max":3,"mean":3}]},"intervals":{"classes":[{"attributes":["Start","End","Strand","Id","Name","Score","Seq_id","Source","Subfeatures","Target_length","Type"],"isArrayAttr":{"Subfeatures":1}},{"attributes":["Start","End","Strand","Gap","Id","Score","Seq_id","Source","Target","Type"],"isArrayAttr":{}},{"attributes":["Start","End","Chunk"],"isArrayAttr":{"Sublist":1}}],"count":3,"lazyClass":2,"maxEnd":7673,"minStart":3052,"nclist":[[0,3052,4912,1,"NODE_3175_length_7675_cov_1.394357:hit:27746:4.5.0.0","augustus-NODE_3175_length_7675_cov_1.394357-abinit-gene-0.7-mRNA-1",0.17,"NODE_3175_length_7675_cov_1.394357","augustus",[[1,3052,3144,1,"M92","NODE_3175_length_7675_cov_1.394357:hsp:117859:4.5.0.0",0.17,"NODE_3175_length_7675_cov_1.394357","augustus","augustus-NODE_3175_length_7675_cov_1.394357-abinit-gene-0.7-mRNA-1 1 92 +","match_part"],[1,3225,3469,1,"M244","NODE_3175_length_7675_cov_1.394357:hsp:117860:4.5.0.0",0.17,"NODE_3175_length_7675_cov_1.394357","augustus","augustus-NODE_3175_length_7675_cov_1.394357-abinit-gene-0.7-mRNA-1 93 336 +","match_part"],[1,3530,3699,1,"M169","NODE_3175_length_7675_cov_1.394357:hsp:117861:4.5.0.0",0.17,"NODE_3175_length_7675_cov_1.394357","augustus","augustus-NODE_3175_length_7675_cov_1.394357-abinit-gene-0.7-mRNA-1 337 505 +","match_part"],[1,4310,4912,1,"M602","NODE_3175_length_7675_cov_1.394357:hsp:117862:4.5.0.0",0.17,"NODE_3175_length_7675_cov_1.394357","augustus","augustus-NODE_3175_length_7675_cov_1.394357-abinit-gene-0.7-mRNA-1 506 1107 +","match_part"]],"7675","match"],[0,5885,6776,-1,"NODE_3175_length_7675_cov_1.394357:hit:27751:4.5.0.0","augustus-NODE_3175_length_7675_cov_1.394357-abinit-gene-0.9-mRNA-1",0.31,"NODE_3175_length_7675_cov_1.394357","augustus",[[1,6751,6776,-1,"M25","NODE_3175_length_7675_cov_1.394357:hsp:117877:4.5.0.0",0.31,"NODE_3175_length_7675_cov_1.394357","augustus","augustus-NODE_3175_length_7675_cov_1.394357-abinit-gene-0.9-mRNA-1 576 600 +","match_part"],[1,6577,6682,-1,"M105","NODE_3175_length_7675_cov_1.394357:hsp:117878:4.5.0.0",0.31,"NODE_3175_length_7675_cov_1.394357","augustus","augustus-NODE_3175_length_7675_cov_1.394357-abinit-gene-0.9-mRNA-1 471 575 +","match_part"],[1,6311,6498,-1,"M187","NODE_3175_length_7675_cov_1.394357:hsp:117879:4.5.0.0",0.31,"NODE_3175_length_7675_cov_1.394357","augustus","augustus-NODE_3175_length_7675_cov_1.394357-abinit-gene-0.9-mRNA-1 284 470 +","match_part"],[1,5987,6236,-1,"M249","NODE_3175_length_7675_cov_1.394357:hsp:117880:4.5.0.0",0.31,"NODE_3175_length_7675_cov_1.394357","augustus","augustus-NODE_3175_length_7675_cov_1.394357-abinit-gene-0.9-mRNA-1 35 283 +","match_part"],[1,5885,5919,-1,"M34","NODE_3175_length_7675_cov_1.394357:hsp:117881:4.5.0.0",0.31,"NODE_3175_length_7675_cov_1.394357","augustus","augustus-NODE_3175_length_7675_cov_1.394357-abinit-gene-0.9-mRNA-1 1 34 +","match_part"]],"7675","match"],[0,7049,7673,1,"NODE_3175_length_7675_cov_1.394357:hit:27752:4.5.0.0","augustus-NODE_3175_length_7675_cov_1.394357-abinit-gene-0.8-mRNA-1",0.97,"NODE_3175_length_7675_cov_1.394357","augustus",[[1,7049,7673,1,"M624","NODE_3175_length_7675_cov_1.394357:hsp:117882:4.5.0.0",0.97,"NODE_3175_length_7675_cov_1.394357","augustus","augustus-NODE_3175_length_7675_cov_1.394357-abinit-gene-0.8-mRNA-1 1 624 +","match_part"]],"7675","match"]],"urlTemplate":"lf-{Chunk}.json"}}