{"featureCount":2,"formatVersion":1,"histograms":{"meta":[{"arrayParams":{"chunkSize":10000,"length":1,"urlTemplate":"hist-20000-{Chunk}.json"},"basesPerBin":"20000"}],"stats":[{"basesPerBin":"20000","max":2,"mean":2}]},"intervals":{"classes":[{"attributes":["Start","End","Strand","Id","Name","Seq_id","Source","Subfeatures","Target_length","Type"],"isArrayAttr":{"Subfeatures":1}},{"attributes":["Start","End","Strand","Gap","Id","Seq_id","Source","Target","Type"],"isArrayAttr":{}},{"attributes":["Start","End","Strand","Id","Seq_id","Source","Target","Type"],"isArrayAttr":{}},{"attributes":["Start","End","Chunk"],"isArrayAttr":{"Sublist":1}}],"count":2,"lazyClass":3,"maxEnd":10595,"minStart":994,"nclist":[[0,994,7214,1,"NODE_2197_length_10668_cov_7.419220:hit:5727:4.5.0.0","genemark-NODE_2197_length_10668_cov_7.419220-abinit-gene-0.19-mRNA-1","NODE_2197_length_10668_cov_7.419220","genemark",[[1,994,1118,1,"M124","NODE_2197_length_10668_cov_7.419220:hsp:26692:4.5.0.0","NODE_2197_length_10668_cov_7.419220","genemark","genemark-NODE_2197_length_10668_cov_7.419220-abinit-gene-0.19-mRNA-1 1 124 +","match_part"],[1,1151,1220,1,"M69","NODE_2197_length_10668_cov_7.419220:hsp:26693:4.5.0.0","NODE_2197_length_10668_cov_7.419220","genemark","genemark-NODE_2197_length_10668_cov_7.419220-abinit-gene-0.19-mRNA-1 125 193 +","match_part"],[1,1325,1574,1,"M249","NODE_2197_length_10668_cov_7.419220:hsp:26694:4.5.0.0","NODE_2197_length_10668_cov_7.419220","genemark","genemark-NODE_2197_length_10668_cov_7.419220-abinit-gene-0.19-mRNA-1 194 442 +","match_part"],[1,1642,2183,1,"M541","NODE_2197_length_10668_cov_7.419220:hsp:26695:4.5.0.0","NODE_2197_length_10668_cov_7.419220","genemark","genemark-NODE_2197_length_10668_cov_7.419220-abinit-gene-0.19-mRNA-1 443 983 +","match_part"],[1,2275,2375,1,"M100","NODE_2197_length_10668_cov_7.419220:hsp:26696:4.5.0.0","NODE_2197_length_10668_cov_7.419220","genemark","genemark-NODE_2197_length_10668_cov_7.419220-abinit-gene-0.19-mRNA-1 984 1083 +","match_part"],[1,2455,2635,1,"M180","NODE_2197_length_10668_cov_7.419220:hsp:26697:4.5.0.0","NODE_2197_length_10668_cov_7.419220","genemark","genemark-NODE_2197_length_10668_cov_7.419220-abinit-gene-0.19-mRNA-1 1084 1263 +","match_part"],[1,2731,3481,1,"M750","NODE_2197_length_10668_cov_7.419220:hsp:26698:4.5.0.0","NODE_2197_length_10668_cov_7.419220","genemark","genemark-NODE_2197_length_10668_cov_7.419220-abinit-gene-0.19-mRNA-1 1264 2013 +","match_part"],[1,4442,4671,1,"M229","NODE_2197_length_10668_cov_7.419220:hsp:26699:4.5.0.0","NODE_2197_length_10668_cov_7.419220","genemark","genemark-NODE_2197_length_10668_cov_7.419220-abinit-gene-0.19-mRNA-1 2014 2242 +","match_part"],[1,4760,4841,1,"M81","NODE_2197_length_10668_cov_7.419220:hsp:26700:4.5.0.0","NODE_2197_length_10668_cov_7.419220","genemark","genemark-NODE_2197_length_10668_cov_7.419220-abinit-gene-0.19-mRNA-1 2243 2323 +","match_part"],[1,4908,5216,1,"M308","NODE_2197_length_10668_cov_7.419220:hsp:26701:4.5.0.0","NODE_2197_length_10668_cov_7.419220","genemark","genemark-NODE_2197_length_10668_cov_7.419220-abinit-gene-0.19-mRNA-1 2324 2631 +","match_part"],[1,5321,5673,1,"M352","NODE_2197_length_10668_cov_7.419220:hsp:26702:4.5.0.0","NODE_2197_length_10668_cov_7.419220","genemark","genemark-NODE_2197_length_10668_cov_7.419220-abinit-gene-0.19-mRNA-1 2632 2983 +","match_part"],[1,5762,5960,1,"M198","NODE_2197_length_10668_cov_7.419220:hsp:26703:4.5.0.0","NODE_2197_length_10668_cov_7.419220","genemark","genemark-NODE_2197_length_10668_cov_7.419220-abinit-gene-0.19-mRNA-1 2984 3181 +","match_part"],[1,6051,6351,1,"M300","NODE_2197_length_10668_cov_7.419220:hsp:26704:4.5.0.0","NODE_2197_length_10668_cov_7.419220","genemark","genemark-NODE_2197_length_10668_cov_7.419220-abinit-gene-0.19-mRNA-1 3182 3481 +","match_part"],[1,6447,6655,1,"M208","NODE_2197_length_10668_cov_7.419220:hsp:26705:4.5.0.0","NODE_2197_length_10668_cov_7.419220","genemark","genemark-NODE_2197_length_10668_cov_7.419220-abinit-gene-0.19-mRNA-1 3482 3689 +","match_part"],[1,6728,6832,1,"M104","NODE_2197_length_10668_cov_7.419220:hsp:26706:4.5.0.0","NODE_2197_length_10668_cov_7.419220","genemark","genemark-NODE_2197_length_10668_cov_7.419220-abinit-gene-0.19-mRNA-1 3690 3793 +","match_part"],[1,6891,7214,1,"M323","NODE_2197_length_10668_cov_7.419220:hsp:26707:4.5.0.0","NODE_2197_length_10668_cov_7.419220","genemark","genemark-NODE_2197_length_10668_cov_7.419220-abinit-gene-0.19-mRNA-1 3794 4116 +","match_part"]],"10668","match"],[0,10535,10595,-1,"NODE_2197_length_10668_cov_7.419220:hit:5731:4.5.0.0","genemark-NODE_2197_length_10668_cov_7.419220-abinit-gene-0.20-mRNA-1","NODE_2197_length_10668_cov_7.419220","genemark",[[1,10535,10595,-1,"M60","NODE_2197_length_10668_cov_7.419220:hsp:26741:4.5.0.0","NODE_2197_length_10668_cov_7.419220","genemark","genemark-NODE_2197_length_10668_cov_7.419220-abinit-gene-0.20-mRNA-1 1 60 +","match_part"]],"10668","match"]],"urlTemplate":"lf-{Chunk}.json"}}