{"featureCount":4,"formatVersion":1,"histograms":{"meta":[{"arrayParams":{"chunkSize":10000,"length":2,"urlTemplate":"hist-10000-{Chunk}.json"},"basesPerBin":"10000"}],"stats":[{"basesPerBin":"10000","max":3,"mean":2.5}]},"intervals":{"classes":[{"attributes":["Start","End","Strand","Id","Name","Score","Seq_id","Source","Subfeatures","Target_length","Type"],"isArrayAttr":{"Subfeatures":1}},{"attributes":["Start","End","Strand","Gap","Id","Score","Seq_id","Source","Target","Type"],"isArrayAttr":{}},{"attributes":["Start","End","Chunk"],"isArrayAttr":{"Sublist":1}}],"count":4,"lazyClass":2,"maxEnd":12396,"minStart":324,"nclist":[[0,324,2787,1,"NODE_1756_length_12679_cov_6.232792:hit:115031:4.5.0.0","augustus-NODE_1756_length_12679_cov_6.232792-abinit-gene-0.0-mRNA-1",0.15,"NODE_1756_length_12679_cov_6.232792","augustus",[[1,324,429,1,"M105","NODE_1756_length_12679_cov_6.232792:hsp:572317:4.5.0.0",0.15,"NODE_1756_length_12679_cov_6.232792","augustus","augustus-NODE_1756_length_12679_cov_6.232792-abinit-gene-0.0-mRNA-1 1 105 +","match_part"],[1,526,588,1,"M62","NODE_1756_length_12679_cov_6.232792:hsp:572318:4.5.0.0",0.15,"NODE_1756_length_12679_cov_6.232792","augustus","augustus-NODE_1756_length_12679_cov_6.232792-abinit-gene-0.0-mRNA-1 106 167 +","match_part"],[1,1057,1112,1,"M55","NODE_1756_length_12679_cov_6.232792:hsp:572319:4.5.0.0",0.15,"NODE_1756_length_12679_cov_6.232792","augustus","augustus-NODE_1756_length_12679_cov_6.232792-abinit-gene-0.0-mRNA-1 168 222 +","match_part"],[1,1278,1396,1,"M118","NODE_1756_length_12679_cov_6.232792:hsp:572320:4.5.0.0",0.15,"NODE_1756_length_12679_cov_6.232792","augustus","augustus-NODE_1756_length_12679_cov_6.232792-abinit-gene-0.0-mRNA-1 223 340 +","match_part"],[1,1512,1688,1,"M176","NODE_1756_length_12679_cov_6.232792:hsp:572321:4.5.0.0",0.15,"NODE_1756_length_12679_cov_6.232792","augustus","augustus-NODE_1756_length_12679_cov_6.232792-abinit-gene-0.0-mRNA-1 341 516 +","match_part"],[1,1811,1880,1,"M69","NODE_1756_length_12679_cov_6.232792:hsp:572322:4.5.0.0",0.15,"NODE_1756_length_12679_cov_6.232792","augustus","augustus-NODE_1756_length_12679_cov_6.232792-abinit-gene-0.0-mRNA-1 517 585 +","match_part"],[1,1944,2163,1,"M219","NODE_1756_length_12679_cov_6.232792:hsp:572323:4.5.0.0",0.15,"NODE_1756_length_12679_cov_6.232792","augustus","augustus-NODE_1756_length_12679_cov_6.232792-abinit-gene-0.0-mRNA-1 586 804 +","match_part"],[1,2247,2307,1,"M60","NODE_1756_length_12679_cov_6.232792:hsp:572324:4.5.0.0",0.15,"NODE_1756_length_12679_cov_6.232792","augustus","augustus-NODE_1756_length_12679_cov_6.232792-abinit-gene-0.0-mRNA-1 805 864 +","match_part"],[1,2376,2787,1,"M411","NODE_1756_length_12679_cov_6.232792:hsp:572325:4.5.0.0",0.15,"NODE_1756_length_12679_cov_6.232792","augustus","augustus-NODE_1756_length_12679_cov_6.232792-abinit-gene-0.0-mRNA-1 865 1275 +","match_part"]],"12679","match"],[0,3045,4100,-1,"NODE_1756_length_12679_cov_6.232792:hit:115033:4.5.0.0","augustus-NODE_1756_length_12679_cov_6.232792-abinit-gene-0.3-mRNA-1",0.54,"NODE_1756_length_12679_cov_6.232792","augustus",[[1,4090,4100,-1,"M10","NODE_1756_length_12679_cov_6.232792:hsp:572332:4.5.0.0",0.54,"NODE_1756_length_12679_cov_6.232792","augustus","augustus-NODE_1756_length_12679_cov_6.232792-abinit-gene-0.3-mRNA-1 654 663 +","match_part"],[1,3554,3982,-1,"M428","NODE_1756_length_12679_cov_6.232792:hsp:572333:4.5.0.0",0.54,"NODE_1756_length_12679_cov_6.232792","augustus","augustus-NODE_1756_length_12679_cov_6.232792-abinit-gene-0.3-mRNA-1 226 653 +","match_part"],[1,3286,3436,-1,"M150","NODE_1756_length_12679_cov_6.232792:hsp:572334:4.5.0.0",0.54,"NODE_1756_length_12679_cov_6.232792","augustus","augustus-NODE_1756_length_12679_cov_6.232792-abinit-gene-0.3-mRNA-1 76 225 +","match_part"],[1,3128,3188,-1,"M60","NODE_1756_length_12679_cov_6.232792:hsp:572335:4.5.0.0",0.54,"NODE_1756_length_12679_cov_6.232792","augustus","augustus-NODE_1756_length_12679_cov_6.232792-abinit-gene-0.3-mRNA-1 16 75 +","match_part"],[1,3045,3060,-1,"M15","NODE_1756_length_12679_cov_6.232792:hsp:572336:4.5.0.0",0.54,"NODE_1756_length_12679_cov_6.232792","augustus","augustus-NODE_1756_length_12679_cov_6.232792-abinit-gene-0.3-mRNA-1 1 15 +","match_part"]],