{"featureCount":4,"formatVersion":1,"histograms":{"meta":[{"arrayParams":{"chunkSize":10000,"length":2,"urlTemplate":"hist-1000-{Chunk}.json"},"basesPerBin":"1000"}],"stats":[{"basesPerBin":"1000","max":4,"mean":2.5}]},"intervals":{"classes":[{"attributes":["Start","End","Strand","Id","Name","Score","Seq_id","Source","Subfeatures","Target_length","Type"],"isArrayAttr":{"Subfeatures":1}},{"attributes":["Start","End","Strand","Gap","Id","Score","Seq_id","Source","Target","Type"],"isArrayAttr":{}},{"attributes":["Start","End","Chunk"],"isArrayAttr":{"Sublist":1}}],"count":4,"lazyClass":2,"maxEnd":1113,"minStart":316,"nclist":[[0,316,610,-1,"NODE_14242_length_1220_cov_2.005489:hit:732:3.2.0.0","TRINITY_DN1234_c3_g1_i1",151,"NODE_14242_length_1220_cov_2.005489","blastn",[[1,316,610,-1,"M119 D2 M1 D2 M26 I4 M13 I1 M5 I1 M54 I1 M72","NODE_14242_length_1220_cov_2.005489:hsp:1514:3.2.0.0",151,"NODE_14242_length_1220_cov_2.005489","blastn","TRINITY_DN1234_c3_g1_i1 28 324 +","match_part"]],"347","expressed_sequence_match"],[0,486,849,1,"NODE_14242_length_1220_cov_2.005489:hit:733:3.2.0.0","TRINITY_DN8250_c0_g1_i1",311,"NODE_14242_length_1220_cov_2.005489","blastn",[[1,486,849,1,"M130 I1 M1 I3 M213 I1 M19","NODE_14242_length_1220_cov_2.005489:hsp:1515:3.2.0.0",311,"NODE_14242_length_1220_cov_2.005489","blastn","TRINITY_DN8250_c0_g1_i1 156 523 +","match_part"]],"523","expressed_sequence_match"],[0,486,849,1,"NODE_14242_length_1220_cov_2.005489:hit:734:3.2.0.0","TRINITY_DN8250_c0_g1_i3",169,"NODE_14242_length_1220_cov_2.005489","blastn",[[1,486,697,1,"M130 I1 M1 I3 M80","NODE_14242_length_1220_cov_2.005489:hsp:1516:3.2.0.0",169,"NODE_14242_length_1220_cov_2.005489","blastn","TRINITY_DN8250_c0_g1_i3 156 370 +","match_part"],[1,700,849,1,"M130 I1 M19","NODE_14242_length_1220_cov_2.005489:hsp:1517:3.2.0.0",127,"NODE_14242_length_1220_cov_2.005489","blastn","TRINITY_DN8250_c0_g1_i3 393 542 +","match_part"]],"542","expressed_sequence_match"],[0,841,1113,1,"NODE_14242_length_1220_cov_2.005489:hit:735:3.2.0.0","TRINITY_DN7239_c0_g1_i1",179,"NODE_14242_length_1220_cov_2.005489","blastn",[[1,841,1113,1,"M28 I1 M68 D3 M173","NODE_14242_length_1220_cov_2.005489:hsp:1518:3.2.0.0",179,"NODE_14242_length_1220_cov_2.005489","blastn","TRINITY_DN7239_c0_g1_i1 1 270 +","match_part"]],"270","expressed_sequence_match"]],"urlTemplate":"lf-{Chunk}.json"}}