{"featureCount":9,"formatVersion":1,"histograms":{"meta":[{"arrayParams":{"chunkSize":10000,"length":2,"urlTemplate":"hist-5000-{Chunk}.json"},"basesPerBin":"5000"}],"stats":[{"basesPerBin":"5000","max":8,"mean":4.5}]},"intervals":{"classes":[{"attributes":["Start","End","Strand","Aligned_coverage","Aligned_identity","Id","Name","Score","Seq_id","Source","Subfeatures","Target_length","Type"],"isArrayAttr":{"Subfeatures":1}},{"attributes":["Start","End","Strand","Gap","Id","Score","Seq_id","Source","Target","Type"],"isArrayAttr":{}},{"attributes":["Start","End","Chunk"],"isArrayAttr":{"Sublist":1}}],"count":9,"lazyClass":2,"maxEnd":8917,"minStart":1159,"nclist":[[0,1159,4418,-1,"100","99.4","NODE_2244_length_10458_cov_6.860710:hit:7068:3.2.0.0","TRINITY_DN1420_c0_g1_i12",13606,"NODE_2244_length_10458_cov_6.860710","est2genome",[[1,4301,4418,-1,"M117","NODE_2244_length_10458_cov_6.860710:hsp:33085:3.2.0.0",13606,"NODE_2244_length_10458_cov_6.860710","est2genome","TRINITY_DN1420_c0_g1_i12 1 117 +","match_part"],[1,3945,4212,-1,"M267","NODE_2244_length_10458_cov_6.860710:hsp:33086:3.2.0.0",13606,"NODE_2244_length_10458_cov_6.860710","est2genome","TRINITY_DN1420_c0_g1_i12 118 384 +","match_part"],[1,3046,3877,-1,"M831","NODE_2244_length_10458_cov_6.860710:hsp:33087:3.2.0.0",13606,"NODE_2244_length_10458_cov_6.860710","est2genome","TRINITY_DN1420_c0_g1_i12 385 1215 +","match_part"],[1,2560,2980,-1,"M420","NODE_2244_length_10458_cov_6.860710:hsp:33088:3.2.0.0",13606,"NODE_2244_length_10458_cov_6.860710","est2genome","TRINITY_DN1420_c0_g1_i12 1216 1635 +","match_part"],[1,2451,2500,-1,"M49","NODE_2244_length_10458_cov_6.860710:hsp:33089:3.2.0.0",13606,"NODE_2244_length_10458_cov_6.860710","est2genome","TRINITY_DN1420_c0_g1_i12 1636 1684 +","match_part"],[1,2233,2385,-1,"M152","NODE_2244_length_10458_cov_6.860710:hsp:33090:3.2.0.0",13606,"NODE_2244_length_10458_cov_6.860710","est2genome","TRINITY_DN1420_c0_g1_i12 1685 1836 +","match_part"],[1,1159,2101,-1,"M942","NODE_2244_length_10458_cov_6.860710:hsp:33091:3.2.0.0",13606,"NODE_2244_length_10458_cov_6.860710","est2genome","TRINITY_DN1420_c0_g1_i12 1837 2778 +","match_part"]],"2778","expressed_sequence_match"],[0,1653,4418,-1,"100","99.3","NODE_2244_length_10458_cov_6.860710:hit:7069:3.2.0.0","TRINITY_DN1420_c0_g1_i9",11861,"NODE_2244_length_10458_cov_6.860710","est2genome",[[1,4301,4418,-1,"M117","NODE_2244_length_10458_cov_6.860710:hsp:33092:3.2.0.0",11861,"NODE_2244_length_10458_cov_6.860710","est2genome","TRINITY_DN1420_c0_g1_i9 1 117 +","match_part"],[1,3046,4212,-1,"M1166","NODE_2244_length_10458_cov_6.860710:hsp:33093:3.2.0.0",11861,"NODE_2244_length_10458_cov_6.860710","est2genome","TRINITY_DN1420_c0_g1_i9 118 1283 +","match_part"],[1,2560,2980,-1,"M420","NODE_2244_length_10458_cov_6.860710:hsp:33094:3.2.0.0",11861,"NODE_2244_length_10458_cov_6.860710","est2genome","TRINITY_DN1420_c0_g1_i9 1284 1703 +","match_part"],[1,2233,2500,-1,"M267","NODE_2244_length_10458_cov_6.860710:hsp:33095:3.2.0.0",11861,"NODE_2244_length_10458_cov_6.860710","est2genome","TRINITY_DN1420_c0_g1_i9 1704 1970 +","match_part"],[1,1653,2101,-1,"M448","NODE_2244_length_10458_cov_6.860710:hsp:33096:3.2.0.0",11861,"NODE_2244_length_10458_cov_6.860710","est2genome","TRINITY_DN1420_c0_g1_i9 1971 2418 +","match_part"]],"2418","expressed_sequence_match"],[0,1653,4418,-1,"100","99.3","NODE_2244_length_10458_cov_6.860710:hit:7070:3.2.0.0","TRINITY_DN1420_c0_g1_i11",11819,"NODE_2244_length_10458_cov_6.860710","est2genome",[[1,4301,4418,-1,"M117","NODE_2244_length_10458_cov_6.860710:hsp:33097:3.2.0.0",11819,"NODE_2244_length_10458_cov_6.860710","est2genome","TRINITY_DN1420_c0_g1_i11 1 117 +","match_part"],[1,3945,4212,-1,"M267","NODE_2244_length_10458_cov_6.860710:hsp:33098:3.2.0.0",11819,"NODE_2244_length_10458_cov_6.860710","est2genome","TRINITY_DN1420_c0_g1_i11 118 384 +","match_part"],[1,3046,3877,-1,"M831","NODE_2244_length_10458_cov_6.860710:hsp:33099:3.2.0.0",11819,"NODE_2244_length_10458_cov_6.860710","est2genome","TRINITY_DN1420_c0_g1_i11 385 1215 +","match_part"],[1,2233,2980,-1,"M747","NODE_2244_length_10458_cov_6.860710:hsp:33100:3.2.0.0",11819,"NODE_2244_length_10458_cov_6.860710","est2genome","TRINITY_DN1420_c0_g1_i11 1216 1962 +","match_part"],[1,1653,2101,-1,"M448","NODE_2244_length_10458_cov_6.860710:hsp:33101:3.2.0.0",11819,"NODE_2244_length_10458_cov_6.860710","est2genome","TRINITY_DN1420_c0_g1_i11 1963 2410 +","match_part"]],"2410","expressed_sequence_match"],[0,1653,4418,-1,"100","99.3","NODE_2244_length_10458_cov_6.860710:hit:7071:3.2.0.0","TRINITY_DN1420_c0_g1_i4",11472,"NODE_2244_length_10458_cov_6.860710","est2genome",[[1,4301,4418,-1,"M117","NODE_2244_length_10458_cov_6.860710:hsp:33102:3.2.0.0",11472,"NODE_2244_length_10458_cov_6.860710","est2genome","TRINITY_DN1420_c0_g1_i4 1 117 +","match_part"],[1,3945,4212,-1,"M267","NODE_2244_length_10458_cov_6.860710:hsp:33103:3.2.0.0",11472,"NODE_2244_length_10458_cov_6.860710","est2genome","TRINITY_DN1420_c0_g1_i4 118 384 +","match_part"],[1,3046,3877,-1,"M831","NODE_2244_length_10458_cov_6.860710:hsp:33104:3.2.0.0",11472,"NODE_2244_length_10458_cov_6.860710","est2genome","TRINITY_DN1420_c0_g1_i4 385 1215 +","match_part"],[1,2451,2980,-1,"M529","NODE_2244_length_10458_cov_6.860710:hsp:33105:3.2.0.0",11472,"NODE_2244_length_10458_cov_6.860710","est2genome","TRINITY_DN1420_c0_g1_i4 1216 1744 +","match_part"],[1,2233,2385,-1,"M152","NODE_2244_length_10458_cov_6.860710:hsp:33106:3.2.0.0",11472,"NODE_2244_length_10458_cov_6.860710","est2genome","TRINITY_DN1420_c0_g1_i4 1745 1896 +","match_part"],[1,1653,2101,-1,"M448","NODE_2244_length_10458_cov_6.860710:hsp:33107:3.2.0.0",11472,"NODE_2244_length_10458_cov_6.860710","est2genome","TRINITY_DN1420_c0_g1_i4 1897 2344 +","match_part"]],"2344","expressed_sequence_match"],[0,1653,4418,-1,"100","99.3","NODE_2244_length_10458_cov_6.860710:hit:7072:3.2.0.0","TRINITY_DN1420_c0_g1_i2",11514,"NODE_2244_length_10458_cov_6.860710","est2genome",[[1,4301,4418,-1,"M117","NODE_2244_length_10458_cov_6.860710:hsp:33108:3.2.0.0",11514,"NODE_2244_length_10458_cov_6.860710","est2genome","TRINITY_DN1420_c0_g1_i2 1 117 +","match_part"],[1,3046,4212,-1,"M1166","NODE_2244_length_10458_cov_6.860710:hsp:33109:3.2.0.0",11514,"NODE_2244_length_10458_cov_6.860710","est2genome","TRINITY_DN1420_c0_g1_i2 118 1283 +","match_part"],[1,2560,2980,-1,"M420","NODE_2244_length_10458_cov_6.860710:hsp:33110:3.2.0.0",11514,"NODE_2244_length_10458_cov_6.860710","est2genome","TRINITY_DN1420_c0_g1_i2 1284 1703 +","match_part"],[1,2451,2500,-1,"M49","NODE_2244_length_10458_cov_6.860710:hsp:33111:3.2.0.0",11514,"NODE_2244_length_10458_cov_6.860710","est2genome","TRINITY_DN1420_c0_g1_i2 1704 1752 +","match_part"],[1,2233,2385,-1,"M152","NODE_2244_length_10458_cov_6.860710:hsp:33112:3.2.0.0",11514,"NODE_2244_length_10458_cov_6.860710","est2genome","TRINITY_DN1420_c0_g1_i2 1753 1904 +","match_part"],[1,1653,2101,-1,"M448","NODE_2244_length_10458_cov_6.860710:hsp:33113:3.2.0.0",11514,"NODE_2244_length_10458_cov_6.860710","est2genome","TRINITY_DN1420_c0_g1_i2 1905 2352 +","match_part"]],