{"featureCount":7,"formatVersion":1,"histograms":{"meta":[{"arrayParams":{"chunkSize":10000,"length":2,"urlTemplate":"hist-20000-{Chunk}.json"},"basesPerBin":"20000"}],"stats":[{"basesPerBin":"20000","max":5,"mean":4}]},"intervals":{"classes":[{"attributes":["Start","End","Strand","Id","Name","Seq_id","Source","Subfeatures","Target_length","Type"],"isArrayAttr":{"Subfeatures":1}},{"attributes":["Start","End","Strand","Gap","Id","Seq_id","Source","Target","Type"],"isArrayAttr":{}},{"attributes":["Start","End","Strand","Id","Seq_id","Source","Target","Type"],"isArrayAttr":{}},{"attributes":["Start","End","Chunk"],"isArrayAttr":{"Sublist":1}}],"count":7,"lazyClass":3,"maxEnd":28492,"minStart":2118,"nclist":[[0,2118,4176,-1,"NODE_358_length_29521_cov_8.120595:hit:39432:4.5.0.0","genemark-NODE_358_length_29521_cov_8.120595-abinit-gene-0.12-mRNA-1","NODE_358_length_29521_cov_8.120595","genemark",[[1,2914,4176,-1,"M1262","NODE_358_length_29521_cov_8.120595:hsp:204512:4.5.0.0","NODE_358_length_29521_cov_8.120595","genemark","genemark-NODE_358_length_29521_cov_8.120595-abinit-gene-0.12-mRNA-1 530 1791 +","match_part"],[1,2572,2819,-1,"M247","NODE_358_length_29521_cov_8.120595:hsp:204513:4.5.0.0","NODE_358_length_29521_cov_8.120595","genemark","genemark-NODE_358_length_29521_cov_8.120595-abinit-gene-0.12-mRNA-1 283 529 +","match_part"],[1,2274,2489,-1,"M215","NODE_358_length_29521_cov_8.120595:hsp:204514:4.5.0.0","NODE_358_length_29521_cov_8.120595","genemark","genemark-NODE_358_length_29521_cov_8.120595-abinit-gene-0.12-mRNA-1 68 282 +","match_part"],[1,2118,2185,-1,"M67","NODE_358_length_29521_cov_8.120595:hsp:204515:4.5.0.0","NODE_358_length_29521_cov_8.120595","genemark","genemark-NODE_358_length_29521_cov_8.120595-abinit-gene-0.12-mRNA-1 1 67 +","match_part"]],"29521","match"],[0,5729,7204,1,"NODE_358_length_29521_cov_8.120595:hit:39435:4.5.0.0","genemark-NODE_358_length_29521_cov_8.120595-abinit-gene-0.8-mRNA-1","NODE_358_length_29521_cov_8.120595","genemark",[[1,5729,6957,1,"M1228","NODE_358_length_29521_cov_8.120595:hsp:204523:4.5.0.0","NODE_358_length_29521_cov_8.120595","genemark","genemark-NODE_358_length_29521_cov_8.120595-abinit-gene-0.8-mRNA-1 1 1228 +","match_part"],[1,7043,7204,1,"M161","NODE_358_length_29521_cov_8.120595:hsp:204524:4.5.0.0","NODE_358_length_29521_cov_8.120595","genemark","genemark-NODE_358_length_29521_cov_8.120595-abinit-gene-0.8-mRNA-1 1229 1389 +","match_part"]],"29521","match"],[0,13476,15827,1,"NODE_358_length_29521_cov_8.120595:hit:39438:4.5.0.0","genemark-NODE_358_length_29521_cov_8.120595-abinit-gene-0.9-mRNA-1","NODE_358_length_29521_cov_8.120595","genemark",[[1,13476,13534,1,"M58","NODE_358_length_29521_cov_8.120595:hsp:204529:4.5.0.0","NODE_358_length_29521_cov_8.120595","genemark","genemark-NODE_358_length_29521_cov_8.120595-abinit-gene-0.9-mRNA-1 1 58 +","match_part"],[1,13619,13670,1,"M51","NODE_358_length_29521_cov_8.120595:hsp:204530:4.5.0.0","NODE_358_length_29521_cov_8.120595","genemark","genemark-NODE_358_length_29521_cov_8.120595-abinit-gene-0.9-mRNA-1 59 109 +","match_part"],[1,13906,14113,1,"M207","NODE_358_length_29521_cov_8.120595:hsp:204531:4.5.0.0","NODE_358_length_29521_cov_8.120595","genemark","genemark-NODE_358_length_29521_cov_8.120595-abinit-gene-0.9-mRNA-1 110 316 +","match_part"],[1,14197,14294,1,"M97","NODE_358_length_29521_cov_8.120595:hsp:204532:4.5.0.0","NODE_358_length_29521_cov_8.120595","genemark","genemark-NODE_358_length_29521_cov_8.120595-abinit-gene-0.9-mRNA-1 317 413 +","match_part"],[1,14372,14628,1,"M256","NODE_358_length_29521_cov_8.120595:hsp:204533:4.5.0.0","NODE_358_length_29521_cov_8.120595","genemark","genemark-NODE_358_length_29521_cov_8.120595-abinit-gene-0.9-mRNA-1 414 669 +","match_part"],[1,14731,14909,1,"M178","NODE_358_length_29521_cov_8.120595:hsp:204534:4.5.0.0","NODE_358_length_29521_cov_8.120595","genemark","genemark-NODE_358_length_29521_cov_8.120595-abinit-gene-0.9-mRNA-1 670 847 +","match_part"],[1,15638,15697,1,"M59","NODE_358_length_29521_cov_8.120595:hsp:204535:4.5.0.0","NODE_358_length_29521_cov_8.120595","genemark","genemark-NODE_358_length_29521_cov_8.120595-abinit-gene-0.9-mRNA-1 848 906 +","match_part"],[1,15746,15827,1,"M81","NODE_358_length_29521_cov_8.120595:hsp:204536:4.5.0.0","NODE_358_length_29521_cov_8.120595","genemark","genemark-NODE_358_length_29521_cov_8.120595-abinit-gene-0.9-mRNA-1 907 987 +","match_part"]],"29521","match"],[0,16381,19125,-1,"NODE_358_length_29521_cov_8.120595:hit:39442:4.5.0.0","genemark-NODE_358_length_29521_cov_8.120595-abinit-gene-0.13-mRNA-1","NODE_358_length_29521_cov_8.120595","genemark",[[1,18551,19125,-1,"M574","NODE_358_length_29521_cov_8.120595:hsp:204553:4.5.0.0","NODE_358_length_29521_cov_8.120595","genemark","genemark-NODE_358_length_29521_cov_8.120595-abinit-gene-0.13-mRNA-1 1773 2346 +","match_part"],[1,17772,18454,-1,"M682","NODE_358_length_29521_cov_8.120595:hsp:204554:4.5.0.0","NODE_358_length_29521_cov_8.120595","genemark","genemark-NODE_358_length_29521_cov_8.120595-abinit-gene-0.13-mRNA-1 1091 1772 +","match_part"],[1,17201,17674,-1,"M473","NODE_358_length_29521_cov_8.120595:hsp:204555:4.5.0.0","NODE_358_length_29521_cov_8.120595","genemark","genemark-NODE_358_length_29521_cov_8.120595-abinit-gene-0.13-mRNA-1 618 1090 +","match_part"],[1,16645,17106,-1,"M461","NODE_358_length_29521_cov_8.120595:hsp:204556:4.5.0.0","NODE_358_length_29521_cov_8.120595","genemark","genemark-NODE_358_length_29521_cov_8.120595-abinit-gene-0.13-mRNA-1 157 617 +","match_part"],[1,16381,16537,-1,"M156","NODE_358_length_29521_cov_8.120595:hsp:204557:4.5.0.0","NODE_358_length_29521_cov_8.120595","genemark","genemark-NODE_358_length_29521_cov_8.120595-abinit-gene-0.13-mRNA-1 1 156 +","match_part"]],"29521","match"],[0,19382,21373,1,"NODE_358_length_29521_cov_8.120595:hit:39445:4.5.0.0","genemark-NODE_358_length_29521_cov_8.120595-abinit-gene-0.10-mRNA-1","NODE_358_length_29521_cov_8.120595","genemark",[[1,19382,19581,1,"M199","NODE_358_length_29521_cov_8.120595:hsp:204568:4.5.0.0","NODE_358_length_29521_cov_8.120595","genemark","genemark-NODE_358_length_29521_cov_8.120595-abinit-gene-0.10-mRNA-1 1 199 +","match_part"],[1,19657,19844,1,"M187","NODE_358_length_29521_cov_8.120595:hsp:204569:4.5.0.0","NODE_358_length_29521_cov_8.120595","genemark","genemark-NODE_358_length_29521_cov_8.120595-abinit-gene-0.10-mRNA-1 200 386 +","match_part"],[1,19903,20105,1,"M202","NODE_358_length_29521_cov_8.120595:hsp:204570:4.5.0.0","NODE_358_length_29521_cov_8.120595","genemark","genemark-NODE_358_length_29521_cov_8.120595-abinit-gene-0.10-mRNA-1 387 588 +","match_part"],[1,20178,20316,1,"M138","NODE_358_length_29521_cov_8.120595:hsp:204571:4.5.0.0","NODE_358_length_29521_cov_8.120595","genemark","genemark-NODE_358_length_29521_cov_8.120595-abinit-gene-0.10-mRNA-1 589 726 +","match_part"],[1,20396,20669,1,"M273","NODE_358_length_29521_cov_8.120595:hsp:204572:4.5.0.0","NODE_358_length_29521_cov_8.120595","genemark","genemark-NODE_358_length_29521_cov_8.120595-abinit-gene-0.10-mRNA-1 727 999 +","match_part"],[1,20771,21190,1,"M419","NODE_358_length_29521_cov_8.120595:hsp:204573:4.5.0.0","NODE_358_length_29521_cov_8.120595","genemark","genemark-NODE_358_length_29521_cov_8.120595-abinit-gene-0.10-mRNA-1 1000 1418 +","match_part"],[1,21306,21373,1,"M67","NODE_358_length_29521_cov_8.120595:hsp:204574:4.5.0.0","NODE_358_length_29521_cov_8.120595","genemark","genemark-NODE_358_length_29521_cov_8.120595-abinit-gene-0.10-mRNA-1 1419 1485 +","match_part"]],