{"featureCount":14,"formatVersion":1,"histograms":{"meta":[{"arrayParams":{"chunkSize":10000,"length":3,"urlTemplate":"hist-5000-{Chunk}.json"},"basesPerBin":"5000"}],"stats":[{"basesPerBin":"5000","max":13,"mean":5.66666666666667}]},"intervals":{"classes":[{"attributes":["Start","End","Strand","Id","Name","Score","Seq_id","Source","Subfeatures","Target_length","Type"],"isArrayAttr":{"Subfeatures":1}},{"attributes":["Start","End","Strand","Gap","Id","Score","Seq_id","Source","Target","Type"],"isArrayAttr":{}},{"attributes":["Start","End","Chunk"],"isArrayAttr":{"Sublist":1}}],"count":14,"lazyClass":2,"maxEnd":14468,"minStart":7524,"nclist":[[0,7524,7898,-1,"NODE_653_length_22406_cov_8.272050:hit:61763:3.2.0.0","TRINITY_DN1852_c0_g1_i1",57,"NODE_653_length_22406_cov_8.272050","blastn",[[1,7829,7898,-1,"M69","NODE_653_length_22406_cov_8.272050:hsp:317297:3.2.0.0",57,"NODE_653_length_22406_cov_8.272050","blastn","TRINITY_DN1852_c0_g1_i1 23 91 +","match_part"],[1,7682,7769,-1,"M87","NODE_653_length_22406_cov_8.272050:hsp:317298:3.2.0.0",45,"NODE_653_length_22406_cov_8.272050","blastn","TRINITY_DN1852_c0_g1_i1 183 269 +","match_part"],[1,7524,7689,-1,"M165","NODE_653_length_22406_cov_8.272050:hsp:317299:3.2.0.0",111,"NODE_653_length_22406_cov_8.272050","blastn","TRINITY_DN1852_c0_g1_i1 279 443 +","match_part"]],"465","expressed_sequence_match"],[0,9394,10970,1,"NODE_653_length_22406_cov_8.272050:hit:61764:3.2.0.0","TRINITY_DN1319_c0_g1_i9",347,"NODE_653_length_22406_cov_8.272050","blastn",[[1,9394,9815,1,"M80 I3 M341","NODE_653_length_22406_cov_8.272050:hsp:317300:3.2.0.0",347,"NODE_653_length_22406_cov_8.272050","blastn","TRINITY_DN1319_c0_g1_i9 16 439 +","match_part"],[1,9908,9974,1,"M66","NODE_653_length_22406_cov_8.272050:hsp:317301:3.2.0.0",66,"NODE_653_length_22406_cov_8.272050","blastn","TRINITY_DN1319_c0_g1_i9 440 505 +","match_part"],[1,10076,10206,1,"M130","NODE_653_length_22406_cov_8.272050:hsp:317302:3.2.0.0",118,"NODE_653_length_22406_cov_8.272050","blastn","TRINITY_DN1319_c0_g1_i9 506 635 +","match_part"],[1,10267,10324,1,"M57","NODE_653_length_22406_cov_8.272050:hsp:317303:3.2.0.0",51,"NODE_653_length_22406_cov_8.272050","blastn","TRINITY_DN1319_c0_g1_i9 633 689 +","match_part"],[1,10417,10743,1,"M326","NODE_653_length_22406_cov_8.272050:hsp:317304:3.2.0.0",320,"NODE_653_length_22406_cov_8.272050","blastn","TRINITY_DN1319_c0_g1_i9 690 1015 +","match_part"],[1,10813,10970,1,"M157","NODE_653_length_22406_cov_8.272050:hsp:317305:3.2.0.0",151,"NODE_653_length_22406_cov_8.272050","blastn","TRINITY_DN1319_c0_g1_i9 1015 1171 +","match_part"]],"1171","expressed_sequence_match"],[0,9394,10970,1,"NODE_653_length_22406_cov_8.272050:hit:61765:3.2.0.0","TRINITY_DN1319_c0_g1_i4",495,"NODE_653_length_22406_cov_8.272050","blastn",[[1,9394,9975,1,"M80 I3 M501","NODE_653_length_22406_cov_8.272050:hsp:317306:3.2.0.0",495,"NODE_653_length_22406_cov_8.272050","blastn","TRINITY_DN1319_c0_g1_i4 16 599 +","match_part"],[1,10077,10206,1,"M129","NODE_653_length_22406_cov_8.272050:hsp:317307:3.2.0.0",111,"NODE_653_length_22406_cov_8.272050","blastn","TRINITY_DN1319_c0_g1_i4 600 728 +","match_part"],[1,10267,10324,1,"M57","NODE_653_length_22406_cov_8.272050:hsp:317308:3.2.0.0",51,"NODE_653_length_22406_cov_8.272050","blastn","TRINITY_DN1319_c0_g1_i4 726 782 +","match_part"],[1,10417,10743,1,"M326","NODE_653_length_22406_cov_8.272050:hsp:317309:3.2.0.0",320,"NODE_653_length_22406_cov_8.272050","blastn","TRINITY_DN1319_c0_g1_i4 783 1108 +","match_part"],[1,10813,10970,1,"M157","NODE_653_length_22406_cov_8.272050:hsp:317310:3.2.0.0",151,"NODE_653_length_22406_cov_8.272050","blastn","TRINITY_DN1319_c0_g1_i4 1108 1264 +","match_part"]],"1264","expressed_sequence_match"],[0,9394,10970,1,"NODE_653_length_22406_cov_8.272050:hit:61766:3.2.0.0","TRINITY_DN1319_c0_g1_i1",708,"NODE_653_length_22406_cov_8.272050","blastn",[[1,9394,10206,1,"M80 I3 M732","NODE_653_length_22406_cov_8.272050:hsp:317311:3.2.0.0",708,"NODE_653_length_22406_cov_8.272050","blastn","TRINITY_DN1319_c0_g1_i1 16 830 +","match_part"],[1,10267,10324,1,"M57","NODE_653_length_22406_cov_8.272050:hsp:317312:3.2.0.0",51,"NODE_653_length_22406_cov_8.272050","blastn","TRINITY_DN1319_c0_g1_i1 828 884 +","match_part"],[1,10417,10743,1,"M326","NODE_653_length_22406_cov_8.272050:hsp:317313:3.2.0.0",320,"NODE_653_length_22406_cov_8.272050","blastn","TRINITY_DN1319_c0_g1_i1 885 1210 +","match_part"],[1,10813,10970,1,"M157","NODE_653_length_22406_cov_8.272050:hsp:317314:3.2.0.0",151,"NODE_653_length_22406_cov_8.272050","blastn","TRINITY_DN1319_c0_g1_i1 1210 1366 +","match_part"]],"1366","expressed_sequence_match"],[0,10077,11961,1,"NODE_653_length_22406_cov_8.272050:hit:61767:3.2.0.0","TRINITY_DN1319_c0_g1_i8",117,"NODE_653_length_22406_cov_8.272050","blastn",[[1,10077,10206,1,"M129","NODE_653_length_22406_cov_8.272050:hsp:317315:3.2.0.0",117,"NODE_653_length_22406_cov_8.272050","blastn","TRINITY_DN1319_c0_g1_i8 1 129 +","match_part"],[1,10267,10324,1,"M57","NODE_653_length_22406_cov_8.272050:hsp:317316:3.2.0.0",51,"NODE_653_length_22406_cov_8.272050","blastn","TRINITY_DN1319_c0_g1_i8 127 183 +","match_part"],[1,10417,10743,1,"M326","NODE_653_length_22406_cov_8.272050:hsp:317317:3.2.0.0",320,"NODE_653_length_22406_cov_8.272050","blastn","TRINITY_DN1319_c0_g1_i8 184 509 +","match_part"],[1,10813,10970,1,"M157","NODE_653_length_22406_cov_8.272050:hsp:317318:3.2.0.0",151,"NODE_653_length_22406_cov_8.272050","blastn","TRINITY_DN1319_c0_g1_i8 509 665 +","match_part"],[1,11180,11218,1,"M38","NODE_653_length_22406_cov_8.272050:hsp:317319:3.2.0.0",38,"NODE_653_length_22406_cov_8.272050","blastn","TRINITY_DN1319_c0_g1_i8 694 731 +","match_part"],[1,11307,11427,1,"M120","NODE_653_length_22406_cov_8.272050:hsp:317320:3.2.0.0",120,"NODE_653_length_22406_cov_8.272050","blastn","TRINITY_DN1319_c0_g1_i8 732 851 +","match_part"],[1,11680,11782,1,"M102","NODE_653_length_22406_cov_8.272050:hsp:317321:3.2.0.0",96,"NODE_653_length_22406_cov_8.272050","blastn","TRINITY_DN1319_c0_g1_i8 879 980 +","match_part"],[1,11835,11961,1,"M126","NODE_653_length_22406_cov_8.272050:hsp:317322:3.2.0.0",120,"NODE_653_length_22406_cov_8.272050","blastn","TRINITY_DN1319_c0_g1_i8 981 1106 +","match_part"]],"1106","expressed_sequence_match"],[0,10077,11961,1,"NODE_653_length_22406_cov_8.272050:hit:61768:3.2.0.0","TRINITY_DN1319_c0_g1_i5",117,"NODE_653_length_22406_cov_8.272050","blastn",[[1,10077,10206,1,"M129","NODE_653_length_22406_cov_8.272050:hsp:317323:3.2.0.0",117,"NODE_653_length_22406_cov_8.272050","blastn","TRINITY_DN1319_c0_g1_i5 1 129 +","match_part"],[1,10267,10324,1,"M57","NODE_653_length_22406_cov_8.272050:hsp:317324:3.2.0.0",51,"NODE_653_length_22406_cov_8.272050","blastn","TRINITY_DN1319_c0_g1_i5 127 183 +","match_part"],[1,10417,10743,1,"M326","NODE_653_length_22406_cov_8.272050:hsp:317325:3.2.0.0",320,"NODE_653_length_22406_cov_8.272050","blastn","TRINITY_DN1319_c0_g1_i5 184 509 +","match_part"],[1,10813,10970,1,"M157","NODE_653_length_22406_cov_8.272050:hsp:317326:3.2.0.0",151,"NODE_653_length_22406_cov_8.272050","blastn","TRINITY_DN1319_c0_g1_i5 509 665 +","match_part"],[1,11180,11218,1,"M38","NODE_653_length_22406_cov_8.272050:hsp:317327:3.2.0.0",38,"NODE_653_length_22406_cov_8.272050","blastn","TRINITY_DN1319_c0_g1_i5 694 731 +","match_part"],[1,11307,11580,1,"M273","NODE_653_length_22406_cov_8.272050:hsp:317328:3.2.0.0",267,"NODE_653_length_22406_cov_8.272050","blastn","TRINITY_DN1319_c0_g1_i5 732 1004 +","match_part"],[1,11680,11782,1,"M102","NODE_653_length_22406_cov_8.272050:hsp:317329:3.2.0.0",96,"NODE_653_length_22406_cov_8.272050","blastn","TRINITY_DN1319_c0_g1_i5 1005 1106 +","match_part"],[1,11835,11961,1,"M126","NODE_653_length_22406_cov_8.272050:hsp:317330:3.2.0.0",120,"NODE_653_length_22406_cov_8.272050","blastn","TRINITY_DN1319_c0_g1_i5 1107 1232 +","match_part"]],