{"featureCount":5,"formatVersion":1,"histograms":{"meta":[{"arrayParams":{"chunkSize":10000,"length":2,"urlTemplate":"hist-10000-{Chunk}.json"},"basesPerBin":"10000"}],"stats":[{"basesPerBin":"10000","max":5,"mean":3}]},"intervals":{"classes":[{"attributes":["Start","End","Strand","Id","Name","Score","Seq_id","Source","Subfeatures","Target_length","Type"],"isArrayAttr":{"Subfeatures":1}},{"attributes":["Start","End","Strand","Gap","Id","Score","Seq_id","Source","Target","Type"],"isArrayAttr":{}},{"attributes":["Start","End","Chunk"],"isArrayAttr":{"Sublist":1}}],"count":5,"lazyClass":2,"maxEnd":13436,"minStart":311,"nclist":[[0,311,605,-1,"NODE_1562_length_13840_cov_5.793116:hit:107615:4.5.0.0","augustus-NODE_1562_length_13840_cov_5.793116-abinit-gene-0.2-mRNA-1",0.26,"NODE_1562_length_13840_cov_5.793116","augustus",[[1,311,605,-1,"M294","NODE_1562_length_13840_cov_5.793116:hsp:537986:4.5.0.0",0.26,"NODE_1562_length_13840_cov_5.793116","augustus","augustus-NODE_1562_length_13840_cov_5.793116-abinit-gene-0.2-mRNA-1 1 294 +","match_part"]],"13840","match"],[0,901,2975,1,"NODE_1562_length_13840_cov_5.793116:hit:107618:4.5.0.0","augustus-NODE_1562_length_13840_cov_5.793116-abinit-gene-0.0-mRNA-1",0.81,"NODE_1562_length_13840_cov_5.793116","augustus",[[1,901,1050,1,"M149","NODE_1562_length_13840_cov_5.793116:hsp:538003:4.5.0.0",0.81,"NODE_1562_length_13840_cov_5.793116","augustus","augustus-NODE_1562_length_13840_cov_5.793116-abinit-gene-0.0-mRNA-1 1 149 +","match_part"],[1,1204,1267,1,"M63","NODE_1562_length_13840_cov_5.793116:hsp:538004:4.5.0.0",0.81,"NODE_1562_length_13840_cov_5.793116","augustus","augustus-NODE_1562_length_13840_cov_5.793116-abinit-gene-0.0-mRNA-1 150 212 +","match_part"],[1,1344,1567,1,"M223","NODE_1562_length_13840_cov_5.793116:hsp:538005:4.5.0.0",0.81,"NODE_1562_length_13840_cov_5.793116","augustus","augustus-NODE_1562_length_13840_cov_5.793116-abinit-gene-0.0-mRNA-1 213 435 +","match_part"],[1,1709,1792,1,"M83","NODE_1562_length_13840_cov_5.793116:hsp:538006:4.5.0.0",0.81,"NODE_1562_length_13840_cov_5.793116","augustus","augustus-NODE_1562_length_13840_cov_5.793116-abinit-gene-0.0-mRNA-1 436 518 +","match_part"],[1,1876,1989,1,"M113","NODE_1562_length_13840_cov_5.793116:hsp:538007:4.5.0.0",0.81,"NODE_1562_length_13840_cov_5.793116","augustus","augustus-NODE_1562_length_13840_cov_5.793116-abinit-gene-0.0-mRNA-1 519 631 +","match_part"],[1,2062,2214,1,"M152","NODE_1562_length_13840_cov_5.793116:hsp:538008:4.5.0.0",0.81,"NODE_1562_length_13840_cov_5.793116","augustus","augustus-NODE_1562_length_13840_cov_5.793116-abinit-gene-0.0-mRNA-1 632 783 +","match_part"],[1,2322,2508,1,"M186","NODE_1562_length_13840_cov_5.793116:hsp:538009:4.5.0.0",0.81,"NODE_1562_length_13840_cov_5.793116","augustus","augustus-NODE_1562_length_13840_cov_5.793116-abinit-gene-0.0-mRNA-1 784 969 +","match_part"],[1,2574,2647,1,"M73","NODE_1562_length_13840_cov_5.793116:hsp:538010:4.5.0.0",0.81,"NODE_1562_length_13840_cov_5.793116","augustus","augustus-NODE_1562_length_13840_cov_5.793116-abinit-gene-0.0-mRNA-1 970 1042 +","match_part"],[1,2751,2975,1,"M224","NODE_1562_length_13840_cov_5.793116:hsp:538011:4.5.0.0",0.81,"NODE_1562_length_13840_cov_5.793116","augustus","augustus-NODE_1562_length_13840_cov_5.793116-abinit-gene-0.0-mRNA-1 1043 1266 +","match_part"]],"13840","match"],[0,3602,5248,1,"NODE_1562_length_13840_cov_5.793116:hit:107622:4.5.0.0","augustus-NODE_1562_length_13840_cov_5.793116-abinit-gene-0.1-mRNA-1",0.9,"NODE_1562_length_13840_cov_5.793116","augustus",[[1,3602,4049,1,"M447","NODE_1562_length_13840_cov_5.793116:hsp:538023:4.5.0.0",0.9,"NODE_1562_length_13840_cov_5.793116","augustus","augustus-NODE_1562_length_13840_cov_5.793116-abinit-gene-0.1-mRNA-1 1 447 +","match_part"],[1,4118,4305,1,"M187","NODE_1562_length_13840_cov_5.793116:hsp:538024:4.5.0.0",0.9,"NODE_1562_length_13840_cov_5.793116","augustus","augustus-NODE_1562_length_13840_cov_5.793116-abinit-gene-0.1-mRNA-1 448 634 +","match_part"],[1,4376,4708,1,"M332","NODE_1562_length_13840_cov_5.793116:hsp:538025:4.5.0.0",0.9,"NODE_1562_length_13840_cov_5.793116","augustus","augustus-NODE_1562_length_13840_cov_5.793116-abinit-gene-0.1-mRNA-1 635 966 +","match_part"],[1,4780,5248,1,"M468","NODE_1562_length_13840_cov_5.793116:hsp:538026:4.5.0.0",0.9,"NODE_1562_length_13840_cov_5.793116","augustus","augustus-NODE_1562_length_13840_cov_5.793116-abinit-gene-0.1-mRNA-1 967 1434 +","match_part"]],"13840","match"],[0,5748,7607,-1,"NODE_1562_length_13840_cov_5.793116:hit:107625:4.5.0.0","augustus-NODE_1562_length_13840_cov_5.793116-abinit-gene-0.3-mRNA-1",0.79,"NODE_1562_length_13840_cov_5.793116","augustus",[[1,6878,7607,-1,"M729","NODE_1562_length_13840_cov_5.793116:hsp:538035:4.5.0.0",0.79,"NODE_1562_length_13840_cov_5.793116","augustus","augustus-NODE_1562_length_13840_cov_5.793116-abinit-gene-0.3-mRNA-1 901 1629 +","match_part"],[1,6604,6821,-1,"M217","NODE_1562_length_13840_cov_5.793116:hsp:538036:4.5.0.0",0.79,"NODE_1562_length_13840_cov_5.793116","augustus","augustus-NODE_1562_length_13840_cov_5.793116-abinit-gene-0.3-mRNA-1 684 900 +","match_part"],[1,6226,6499,-1,"M273","NODE_1562_length_13840_cov_5.793116:hsp:538037:4.5.0.0",0.79,"NODE_1562_length_13840_cov_5.793116","augustus","augustus-NODE_1562_length_13840_cov_5.793116-abinit-gene-0.3-mRNA-1 411 683 +","match_part"],[1,5748,6158,-1,"M410","NODE_1562_length_13840_cov_5.793116:hsp:538038:4.5.0.0",0.79,"NODE_1562_length_13840_cov_5.793116","augustus","augustus-NODE_1562_length_13840_cov_5.793116-abinit-gene-0.3-mRNA-1 1 410 +","match_part"]],"13840","match"],[0,8156,13436,-1,"NODE_1562_length_13840_cov_5.793116:hit:107628:4.5.0.0","augustus-NODE_1562_length_13840_cov_5.793116-abinit-gene-0.4-mRNA-1",0.28,"NODE_1562_length_13840_cov_5.793116","augustus",[[1,8156,13436,-1,"M5280","NODE_1562_length_13840_cov_5.793116:hsp:538042:4.5.0.0",0.28,"NODE_1562_length_13840_cov_5.793116","augustus","augustus-NODE_1562_length_13840_cov_5.793116-abinit-gene-0.4-mRNA-1 1 5280 +","match_part"]],"13840","match"]],"urlTemplate":"lf-{Chunk}.json"}}