{"featureCount":3,"formatVersion":1,"histograms":{"meta":[{"arrayParams":{"chunkSize":10000,"length":2,"urlTemplate":"hist-10000-{Chunk}.json"},"basesPerBin":"10000"}],"stats":[{"basesPerBin":"10000","max":2,"mean":1.5}]},"intervals":{"classes":[{"attributes":["Start","End","Strand","Id","Name","Score","Seq_id","Source","Subfeatures","Target_length","Type"],"isArrayAttr":{"Subfeatures":1}},{"attributes":["Start","End","Strand","Gap","Id","Score","Seq_id","Source","Target","Type"],"isArrayAttr":{}},{"attributes":["Start","End","Chunk"],"isArrayAttr":{"Sublist":1}}],"count":3,"lazyClass":2,"maxEnd":11704,"minStart":1322,"nclist":[[0,1322,2755,1,"NODE_1954_length_11708_cov_7.535964:hit:122876:4.5.0.0","augustus-NODE_1954_length_11708_cov_7.535964-abinit-gene-0.0-mRNA-1",0.28,"NODE_1954_length_11708_cov_7.535964","augustus",[[1,1322,1335,1,"M13","NODE_1954_length_11708_cov_7.535964:hsp:604606:4.5.0.0",0.28,"NODE_1954_length_11708_cov_7.535964","augustus","augustus-NODE_1954_length_11708_cov_7.535964-abinit-gene-0.0-mRNA-1 1 13 +","match_part"],[1,1525,1805,1,"M280","NODE_1954_length_11708_cov_7.535964:hsp:604607:4.5.0.0",0.28,"NODE_1954_length_11708_cov_7.535964","augustus","augustus-NODE_1954_length_11708_cov_7.535964-abinit-gene-0.0-mRNA-1 14 293 +","match_part"],[1,1880,1982,1,"M102","NODE_1954_length_11708_cov_7.535964:hsp:604608:4.5.0.0",0.28,"NODE_1954_length_11708_cov_7.535964","augustus","augustus-NODE_1954_length_11708_cov_7.535964-abinit-gene-0.0-mRNA-1 294 395 +","match_part"],[1,2095,2283,1,"M188","NODE_1954_length_11708_cov_7.535964:hsp:604609:4.5.0.0",0.28,"NODE_1954_length_11708_cov_7.535964","augustus","augustus-NODE_1954_length_11708_cov_7.535964-abinit-gene-0.0-mRNA-1 396 583 +","match_part"],[1,2369,2755,1,"M386","NODE_1954_length_11708_cov_7.535964:hsp:604610:4.5.0.0",0.28,"NODE_1954_length_11708_cov_7.535964","augustus","augustus-NODE_1954_length_11708_cov_7.535964-abinit-gene-0.0-mRNA-1 584 969 +","match_part"]],"11708","match"],[0,7565,9454,-1,"NODE_1954_length_11708_cov_7.535964:hit:122881:4.5.0.0","augustus-NODE_1954_length_11708_cov_7.535964-abinit-gene-0.2-mRNA-1",0.74,"NODE_1954_length_11708_cov_7.535964","augustus",[[1,9050,9454,-1,"M404","NODE_1954_length_11708_cov_7.535964:hsp:604621:4.5.0.0",0.74,"NODE_1954_length_11708_cov_7.535964","augustus","augustus-NODE_1954_length_11708_cov_7.535964-abinit-gene-0.2-mRNA-1 1325 1728 +","match_part"],[1,8859,8959,-1,"M100","NODE_1954_length_11708_cov_7.535964:hsp:604622:4.5.0.0",0.74,"NODE_1954_length_11708_cov_7.535964","augustus","augustus-NODE_1954_length_11708_cov_7.535964-abinit-gene-0.2-mRNA-1 1225 1324 +","match_part"],[1,7565,8789,-1,"M1224","NODE_1954_length_11708_cov_7.535964:hsp:604623:4.5.0.0",0.74,"NODE_1954_length_11708_cov_7.535964","augustus","augustus-NODE_1954_length_11708_cov_7.535964-abinit-gene-0.2-mRNA-1 1 1224 +","match_part"]],"11708","match"],[0,10301,11704,1,"NODE_1954_length_11708_cov_7.535964:hit:122884:4.5.0.0","augustus-NODE_1954_length_11708_cov_7.535964-abinit-gene-0.1-mRNA-1",0.33,"NODE_1954_length_11708_cov_7.535964","augustus",[[1,10301,10370,1,"M69","NODE_1954_length_11708_cov_7.535964:hsp:604634:4.5.0.0",0.33,"NODE_1954_length_11708_cov_7.535964","augustus","augustus-NODE_1954_length_11708_cov_7.535964-abinit-gene-0.1-mRNA-1 1 69 +","match_part"],[1,10429,10832,1,"M403","NODE_1954_length_11708_cov_7.535964:hsp:604635:4.5.0.0",0.33,"NODE_1954_length_11708_cov_7.535964","augustus","augustus-NODE_1954_length_11708_cov_7.535964-abinit-gene-0.1-mRNA-1 70 472 +","match_part"],[1,10915,10982,1,"M67","NODE_1954_length_11708_cov_7.535964:hsp:604636:4.5.0.0",0.33,"NODE_1954_length_11708_cov_7.535964","augustus","augustus-NODE_1954_length_11708_cov_7.535964-abinit-gene-0.1-mRNA-1 473 539 +","match_part"],[1,11054,11182,1,"M128","NODE_1954_length_11708_cov_7.535964:hsp:604637:4.5.0.0",0.33,"NODE_1954_length_11708_cov_7.535964","augustus","augustus-NODE_1954_length_11708_cov_7.535964-abinit-gene-0.1-mRNA-1 540 667 +","match_part"],[1,11261,11341,1,"M80","NODE_1954_length_11708_cov_7.535964:hsp:604638:4.5.0.0",0.33,"NODE_1954_length_11708_cov_7.535964","augustus","augustus-NODE_1954_length_11708_cov_7.535964-abinit-gene-0.1-mRNA-1 668 747 +","match_part"],[1,11491,11590,1,"M99","NODE_1954_length_11708_cov_7.535964:hsp:604639:4.5.0.0",0.33,"NODE_1954_length_11708_cov_7.535964","augustus","augustus-NODE_1954_length_11708_cov_7.535964-abinit-gene-0.1-mRNA-1 748 846 +","match_part"],[1,11671,11704,1,"M33","NODE_1954_length_11708_cov_7.535964:hsp:604640:4.5.0.0",0.33,"NODE_1954_length_11708_cov_7.535964","augustus","augustus-NODE_1954_length_11708_cov_7.535964-abinit-gene-0.1-mRNA-1 847 879 +","match_part"]],"11708","match"]],"urlTemplate":"lf-{Chunk}.json"}}