{"featureCount":3,"formatVersion":1,"histograms":{"meta":[{"arrayParams":{"chunkSize":10000,"length":2,"urlTemplate":"hist-5000-{Chunk}.json"},"basesPerBin":"5000"}],"stats":[{"basesPerBin":"5000","max":3,"mean":2}]},"intervals":{"classes":[{"attributes":["Start","End","Strand","Id","Name","Seq_id","Source","Subfeatures","Target_length","Type"],"isArrayAttr":{"Subfeatures":1}},{"attributes":["Start","End","Strand","Gap","Id","Seq_id","Source","Target","Type"],"isArrayAttr":{}},{"attributes":["Start","End","Strand","Id","Seq_id","Source","Target","Type"],"isArrayAttr":{}},{"attributes":["Start","End","Chunk"],"isArrayAttr":{"Sublist":1}}],"count":3,"lazyClass":3,"maxEnd":5914,"minStart":2629,"nclist":[[0,2629,3575,-1,"NODE_4114_length_6108_cov_1.841859:hit:1228:4.5.0.0","genemark-NODE_4114_length_6108_cov_1.841859-abinit-gene-0.2-mRNA-1","NODE_4114_length_6108_cov_1.841859","genemark",[[1,3561,3575,-1,"M14","NODE_4114_length_6108_cov_1.841859:hsp:4537:4.5.0.0","NODE_4114_length_6108_cov_1.841859","genemark","genemark-NODE_4114_length_6108_cov_1.841859-abinit-gene-0.2-mRNA-1 758 771 +","match_part"],[1,2884,3463,-1,"M579","NODE_4114_length_6108_cov_1.841859:hsp:4538:4.5.0.0","NODE_4114_length_6108_cov_1.841859","genemark","genemark-NODE_4114_length_6108_cov_1.841859-abinit-gene-0.2-mRNA-1 179 757 +","match_part"],[1,2629,2807,-1,"M178","NODE_4114_length_6108_cov_1.841859:hsp:4539:4.5.0.0","NODE_4114_length_6108_cov_1.841859","genemark","genemark-NODE_4114_length_6108_cov_1.841859-abinit-gene-0.2-mRNA-1 1 178 +","match_part"]],"6108","match"],[0,3609,4533,-1,"NODE_4114_length_6108_cov_1.841859:hit:1232:4.5.0.0","genemark-NODE_4114_length_6108_cov_1.841859-abinit-gene-0.3-mRNA-1","NODE_4114_length_6108_cov_1.841859","genemark",[[1,3609,4533,-1,"M924","NODE_4114_length_6108_cov_1.841859:hsp:4550:4.5.0.0","NODE_4114_length_6108_cov_1.841859","genemark","genemark-NODE_4114_length_6108_cov_1.841859-abinit-gene-0.3-mRNA-1 1 924 +","match_part"]],"6108","match"],[0,4702,5914,-1,"NODE_4114_length_6108_cov_1.841859:hit:1234:4.5.0.0","genemark-NODE_4114_length_6108_cov_1.841859-abinit-gene-0.4-mRNA-1","NODE_4114_length_6108_cov_1.841859","genemark",[[1,5728,5914,-1,"M186","NODE_4114_length_6108_cov_1.841859:hsp:4553:4.5.0.0","NODE_4114_length_6108_cov_1.841859","genemark","genemark-NODE_4114_length_6108_cov_1.841859-abinit-gene-0.4-mRNA-1 847 1032 +","match_part"],[1,4702,5548,-1,"M846","NODE_4114_length_6108_cov_1.841859:hsp:4554:4.5.0.0","NODE_4114_length_6108_cov_1.841859","genemark","genemark-NODE_4114_length_6108_cov_1.841859-abinit-gene-0.4-mRNA-1 1 846 +","match_part"]],"6108","match"]],"urlTemplate":"lf-{Chunk}.json"}}