{"featureCount":5,"formatVersion":1,"histograms":{"meta":[{"arrayParams":{"chunkSize":10000,"length":2,"urlTemplate":"hist-2000-{Chunk}.json"},"basesPerBin":"2000"}],"stats":[{"basesPerBin":"2000","max":5,"mean":2.5}]},"intervals":{"classes":[{"attributes":["Start","End","Strand","Id","Name","Score","Seq_id","Source","Subfeatures","Target_length","Type"],"isArrayAttr":{"Subfeatures":1}},{"attributes":["Start","End","Strand","Gap","Id","Score","Seq_id","Source","Target","Type"],"isArrayAttr":{}},{"attributes":["Start","End","Chunk"],"isArrayAttr":{"Sublist":1}}],"count":5,"lazyClass":2,"maxEnd":3034,"minStart":2081,"nclist":[[0,2081,3034,1,"NODE_3433_length_7099_cov_7.444492:hit:32366:3.2.0.0","TRINITY_DN4648_c0_g1_i4",98,"NODE_3433_length_7099_cov_7.444492","blastn",[[1,2081,2350,1,"M76 I3 M120 I4 M73","NODE_3433_length_7099_cov_7.444492:hsp:136467:3.2.0.0",98,"NODE_3433_length_7099_cov_7.444492","blastn","TRINITY_DN4648_c0_g1_i4 7 282 +","match_part"],[1,2285,2350,1,"M65","NODE_3433_length_7099_cov_7.444492:hsp:136468:3.2.0.0",47,"NODE_3433_length_7099_cov_7.444492","blastn","TRINITY_DN4648_c0_g1_i4 617 681 +","match_part"],[1,2296,2544,1,"M176 I1 M72","NODE_3433_length_7099_cov_7.444492:hsp:136469:3.2.0.0",160,"NODE_3433_length_7099_cov_7.444492","blastn","TRINITY_DN4648_c0_g1_i4 301 549 +","match_part"],[1,2319,2350,1,"M31","NODE_3433_length_7099_cov_7.444492:hsp:136470:3.2.0.0",31,"NODE_3433_length_7099_cov_7.444492","blastn","TRINITY_DN4648_c0_g1_i4 579 609 +","match_part"],[1,2918,3034,1,"M18 I1 M98","NODE_3433_length_7099_cov_7.444492:hsp:136471:3.2.0.0",58,"NODE_3433_length_7099_cov_7.444492","blastn","TRINITY_DN4648_c0_g1_i4 341 457 +","match_part"]],"727","expressed_sequence_match",{"Sublist":[[0,2081,2352,1,"NODE_3433_length_7099_cov_7.444492:hit:32364:3.2.0.0","TRINITY_DN4648_c0_g1_i6",100,"NODE_3433_length_7099_cov_7.444492","blastn",[[1,2081,2352,1,"M76 I3 M120 I4 M75","NODE_3433_length_7099_cov_7.444492:hsp:136461:3.2.0.0",100,"NODE_3433_length_7099_cov_7.444492","blastn","TRINITY_DN4648_c0_g1_i6 7 284 +","match_part"],[1,2307,2352,1,"M45","NODE_3433_length_7099_cov_7.444492:hsp:136462:3.2.0.0",45,"NODE_3433_length_7099_cov_7.444492","blastn","TRINITY_DN4648_c0_g1_i6 312 356 +","match_part"],[1,2307,2350,1,"M43","NODE_3433_length_7099_cov_7.444492:hsp:136463:3.2.0.0",43,"NODE_3433_length_7099_cov_7.444492","blastn","TRINITY_DN4648_c0_g1_i6 384 426 +","match_part"]],"426","expressed_sequence_match",{"Sublist":[[0,2081,2350,1,"NODE_3433_length_7099_cov_7.444492:hit:32365:3.2.0.0","TRINITY_DN4648_c0_g1_i7",98,"NODE_3433_length_7099_cov_7.444492","blastn",[[1,2081,2350,1,"M76 I3 M120 I4 M73","NODE_3433_length_7099_cov_7.444492:hsp:136464:3.2.0.0",98,"NODE_3433_length_7099_cov_7.444492","blastn","TRINITY_DN4648_c0_g1_i7 7 282 +","match_part"],[1,2285,2350,1,"M65","NODE_3433_length_7099_cov_7.444492:hsp:136465:3.2.0.0",47,"NODE_3433_length_7099_cov_7.444492","blastn","TRINITY_DN4648_c0_g1_i7 357 421 +","match_part"],[1,2319,2350,1,"M31","NODE_3433_length_7099_cov_7.444492:hsp:136466:3.2.0.0",31,"NODE_3433_length_7099_cov_7.444492","blastn","TRINITY_DN4648_c0_g1_i7 319 349 +","match_part"]],"421","expressed_sequence_match"]]}]]}],[0,2296,3034,1,"NODE_3433_length_7099_cov_7.444492:hit:32367:3.2.0.0","TRINITY_DN4648_c0_g1_i2",159,"NODE_3433_length_7099_cov_7.444492","blastn",[[1,2296,2607,1,"M176 I1 M65 I1 M70","NODE_3433_length_7099_cov_7.444492:hsp:136472:3.2.0.0",159,"NODE_3433_length_7099_cov_7.444492","blastn","TRINITY_DN4648_c0_g1_i2 30 342 +","match_part"],[1,2296,2607,1,"M176 I1 M65 I1 M70","NODE_3433_length_7099_cov_7.444492:hsp:136473:3.2.0.0",153,"NODE_3433_length_7099_cov_7.444492","blastn","TRINITY_DN4648_c0_g1_i2 288 600 +","match_part"],[1,2296,2512,1,"M176 I1 M40","NODE_3433_length_7099_cov_7.444492:hsp:136474:3.2.0.0",104,"NODE_3433_length_7099_cov_7.444492","blastn","TRINITY_DN4648_c0_g1_i2 546 762 +","match_part"],[1,2685,2778,1,"M93","NODE_3433_length_7099_cov_7.444492:hsp:136475:3.2.0.0",75,"NODE_3433_length_7099_cov_7.444492","blastn","TRINITY_DN4648_c0_g1_i2 94 186 +","match_part"],[1,2685,2778,1,"M93","NODE_3433_length_7099_cov_7.444492:hsp:136476:3.2.0.0",75,"NODE_3433_length_7099_cov_7.444492","blastn","TRINITY_DN4648_c0_g1_i2 352 444 +","match_part"],[1,2685,2778,1,"M93","NODE_3433_length_7099_cov_7.444492:hsp:136477:3.2.0.0",75,"NODE_3433_length_7099_cov_7.444492","blastn","TRINITY_DN4648_c0_g1_i2 610 702 +","match_part"],[1,2918,3034,1,"M18 I1 M98","NODE_3433_length_7099_cov_7.444492:hsp:136478:3.2.0.0",82,"NODE_3433_length_7099_cov_7.444492","blastn","TRINITY_DN4648_c0_g1_i2 70 186 +","match_part"],[1,2918,3034,1,"M18 I1 M98","NODE_3433_length_7099_cov_7.444492:hsp:136479:3.2.0.0",82,"NODE_3433_length_7099_cov_7.444492","blastn","TRINITY_DN4648_c0_g1_i2 328 444 +","match_part"],[1,2918,3034,1,"M18 I1 M98","NODE_3433_length_7099_cov_7.444492:hsp:136480:3.2.0.0",82,"NODE_3433_length_7099_cov_7.444492","blastn","TRINITY_DN4648_c0_g1_i2 586 702 +","match_part"]],"762","expressed_sequence_match"],[0,2316,3034,1,"NODE_3433_length_7099_cov_7.444492:hit:32368:3.2.0.0","TRINITY_DN4648_c0_g1_i3",132,"NODE_3433_length_7099_cov_7.444492","blastn",[[1,2316,2512,1,"M156 I1 M40","NODE_3433_length_7099_cov_7.444492:hsp:136481:3.2.0.0",132,"NODE_3433_length_7099_cov_7.444492","blastn","TRINITY_DN4648_c0_g1_i3 3 199 +","match_part"],[1,2918,3034,1,"M18 I1 M98","NODE_3433_length_7099_cov_7.444492:hsp:136482:3.2.0.0",58,"NODE_3433_length_7099_cov_7.444492","blastn","TRINITY_DN4648_c0_g1_i3 23 139 +","match_part"]],"199","expressed_sequence_match"]],"urlTemplate":"lf-{Chunk}.json"}}