{"featureCount":5,"formatVersion":1,"histograms":{"meta":[{"arrayParams":{"chunkSize":10000,"length":1,"urlTemplate":"hist-5000-{Chunk}.json"},"basesPerBin":"5000"}],"stats":[{"basesPerBin":"5000","max":5,"mean":5}]},"intervals":{"classes":[{"attributes":["Start","End","Strand","Aligned_coverage","Aligned_identity","Id","Name","Score","Seq_id","Source","Subfeatures","Target_length","Type"],"isArrayAttr":{"Subfeatures":1}},{"attributes":["Start","End","Strand","Gap","Id","Score","Seq_id","Source","Target","Type"],"isArrayAttr":{}},{"attributes":["Start","End","Chunk"],"isArrayAttr":{"Sublist":1}}],"count":5,"lazyClass":2,"maxEnd":4712,"minStart":284,"nclist":[[0,284,4712,1,"83.39","97.9","NODE_5375_length_4712_cov_7.990840:hit:14623:3.2.0.0","TRINITY_DN6796_c0_g1_i7",15546,"NODE_5375_length_4712_cov_7.990840","est2genome",[[1,284,417,1,"M64 D10 M39 D1 M19","NODE_5375_length_4712_cov_7.990840:hsp:50477:3.2.0.0",15546,"NODE_5375_length_4712_cov_7.990840","est2genome","TRINITY_DN6796_c0_g1_i7 1 122 +","match_part"],[1,437,595,1,"M1 I1 M157","NODE_5375_length_4712_cov_7.990840:hsp:50478:3.2.0.0",15546,"NODE_5375_length_4712_cov_7.990840","est2genome","TRINITY_DN6796_c0_g1_i7 123 281 +","match_part"],[1,744,922,1,"M178","NODE_5375_length_4712_cov_7.990840:hsp:50479:3.2.0.0",15546,"NODE_5375_length_4712_cov_7.990840","est2genome","TRINITY_DN6796_c0_g1_i7 282 459 +","match_part"],[1,1036,1140,1,"M104","NODE_5375_length_4712_cov_7.990840:hsp:50480:3.2.0.0",15546,"NODE_5375_length_4712_cov_7.990840","est2genome","TRINITY_DN6796_c0_g1_i7 460 563 +","match_part"],[1,1252,1299,1,"M47","NODE_5375_length_4712_cov_7.990840:hsp:50481:3.2.0.0",15546,"NODE_5375_length_4712_cov_7.990840","est2genome","TRINITY_DN6796_c0_g1_i7 564 610 +","match_part"],[1,1372,1393,1,"M21","NODE_5375_length_4712_cov_7.990840:hsp:50482:3.2.0.0",15546,"NODE_5375_length_4712_cov_7.990840","est2genome","TRINITY_DN6796_c0_g1_i7 611 631 +","match_part"],[1,1552,1600,1,"M48","NODE_5375_length_4712_cov_7.990840:hsp:50483:3.2.0.0",15546,"NODE_5375_length_4712_cov_7.990840","est2genome","TRINITY_DN6796_c0_g1_i7 632 679 +","match_part"],[1,1668,2017,1,"M349","NODE_5375_length_4712_cov_7.990840:hsp:50484:3.2.0.0",15546,"NODE_5375_length_4712_cov_7.990840","est2genome","TRINITY_DN6796_c0_g1_i7 680 1028 +","match_part"],[1,2100,2284,1,"M184","NODE_5375_length_4712_cov_7.990840:hsp:50485:3.2.0.0",15546,"NODE_5375_length_4712_cov_7.990840","est2genome","TRINITY_DN6796_c0_g1_i7 1029 1212 +","match_part"],[1,2361,2458,1,"M97","NODE_5375_length_4712_cov_7.990840:hsp:50486:3.2.0.0",15546,"NODE_5375_length_4712_cov_7.990840","est2genome","TRINITY_DN6796_c0_g1_i7 1213 1309 +","match_part"],[1,2551,2631,1,"M79 D1","NODE_5375_length_4712_cov_7.990840:hsp:50487:3.2.0.0",15546,"NODE_5375_length_4712_cov_7.990840","est2genome","TRINITY_DN6796_c0_g1_i7 1310 1388 +","match_part"],[1,2727,3430,1,"M368 D1 M4 D1 M57 I1 M272","NODE_5375_length_4712_cov_7.990840:hsp:50488:3.2.0.0",15546,"NODE_5375_length_4712_cov_7.990840","est2genome","TRINITY_DN6796_c0_g1_i7 1389 2090 +","match_part"],[1,3507,4712,1,"M388 D1 M628 D1 M187","NODE_5375_length_4712_cov_7.990840:hsp:50489:3.2.0.0",15546,"NODE_5375_length_4712_cov_7.990840","est2genome","TRINITY_DN6796_c0_g1_i7 2091 3293 +","match_part"]],"3949","expressed_sequence_match"],[0,284,4712,1,"83.1","98","NODE_5375_length_4712_cov_7.990840:hit:14624:3.2.0.0","TRINITY_DN6796_c0_g1_i3",15189,"NODE_5375_length_4712_cov_7.990840","est2genome",[[1,284,417,1,"M64 D10 M39 D1 M19","NODE_5375_length_4712_cov_7.990840:hsp:50490:3.2.0.0",15189,"NODE_5375_length_4712_cov_7.990840","est2genome","TRINITY_DN6796_c0_g1_i3 1 122 +","match_part"],[1,437,595,1,"M1 I1 M157","NODE_5375_length_4712_cov_7.990840:hsp:50491:3.2.0.0",15189,"NODE_5375_length_4712_cov_7.990840","est2genome","TRINITY_DN6796_c0_g1_i3 123 281 +","match_part"],[1,744,922,1,"M178","NODE_5375_length_4712_cov_7.990840:hsp:50492:3.2.0.0",15189,"NODE_5375_length_4712_cov_7.990840","est2genome","TRINITY_DN6796_c0_g1_i3 282 459 +","match_part"],[1,1036,1140,1,"M104","NODE_5375_length_4712_cov_7.990840:hsp:50493:3.2.0.0",15189,"NODE_5375_length_4712_cov_7.990840","est2genome","TRINITY_DN6796_c0_g1_i3 460 563 +","match_part"],[1,1252,1299,1,"M47","NODE_5375_length_4712_cov_7.990840:hsp:50494:3.2.0.0",15189,"NODE_5375_length_4712_cov_7.990840","est2genome","TRINITY_DN6796_c0_g1_i3 564 610 +","match_part"],[1,1372,1393,1,"M21","NODE_5375_length_4712_cov_7.990840:hsp:50495:3.2.0.0",15189,"NODE_5375_length_4712_cov_7.990840","est2genome","TRINITY_DN6796_c0_g1_i3 611 631 +","match_part"],[1,1552,1600,1,"M48","NODE_5375_length_4712_cov_7.990840:hsp:50496:3.2.0.0",15189,"NODE_5375_length_4712_cov_7.990840","est2genome","TRINITY_DN6796_c0_g1_i3 632 679 +","match_part"],[1,1668,2017,1,"M349","NODE_5375_length_4712_cov_7.990840:hsp:50497:3.2.0.0",15189,"NODE_5375_length_4712_cov_7.990840","est2genome","TRINITY_DN6796_c0_g1_i3 680 1028 +","match_part"],[1,2100,2284,1,"M184","NODE_5375_length_4712_cov_7.990840:hsp:50498:3.2.0.0",15189,"NODE_5375_length_4712_cov_7.990840","est2genome","TRINITY_DN6796_c0_g1_i3 1029 1212 +","match_part"],[1,2361,2458,1,"M97","NODE_5375_length_4712_cov_7.990840:hsp:50499:3.2.0.0",15189,"NODE_5375_length_4712_cov_7.990840","est2genome","TRINITY_DN6796_c0_g1_i3 1213 1309 +","match_part"],[1,2551,2631,1,"M79 D1","NODE_5375_length_4712_cov_7.990840:hsp:50500:3.2.0.0",15189,"NODE_5375_length_4712_cov_7.990840","est2genome","TRINITY_DN6796_c0_g1_i3 1310 1388 +","match_part"],[1,2727,3430,1,"M368 D1 M4 D1 M57 I1 M272","NODE_5375_length_4712_cov_7.990840:hsp:50501:3.2.0.0",15189,"NODE_5375_length_4712_cov_7.990840","est2genome","TRINITY_DN6796_c0_g1_i3 1389 2090 +","match_part"],[1,3507,3612,1,"M105","NODE_5375_length_4712_cov_7.990840:hsp:50502:3.2.0.0",15189,"NODE_5375_length_4712_cov_7.990840","est2genome","TRINITY_DN6796_c0_g1_i3 2091 2195 +","match_part"],[1,3680,4712,1,"M215 D1 M628 D1 M187","NODE_5375_length_4712_cov_7.990840:hsp:50503:3.2.0.0",15189,"NODE_5375_length_4712_cov_7.990840","est2genome","TRINITY_DN6796_c0_g1_i3 2196 3225 +","match_part"]],