{"featureCount":2,"formatVersion":1,"histograms":{"meta":[{"arrayParams":{"chunkSize":10000,"length":1,"urlTemplate":"hist-5000-{Chunk}.json"},"basesPerBin":"5000"}],"stats":[{"basesPerBin":"5000","max":2,"mean":2}]},"intervals":{"classes":[{"attributes":["Start","End","Strand","Id","Name","Score","Seq_id","Source","Subfeatures","Target_length","Type"],"isArrayAttr":{"Subfeatures":1}},{"attributes":["Start","End","Strand","Gap","Id","Score","Seq_id","Source","Target","Type"],"isArrayAttr":{}},{"attributes":["Start","End","Chunk"],"isArrayAttr":{"Sublist":1}}],"count":2,"lazyClass":2,"maxEnd":3242,"minStart":52,"nclist":[[0,52,1570,1,"NODE_6703_length_3441_cov_16.315631:hit:5818:4.5.0.0","augustus-NODE_6703_length_3441_cov_16.315631-abinit-gene-0.4-mRNA-1",0.86,"NODE_6703_length_3441_cov_16.315631","augustus",[[1,52,480,1,"M428","NODE_6703_length_3441_cov_16.315631:hsp:17844:4.5.0.0",0.86,"NODE_6703_length_3441_cov_16.315631","augustus","augustus-NODE_6703_length_3441_cov_16.315631-abinit-gene-0.4-mRNA-1 1 428 +","match_part"],[1,544,897,1,"M353","NODE_6703_length_3441_cov_16.315631:hsp:17845:4.5.0.0",0.86,"NODE_6703_length_3441_cov_16.315631","augustus","augustus-NODE_6703_length_3441_cov_16.315631-abinit-gene-0.4-mRNA-1 429 781 +","match_part"],[1,971,1065,1,"M94","NODE_6703_length_3441_cov_16.315631:hsp:17846:4.5.0.0",0.86,"NODE_6703_length_3441_cov_16.315631","augustus","augustus-NODE_6703_length_3441_cov_16.315631-abinit-gene-0.4-mRNA-1 782 875 +","match_part"],[1,1128,1570,1,"M442","NODE_6703_length_3441_cov_16.315631:hsp:17847:4.5.0.0",0.86,"NODE_6703_length_3441_cov_16.315631","augustus","augustus-NODE_6703_length_3441_cov_16.315631-abinit-gene-0.4-mRNA-1 876 1317 +","match_part"]],"3441","match"],[0,1895,3242,-1,"NODE_6703_length_3441_cov_16.315631:hit:5821:4.5.0.0","augustus-NODE_6703_length_3441_cov_16.315631-abinit-gene-0.5-mRNA-1",0.95,"NODE_6703_length_3441_cov_16.315631","augustus",[[1,2876,3242,-1,"M366","NODE_6703_length_3441_cov_16.315631:hsp:17857:4.5.0.0",0.95,"NODE_6703_length_3441_cov_16.315631","augustus","augustus-NODE_6703_length_3441_cov_16.315631-abinit-gene-0.5-mRNA-1 751 1116 +","match_part"],[1,2666,2786,-1,"M120","NODE_6703_length_3441_cov_16.315631:hsp:17858:4.5.0.0",0.95,"NODE_6703_length_3441_cov_16.315631","augustus","augustus-NODE_6703_length_3441_cov_16.315631-abinit-gene-0.5-mRNA-1 631 750 +","match_part"],[1,1986,2602,-1,"M616","NODE_6703_length_3441_cov_16.315631:hsp:17859:4.5.0.0",0.95,"NODE_6703_length_3441_cov_16.315631","augustus","augustus-NODE_6703_length_3441_cov_16.315631-abinit-gene-0.5-mRNA-1 15 630 +","match_part"],[1,1895,1909,-1,"M14","NODE_6703_length_3441_cov_16.315631:hsp:17860:4.5.0.0",0.95,"NODE_6703_length_3441_cov_16.315631","augustus","augustus-NODE_6703_length_3441_cov_16.315631-abinit-gene-0.5-mRNA-1 1 14 +","match_part"]],"3441","match"]],"urlTemplate":"lf-{Chunk}.json"}}