{"featureCount":3,"formatVersion":1,"histograms":{"meta":[{"arrayParams":{"chunkSize":10000,"length":1,"urlTemplate":"hist-5000-{Chunk}.json"},"basesPerBin":"5000"}],"stats":[{"basesPerBin":"5000","max":3,"mean":3}]},"intervals":{"classes":[{"attributes":["Start","End","Strand","Id","Name","Score","Seq_id","Source","Subfeatures","Target_length","Type"],"isArrayAttr":{"Subfeatures":1}},{"attributes":["Start","End","Strand","Gap","Id","Score","Seq_id","Source","Target","Type"],"isArrayAttr":{}},{"attributes":["Start","End","Chunk"],"isArrayAttr":{"Sublist":1}}],"count":3,"lazyClass":2,"maxEnd":4862,"minStart":2,"nclist":[[0,2,1115,-1,"NODE_5176_length_4905_cov_7.395144:hit:12891:4.5.0.0","augustus-NODE_5176_length_4905_cov_7.395144-abinit-gene-0.12-mRNA-1",0.97,"NODE_5176_length_4905_cov_7.395144","augustus",[[1,2,1115,-1,"M1113","NODE_5176_length_4905_cov_7.395144:hsp:44549:4.5.0.0",0.97,"NODE_5176_length_4905_cov_7.395144","augustus","augustus-NODE_5176_length_4905_cov_7.395144-abinit-gene-0.12-mRNA-1 1 1113 +","match_part"]],"4905","match"],[0,2579,3898,-1,"NODE_5176_length_4905_cov_7.395144:hit:12894:4.5.0.0","augustus-NODE_5176_length_4905_cov_7.395144-abinit-gene-0.13-mRNA-1",0.97,"NODE_5176_length_4905_cov_7.395144","augustus",[[1,3683,3898,-1,"M215","NODE_5176_length_4905_cov_7.395144:hsp:44552:4.5.0.0",0.97,"NODE_5176_length_4905_cov_7.395144","augustus","augustus-NODE_5176_length_4905_cov_7.395144-abinit-gene-0.13-mRNA-1 725 939 +","match_part"],[1,3546,3595,-1,"M49","NODE_5176_length_4905_cov_7.395144:hsp:44553:4.5.0.0",0.97,"NODE_5176_length_4905_cov_7.395144","augustus","augustus-NODE_5176_length_4905_cov_7.395144-abinit-gene-0.13-mRNA-1 676 724 +","match_part"],[1,3368,3481,-1,"M113","NODE_5176_length_4905_cov_7.395144:hsp:44554:4.5.0.0",0.97,"NODE_5176_length_4905_cov_7.395144","augustus","augustus-NODE_5176_length_4905_cov_7.395144-abinit-gene-0.13-mRNA-1 563 675 +","match_part"],[1,3025,3289,-1,"M264","NODE_5176_length_4905_cov_7.395144:hsp:44555:4.5.0.0",0.97,"NODE_5176_length_4905_cov_7.395144","augustus","augustus-NODE_5176_length_4905_cov_7.395144-abinit-gene-0.13-mRNA-1 299 562 +","match_part"],[1,2862,2942,-1,"M80","NODE_5176_length_4905_cov_7.395144:hsp:44556:4.5.0.0",0.97,"NODE_5176_length_4905_cov_7.395144","augustus","augustus-NODE_5176_length_4905_cov_7.395144-abinit-gene-0.13-mRNA-1 219 298 +","match_part"],[1,2579,2797,-1,"M218","NODE_5176_length_4905_cov_7.395144:hsp:44557:4.5.0.0",0.97,"NODE_5176_length_4905_cov_7.395144","augustus","augustus-NODE_5176_length_4905_cov_7.395144-abinit-gene-0.13-mRNA-1 1 218 +","match_part"]],"4905","match"],[0,4121,4862,1,"NODE_5176_length_4905_cov_7.395144:hit:12897:4.5.0.0","augustus-NODE_5176_length_4905_cov_7.395144-abinit-gene-0.11-mRNA-1",0.96,"NODE_5176_length_4905_cov_7.395144","augustus",[[1,4121,4312,1,"M191","NODE_5176_length_4905_cov_7.395144:hsp:44570:4.5.0.0",0.96,"NODE_5176_length_4905_cov_7.395144","augustus","augustus-NODE_5176_length_4905_cov_7.395144-abinit-gene-0.11-mRNA-1 1 191 +","match_part"],[1,4391,4606,1,"M215","NODE_5176_length_4905_cov_7.395144:hsp:44571:4.5.0.0",0.96,"NODE_5176_length_4905_cov_7.395144","augustus","augustus-NODE_5176_length_4905_cov_7.395144-abinit-gene-0.11-mRNA-1 192 406 +","match_part"],[1,4674,4862,1,"M188","NODE_5176_length_4905_cov_7.395144:hsp:44572:4.5.0.0",0.96,"NODE_5176_length_4905_cov_7.395144","augustus","augustus-NODE_5176_length_4905_cov_7.395144-abinit-gene-0.11-mRNA-1 407 594 +","match_part"]],"4905","match"]],"urlTemplate":"lf-{Chunk}.json"}}