{"featureCount":9,"formatVersion":1,"histograms":{"meta":[{"arrayParams":{"chunkSize":10000,"length":2,"urlTemplate":"hist-5000-{Chunk}.json"},"basesPerBin":"5000"}],"stats":[{"basesPerBin":"5000","max":8,"mean":4.5}]},"intervals":{"classes":[{"attributes":["Start","End","Strand","Id","Name","Score","Seq_id","Source","Subfeatures","Target_length","Type"],"isArrayAttr":{"Subfeatures":1}},{"attributes":["Start","End","Strand","Gap","Id","Score","Seq_id","Source","Target","Type"],"isArrayAttr":{}},{"attributes":["Start","End","Chunk"],"isArrayAttr":{"Sublist":1}}],"count":9,"lazyClass":2,"maxEnd":7628,"minStart":389,"nclist":[[0,389,1605,-1,"NODE_3053_length_7980_cov_2.968165:hit:25434:3.2.0.0","TRINITY_DN3499_c0_g1_i4",156,"NODE_3053_length_7980_cov_2.968165","blastn",[[1,1403,1605,-1,"M27 I1 M175","NODE_3053_length_7980_cov_2.968165:hsp:108247:3.2.0.0",156,"NODE_3053_length_7980_cov_2.968165","blastn","TRINITY_DN3499_c0_g1_i4 17 219 +","match_part"],[1,1149,1263,-1,"M114","NODE_3053_length_7980_cov_2.968165:hsp:108248:3.2.0.0",96,"NODE_3053_length_7980_cov_2.968165","blastn","TRINITY_DN3499_c0_g1_i4 220 333 +","match_part"],[1,925,1045,-1,"M54 I3 M66","NODE_3053_length_7980_cov_2.968165:hsp:108249:3.2.0.0",88,"NODE_3053_length_7980_cov_2.968165","blastn","TRINITY_DN3499_c0_g1_i4 334 456 +","match_part"],[1,389,500,-1,"M111","NODE_3053_length_7980_cov_2.968165:hsp:108250:3.2.0.0",99,"NODE_3053_length_7980_cov_2.968165","blastn","TRINITY_DN3499_c0_g1_i4 459 569 +","match_part"]],"584","expressed_sequence_match"],[0,389,1605,-1,"NODE_3053_length_7980_cov_2.968165:hit:25435:3.2.0.0","TRINITY_DN3499_c0_g1_i5",156,"NODE_3053_length_7980_cov_2.968165","blastn",[[1,1403,1605,-1,"M27 I1 M175","NODE_3053_length_7980_cov_2.968165:hsp:108251:3.2.0.0",156,"NODE_3053_length_7980_cov_2.968165","blastn","TRINITY_DN3499_c0_g1_i5 17 219 +","match_part"],[1,1149,1263,-1,"M114","NODE_3053_length_7980_cov_2.968165:hsp:108252:3.2.0.0",96,"NODE_3053_length_7980_cov_2.968165","blastn","TRINITY_DN3499_c0_g1_i5 220 333 +","match_part"],[1,389,500,-1,"M111","NODE_3053_length_7980_cov_2.968165:hsp:108253:3.2.0.0",99,"NODE_3053_length_7980_cov_2.968165","blastn","TRINITY_DN3499_c0_g1_i5 378 488 +","match_part"]],"503","expressed_sequence_match"],[0,389,1605,-1,"NODE_3053_length_7980_cov_2.968165:hit:25436:3.2.0.0","TRINITY_DN3499_c0_g1_i7",387,"NODE_3053_length_7980_cov_2.968165","blastn",[[1,925,1605,-1,"M27 I1 M92 I1 M41 D1 M61 D4 M96 D2 M187 I1 M103 I3 M66","NODE_3053_length_7980_cov_2.968165:hsp:108254:3.2.0.0",387,"NODE_3053_length_7980_cov_2.968165","blastn","TRINITY_DN3499_c0_g1_i7 17 695 +","match_part"],[1,389,500,-1,"M111","NODE_3053_length_7980_cov_2.968165:hsp:108255:3.2.0.0",99,"NODE_3053_length_7980_cov_2.968165","blastn","TRINITY_DN3499_c0_g1_i7 698 808 +","match_part"]],"823","expressed_sequence_match",{"Sublist":[[0,389,1402,-1,"NODE_3053_length_7980_cov_2.968165:hit:25437:3.2.0.0","TRINITY_DN3499_c0_g1_i11",47,"NODE_3053_length_7980_cov_2.968165","blastn",[[1,1343,1402,-1,"M59","NODE_3053_length_7980_cov_2.968165:hsp:108256:3.2.0.0",47,"NODE_3053_length_7980_cov_2.968165","blastn","TRINITY_DN3499_c0_g1_i11 1 59 +","match_part"],[1,1149,1265,-1,"M116","NODE_3053_length_7980_cov_2.968165:hsp:108257:3.2.0.0",98,"NODE_3053_length_7980_cov_2.968165","blastn","TRINITY_DN3499_c0_g1_i11 58 173 +","match_part"],[1,925,1045,-1,"M54 I3 M66","NODE_3053_length_7980_cov_2.968165:hsp:108258:3.2.0.0",88,"NODE_3053_length_7980_cov_2.968165","blastn","TRINITY_DN3499_c0_g1_i11 174 296 +","match_part"],[1,389,500,-1,"M111","NODE_3053_length_7980_cov_2.968165:hsp:108259:3.2.0.0",99,"NODE_3053_length_7980_cov_2.968165","blastn","TRINITY_DN3499_c0_g1_i11 299 409 +","match_part"]],"424","expressed_sequence_match"]]}],[0,925,1605,-1,"NODE_3053_length_7980_cov_2.968165:hit:25438:3.2.0.0","TRINITY_DN3499_c0_g1_i1",223,"NODE_3053_length_7980_cov_2.968165","blastn",[[1,1149,1605,-1,"M27 I1 M92 I1 M41 D1 M61 D4 M50 D2 M178","NODE_3053_length_7980_cov_2.968165:hsp:108260:3.2.0.0",223,"NODE_3053_length_7980_cov_2.968165","blastn","TRINITY_DN3499_c0_g1_i1 17 467 +","match_part"],[1,925,964,-1,"M39","NODE_3053_length_7980_cov_2.968165:hsp:108261:3.2.0.0",39,"NODE_3053_length_7980_cov_2.968165","blastn","TRINITY_DN3499_c0_g1_i1 562 600 +","match_part"]],"615","expressed_sequence_match",{"Sublist":[[0,925,1402,-1,"NODE_3053_length_7980_cov_2.968165:hit:25440:3.2.0.0","TRINITY_DN3499_c0_g1_i10",47,"NODE_3053_length_7980_cov_2.968165","blastn",[[1,1343,1402,-1,"M59","NODE_3053_length_7980_cov_2.968165:hsp:108264:3.2.0.0",47,"NODE_3053_length_7980_cov_2.968165","blastn","TRINITY_DN3499_c0_g1_i10 1 59 +","match_part"],[1,1017,1265,-1,"M248","NODE_3053_length_7980_cov_2.968165:hsp:108265:3.2.0.0",122,"NODE_3053_length_7980_cov_2.968165","blastn","TRINITY_DN3499_c0_g1_i10 58 305 +","match_part"],[1,925,964,-1,"M39","NODE_3053_length_7980_cov_2.968165:hsp:108266:3.2.0.0",39,"NODE_3053_length_7980_cov_2.968165","blastn","TRINITY_DN3499_c0_g1_i10 372 410 +","match_part"]],"425","expressed_sequence_match",{"Sublist":[[0,925,1317,-1,"NODE_3053_length_7980_cov_2.968165:hit:25439:3.2.0.0","TRINITY_DN3499_c0_g1_i9",168,"NODE_3053_length_7980_cov_2.968165","blastn",[[1,1017,1317,-1,"M300","NODE_3053_length_7980_cov_2.968165:hsp:108262:3.2.0.0",168,"NODE_3053_length_7980_cov_2.968165","blastn","TRINITY_DN3499_c0_g1_i9 99 398 +","match_part"],[1,925,964,-1,"M39","NODE_3053_length_7980_cov_2.968165:hsp:108263:3.2.0.0",39,"NODE_3053_length_7980_cov_2.968165","blastn","TRINITY_DN3499_c0_g1_i9 465 503 +","match_part"]],"518","expressed_sequence_match"]]}],[0,1149,1402,-1,"NODE_3053_length_7980_cov_2.968165:hit:25441:3.2.0.0","TRINITY_DN3499_c0_g1_i14",47,"NODE_3053_length_7980_cov_2.968165","blastn",[[1,1343,1402,-1,"M59","NODE_3053_length_7980_cov_2.968165:hsp:108267:3.2.0.0",47,"NODE_3053_length_7980_cov_2.968165","blastn","TRINITY_DN3499_c0_g1_i14 1 59 +","match_part"],[1,1149,1265,-1,"M116","NODE_3053_length_7980_cov_2.968165:hsp:108268:3.2.0.0",98,"NODE_3053_length_7980_cov_2.968165","blastn","TRINITY_DN3499_c0_g1_i14 58 173 +","match_part"]],"258","expressed_sequence_match"]]}],[0,7131,7628,1,"NODE_3053_length_7980_cov_2.968165:hit:25442:3.2.0.0","TRINITY_DN15420_c0_g1_i1",289,"NODE_3053_length_7980_cov_2.968165","blastn",[[1,7131,7462,1,"M331","NODE_3053_length_7980_cov_2.968165:hsp:108269:3.2.0.0",289,"NODE_3053_length_7980_cov_2.968165","blastn","TRINITY_DN15420_c0_g1_i1 1 331 +","match_part"],[1,7526,7628,1,"M102","NODE_3053_length_7980_cov_2.968165:hsp:108270:3.2.0.0",96,"NODE_3053_length_7980_cov_2.968165","blastn","TRINITY_DN15420_c0_g1_i1 332 433 +","match_part"]],"532","expressed_sequence_match"]],"urlTemplate":"lf-{Chunk}.json"}}