{"featureCount":5,"formatVersion":1,"histograms":{"meta":[{"arrayParams":{"chunkSize":10000,"length":2,"urlTemplate":"hist-10000-{Chunk}.json"},"basesPerBin":"10000"}],"stats":[{"basesPerBin":"10000","max":3,"mean":3}]},"intervals":{"classes":[{"attributes":["Start","End","Strand","Id","Name","Score","Seq_id","Source","Subfeatures","Target_length","Type"],"isArrayAttr":{"Subfeatures":1}},{"attributes":["Start","End","Strand","Gap","Id","Score","Seq_id","Source","Target","Type"],"isArrayAttr":{}},{"attributes":["Start","End","Chunk"],"isArrayAttr":{"Sublist":1}}],"count":5,"lazyClass":2,"maxEnd":17654,"minStart":3260,"nclist":[[0,3260,4700,1,"NODE_595_length_23601_cov_9.637088:hit:57363:4.5.0.0","augustus-NODE_595_length_23601_cov_9.637088-abinit-gene-0.0-mRNA-1",0.77,"NODE_595_length_23601_cov_9.637088","augustus",[[1,3260,4700,1,"M1440","NODE_595_length_23601_cov_9.637088:hsp:297080:4.5.0.0",0.77,"NODE_595_length_23601_cov_9.637088","augustus","augustus-NODE_595_length_23601_cov_9.637088-abinit-gene-0.0-mRNA-1 1 1440 +","match_part"]],"23601","match"],[0,6560,7638,1,"NODE_595_length_23601_cov_9.637088:hit:57366:4.5.0.0","augustus-NODE_595_length_23601_cov_9.637088-abinit-gene-0.1-mRNA-1",0.82,"NODE_595_length_23601_cov_9.637088","augustus",[[1,6560,6643,1,"M83","NODE_595_length_23601_cov_9.637088:hsp:297083:4.5.0.0",0.82,"NODE_595_length_23601_cov_9.637088","augustus","augustus-NODE_595_length_23601_cov_9.637088-abinit-gene-0.1-mRNA-1 1 83 +","match_part"],[1,6743,6771,1,"M28","NODE_595_length_23601_cov_9.637088:hsp:297084:4.5.0.0",0.82,"NODE_595_length_23601_cov_9.637088","augustus","augustus-NODE_595_length_23601_cov_9.637088-abinit-gene-0.1-mRNA-1 84 111 +","match_part"],[1,6861,7021,1,"M160","NODE_595_length_23601_cov_9.637088:hsp:297085:4.5.0.0",0.82,"NODE_595_length_23601_cov_9.637088","augustus","augustus-NODE_595_length_23601_cov_9.637088-abinit-gene-0.1-mRNA-1 112 271 +","match_part"],[1,7090,7458,1,"M368","NODE_595_length_23601_cov_9.637088:hsp:297086:4.5.0.0",0.82,"NODE_595_length_23601_cov_9.637088","augustus","augustus-NODE_595_length_23601_cov_9.637088-abinit-gene-0.1-mRNA-1 272 639 +","match_part"],[1,7530,7638,1,"M108","NODE_595_length_23601_cov_9.637088:hsp:297087:4.5.0.0",0.82,"NODE_595_length_23601_cov_9.637088","augustus","augustus-NODE_595_length_23601_cov_9.637088-abinit-gene-0.1-mRNA-1 640 747 +","match_part"]],"23601","match"],[0,8731,10535,1,"NODE_595_length_23601_cov_9.637088:hit:57369:4.5.0.0","augustus-NODE_595_length_23601_cov_9.637088-abinit-gene-0.2-mRNA-1",0.25,"NODE_595_length_23601_cov_9.637088","augustus",[[1,8731,9556,1,"M825","NODE_595_length_23601_cov_9.637088:hsp:297098:4.5.0.0",0.25,"NODE_595_length_23601_cov_9.637088","augustus","augustus-NODE_595_length_23601_cov_9.637088-abinit-gene-0.2-mRNA-1 1 825 +","match_part"],[1,9650,9828,1,"M178","NODE_595_length_23601_cov_9.637088:hsp:297099:4.5.0.0",0.25,"NODE_595_length_23601_cov_9.637088","augustus","augustus-NODE_595_length_23601_cov_9.637088-abinit-gene-0.2-mRNA-1 826 1003 +","match_part"],[1,9905,10043,1,"M138","NODE_595_length_23601_cov_9.637088:hsp:297100:4.5.0.0",0.25,"NODE_595_length_23601_cov_9.637088","augustus","augustus-NODE_595_length_23601_cov_9.637088-abinit-gene-0.2-mRNA-1 1004 1141 +","match_part"],[1,10128,10535,1,"M407","NODE_595_length_23601_cov_9.637088:hsp:297101:4.5.0.0",0.25,"NODE_595_length_23601_cov_9.637088","augustus","augustus-NODE_595_length_23601_cov_9.637088-abinit-gene-0.2-mRNA-1 1142 1548 +","match_part"]],"23601","match"],[0,11719,13204,1,"NODE_595_length_23601_cov_9.637088:hit:57373:4.5.0.0","augustus-NODE_595_length_23601_cov_9.637088-abinit-gene-0.3-mRNA-1",0.2,"NODE_595_length_23601_cov_9.637088","augustus",[[1,11719,11724,1,"M5","NODE_595_length_23601_cov_9.637088:hsp:297110:4.5.0.0",0.2,"NODE_595_length_23601_cov_9.637088","augustus","augustus-NODE_595_length_23601_cov_9.637088-abinit-gene-0.3-mRNA-1 1 5 +","match_part"],[1,11818,12555,1,"M737","NODE_595_length_23601_cov_9.637088:hsp:297111:4.5.0.0",0.2,"NODE_595_length_23601_cov_9.637088","augustus","augustus-NODE_595_length_23601_cov_9.637088-abinit-gene-0.3-mRNA-1 6 742 +","match_part"],[1,12634,12724,1,"M90","NODE_595_length_23601_cov_9.637088:hsp:297112:4.5.0.0",0.2,"NODE_595_length_23601_cov_9.637088","augustus","augustus-NODE_595_length_23601_cov_9.637088-abinit-gene-0.3-mRNA-1 743 832 +","match_part"],[1,12790,13106,1,"M316","NODE_595_length_23601_cov_9.637088:hsp:297113:4.5.0.0",0.2,"NODE_595_length_23601_cov_9.637088","augustus","augustus-NODE_595_length_23601_cov_9.637088-abinit-gene-0.3-mRNA-1 833 1148 +","match_part"],[1,13182,13204,1,"M22","NODE_595_length_23601_cov_9.637088:hsp:297114:4.5.0.0",0.2,"NODE_595_length_23601_cov_9.637088","augustus","augustus-NODE_595_length_23601_cov_9.637088-abinit-gene-0.3-mRNA-1 1149 1170 +","match_part"]],"23601","match"],[0,17003,17654,1,"NODE_595_length_23601_cov_9.637088:hit:57377:4.5.0.0","augustus-NODE_595_length_23601_cov_9.637088-abinit-gene-0.4-mRNA-1",0.5,"NODE_595_length_23601_cov_9.637088","augustus",[[1,17003,17654,1,"M651","NODE_595_length_23601_cov_9.637088:hsp:297121:4.5.0.0",0.5,"NODE_595_length_23601_cov_9.637088","augustus","augustus-NODE_595_length_23601_cov_9.637088-abinit-gene-0.4-mRNA-1 1 651 +","match_part"]],"23601","match"]],"urlTemplate":"lf-{Chunk}.json"}}