{"featureCount":19,"formatVersion":1,"histograms":{"meta":[{"arrayParams":{"chunkSize":10000,"length":6,"urlTemplate":"hist-2000-{Chunk}.json"},"basesPerBin":"2000"}],"stats":[{"basesPerBin":"2000","max":11,"mean":4.66666666666667}]},"intervals":{"classes":[{"attributes":["Start","End","Strand","Id","Name","Score","Seq_id","Source","Subfeatures","Target_length","Type"],"isArrayAttr":{"Subfeatures":1}},{"attributes":["Start","End","Strand","Gap","Id","Score","Seq_id","Source","Target","Type"],"isArrayAttr":{}},{"attributes":["Start","End","Chunk"],"isArrayAttr":{"Sublist":1}}],"count":19,"lazyClass":2,"maxEnd":10387,"minStart":1098,"nclist":[[0,1098,2831,1,"NODE_1604_length_13540_cov_8.503727:hit:109397:3.2.0.0","TRINITY_DN6831_c0_g1_i1",753,"NODE_1604_length_13540_cov_8.503727","blastn",[[1,1098,1914,1,"M558 I8 M258","NODE_1604_length_13540_cov_8.503727:hsp:546633:3.2.0.0",753,"NODE_1604_length_13540_cov_8.503727","blastn","TRINITY_DN6831_c0_g1_i1 1 824 +","match_part"],[1,1991,2064,1,"M73","NODE_1604_length_13540_cov_8.503727:hsp:546634:3.2.0.0",73,"NODE_1604_length_13540_cov_8.503727","blastn","TRINITY_DN6831_c0_g1_i1 825 897 +","match_part"],[1,2129,2248,1,"M119","NODE_1604_length_13540_cov_8.503727:hsp:546635:3.2.0.0",119,"NODE_1604_length_13540_cov_8.503727","blastn","TRINITY_DN6831_c0_g1_i1 896 1014 +","match_part"],[1,2307,2542,1,"M235","NODE_1604_length_13540_cov_8.503727:hsp:546636:3.2.0.0",223,"NODE_1604_length_13540_cov_8.503727","blastn","TRINITY_DN6831_c0_g1_i1 1011 1245 +","match_part"],[1,2600,2831,1,"M231","NODE_1604_length_13540_cov_8.503727:hsp:546637:3.2.0.0",225,"NODE_1604_length_13540_cov_8.503727","blastn","TRINITY_DN6831_c0_g1_i1 1243 1473 +","match_part"]],"1473","expressed_sequence_match"],[0,1098,2831,1,"NODE_1604_length_13540_cov_8.503727:hit:109398:3.2.0.0","TRINITY_DN6831_c0_g1_i2",798,"NODE_1604_length_13540_cov_8.503727","blastn",[[1,1098,1914,1,"M816","NODE_1604_length_13540_cov_8.503727:hsp:546638:3.2.0.0",798,"NODE_1604_length_13540_cov_8.503727","blastn","TRINITY_DN6831_c0_g1_i2 1 816 +","match_part"],[1,1991,2064,1,"M73","NODE_1604_length_13540_cov_8.503727:hsp:546639:3.2.0.0",73,"NODE_1604_length_13540_cov_8.503727","blastn","TRINITY_DN6831_c0_g1_i2 817 889 +","match_part"],[1,2129,2248,1,"M119","NODE_1604_length_13540_cov_8.503727:hsp:546640:3.2.0.0",119,"NODE_1604_length_13540_cov_8.503727","blastn","TRINITY_DN6831_c0_g1_i2 888 1006 +","match_part"],[1,2307,2542,1,"M235","NODE_1604_length_13540_cov_8.503727:hsp:546641:3.2.0.0",223,"NODE_1604_length_13540_cov_8.503727","blastn","TRINITY_DN6831_c0_g1_i2 1003 1237 +","match_part"],[1,2600,2831,1,"M231","NODE_1604_length_13540_cov_8.503727:hsp:546642:3.2.0.0",225,"NODE_1604_length_13540_cov_8.503727","blastn","TRINITY_DN6831_c0_g1_i2 1235 1465 +","match_part"]],"1465","expressed_sequence_match"],[0,1098,2831,1,"NODE_1604_length_13540_cov_8.503727:hit:109399:3.2.0.0","TRINITY_DN6831_c0_g1_i3",594,"NODE_1604_length_13540_cov_8.503727","blastn",[[1,1098,1755,1,"M558 I8 M99","NODE_1604_length_13540_cov_8.503727:hsp:546643:3.2.0.0",594,"NODE_1604_length_13540_cov_8.503727","blastn","TRINITY_DN6831_c0_g1_i3 1 665 +","match_part"],[1,1774,2248,1,"M474","NODE_1604_length_13540_cov_8.503727:hsp:546644:3.2.0.0",474,"NODE_1604_length_13540_cov_8.503727","blastn","TRINITY_DN6831_c0_g1_i3 660 1133 +","match_part"],[1,2307,2542,1,"M235","NODE_1604_length_13540_cov_8.503727:hsp:546645:3.2.0.0",223,"NODE_1604_length_13540_cov_8.503727","blastn","TRINITY_DN6831_c0_g1_i3 1130 1364 +","match_part"],[1,2600,2831,1,"M231","NODE_1604_length_13540_cov_8.503727:hsp:546646:3.2.0.0",225,"NODE_1604_length_13540_cov_8.503727","blastn","TRINITY_DN6831_c0_g1_i3 1362 1592 +","match_part"]],"1592","expressed_sequence_match"],[0,1098,2831,1,"NODE_1604_length_13540_cov_8.503727:hit:109400:3.2.0.0","TRINITY_DN6831_c0_g1_i4",948,"NODE_1604_length_13540_cov_8.503727","blastn",[[1,1098,2064,1,"M966","NODE_1604_length_13540_cov_8.503727:hsp:546647:3.2.0.0",948,"NODE_1604_length_13540_cov_8.503727","blastn","TRINITY_DN6831_c0_g1_i4 1 966 +","match_part"],[1,2129,2248,1,"M119","NODE_1604_length_13540_cov_8.503727:hsp:546648:3.2.0.0",119,"NODE_1604_length_13540_cov_8.503727","blastn","TRINITY_DN6831_c0_g1_i4 965 1083 +","match_part"],[1,2307,2542,1,"M235","NODE_1604_length_13540_cov_8.503727:hsp:546649:3.2.0.0",223,"NODE_1604_length_13540_cov_8.503727","blastn","TRINITY_DN6831_c0_g1_i4 1080 1314 +","match_part"],[1,2600,2831,1,"M231","NODE_1604_length_13540_cov_8.503727:hsp:546650:3.2.0.0",225,"NODE_1604_length_13540_cov_8.503727","blastn","TRINITY_DN6831_c0_g1_i4 1312 1542 +","match_part"]],"1542","expressed_sequence_match"],[0,2962,3647,-1,"NODE_1604_length_13540_cov_8.503727:hit:109402:3.2.0.0","TRINITY_DN1091_c0_g1_i6",216,"NODE_1604_length_13540_cov_8.503727","blastn",[[1,3306,3647,-1,"M186 D5 M150","NODE_1604_length_13540_cov_8.503727:hsp:546653:3.2.0.0",216,"NODE_1604_length_13540_cov_8.503727","blastn","TRINITY_DN1091_c0_g1_i6 76 411 +","match_part"],[1,2962,3066,-1,"M104","NODE_1604_length_13540_cov_8.503727:hsp:546654:3.2.0.0",104,"NODE_1604_length_13540_cov_8.503727","blastn","TRINITY_DN1091_c0_g1_i6 410 513 +","match_part"]],"513","expressed_sequence_match"],[0,2962,3647,-1,"NODE_1604_length_13540_cov_8.503727:hit:109403:3.2.0.0","TRINITY_DN1091_c0_g1_i2",673,"NODE_1604_length_13540_cov_8.503727","blastn",[[1,2962,3647,-1,"M685","NODE_1604_length_13540_cov_8.503727:hsp:546655:3.2.0.0",673,"NODE_1604_length_13540_cov_8.503727","blastn","TRINITY_DN1091_c0_g1_i2 76 760 +","match_part"]],"760","expressed_sequence_match"],[0,2962,3647,-1,"NODE_1604_length_13540_cov_8.503727:hit:109404:3.2.0.0","TRINITY_DN1091_c0_g1_i3",329,"NODE_1604_length_13540_cov_8.503727","blastn",[[1,3306,3647,-1,"M341","NODE_1604_length_13540_cov_8.503727:hsp:546656:3.2.0.0",329,"NODE_1604_length_13540_cov_8.503727","blastn","TRINITY_DN1091_c0_g1_i3 76 416 +","match_part"],[1,2962,3066,-1,"M104","NODE_1604_length_13540_cov_8.503727:hsp:546657:3.2.0.0",104,"NODE_1604_length_13540_cov_8.503727","blastn","TRINITY_DN1091_c0_g1_i3 415 518 +","match_part"]],"518","expressed_sequence_match",{"Sublist":[[0,2962,3571,-1,"NODE_1604_length_13540_cov_8.503727:hit:109401:3.2.0.0","TRINITY_DN1091_c0_g1_i5",231,"NODE_1604_length_13540_cov_8.503727","blastn",[[1,3306,3571,-1,"M226 I1 M39","NODE_1604_length_13540_cov_8.503727:hsp:546651:3.2.0.0",231,"NODE_1604_length_13540_cov_8.503727","blastn","TRINITY_DN1091_c0_g1_i5 1 266 +","match_part"],[1,2962,3066,-1,"M104","NODE_1604_length_13540_cov_8.503727:hsp:546652:3.2.0.0",104,"NODE_1604_length_13540_cov_8.503727","blastn","TRINITY_DN1091_c0_g1_i5 265 368 +","match_part"]],"368","expressed_sequence_match"],[0,2962,3571,-1,"NODE_1604_length_13540_cov_8.503727:hit:109405:3.2.0.0","TRINITY_DN1091_c0_g1_i8",550,"NODE_1604_length_13540_cov_8.503727","blastn",[[1,2962,3571,-1,"M278 D3 M328","NODE_1604_length_13540_cov_8.503727:hsp:546658:3.2.0.0",550,"NODE_1604_length_13540_cov_8.503727","blastn","TRINITY_DN1091_c0_g1_i8 1 606 +","match_part"]],"606","expressed_sequence_match",{"Sublist":[[0,2962,3398,-1,"NODE_1604_length_13540_cov_8.503727:hit:109406:3.2.0.0","TRINITY_DN1091_c0_g1_i4",407,"NODE_1604_length_13540_cov_8.503727","blastn",[[1,2962,3398,-1,"M160 D3 M273","NODE_1604_length_13540_cov_8.503727:hsp:546659:3.2.0.0",407,"NODE_1604_length_13540_cov_8.503727","blastn","TRINITY_DN1091_c0_g1_i4 1 433 +","match_part"]],"433","expressed_sequence_match"]]}]]}],[0,3235,3647,-1,"NODE_1604_length_13540_cov_8.503727:hit:109407:3.2.0.0","TRINITY_DN1091_c0_g1_i1",287,"NODE_1604_length_13540_cov_8.503727","blastn",[[1,3235,3647,-1,"M186 D5 M221","NODE_1604_length_13540_cov_8.503727:hsp:546660:3.2.0.0",287,"NODE_1604_length_13540_cov_8.503727","blastn","TRINITY_DN1091_c0_g1_i1 76 482 +","match_part"]],