{"featureCount":6,"formatVersion":1,"histograms":{"meta":[{"arrayParams":{"chunkSize":10000,"length":2,"urlTemplate":"hist-10000-{Chunk}.json"},"basesPerBin":"10000"}],"stats":[{"basesPerBin":"10000","max":4,"mean":3}]},"intervals":{"classes":[{"attributes":["Start","End","Strand","Id","Name","Score","Seq_id","Source","Subfeatures","Target_length","Type"],"isArrayAttr":{"Subfeatures":1}},{"attributes":["Start","End","Strand","Gap","Id","Score","Seq_id","Source","Target","Type"],"isArrayAttr":{}},{"attributes":["Start","End","Chunk"],"isArrayAttr":{"Sublist":1}}],"count":6,"lazyClass":2,"maxEnd":13691,"minStart":10,"nclist":[[0,10,2710,-1,"NODE_535_length_24757_cov_7.735323:hit:52716:4.5.0.0","augustus-NODE_535_length_24757_cov_7.735323-abinit-gene-0.3-mRNA-1",0.15,"NODE_535_length_24757_cov_7.735323","augustus",[[1,2634,2710,-1,"M76","NODE_535_length_24757_cov_7.735323:hsp:273761:4.5.0.0",0.15,"NODE_535_length_24757_cov_7.735323","augustus","augustus-NODE_535_length_24757_cov_7.735323-abinit-gene-0.3-mRNA-1 2397 2472 +","match_part"],[1,1862,2546,-1,"M684","NODE_535_length_24757_cov_7.735323:hsp:273762:4.5.0.0",0.15,"NODE_535_length_24757_cov_7.735323","augustus","augustus-NODE_535_length_24757_cov_7.735323-abinit-gene-0.3-mRNA-1 1713 2396 +","match_part"],[1,1709,1796,-1,"M87","NODE_535_length_24757_cov_7.735323:hsp:273763:4.5.0.0",0.15,"NODE_535_length_24757_cov_7.735323","augustus","augustus-NODE_535_length_24757_cov_7.735323-abinit-gene-0.3-mRNA-1 1626 1712 +","match_part"],[1,10,1635,-1,"M1625","NODE_535_length_24757_cov_7.735323:hsp:273764:4.5.0.0",0.15,"NODE_535_length_24757_cov_7.735323","augustus","augustus-NODE_535_length_24757_cov_7.735323-abinit-gene-0.3-mRNA-1 1 1625 +","match_part"]],"24757","match"],[0,3172,5409,1,"NODE_535_length_24757_cov_7.735323:hit:52719:4.5.0.0","augustus-NODE_535_length_24757_cov_7.735323-abinit-gene-0.0-mRNA-1",0.22,"NODE_535_length_24757_cov_7.735323","augustus",[[1,3172,3407,1,"M235","NODE_535_length_24757_cov_7.735323:hsp:273776:4.5.0.0",0.22,"NODE_535_length_24757_cov_7.735323","augustus","augustus-NODE_535_length_24757_cov_7.735323-abinit-gene-0.0-mRNA-1 1 235 +","match_part"],[1,3474,3490,1,"M16","NODE_535_length_24757_cov_7.735323:hsp:273777:4.5.0.0",0.22,"NODE_535_length_24757_cov_7.735323","augustus","augustus-NODE_535_length_24757_cov_7.735323-abinit-gene-0.0-mRNA-1 236 251 +","match_part"],[1,3557,3584,1,"M27","NODE_535_length_24757_cov_7.735323:hsp:273778:4.5.0.0",0.22,"NODE_535_length_24757_cov_7.735323","augustus","augustus-NODE_535_length_24757_cov_7.735323-abinit-gene-0.0-mRNA-1 252 278 +","match_part"],[1,3670,3777,1,"M107","NODE_535_length_24757_cov_7.735323:hsp:273779:4.5.0.0",0.22,"NODE_535_length_24757_cov_7.735323","augustus","augustus-NODE_535_length_24757_cov_7.735323-abinit-gene-0.0-mRNA-1 279 385 +","match_part"],[1,3882,4198,1,"M316","NODE_535_length_24757_cov_7.735323:hsp:273780:4.5.0.0",0.22,"NODE_535_length_24757_cov_7.735323","augustus","augustus-NODE_535_length_24757_cov_7.735323-abinit-gene-0.0-mRNA-1 386 701 +","match_part"],[1,4325,5409,1,"M1084","NODE_535_length_24757_cov_7.735323:hsp:273781:4.5.0.0",0.22,"NODE_535_length_24757_cov_7.735323","augustus","augustus-NODE_535_length_24757_cov_7.735323-abinit-gene-0.0-mRNA-1 702 1785 +","match_part"]],"24757","match"],[0,6615,7209,-1,"NODE_535_length_24757_cov_7.735323:hit:52722:4.5.0.0","augustus-NODE_535_length_24757_cov_7.735323-abinit-gene-0.4-mRNA-1",0.94,"NODE_535_length_24757_cov_7.735323","augustus",[[1,6615,7209,-1,"M594","NODE_535_length_24757_cov_7.735323:hsp:273785:4.5.0.0",0.94,"NODE_535_length_24757_cov_7.735323","augustus","augustus-NODE_535_length_24757_cov_7.735323-abinit-gene-0.4-mRNA-1 1 594 +","match_part"]],"24757","match"],[0,8067,8760,1,"NODE_535_length_24757_cov_7.735323:hit:52725:4.5.0.0","augustus-NODE_535_length_24757_cov_7.735323-abinit-gene-0.1-mRNA-1",0.97,"NODE_535_length_24757_cov_7.735323","augustus",[[1,8067,8760,1,"M693","NODE_535_length_24757_cov_7.735323:hsp:273788:4.5.0.0",0.97,"NODE_535_length_24757_cov_7.735323","augustus","augustus-NODE_535_length_24757_cov_7.735323-abinit-gene-0.1-mRNA-1 1 693 +","match_part"]],"24757","match"],[0,10156,11660,-1,"NODE_535_length_24757_cov_7.735323:hit:52728:4.5.0.0","augustus-NODE_535_length_24757_cov_7.735323-abinit-gene-0.5-mRNA-1",0.94,"NODE_535_length_24757_cov_7.735323","augustus",[[1,10532,11660,-1,"M1128","NODE_535_length_24757_cov_7.735323:hsp:273793:4.5.0.0",0.94,"NODE_535_length_24757_cov_7.735323","augustus","augustus-NODE_535_length_24757_cov_7.735323-abinit-gene-0.5-mRNA-1 268 1395 +","match_part"],[1,10156,10423,-1,"M267","NODE_535_length_24757_cov_7.735323:hsp:273794:4.5.0.0",0.94,"NODE_535_length_24757_cov_7.735323","augustus","augustus-NODE_535_length_24757_cov_7.735323-abinit-gene-0.5-mRNA-1 1 267 +","match_part"]],"24757","match"],[0,12092,13691,1,"NODE_535_length_24757_cov_7.735323:hit:52731:4.5.0.0","augustus-NODE_535_length_24757_cov_7.735323-abinit-gene-0.2-mRNA-1",0.83,"NODE_535_length_24757_cov_7.735323","augustus",[[1,12092,12105,1,"M13","NODE_535_length_24757_cov_7.735323:hsp:273805:4.5.0.0",0.83,"NODE_535_length_24757_cov_7.735323","augustus","augustus-NODE_535_length_24757_cov_7.735323-abinit-gene-0.2-mRNA-1 1 13 +","match_part"],[1,12278,12983,1,"M705","NODE_535_length_24757_cov_7.735323:hsp:273806:4.5.0.0",0.83,"NODE_535_length_24757_cov_7.735323","augustus","augustus-NODE_535_length_24757_cov_7.735323-abinit-gene-0.2-mRNA-1 14 718 +","match_part"],[1,13075,13232,1,"M157","NODE_535_length_24757_cov_7.735323:hsp:273807:4.5.0.0",0.83,"NODE_535_length_24757_cov_7.735323","augustus","augustus-NODE_535_length_24757_cov_7.735323-abinit-gene-0.2-mRNA-1 719 875 +","match_part"],[1,13308,13591,1,"M283","NODE_535_length_24757_cov_7.735323:hsp:273808:4.5.0.0",0.83,"NODE_535_length_24757_cov_7.735323","augustus","augustus-NODE_535_length_24757_cov_7.735323-abinit-gene-0.2-mRNA-1 876 1158 +","match_part"],[1,13676,13691,1,"M15","NODE_535_length_24757_cov_7.735323:hsp:273809:4.5.0.0",0.83,"NODE_535_length_24757_cov_7.735323","augustus","augustus-NODE_535_length_24757_cov_7.735323-abinit-gene-0.2-mRNA-1 1159 1173 +","match_part"]],"24757","match"]],"urlTemplate":"lf-{Chunk}.json"}}