{"featureCount":7,"formatVersion":1,"histograms":{"meta":[{"arrayParams":{"chunkSize":10000,"length":2,"urlTemplate":"hist-500-{Chunk}.json"},"basesPerBin":"500"}],"stats":[{"basesPerBin":"500","max":6,"mean":6}]},"intervals":{"classes":[{"attributes":["Start","End","Strand","Id","Name","Score","Seq_id","Source","Subfeatures","Target_length","Type"],"isArrayAttr":{"Subfeatures":1}},{"attributes":["Start","End","Strand","Gap","Id","Score","Seq_id","Source","Target","Type"],"isArrayAttr":{}},{"attributes":["Start","End","Chunk"],"isArrayAttr":{"Sublist":1}}],"count":7,"lazyClass":2,"maxEnd":916,"minStart":35,"nclist":[[0,35,261,-1,"NODE_13459_length_1308_cov_2.774767:hit:4029:3.2.0.0","TRINITY_DN21408_c0_g1_i1",190,"NODE_13459_length_1308_cov_2.774767","blastn",[[1,35,261,-1,"M226","NODE_13459_length_1308_cov_2.774767:hsp:8074:3.2.0.0",190,"NODE_13459_length_1308_cov_2.774767","blastn","TRINITY_DN21408_c0_g1_i1 1 226 +","match_part"]],"226","expressed_sequence_match"],[0,401,745,-1,"NODE_13459_length_1308_cov_2.774767:hit:4030:3.2.0.0","TRINITY_DN12281_c0_g1_i4",161,"NODE_13459_length_1308_cov_2.774767","blastn",[[1,525,745,-1,"M97 D1 M122","NODE_13459_length_1308_cov_2.774767:hsp:8075:3.2.0.0",161,"NODE_13459_length_1308_cov_2.774767","blastn","TRINITY_DN12281_c0_g1_i4 26 244 +","match_part"],[1,401,448,-1,"M47","NODE_13459_length_1308_cov_2.774767:hsp:8076:3.2.0.0",47,"NODE_13459_length_1308_cov_2.774767","blastn","TRINITY_DN12281_c0_g1_i4 243 289 +","match_part"]],"304","expressed_sequence_match"],[0,401,745,-1,"NODE_13459_length_1308_cov_2.774767:hit:4031:3.2.0.0","TRINITY_DN12281_c0_g1_i5",196,"NODE_13459_length_1308_cov_2.774767","blastn",[[1,525,745,-1,"M220","NODE_13459_length_1308_cov_2.774767:hsp:8077:3.2.0.0",196,"NODE_13459_length_1308_cov_2.774767","blastn","TRINITY_DN12281_c0_g1_i5 26 245 +","match_part"],[1,401,448,-1,"M47","NODE_13459_length_1308_cov_2.774767:hsp:8078:3.2.0.0",47,"NODE_13459_length_1308_cov_2.774767","blastn","TRINITY_DN12281_c0_g1_i5 244 290 +","match_part"]],"305","expressed_sequence_match"],[0,401,745,-1,"NODE_13459_length_1308_cov_2.774767:hit:4032:3.2.0.0","TRINITY_DN12281_c0_g1_i6",172,"NODE_13459_length_1308_cov_2.774767","blastn",[[1,525,745,-1,"M220","NODE_13459_length_1308_cov_2.774767:hsp:8079:3.2.0.0",172,"NODE_13459_length_1308_cov_2.774767","blastn","TRINITY_DN12281_c0_g1_i6 26 245 +","match_part"],[1,401,448,-1,"M47","NODE_13459_length_1308_cov_2.774767:hsp:8080:3.2.0.0",47,"NODE_13459_length_1308_cov_2.774767","blastn","TRINITY_DN12281_c0_g1_i6 244 290 +","match_part"]],"305","expressed_sequence_match"],[0,401,745,-1,"NODE_13459_length_1308_cov_2.774767:hit:4033:3.2.0.0","TRINITY_DN12281_c0_g1_i2",160,"NODE_13459_length_1308_cov_2.774767","blastn",[[1,525,745,-1,"M220","NODE_13459_length_1308_cov_2.774767:hsp:8081:3.2.0.0",160,"NODE_13459_length_1308_cov_2.774767","blastn","TRINITY_DN12281_c0_g1_i2 26 245 +","match_part"],[1,401,448,-1,"M47","NODE_13459_length_1308_cov_2.774767:hsp:8082:3.2.0.0",47,"NODE_13459_length_1308_cov_2.774767","blastn","TRINITY_DN12281_c0_g1_i2 244 290 +","match_part"]],"305","expressed_sequence_match"],[0,401,745,-1,"NODE_13459_length_1308_cov_2.774767:hit:4034:3.2.0.0","TRINITY_DN12281_c0_g1_i3",154,"NODE_13459_length_1308_cov_2.774767","blastn",[[1,525,745,-1,"M220","NODE_13459_length_1308_cov_2.774767:hsp:8083:3.2.0.0",154,"NODE_13459_length_1308_cov_2.774767","blastn","TRINITY_DN12281_c0_g1_i3 26 245 +","match_part"],[1,401,448,-1,"M47","NODE_13459_length_1308_cov_2.774767:hsp:8084:3.2.0.0",47,"NODE_13459_length_1308_cov_2.774767","blastn","TRINITY_DN12281_c0_g1_i3 244 290 +","match_part"]],"305","expressed_sequence_match"],[0,667,916,-1,"NODE_13459_length_1308_cov_2.774767:hit:4035:3.2.0.0","TRINITY_DN16067_c0_g1_i1",237,"NODE_13459_length_1308_cov_2.774767","blastn",[[1,667,916,-1,"M249","NODE_13459_length_1308_cov_2.774767:hsp:8085:3.2.0.0",237,"NODE_13459_length_1308_cov_2.774767","blastn","TRINITY_DN16067_c0_g1_i1 1 249 +","match_part"]],"249","expressed_sequence_match"]],"urlTemplate":"lf-{Chunk}.json"}}