{"featureCount":22,"formatVersion":1,"histograms":{"meta":[{"arrayParams":{"chunkSize":10000,"length":7,"urlTemplate":"hist-2000-{Chunk}.json"},"basesPerBin":"2000"}],"stats":[{"basesPerBin":"2000","max":10,"mean":5.85714285714286}]},"intervals":{"classes":[{"attributes":["Start","End","Strand","Id","Name","Score","Seq_id","Source","Subfeatures","Target_length","Type"],"isArrayAttr":{"Subfeatures":1}},{"attributes":["Start","End","Strand","Gap","Id","Score","Seq_id","Source","Target","Type"],"isArrayAttr":{}},{"attributes":["Start","End","Chunk"],"isArrayAttr":{"Sublist":1}}],"count":22,"lazyClass":2,"maxEnd":12920,"minStart":0,"nclist":[[0,0,408,-1,"NODE_1616_length_13431_cov_7.703623:hit:109770:3.2.0.0","TRINITY_DN46087_c0_g1_i1",306,"NODE_1616_length_13431_cov_7.703623","blastn",[[1,0,408,-1,"M408","NODE_1616_length_13431_cov_7.703623:hsp:547872:3.2.0.0",306,"NODE_1616_length_13431_cov_7.703623","blastn","TRINITY_DN46087_c0_g1_i1 1 408 +","match_part"]],"441","expressed_sequence_match"],[0,911,4301,1,"NODE_1616_length_13431_cov_7.703623:hit:109771:3.2.0.0","TRINITY_DN975_c0_g1_i1",52,"NODE_1616_length_13431_cov_7.703623","blastn",[[1,911,969,1,"M58","NODE_1616_length_13431_cov_7.703623:hsp:547873:3.2.0.0",52,"NODE_1616_length_13431_cov_7.703623","blastn","TRINITY_DN975_c0_g1_i1 20 77 +","match_part"],[1,1030,1325,1,"M295","NODE_1616_length_13431_cov_7.703623:hsp:547874:3.2.0.0",277,"NODE_1616_length_13431_cov_7.703623","blastn","TRINITY_DN975_c0_g1_i1 78 372 +","match_part"],[1,1428,2217,1,"M789","NODE_1616_length_13431_cov_7.703623:hsp:547875:3.2.0.0",777,"NODE_1616_length_13431_cov_7.703623","blastn","TRINITY_DN975_c0_g1_i1 371 1159 +","match_part"],[1,2319,3120,1,"M801","NODE_1616_length_13431_cov_7.703623:hsp:547876:3.2.0.0",765,"NODE_1616_length_13431_cov_7.703623","blastn","TRINITY_DN975_c0_g1_i1 1159 1959 +","match_part"],[1,3203,4301,1,"M796 D1 M250 I5 M51","NODE_1616_length_13431_cov_7.703623:hsp:547877:3.2.0.0",925,"NODE_1616_length_13431_cov_7.703623","blastn","TRINITY_DN975_c0_g1_i1 1958 3059 +","match_part"]],"3062","expressed_sequence_match"],[0,911,4301,1,"NODE_1616_length_13431_cov_7.703623:hit:109772:3.2.0.0","TRINITY_DN975_c0_g1_i3",52,"NODE_1616_length_13431_cov_7.703623","blastn",[[1,911,969,1,"M58","NODE_1616_length_13431_cov_7.703623:hsp:547878:3.2.0.0",52,"NODE_1616_length_13431_cov_7.703623","blastn","TRINITY_DN975_c0_g1_i3 20 77 +","match_part"],[1,1030,1325,1,"M295","NODE_1616_length_13431_cov_7.703623:hsp:547879:3.2.0.0",277,"NODE_1616_length_13431_cov_7.703623","blastn","TRINITY_DN975_c0_g1_i3 78 372 +","match_part"],[1,1428,3120,1,"M1692","NODE_1616_length_13431_cov_7.703623:hsp:547880:3.2.0.0",1644,"NODE_1616_length_13431_cov_7.703623","blastn","TRINITY_DN975_c0_g1_i3 371 2062 +","match_part"],[1,3203,4301,1,"M796 D1 M250 I5 M51","NODE_1616_length_13431_cov_7.703623:hsp:547881:3.2.0.0",925,"NODE_1616_length_13431_cov_7.703623","blastn","TRINITY_DN975_c0_g1_i3 2061 3162 +","match_part"]],"3165","expressed_sequence_match"],[0,1009,4301,1,"NODE_1616_length_13431_cov_7.703623:hit:109773:3.2.0.0","TRINITY_DN975_c0_g1_i5",292,"NODE_1616_length_13431_cov_7.703623","blastn",[[1,1009,1325,1,"M316","NODE_1616_length_13431_cov_7.703623:hsp:547882:3.2.0.0",292,"NODE_1616_length_13431_cov_7.703623","blastn","TRINITY_DN975_c0_g1_i5 168 483 +","match_part"],[1,1428,3120,1,"M1692","NODE_1616_length_13431_cov_7.703623:hsp:547883:3.2.0.0",1644,"NODE_1616_length_13431_cov_7.703623","blastn","TRINITY_DN975_c0_g1_i5 482 2173 +","match_part"],[1,3203,4301,1,"M796 D1 M250 I5 M51","NODE_1616_length_13431_cov_7.703623:hsp:547884:3.2.0.0",925,"NODE_1616_length_13431_cov_7.703623","blastn","TRINITY_DN975_c0_g1_i5 2172 3273 +","match_part"]],"3276","expressed_sequence_match"],[0,1009,4301,1,"NODE_1616_length_13431_cov_7.703623:hit:109774:3.2.0.0","TRINITY_DN975_c0_g1_i6",292,"NODE_1616_length_13431_cov_7.703623","blastn",[[1,1009,1325,1,"M316","NODE_1616_length_13431_cov_7.703623:hsp:547885:3.2.0.0",292,"NODE_1616_length_13431_cov_7.703623","blastn","TRINITY_DN975_c0_g1_i6 168 483 +","match_part"],[1,1428,2217,1,"M789","NODE_1616_length_13431_cov_7.703623:hsp:547886:3.2.0.0",777,"NODE_1616_length_13431_cov_7.703623","blastn","TRINITY_DN975_c0_g1_i6 482 1270 +","match_part"],[1,2319,3120,1,"M801","NODE_1616_length_13431_cov_7.703623:hsp:547887:3.2.0.0",741,"NODE_1616_length_13431_cov_7.703623","blastn","TRINITY_DN975_c0_g1_i6 1270 2070 +","match_part"],[1,3203,4301,1,"M796 D1 M250 I5 M51","NODE_1616_length_13431_cov_7.703623:hsp:547888:3.2.0.0",925,"NODE_1616_length_13431_cov_7.703623","blastn","TRINITY_DN975_c0_g1_i6 2069 3170 +","match_part"]],"3173","expressed_sequence_match"],[0,1009,4301,1,"NODE_1616_length_13431_cov_7.703623:hit:109775:3.2.0.0","TRINITY_DN975_c0_g1_i8",292,"NODE_1616_length_13431_cov_7.703623","blastn",[[1,1009,1325,1,"M316","NODE_1616_length_13431_cov_7.703623:hsp:547889:3.2.0.0",292,"NODE_1616_length_13431_cov_7.703623","blastn","TRINITY_DN975_c0_g1_i8 168 483 +","match_part"],[1,1428,2217,1,"M789","NODE_1616_length_13431_cov_7.703623:hsp:547890:3.2.0.0",777,"NODE_1616_length_13431_cov_7.703623","blastn","TRINITY_DN975_c0_g1_i8 482 1270 +","match_part"],[1,2319,3120,1,"M801","NODE_1616_length_13431_cov_7.703623:hsp:547891:3.2.0.0",765,"NODE_1616_length_13431_cov_7.703623","blastn","TRINITY_DN975_c0_g1_i8 1270 2070 +","match_part"],[1,3203,4301,1,"M796 D1 M250 I5 M51","NODE_1616_length_13431_cov_7.703623:hsp:547892:3.2.0.0",925,"NODE_1616_length_13431_cov_7.703623","blastn","TRINITY_DN975_c0_g1_i8 2069 3170 +","match_part"]],"3173","expressed_sequence_match",{"Sublist":[[0,1262,1477,1,"NODE_1616_length_13431_cov_7.703623:hit:109776:3.2.0.0","TRINITY_DN17054_c0_g1_i1",60,"NODE_1616_length_13431_cov_7.703623","blastn",[[1,1262,1328,1,"M66","NODE_1616_length_13431_cov_7.703623:hsp:547893:3.2.0.0",60,"NODE_1616_length_13431_cov_7.703623","blastn","TRINITY_DN17054_c0_g1_i1 1 66 +","match_part"],[1,1339,1477,1,"M138","NODE_1616_length_13431_cov_7.703623:hsp:547894:3.2.0.0",138,"NODE_1616_length_13431_cov_7.703623","blastn","TRINITY_DN17054_c0_g1_i1 67 204 +","match_part"]],"209","expressed_sequence_match"],[0,1262,1477,1,"NODE_1616_length_13431_cov_7.703623:hit:109777:3.2.0.0","TRINITY_DN17054_c0_g1_i2",197,"NODE_1616_length_13431_cov_7.703623","blastn",[[1,1262,1477,1,"M215","NODE_1616_length_13431_cov_7.703623:hsp:547895:3.2.0.0",197,"NODE_1616_length_13431_cov_7.703623","blastn","TRINITY_DN17054_c0_g1_i2 1 215 +","match_part"]],"220","expressed_sequence_match"],[0,1484,2979,1,"NODE_1616_length_13431_cov_7.703623:hit:109778:3.2.0.0","TRINITY_DN975_c0_g1_i4",709,"NODE_1616_length_13431_cov_7.703623","blastn",[[1,1484,2217,1,"M733","NODE_1616_length_13431_cov_7.703623:hsp:547896:3.2.0.0",709,"NODE_1616_length_13431_cov_7.703623","blastn","TRINITY_DN975_c0_g1_i4 1 733 +","match_part"],[1,2319,2979,1,"M660","NODE_1616_length_13431_cov_7.703623:hsp:547897:3.2.0.0",630,"NODE_1616_length_13431_cov_7.703623","blastn","TRINITY_DN975_c0_g1_i4 733 1392 +","match_part"]],