{"featureCount":7,"formatVersion":1,"histograms":{"meta":[{"arrayParams":{"chunkSize":10000,"length":2,"urlTemplate":"hist-2000-{Chunk}.json"},"basesPerBin":"2000"}],"stats":[{"basesPerBin":"2000","max":7,"mean":6.5}]},"intervals":{"classes":[{"attributes":["Start","End","Strand","Id","Name","Score","Seq_id","Source","Subfeatures","Target_length","Type"],"isArrayAttr":{"Subfeatures":1}},{"attributes":["Start","End","Strand","Gap","Id","Score","Seq_id","Source","Target","Type"],"isArrayAttr":{}},{"attributes":["Start","End","Chunk"],"isArrayAttr":{"Sublist":1}}],"count":7,"lazyClass":2,"maxEnd":3075,"minStart":411,"nclist":[[0,411,654,-1,"NODE_5513_length_4571_cov_3.355086:hit:15915:3.2.0.0","TRINITY_DN20079_c0_g1_i1",196,"NODE_5513_length_4571_cov_3.355086","blastn",[[1,411,654,-1,"M125 D1 M117","NODE_5513_length_4571_cov_3.355086:hsp:55029:3.2.0.0",196,"NODE_5513_length_4571_cov_3.355086","blastn","TRINITY_DN20079_c0_g1_i1 1 242 +","match_part"]],"253","expressed_sequence_match"],[0,1691,2127,1,"NODE_5513_length_4571_cov_3.355086:hit:15916:3.2.0.0","TRINITY_DN2604_c0_g2_i1",430,"NODE_5513_length_4571_cov_3.355086","blastn",[[1,1691,2127,1,"M436","NODE_5513_length_4571_cov_3.355086:hsp:55030:3.2.0.0",430,"NODE_5513_length_4571_cov_3.355086","blastn","TRINITY_DN2604_c0_g2_i1 1 436 +","match_part"]],"436","expressed_sequence_match"],[0,1691,2127,1,"NODE_5513_length_4571_cov_3.355086:hit:15917:3.2.0.0","TRINITY_DN2604_c0_g2_i3",177,"NODE_5513_length_4571_cov_3.355086","blastn",[[1,1691,1874,1,"M183","NODE_5513_length_4571_cov_3.355086:hsp:55031:3.2.0.0",177,"NODE_5513_length_4571_cov_3.355086","blastn","TRINITY_DN2604_c0_g2_i3 1 183 +","match_part"],[1,1971,2127,1,"M156","NODE_5513_length_4571_cov_3.355086:hsp:55032:3.2.0.0",156,"NODE_5513_length_4571_cov_3.355086","blastn","TRINITY_DN2604_c0_g2_i3 183 338 +","match_part"]],"338","expressed_sequence_match"],[0,1971,3075,1,"NODE_5513_length_4571_cov_3.355086:hit:15918:3.2.0.0","TRINITY_DN2604_c0_g1_i1",54,"NODE_5513_length_4571_cov_3.355086","blastn",[[1,1971,2031,1,"M60","NODE_5513_length_4571_cov_3.355086:hsp:55033:3.2.0.0",54,"NODE_5513_length_4571_cov_3.355086","blastn","TRINITY_DN2604_c0_g1_i1 1 60 +","match_part"],[1,2104,3075,1,"M266 D1 M610 I2 M1 I2 M29 D1 M63","NODE_5513_length_4571_cov_3.355086:hsp:55034:3.2.0.0",751,"NODE_5513_length_4571_cov_3.355086","blastn","TRINITY_DN2604_c0_g1_i1 60 1032 +","match_part"]],"1033","expressed_sequence_match"],[0,1971,3075,1,"NODE_5513_length_4571_cov_3.355086:hit:15919:3.2.0.0","TRINITY_DN2604_c0_g1_i2",54,"NODE_5513_length_4571_cov_3.355086","blastn",[[1,1971,2031,1,"M60","NODE_5513_length_4571_cov_3.355086:hsp:55035:3.2.0.0",54,"NODE_5513_length_4571_cov_3.355086","blastn","TRINITY_DN2604_c0_g1_i2 1 60 +","match_part"],[1,2104,2146,1,"M42","NODE_5513_length_4571_cov_3.355086:hsp:55036:3.2.0.0",42,"NODE_5513_length_4571_cov_3.355086","blastn","TRINITY_DN2604_c0_g1_i2 60 101 +","match_part"],[1,2293,3075,1,"M688 I2 M1 I2 M29 D1 M63","NODE_5513_length_4571_cov_3.355086:hsp:55037:3.2.0.0",609,"NODE_5513_length_4571_cov_3.355086","blastn","TRINITY_DN2604_c0_g1_i2 102 886 +","match_part"]],"887","expressed_sequence_match"],[0,1971,3075,1,"NODE_5513_length_4571_cov_3.355086:hit:15920:3.2.0.0","TRINITY_DN2604_c0_g1_i3",54,"NODE_5513_length_4571_cov_3.355086","blastn",[[1,1971,2031,1,"M60","NODE_5513_length_4571_cov_3.355086:hsp:55038:3.2.0.0",54,"NODE_5513_length_4571_cov_3.355086","blastn","TRINITY_DN2604_c0_g1_i3 1 60 +","match_part"],[1,2104,3075,1,"M877 I2 M1 I2 M29 D1 M63","NODE_5513_length_4571_cov_3.355086:hsp:55039:3.2.0.0",774,"NODE_5513_length_4571_cov_3.355086","blastn","TRINITY_DN2604_c0_g1_i3 60 1033 +","match_part"]],"1034","expressed_sequence_match",{"Sublist":[[0,1971,2127,1,"NODE_5513_length_4571_cov_3.355086:hit:15921:3.2.0.0","TRINITY_DN2604_c0_g2_i2",156,"NODE_5513_length_4571_cov_3.355086","blastn",[[1,1971,2127,1,"M156","NODE_5513_length_4571_cov_3.355086:hsp:55040:3.2.0.0",156,"NODE_5513_length_4571_cov_3.355086","blastn","TRINITY_DN2604_c0_g2_i2 69 224 +","match_part"]],"224","expressed_sequence_match"]]}]],"urlTemplate":"lf-{Chunk}.json"}}