{"featureCount":3,"formatVersion":1,"histograms":{"meta":[{"arrayParams":{"chunkSize":10000,"length":1,"urlTemplate":"hist-10000-{Chunk}.json"},"basesPerBin":"10000"}],"stats":[{"basesPerBin":"10000","max":3,"mean":3}]},"intervals":{"classes":[{"attributes":["Start","End","Strand","Id","Name","Score","Seq_id","Source","Subfeatures","Target_length","Type"],"isArrayAttr":{"Subfeatures":1}},{"attributes":["Start","End","Strand","Gap","Id","Score","Seq_id","Source","Target","Type"],"isArrayAttr":{}},{"attributes":["Start","End","Chunk"],"isArrayAttr":{"Sublist":1}}],"count":3,"lazyClass":2,"maxEnd":9687,"minStart":1648,"nclist":[[0,1648,2482,-1,"NODE_1899_length_11961_cov_7.154639:hit:120481:4.5.0.0","augustus-NODE_1899_length_11961_cov_7.154639-abinit-gene-0.29-mRNA-1",0.28,"NODE_1899_length_11961_cov_7.154639","augustus",[[1,2352,2482,-1,"M130","NODE_1899_length_11961_cov_7.154639:hsp:595260:4.5.0.0",0.28,"NODE_1899_length_11961_cov_7.154639","augustus","augustus-NODE_1899_length_11961_cov_7.154639-abinit-gene-0.29-mRNA-1 297 426 +","match_part"],[1,2186,2267,-1,"M81","NODE_1899_length_11961_cov_7.154639:hsp:595261:4.5.0.0",0.28,"NODE_1899_length_11961_cov_7.154639","augustus","augustus-NODE_1899_length_11961_cov_7.154639-abinit-gene-0.29-mRNA-1 216 296 +","match_part"],[1,1752,1918,-1,"M166","NODE_1899_length_11961_cov_7.154639:hsp:595262:4.5.0.0",0.28,"NODE_1899_length_11961_cov_7.154639","augustus","augustus-NODE_1899_length_11961_cov_7.154639-abinit-gene-0.29-mRNA-1 50 215 +","match_part"],[1,1648,1697,-1,"M49","NODE_1899_length_11961_cov_7.154639:hsp:595263:4.5.0.0",0.28,"NODE_1899_length_11961_cov_7.154639","augustus","augustus-NODE_1899_length_11961_cov_7.154639-abinit-gene-0.29-mRNA-1 1 49 +","match_part"]],"11961","match"],[0,3931,7289,1,"NODE_1899_length_11961_cov_7.154639:hit:120485:4.5.0.0","augustus-NODE_1899_length_11961_cov_7.154639-abinit-gene-0.28-mRNA-1",0.38,"NODE_1899_length_11961_cov_7.154639","augustus",[[1,3931,3946,1,"M15","NODE_1899_length_11961_cov_7.154639:hsp:595285:4.5.0.0",0.38,"NODE_1899_length_11961_cov_7.154639","augustus","augustus-NODE_1899_length_11961_cov_7.154639-abinit-gene-0.28-mRNA-1 1 15 +","match_part"],[1,4518,4690,1,"M172","NODE_1899_length_11961_cov_7.154639:hsp:595286:4.5.0.0",0.38,"NODE_1899_length_11961_cov_7.154639","augustus","augustus-NODE_1899_length_11961_cov_7.154639-abinit-gene-0.28-mRNA-1 16 187 +","match_part"],[1,4782,5153,1,"M371","NODE_1899_length_11961_cov_7.154639:hsp:595287:4.5.0.0",0.38,"NODE_1899_length_11961_cov_7.154639","augustus","augustus-NODE_1899_length_11961_cov_7.154639-abinit-gene-0.28-mRNA-1 188 558 +","match_part"],[1,5249,5318,1,"M69","NODE_1899_length_11961_cov_7.154639:hsp:595288:4.5.0.0",0.38,"NODE_1899_length_11961_cov_7.154639","augustus","augustus-NODE_1899_length_11961_cov_7.154639-abinit-gene-0.28-mRNA-1 559 627 +","match_part"],[1,5446,5561,1,"M115","NODE_1899_length_11961_cov_7.154639:hsp:595289:4.5.0.0",0.38,"NODE_1899_length_11961_cov_7.154639","augustus","augustus-NODE_1899_length_11961_cov_7.154639-abinit-gene-0.28-mRNA-1 628 742 +","match_part"],[1,5667,5695,1,"M28","NODE_1899_length_11961_cov_7.154639:hsp:595290:4.5.0.0",0.38,"NODE_1899_length_11961_cov_7.154639","augustus","augustus-NODE_1899_length_11961_cov_7.154639-abinit-gene-0.28-mRNA-1 743 770 +","match_part"],[1,5788,5885,1,"M97","NODE_1899_length_11961_cov_7.154639:hsp:595291:4.5.0.0",0.38,"NODE_1899_length_11961_cov_7.154639","augustus","augustus-NODE_1899_length_11961_cov_7.154639-abinit-gene-0.28-mRNA-1 771 867 +","match_part"],[1,5986,6127,1,"M141","NODE_1899_length_11961_cov_7.154639:hsp:595292:4.5.0.0",0.38,"NODE_1899_length_11961_cov_7.154639","augustus","augustus-NODE_1899_length_11961_cov_7.154639-abinit-gene-0.28-mRNA-1 868 1008 +","match_part"],[1,6243,6477,1,"M234","NODE_1899_length_11961_cov_7.154639:hsp:595293:4.5.0.0",0.38,"NODE_1899_length_11961_cov_7.154639","augustus","augustus-NODE_1899_length_11961_cov_7.154639-abinit-gene-0.28-mRNA-1 1009 1242 +","match_part"],[1,6555,6579,1,"M24","NODE_1899_length_11961_cov_7.154639:hsp:595294:4.5.0.0",0.38,"NODE_1899_length_11961_cov_7.154639","augustus","augustus-NODE_1899_length_11961_cov_7.154639-abinit-gene-0.28-mRNA-1 1243 1266 +","match_part"],[1,6642,6722,1,"M80","NODE_1899_length_11961_cov_7.154639:hsp:595295:4.5.0.0",0.38,"NODE_1899_length_11961_cov_7.154639","augustus","augustus-NODE_1899_length_11961_cov_7.154639-abinit-gene-0.28-mRNA-1 1267 1346 +","match_part"],[1,6801,6975,1,"M174","NODE_1899_length_11961_cov_7.154639:hsp:595296:4.5.0.0",0.38,"NODE_1899_length_11961_cov_7.154639","augustus","augustus-NODE_1899_length_11961_cov_7.154639-abinit-gene-0.28-mRNA-1 1347 1520 +","match_part"],[1,7069,7137,1,"M68","NODE_1899_length_11961_cov_7.154639:hsp:595297:4.5.0.0",0.38,"NODE_1899_length_11961_cov_7.154639","augustus","augustus-NODE_1899_length_11961_cov_7.154639-abinit-gene-0.28-mRNA-1 1521 1588 +","match_part"],[1,7218,7289,1,"M71","NODE_1899_length_11961_cov_7.154639:hsp:595298:4.5.0.0",0.38,"NODE_1899_length_11961_cov_7.154639","augustus","augustus-NODE_1899_length_11961_cov_7.154639-abinit-gene-0.28-mRNA-1 1589 1659 +","match_part"]],"11961","match"],[0,8211,9687,-1,"NODE_1899_length_11961_cov_7.154639:hit:120487:4.5.0.0","augustus-NODE_1899_length_11961_cov_7.154639-abinit-gene-0.30-mRNA-1",0.99,"NODE_1899_length_11961_cov_7.154639","augustus",[[1,8727,9687,-1,"M960","NODE_1899_length_11961_cov_7.154639:hsp:595313:4.5.0.0",0.99,"NODE_1899_length_11961_cov_7.154639","augustus","augustus-NODE_1899_length_11961_cov_7.154639-abinit-gene-0.30-mRNA-1 346 1305 +","match_part"],[1,8459,8636,-1,"M177","NODE_1899_length_11961_cov_7.154639:hsp:595314:4.5.0.0",0.99,"NODE_1899_length_11961_cov_7.154639","augustus","augustus-NODE_1899_length_11961_cov_7.154639-abinit-gene-0.30-mRNA-1 169 345 +","match_part"],[1,8211,8379,-1,"M168","NODE_1899_length_11961_cov_7.154639:hsp:595315:4.5.0.0",0.99,"NODE_1899_length_11961_cov_7.154639","augustus","augustus-NODE_1899_length_11961_cov_7.154639-abinit-gene-0.30-mRNA-1 1 168 +","match_part"]],"11961","match"]],"urlTemplate":"lf-{Chunk}.json"}}