{"featureCount":8,"formatVersion":1,"histograms":{"meta":[{"arrayParams":{"chunkSize":10000,"length":2,"urlTemplate":"hist-500-{Chunk}.json"},"basesPerBin":"500"}],"stats":[{"basesPerBin":"500","max":8,"mean":7.5}]},"intervals":{"classes":[{"attributes":["Start","End","Strand","Aligned_coverage","Aligned_identity","Id","Name","Score","Seq_id","Source","Subfeatures","Target_length","Type"],"isArrayAttr":{"Subfeatures":1}},{"attributes":["Start","End","Strand","Gap","Id","Score","Seq_id","Source","Target","Type"],"isArrayAttr":{}},{"attributes":["Start","End","Chunk"],"isArrayAttr":{"Sublist":1}}],"count":8,"lazyClass":2,"maxEnd":818,"minStart":126,"nclist":[[0,126,692,1,"97.44","83.7","NODE_9257_length_2118_cov_1.154116:hit:5888:3.2.0.0","TRINITY_DN5881_c0_g1_i3",1870,"NODE_9257_length_2118_cov_1.154116","est2genome",[[1,126,692,1,"M43 D2 M29 I10 M10 I8 M69 D7 M4 D2 M13 D3 M23 I1 M361","NODE_9257_length_2118_cov_1.154116:hsp:13899:3.2.0.0",1870,"NODE_9257_length_2118_cov_1.154116","est2genome","TRINITY_DN5881_c0_g1_i3 1 571 -","match_part"]],"586","expressed_sequence_match",{"Sublist":[[0,176,526,1,"98.31","92.6","NODE_9257_length_2118_cov_1.154116:hit:5889:3.2.0.0","TRINITY_DN5881_c0_g2_i1",1516,"NODE_9257_length_2118_cov_1.154116","est2genome",[[1,176,526,1,"M350","NODE_9257_length_2118_cov_1.154116:hsp:13900:3.2.0.0",1516,"NODE_9257_length_2118_cov_1.154116","est2genome","TRINITY_DN5881_c0_g2_i1 7 356 -","match_part"]],"356","expressed_sequence_match"]]}],[0,315,818,-1,"100","92.3","NODE_9257_length_2118_cov_1.154116:hit:5891:3.2.0.0","TRINITY_DN7449_c0_g1_i4",2150,"NODE_9257_length_2118_cov_1.154116","est2genome",[[1,315,818,-1,"M86 I2 M80 D4 M113 D1 M219","NODE_9257_length_2118_cov_1.154116:hsp:13902:3.2.0.0",2150,"NODE_9257_length_2118_cov_1.154116","est2genome","TRINITY_DN7449_c0_g1_i4 1 500 +","match_part"]],"500","expressed_sequence_match",{"Sublist":[[0,315,783,-1,"100","91.8","NODE_9257_length_2118_cov_1.154116:hit:5890:3.2.0.0","TRINITY_DN7449_c0_g1_i3",1966,"NODE_9257_length_2118_cov_1.154116","est2genome",[[1,315,783,-1,"M68 I1 M66 D1 M20 I1 M41 I2 M3 I1 M49 D1 M219","NODE_9257_length_2118_cov_1.154116:hsp:13901:3.2.0.0",1966,"NODE_9257_length_2118_cov_1.154116","est2genome","TRINITY_DN7449_c0_g1_i3 1 471 +","match_part"]],"471","expressed_sequence_match",{"Sublist":[[0,315,715,-1,"100","89.6","NODE_9257_length_2118_cov_1.154116:hit:5892:3.2.0.0","TRINITY_DN7449_c0_g1_i5",1605,"NODE_9257_length_2118_cov_1.154116","est2genome",[[1,315,715,-1,"M63 D4 M61 I2 M3 I1 M49 D1 M219","NODE_9257_length_2118_cov_1.154116:hsp:13903:3.2.0.0",1605,"NODE_9257_length_2118_cov_1.154116","est2genome","TRINITY_DN7449_c0_g1_i5 1 398 +","match_part"]],"398","expressed_sequence_match"]]}],[0,421,783,-1,"100","92.6","NODE_9257_length_2118_cov_1.154116:hit:5893:3.2.0.0","TRINITY_DN7449_c0_g1_i6",1544,"NODE_9257_length_2118_cov_1.154116","est2genome",[[1,421,783,-1,"M68 I1 M66 D1 M20 I1 M41 I2 M3 I1 M49 D1 M113","NODE_9257_length_2118_cov_1.154116:hsp:13904:3.2.0.0",1544,"NODE_9257_length_2118_cov_1.154116","est2genome","TRINITY_DN7449_c0_g1_i6 1 365 +","match_part"]],"365","expressed_sequence_match"],[0,423,783,-1,"100","92.1","NODE_9257_length_2118_cov_1.154116:hit:5894:3.2.0.0","TRINITY_DN7449_c0_g1_i1",1524,"NODE_9257_length_2118_cov_1.154116","est2genome",[[1,423,783,-1,"M68 I1 M66 D1 M20 I1 M41 I2 M3 I1 M161","NODE_9257_length_2118_cov_1.154116:hsp:13905:3.2.0.0",1524,"NODE_9257_length_2118_cov_1.154116","est2genome","TRINITY_DN7449_c0_g1_i1 1 364 +","match_part"]],"364","expressed_sequence_match"]]}],[0,576,818,-1,"99.59","93.5","NODE_9257_length_2118_cov_1.154116:hit:5895:3.2.0.0","TRINITY_DN7449_c0_g1_i2",1041,"NODE_9257_length_2118_cov_1.154116","est2genome",[[1,576,818,-1,"M86 I2 M83 D1 M20 I1 M43 D1 M1 D1 M6","NODE_9257_length_2118_cov_1.154116:hsp:13906:3.2.0.0",1041,"NODE_9257_length_2118_cov_1.154116","est2genome","TRINITY_DN7449_c0_g1_i2 1 242 +","match_part"]],"243","expressed_sequence_match"]],"urlTemplate":"lf-{Chunk}.json"}}