{"featureCount":3,"formatVersion":1,"histograms":{"meta":[{"arrayParams":{"chunkSize":10000,"length":1,"urlTemplate":"hist-5000-{Chunk}.json"},"basesPerBin":"5000"}],"stats":[{"basesPerBin":"5000","max":3,"mean":3}]},"intervals":{"classes":[{"attributes":["Start","End","Strand","Aligned_coverage","Aligned_identity","Id","Name","Score","Seq_id","Source","Subfeatures","Target_length","Type"],"isArrayAttr":{"Subfeatures":1}},{"attributes":["Start","End","Strand","Gap","Id","Score","Seq_id","Source","Target","Type"],"isArrayAttr":{}},{"attributes":["Start","End","Chunk"],"isArrayAttr":{"Sublist":1}}],"count":3,"lazyClass":2,"maxEnd":3359,"minStart":19,"nclist":[[0,19,3359,1,"80.59","97.5","NODE_5732_length_4336_cov_5.441225:hit:17811:3.2.0.0","TRINITY_DN1699_c0_g1_i3",13910,"NODE_5732_length_4336_cov_5.441225","est2genome",[[1,19,149,1,"M130","NODE_5732_length_4336_cov_5.441225:hsp:61507:3.2.0.0",13910,"NODE_5732_length_4336_cov_5.441225","est2genome","TRINITY_DN1699_c0_g1_i3 2852 2981 -","match_part"],[1,226,341,1,"M115","NODE_5732_length_4336_cov_5.441225:hsp:61508:3.2.0.0",13910,"NODE_5732_length_4336_cov_5.441225","est2genome","TRINITY_DN1699_c0_g1_i3 2737 2851 -","match_part"],[1,453,571,1,"M118","NODE_5732_length_4336_cov_5.441225:hsp:61509:3.2.0.0",13910,"NODE_5732_length_4336_cov_5.441225","est2genome","TRINITY_DN1699_c0_g1_i3 2619 2736 -","match_part"],[1,649,983,1,"M334","NODE_5732_length_4336_cov_5.441225:hsp:61510:3.2.0.0",13910,"NODE_5732_length_4336_cov_5.441225","est2genome","TRINITY_DN1699_c0_g1_i3 2285 2618 -","match_part"],[1,1079,3359,1,"M11 D6 M3 D1 M77 D1 M155 I1 M45 I1 M52 I3 M98 D1 M62 I1 M10 I2 M37 I1 M42 I1 M7 I4 M33 I1 M17 I5 M20 D2 M44 D1 M25 I1 M11 I1 M114 D6 M1399","NODE_5732_length_4336_cov_5.441225:hsp:61511:3.2.0.0",13910,"NODE_5732_length_4336_cov_5.441225","est2genome","TRINITY_DN1699_c0_g1_i3 1 2284 -","match_part"]],"3699","expressed_sequence_match",{"Sublist":[[0,2415,2707,-1,"100","94.3","NODE_5732_length_4336_cov_5.441225:hit:17812:3.2.0.0","TRINITY_DN9289_c0_g1_i1",1279,"NODE_5732_length_4336_cov_5.441225","est2genome",[[1,2415,2707,-1,"M31 I1 M10 I1 M30 D1 M26 I1 M21 D2 M53 I1 M118","NODE_5732_length_4336_cov_5.441225:hsp:61512:3.2.0.0",1279,"NODE_5732_length_4336_cov_5.441225","est2genome","TRINITY_DN9289_c0_g1_i1 1 293 +","match_part"]],"293","expressed_sequence_match"],[0,2873,3228,-1,"100","96.1","NODE_5732_length_4336_cov_5.441225:hit:17813:3.2.0.0","TRINITY_DN17375_c0_g1_i1",1465,"NODE_5732_length_4336_cov_5.441225","est2genome",[[1,2873,3228,-1,"M29 D1 M94 I7 M54 I1 M54 I4 M26 I1 M8 I1 M2 I1 M2 I8 M27 I1 M33 I2 M25","NODE_5732_length_4336_cov_5.441225:hsp:61513:3.2.0.0",1465,"NODE_5732_length_4336_cov_5.441225","est2genome","TRINITY_DN17375_c0_g1_i1 1 380 -","match_part"]],"380","expressed_sequence_match"]]}]],"urlTemplate":"lf-{Chunk}.json"}}