{"featureCount":1,"formatVersion":1,"histograms":{"meta":[{"arrayParams":{"chunkSize":10000,"length":1,"urlTemplate":"hist-5000-{Chunk}.json"},"basesPerBin":"5000"}],"stats":[{"basesPerBin":"5000","max":1,"mean":1}]},"intervals":{"classes":[{"attributes":["Start","End","Strand","Id","Name","Score","Seq_id","Source","Subfeatures","Target_length","Type"],"isArrayAttr":{"Subfeatures":1}},{"attributes":["Start","End","Strand","Gap","Id","Score","Seq_id","Source","Target","Type"],"isArrayAttr":{}},{"attributes":["Start","End","Chunk"],"isArrayAttr":{"Sublist":1}}],"count":1,"lazyClass":2,"maxEnd":1424,"minStart":0,"nclist":[[0,0,1424,-1,"NODE_10160_length_1875_cov_1.577231:hit:617:4.5.0.0","augustus-NODE_10160_length_1875_cov_1.577231-abinit-gene-0.2-mRNA-1",0.38,"NODE_10160_length_1875_cov_1.577231","augustus",[[1,1298,1424,-1,"M126","NODE_10160_length_1875_cov_1.577231:hsp:1490:4.5.0.0",0.38,"NODE_10160_length_1875_cov_1.577231","augustus","augustus-NODE_10160_length_1875_cov_1.577231-abinit-gene-0.2-mRNA-1 922 1047 +","match_part"],[1,728,1199,-1,"M471","NODE_10160_length_1875_cov_1.577231:hsp:1491:4.5.0.0",0.38,"NODE_10160_length_1875_cov_1.577231","augustus","augustus-NODE_10160_length_1875_cov_1.577231-abinit-gene-0.2-mRNA-1 451 921 +","match_part"],[1,536,653,-1,"M117","NODE_10160_length_1875_cov_1.577231:hsp:1492:4.5.0.0",0.38,"NODE_10160_length_1875_cov_1.577231","augustus","augustus-NODE_10160_length_1875_cov_1.577231-abinit-gene-0.2-mRNA-1 334 450 +","match_part"],[1,252,450,-1,"M198","NODE_10160_length_1875_cov_1.577231:hsp:1493:4.5.0.0",0.38,"NODE_10160_length_1875_cov_1.577231","augustus","augustus-NODE_10160_length_1875_cov_1.577231-abinit-gene-0.2-mRNA-1 136 333 +","match_part"],[1,0,135,-1,"M135","NODE_10160_length_1875_cov_1.577231:hsp:1494:4.5.0.0",0.38,"NODE_10160_length_1875_cov_1.577231","augustus","augustus-NODE_10160_length_1875_cov_1.577231-abinit-gene-0.2-mRNA-1 1 135 +","match_part"]],"1875","match"]],"urlTemplate":"lf-{Chunk}.json"}}