{"featureCount":6,"formatVersion":1,"histograms":{"meta":[{"arrayParams":{"chunkSize":10000,"length":2,"urlTemplate":"hist-2000-{Chunk}.json"},"basesPerBin":"2000"}],"stats":[{"basesPerBin":"2000","max":6,"mean":5}]},"intervals":{"classes":[{"attributes":["Start","End","Strand","Aligned_coverage","Aligned_identity","Id","Name","Score","Seq_id","Source","Subfeatures","Target_length","Type"],"isArrayAttr":{"Subfeatures":1}},{"attributes":["Start","End","Strand","Gap","Id","Score","Seq_id","Source","Target","Type"],"isArrayAttr":{}},{"attributes":["Start","End","Chunk"],"isArrayAttr":{"Sublist":1}}],"count":6,"lazyClass":2,"maxEnd":3296,"minStart":489,"nclist":[[0,489,2811,1,"99.51","98.8","NODE_6144_length_3944_cov_2.279539:hit:1830:3.2.0.0","TRINITY_DN3739_c0_g1_i4",10933,"NODE_6144_length_3944_cov_2.279539","est2genome",[[1,489,662,1,"M173","NODE_6144_length_3944_cov_2.279539:hsp:5278:3.2.0.0",10933,"NODE_6144_length_3944_cov_2.279539","est2genome","TRINITY_DN3739_c0_g1_i4 1 173 +","match_part"],[1,745,2811,1,"M2049 I1 M7 I1 M10","NODE_6144_length_3944_cov_2.279539:hsp:5279:3.2.0.0",10933,"NODE_6144_length_3944_cov_2.279539","est2genome","TRINITY_DN3739_c0_g1_i4 174 2241 +","match_part"]],"2252","expressed_sequence_match"],[0,489,2811,1,"99.47","98.8","NODE_6144_length_3944_cov_2.279539:hit:1831:3.2.0.0","TRINITY_DN3739_c0_g1_i1",10089,"NODE_6144_length_3944_cov_2.279539","est2genome",[[1,489,662,1,"M173","NODE_6144_length_3944_cov_2.279539:hsp:5280:3.2.0.0",10089,"NODE_6144_length_3944_cov_2.279539","est2genome","TRINITY_DN3739_c0_g1_i1 1 173 +","match_part"],[1,745,2005,1,"M1260","NODE_6144_length_3944_cov_2.279539:hsp:5281:3.2.0.0",10089,"NODE_6144_length_3944_cov_2.279539","est2genome","TRINITY_DN3739_c0_g1_i1 174 1433 +","match_part"],[1,2074,2174,1,"M100","NODE_6144_length_3944_cov_2.279539:hsp:5282:3.2.0.0",10089,"NODE_6144_length_3944_cov_2.279539","est2genome","TRINITY_DN3739_c0_g1_i1 1434 1533 +","match_part"],[1,2267,2811,1,"M527 I1 M7 I1 M10","NODE_6144_length_3944_cov_2.279539:hsp:5283:3.2.0.0",10089,"NODE_6144_length_3944_cov_2.279539","est2genome","TRINITY_DN3739_c0_g1_i1 1534 2079 +","match_part"]],"2090","expressed_sequence_match"],[0,489,2811,1,"99.49","98.8","NODE_6144_length_3944_cov_2.279539:hit:1832:3.2.0.0","TRINITY_DN3739_c0_g1_i2",10544,"NODE_6144_length_3944_cov_2.279539","est2genome",[[1,489,662,1,"M173","NODE_6144_length_3944_cov_2.279539:hsp:5284:3.2.0.0",10544,"NODE_6144_length_3944_cov_2.279539","est2genome","TRINITY_DN3739_c0_g1_i2 1 173 +","match_part"],[1,745,2192,1,"M1447","NODE_6144_length_3944_cov_2.279539:hsp:5285:3.2.0.0",10544,"NODE_6144_length_3944_cov_2.279539","est2genome","TRINITY_DN3739_c0_g1_i2 174 1620 +","match_part"],[1,2267,2811,1,"M527 I1 M7 I1 M10","NODE_6144_length_3944_cov_2.279539:hsp:5286:3.2.0.0",10544,"NODE_6144_length_3944_cov_2.279539","est2genome","TRINITY_DN3739_c0_g1_i2 1621 2166 +","match_part"]],"2177","expressed_sequence_match"],[0,489,2811,1,"99.48","98.8","NODE_6144_length_3944_cov_2.279539:hit:1833:3.2.0.0","TRINITY_DN3739_c0_g1_i3",10180,"NODE_6144_length_3944_cov_2.279539","est2genome",[[1,489,662,1,"M173","NODE_6144_length_3944_cov_2.279539:hsp:5287:3.2.0.0",10180,"NODE_6144_length_3944_cov_2.279539","est2genome","TRINITY_DN3739_c0_g1_i3 1 173 +","match_part"],[1,745,2005,1,"M1260","NODE_6144_length_3944_cov_2.279539:hsp:5288:3.2.0.0",10180,"NODE_6144_length_3944_cov_2.279539","est2genome","TRINITY_DN3739_c0_g1_i3 174 1433 +","match_part"],[1,2074,2192,1,"M118","NODE_6144_length_3944_cov_2.279539:hsp:5289:3.2.0.0",10180,"NODE_6144_length_3944_cov_2.279539","est2genome","TRINITY_DN3739_c0_g1_i3 1434 1551 +","match_part"],[1,2267,2811,1,"M527 I1 M7 I1 M10","NODE_6144_length_3944_cov_2.279539:hsp:5290:3.2.0.0",10180,"NODE_6144_length_3944_cov_2.279539","est2genome","TRINITY_DN3739_c0_g1_i3 1552 2097 +","match_part"]],"2108","expressed_sequence_match"],[0,2864,3296,-1,"100","95.3","NODE_6144_length_3944_cov_2.279539:hit:1834:3.2.0.0","TRINITY_DN14390_c0_g1_i1",1325,"NODE_6144_length_3944_cov_2.279539","est2genome",[[1,3190,3296,-1,"M24 D4 M78","NODE_6144_length_3944_cov_2.279539:hsp:5291:3.2.0.0",1325,"NODE_6144_length_3944_cov_2.279539","est2genome","TRINITY_DN14390_c0_g1_i1 1 102 +","match_part"],[1,3021,3128,-1,"M107","NODE_6144_length_3944_cov_2.279539:hsp:5292:3.2.0.0",1325,"NODE_6144_length_3944_cov_2.279539","est2genome","TRINITY_DN14390_c0_g1_i1 103 209 +","match_part"],[1,2864,2949,-1,"M85","NODE_6144_length_3944_cov_2.279539:hsp:5293:3.2.0.0",1325,"NODE_6144_length_3944_cov_2.279539","est2genome","TRINITY_DN14390_c0_g1_i1 210 294 +","match_part"]],"294","expressed_sequence_match"],[0,2864,3296,-1,"100","95.1","NODE_6144_length_3944_cov_2.279539:hit:1835:3.2.0.0","TRINITY_DN14390_c0_g1_i2",1253,"NODE_6144_length_3944_cov_2.279539","est2genome",[[1,3190,3296,-1,"M24 D4 M78","NODE_6144_length_3944_cov_2.279539:hsp:5294:3.2.0.0",1253,"NODE_6144_length_3944_cov_2.279539","est2genome","TRINITY_DN14390_c0_g1_i2 1 102 +","match_part"],[1,3021,3117,-1,"M96","NODE_6144_length_3944_cov_2.279539:hsp:5295:3.2.0.0",1253,"NODE_6144_length_3944_cov_2.279539","est2genome","TRINITY_DN14390_c0_g1_i2 103 198 +","match_part"],[1,2864,2949,-1,"M85","NODE_6144_length_3944_cov_2.279539:hsp:5296:3.2.0.0",1253,"NODE_6144_length_3944_cov_2.279539","est2genome","TRINITY_DN14390_c0_g1_i2 199 283 +","match_part"]],"283","expressed_sequence_match"]],"urlTemplate":"lf-{Chunk}.json"}}