{"featureCount":4,"formatVersion":1,"histograms":{"meta":[{"arrayParams":{"chunkSize":10000,"length":1,"urlTemplate":"hist-500-{Chunk}.json"},"basesPerBin":"500"}],"stats":[{"basesPerBin":"500","max":4,"mean":4}]},"intervals":{"classes":[{"attributes":["Start","End","Strand","Aligned_coverage","Aligned_identity","Id","Name","Score","Seq_id","Source","Subfeatures","Target_length","Type"],"isArrayAttr":{"Subfeatures":1}},{"attributes":["Start","End","Strand","Gap","Id","Score","Seq_id","Source","Target","Type"],"isArrayAttr":{}},{"attributes":["Start","End","Chunk"],"isArrayAttr":{"Sublist":1}}],"count":4,"lazyClass":2,"maxEnd":449,"minStart":0,"nclist":[[0,0,449,1,"87.37","92.4","NODE_19983_length_735_cov_4.384868:hit:3631:3.2.0.0","TRINITY_DN12027_c0_g1_i2",1486,"NODE_19983_length_735_cov_4.384868","est2genome",[[1,0,14,1,"M14","NODE_19983_length_735_cov_4.384868:hsp:6593:3.2.0.0",1486,"NODE_19983_length_735_cov_4.384868","est2genome","TRINITY_DN12027_c0_g1_i2 51 64 +","match_part"],[1,109,449,1,"M199 D4 M92 D4 M41","NODE_19983_length_735_cov_4.384868:hsp:6594:3.2.0.0",1486,"NODE_19983_length_735_cov_4.384868","est2genome","TRINITY_DN12027_c0_g1_i2 65 396 +","match_part"]],"396","expressed_sequence_match"],[0,0,449,1,"87.37","93.5","NODE_19983_length_735_cov_4.384868:hit:3632:3.2.0.0","TRINITY_DN12027_c0_g1_i3",1522,"NODE_19983_length_735_cov_4.384868","est2genome",[[1,0,14,1,"M14","NODE_19983_length_735_cov_4.384868:hsp:6595:3.2.0.0",1522,"NODE_19983_length_735_cov_4.384868","est2genome","TRINITY_DN12027_c0_g1_i3 51 64 +","match_part"],[1,109,449,1,"M199 D4 M92 D4 M41","NODE_19983_length_735_cov_4.384868:hsp:6596:3.2.0.0",1522,"NODE_19983_length_735_cov_4.384868","est2genome","TRINITY_DN12027_c0_g1_i3 65 396 +","match_part"]],"396","expressed_sequence_match"],[0,110,449,1,"100","92.7","NODE_19983_length_735_cov_4.384868:hit:3633:3.2.0.0","TRINITY_DN12027_c0_g1_i4",1466,"NODE_19983_length_735_cov_4.384868","est2genome",[[1,110,449,1,"M149 I4 M49 D4 M92 D4 M41","NODE_19983_length_735_cov_4.384868:hsp:6597:3.2.0.0",1466,"NODE_19983_length_735_cov_4.384868","est2genome","TRINITY_DN12027_c0_g1_i4 1 335 +","match_part"]],"335","expressed_sequence_match"],[0,140,449,1,"100","87.9","NODE_19983_length_735_cov_4.384868:hit:3634:3.2.0.0","TRINITY_DN12027_c0_g1_i1",1175,"NODE_19983_length_735_cov_4.384868","est2genome",[[1,140,449,1,"M59 D3 M1 D3 M4 D6 M43 I4 M49 D4 M92 D4 M41","NODE_19983_length_735_cov_4.384868:hsp:6598:3.2.0.0",1175,"NODE_19983_length_735_cov_4.384868","est2genome","TRINITY_DN12027_c0_g1_i1 1 293 +","match_part"]],"293","expressed_sequence_match"]],"urlTemplate":"lf-{Chunk}.json"}}