{"featureCount":2,"formatVersion":1,"histograms":{"meta":[{"arrayParams":{"chunkSize":10000,"length":1,"urlTemplate":"hist-10000-{Chunk}.json"},"basesPerBin":"10000"}],"stats":[{"basesPerBin":"10000","max":2,"mean":2}]},"intervals":{"classes":[{"attributes":["Start","End","Strand","Id","Name","Score","Seq_id","Source","Subfeatures","Target_length","Type"],"isArrayAttr":{"Subfeatures":1}},{"attributes":["Start","End","Strand","Gap","Id","Score","Seq_id","Source","Target","Type"],"isArrayAttr":{}},{"attributes":["Start","End","Chunk"],"isArrayAttr":{"Sublist":1}}],"count":2,"lazyClass":2,"maxEnd":4920,"minStart":363,"nclist":[[0,363,3263,1,"NODE_4955_length_5152_cov_1.112836:hit:10865:4.5.0.0","augustus-NODE_4955_length_5152_cov_1.112836-abinit-gene-0.7-mRNA-1",0.51,"NODE_4955_length_5152_cov_1.112836","augustus",[[1,363,568,1,"M205","NODE_4955_length_5152_cov_1.112836:hsp:38060:4.5.0.0",0.51,"NODE_4955_length_5152_cov_1.112836","augustus","augustus-NODE_4955_length_5152_cov_1.112836-abinit-gene-0.7-mRNA-1 1 205 +","match_part"],[1,648,859,1,"M211","NODE_4955_length_5152_cov_1.112836:hsp:38061:4.5.0.0",0.51,"NODE_4955_length_5152_cov_1.112836","augustus","augustus-NODE_4955_length_5152_cov_1.112836-abinit-gene-0.7-mRNA-1 206 416 +","match_part"],[1,1102,1401,1,"M299","NODE_4955_length_5152_cov_1.112836:hsp:38062:4.5.0.0",0.51,"NODE_4955_length_5152_cov_1.112836","augustus","augustus-NODE_4955_length_5152_cov_1.112836-abinit-gene-0.7-mRNA-1 417 715 +","match_part"],[1,1484,2047,1,"M563","NODE_4955_length_5152_cov_1.112836:hsp:38063:4.5.0.0",0.51,"NODE_4955_length_5152_cov_1.112836","augustus","augustus-NODE_4955_length_5152_cov_1.112836-abinit-gene-0.7-mRNA-1 716 1278 +","match_part"],[1,2111,2192,1,"M81","NODE_4955_length_5152_cov_1.112836:hsp:38064:4.5.0.0",0.51,"NODE_4955_length_5152_cov_1.112836","augustus","augustus-NODE_4955_length_5152_cov_1.112836-abinit-gene-0.7-mRNA-1 1279 1359 +","match_part"],[1,2264,2432,1,"M168","NODE_4955_length_5152_cov_1.112836:hsp:38065:4.5.0.0",0.51,"NODE_4955_length_5152_cov_1.112836","augustus","augustus-NODE_4955_length_5152_cov_1.112836-abinit-gene-0.7-mRNA-1 1360 1527 +","match_part"],[1,2507,2859,1,"M352","NODE_4955_length_5152_cov_1.112836:hsp:38066:4.5.0.0",0.51,"NODE_4955_length_5152_cov_1.112836","augustus","augustus-NODE_4955_length_5152_cov_1.112836-abinit-gene-0.7-mRNA-1 1528 1879 +","match_part"],[1,2976,3263,1,"M287","NODE_4955_length_5152_cov_1.112836:hsp:38067:4.5.0.0",0.51,"NODE_4955_length_5152_cov_1.112836","augustus","augustus-NODE_4955_length_5152_cov_1.112836-abinit-gene-0.7-mRNA-1 1880 2166 +","match_part"]],"5152","match"],[0,3865,4920,-1,"NODE_4955_length_5152_cov_1.112836:hit:10868:4.5.0.0","augustus-NODE_4955_length_5152_cov_1.112836-abinit-gene-0.8-mRNA-1",0.65,"NODE_4955_length_5152_cov_1.112836","augustus",[[1,4538,4920,-1,"M382","NODE_4955_length_5152_cov_1.112836:hsp:38079:4.5.0.0",0.65,"NODE_4955_length_5152_cov_1.112836","augustus","augustus-NODE_4955_length_5152_cov_1.112836-abinit-gene-0.8-mRNA-1 522 903 +","match_part"],[1,4242,4448,-1,"M206","NODE_4955_length_5152_cov_1.112836:hsp:38080:4.5.0.0",0.65,"NODE_4955_length_5152_cov_1.112836","augustus","augustus-NODE_4955_length_5152_cov_1.112836-abinit-gene-0.8-mRNA-1 316 521 +","match_part"],[1,3865,4180,-1,"M315","NODE_4955_length_5152_cov_1.112836:hsp:38081:4.5.0.0",0.65,"NODE_4955_length_5152_cov_1.112836","augustus","augustus-NODE_4955_length_5152_cov_1.112836-abinit-gene-0.8-mRNA-1 1 315 +","match_part"]],"5152","match"]],"urlTemplate":"lf-{Chunk}.json"}}