{"featureCount":8,"formatVersion":1,"histograms":{"meta":[{"arrayParams":{"chunkSize":10000,"length":3,"urlTemplate":"hist-2000-{Chunk}.json"},"basesPerBin":"2000"}],"stats":[{"basesPerBin":"2000","max":8,"mean":7.33333333333333}]},"intervals":{"classes":[{"attributes":["Start","End","Strand","Id","Name","Score","Seq_id","Source","Subfeatures","Target_length","Type"],"isArrayAttr":{"Subfeatures":1}},{"attributes":["Start","End","Strand","Gap","Id","Score","Seq_id","Source","Target","Type"],"isArrayAttr":{}},{"attributes":["Start","End","Chunk"],"isArrayAttr":{"Sublist":1}}],"count":8,"lazyClass":2,"maxEnd":4296,"minStart":24,"nclist":[[0,24,4296,-1,"NODE_5318_length_4772_cov_8.592983:hit:14251:3.2.0.0","TRINITY_DN281_c0_g1_i5",491,"NODE_5318_length_4772_cov_8.592983","blastn",[[1,3781,4296,-1,"M515","NODE_5318_length_4772_cov_8.592983:hsp:49194:3.2.0.0",491,"NODE_5318_length_4772_cov_8.592983","blastn","TRINITY_DN281_c0_g1_i5 2 516 +","match_part"],[1,2892,3685,-1,"M793","NODE_5318_length_4772_cov_8.592983:hsp:49195:3.2.0.0",781,"NODE_5318_length_4772_cov_8.592983","blastn","TRINITY_DN281_c0_g1_i5 515 1307 +","match_part"],[1,2268,2818,-1,"M550","NODE_5318_length_4772_cov_8.592983:hsp:49196:3.2.0.0",550,"NODE_5318_length_4772_cov_8.592983","blastn","TRINITY_DN281_c0_g1_i5 1308 1857 +","match_part"],[1,1994,2197,-1,"M203","NODE_5318_length_4772_cov_8.592983:hsp:49197:3.2.0.0",203,"NODE_5318_length_4772_cov_8.592983","blastn","TRINITY_DN281_c0_g1_i5 1858 2060 +","match_part"],[1,1520,1905,-1,"M385","NODE_5318_length_4772_cov_8.592983:hsp:49198:3.2.0.0",385,"NODE_5318_length_4772_cov_8.592983","blastn","TRINITY_DN281_c0_g1_i5 2059 2443 +","match_part"],[1,1003,1460,-1,"M457","NODE_5318_length_4772_cov_8.592983:hsp:49199:3.2.0.0",433,"NODE_5318_length_4772_cov_8.592983","blastn","TRINITY_DN281_c0_g1_i5 2444 2900 +","match_part"],[1,807,925,-1,"M118","NODE_5318_length_4772_cov_8.592983:hsp:49200:3.2.0.0",112,"NODE_5318_length_4772_cov_8.592983","blastn","TRINITY_DN281_c0_g1_i5 2899 3016 +","match_part"],[1,505,743,-1,"M238","NODE_5318_length_4772_cov_8.592983:hsp:49201:3.2.0.0",238,"NODE_5318_length_4772_cov_8.592983","blastn","TRINITY_DN281_c0_g1_i5 3016 3253 +","match_part"],[1,373,419,-1,"M46","NODE_5318_length_4772_cov_8.592983:hsp:49202:3.2.0.0",46,"NODE_5318_length_4772_cov_8.592983","blastn","TRINITY_DN281_c0_g1_i5 3252 3297 +","match_part"],[1,24,281,-1,"M257","NODE_5318_length_4772_cov_8.592983:hsp:49203:3.2.0.0",257,"NODE_5318_length_4772_cov_8.592983","blastn","TRINITY_DN281_c0_g1_i5 3298 3554 +","match_part"]],"3554","expressed_sequence_match"],[0,24,4296,-1,"NODE_5318_length_4772_cov_8.592983:hit:14252:3.2.0.0","TRINITY_DN281_c0_g1_i6",323,"NODE_5318_length_4772_cov_8.592983","blastn",[[1,3961,4296,-1,"M335","NODE_5318_length_4772_cov_8.592983:hsp:49204:3.2.0.0",323,"NODE_5318_length_4772_cov_8.592983","blastn","TRINITY_DN281_c0_g1_i6 2 336 +","match_part"],[1,3781,3886,-1,"M105","NODE_5318_length_4772_cov_8.592983:hsp:49205:3.2.0.0",93,"NODE_5318_length_4772_cov_8.592983","blastn","TRINITY_DN281_c0_g1_i6 337 441 +","match_part"],[1,2892,3685,-1,"M793","NODE_5318_length_4772_cov_8.592983:hsp:49206:3.2.0.0",781,"NODE_5318_length_4772_cov_8.592983","blastn","TRINITY_DN281_c0_g1_i6 440 1232 +","match_part"],[1,2268,2818,-1,"M550","NODE_5318_length_4772_cov_8.592983:hsp:49207:3.2.0.0",550,"NODE_5318_length_4772_cov_8.592983","blastn","TRINITY_DN281_c0_g1_i6 1233 1782 +","match_part"],[1,1994,2197,-1,"M203","NODE_5318_length_4772_cov_8.592983:hsp:49208:3.2.0.0",203,"NODE_5318_length_4772_cov_8.592983","blastn","TRINITY_DN281_c0_g1_i6 1783 1985 +","match_part"],[1,1520,1905,-1,"M385","NODE_5318_length_4772_cov_8.592983:hsp:49209:3.2.0.0",385,"NODE_5318_length_4772_cov_8.592983","blastn","TRINITY_DN281_c0_g1_i6 1984 2368 +","match_part"],[1,1003,1460,-1,"M457","NODE_5318_length_4772_cov_8.592983:hsp:49210:3.2.0.0",433,"NODE_5318_length_4772_cov_8.592983","blastn","TRINITY_DN281_c0_g1_i6 2369 2825 +","match_part"],[1,807,925,-1,"M118","NODE_5318_length_4772_cov_8.592983:hsp:49211:3.2.0.0",112,"NODE_5318_length_4772_cov_8.592983","blastn","TRINITY_DN281_c0_g1_i6 2824 2941 +","match_part"],[1,505,743,-1,"M238","NODE_5318_length_4772_cov_8.592983:hsp:49212:3.2.0.0",238,"NODE_5318_length_4772_cov_8.592983","blastn","TRINITY_DN281_c0_g1_i6 2941 3178 +","match_part"],[1,373,419,-1,"M46","NODE_5318_length_4772_cov_8.592983:hsp:49213:3.2.0.0",46,"NODE_5318_length_4772_cov_8.592983","blastn","TRINITY_DN281_c0_g1_i6 3177 3222 +","match_part"],[1,24,281,-1,"M257","NODE_5318_length_4772_cov_8.592983:hsp:49214:3.2.0.0",257,"NODE_5318_length_4772_cov_8.592983","blastn","TRINITY_DN281_c0_g1_i6 3223 3479 +","match_part"]],"3479","expressed_sequence_match"],[0,24,4296,-1,"NODE_5318_length_4772_cov_8.592983:hit:14253:3.2.0.0","TRINITY_DN281_c0_g1_i7",491,"NODE_5318_length_4772_cov_8.592983","blastn",[[1,3781,4296,-1,"M515","NODE_5318_length_4772_cov_8.592983:hsp:49215:3.2.0.0",491,"NODE_5318_length_4772_cov_8.592983","blastn","TRINITY_DN281_c0_g1_i7 2 516 +","match_part"],[1,2892,3685,-1,"M793","NODE_5318_length_4772_cov_8.592983:hsp:49216:3.2.0.0",781,"NODE_5318_length_4772_cov_8.592983","blastn","TRINITY_DN281_c0_g1_i7 515 1307 +","match_part"],[1,2268,2818,-1,"M550","NODE_5318_length_4772_cov_8.592983:hsp:49217:3.2.0.0",550,"NODE_5318_length_4772_cov_8.592983","blastn","TRINITY_DN281_c0_g1_i7 1308 1857 +","match_part"],[1,1992,2197,-1,"M205","NODE_5318_length_4772_cov_8.592983:hsp:49218:3.2.0.0",205,"NODE_5318_length_4772_cov_8.592983","blastn","TRINITY_DN281_c0_g1_i7 1858 2062 +","match_part"],[1,1520,1817,-1,"M297","NODE_5318_length_4772_cov_8.592983:hsp:49219:3.2.0.0",297,"NODE_5318_length_4772_cov_8.592983","blastn","TRINITY_DN281_c0_g1_i7 2059 2355 +","match_part"],[1,1003,1460,-1,"M457","NODE_5318_length_4772_cov_8.592983:hsp:49220:3.2.0.0",433,"NODE_5318_length_4772_cov_8.592983","blastn","TRINITY_DN281_c0_g1_i7 2356 2812 +","match_part"],[1,807,925,-1,"M118","NODE_5318_length_4772_cov_8.592983:hsp:49221:3.2.0.0",112,"NODE_5318_length_4772_cov_8.592983","blastn","TRINITY_DN281_c0_g1_i7 2811 2928 +","match_part"],[1,505,743,-1,"M238","NODE_5318_length_4772_cov_8.592983:hsp:49222:3.2.0.0",238,"NODE_5318_length_4772_cov_8.592983","blastn","TRINITY_DN281_c0_g1_i7 2928 3165 +","match_part"],[1,373,419,-1,"M46","NODE_5318_length_4772_cov_8.592983:hsp:49223:3.2.0.0",46,"NODE_5318_length_4772_cov_8.592983","blastn","TRINITY_DN281_c0_g1_i7 3164 3209 +","match_part"],[1,24,281,-1,"M257","NODE_5318_length_4772_cov_8.592983:hsp:49224:3.2.0.0",257,"NODE_5318_length_4772_cov_8.592983","blastn","TRINITY_DN281_c0_g1_i7 3210 3466 +","match_part"]],