{"featureCount":6,"formatVersion":1,"histograms":{"meta":[{"arrayParams":{"chunkSize":10000,"length":2,"urlTemplate":"hist-5000-{Chunk}.json"},"basesPerBin":"5000"}],"stats":[{"basesPerBin":"5000","max":6,"mean":5}]},"intervals":{"classes":[{"attributes":["Start","End","Strand","Id","Name","Score","Seq_id","Source","Subfeatures","Target_length","Type"],"isArrayAttr":{"Subfeatures":1}},{"attributes":["Start","End","Strand","Gap","Id","Score","Seq_id","Source","Target","Type"],"isArrayAttr":{}},{"attributes":["Start","End","Chunk"],"isArrayAttr":{"Sublist":1}}],"count":6,"lazyClass":2,"maxEnd":6367,"minStart":2205,"nclist":[[0,2205,2708,1,"NODE_3853_length_6473_cov_8.035613:hit:39023:3.2.0.0","TRINITY_DN16410_c0_g1_i1",481,"NODE_3853_length_6473_cov_8.035613","blastn",[[1,2205,2708,1,"M167 I1 M336","NODE_3853_length_6473_cov_8.035613:hsp:158881:3.2.0.0",481,"NODE_3853_length_6473_cov_8.035613","blastn","TRINITY_DN16410_c0_g1_i1 1 504 +","match_part"]],"508","expressed_sequence_match"],[0,2701,6367,1,"NODE_3853_length_6473_cov_8.035613:hit:39024:3.2.0.0","TRINITY_DN2467_c0_g1_i4",652,"NODE_3853_length_6473_cov_8.035613","blastn",[[1,2701,3383,1,"M682","NODE_3853_length_6473_cov_8.035613:hsp:158882:3.2.0.0",652,"NODE_3853_length_6473_cov_8.035613","blastn","TRINITY_DN2467_c0_g1_i4 1 682 +","match_part"],[1,3473,4337,1,"M864","NODE_3853_length_6473_cov_8.035613:hsp:158883:3.2.0.0",858,"NODE_3853_length_6473_cov_8.035613","blastn","TRINITY_DN2467_c0_g1_i4 683 1546 +","match_part"],[1,4408,5569,1,"M1161","NODE_3853_length_6473_cov_8.035613:hsp:158884:3.2.0.0",1143,"NODE_3853_length_6473_cov_8.035613","blastn","TRINITY_DN2467_c0_g1_i4 1547 2707 +","match_part"],[1,5657,5867,1,"M210","NODE_3853_length_6473_cov_8.035613:hsp:158885:3.2.0.0",204,"NODE_3853_length_6473_cov_8.035613","blastn","TRINITY_DN2467_c0_g1_i4 2707 2916 +","match_part"],[1,5978,6367,1,"M303 I7 M86","NODE_3853_length_6473_cov_8.035613:hsp:158886:3.2.0.0",307,"NODE_3853_length_6473_cov_8.035613","blastn","TRINITY_DN2467_c0_g1_i4 2916 3311 +","match_part"]],"3311","expressed_sequence_match"],[0,2701,6367,1,"NODE_3853_length_6473_cov_8.035613:hit:39026:3.2.0.0","TRINITY_DN2467_c0_g1_i3",652,"NODE_3853_length_6473_cov_8.035613","blastn",[[1,2701,3383,1,"M682","NODE_3853_length_6473_cov_8.035613:hsp:158888:3.2.0.0",652,"NODE_3853_length_6473_cov_8.035613","blastn","TRINITY_DN2467_c0_g1_i3 1 682 +","match_part"],[1,3473,4337,1,"M864","NODE_3853_length_6473_cov_8.035613:hsp:158889:3.2.0.0",858,"NODE_3853_length_6473_cov_8.035613","blastn","TRINITY_DN2467_c0_g1_i3 683 1546 +","match_part"],[1,4408,5569,1,"M1161","NODE_3853_length_6473_cov_8.035613:hsp:158890:3.2.0.0",1143,"NODE_3853_length_6473_cov_8.035613","blastn","TRINITY_DN2467_c0_g1_i3 1547 2707 +","match_part"],[1,5657,5866,1,"M209","NODE_3853_length_6473_cov_8.035613:hsp:158891:3.2.0.0",203,"NODE_3853_length_6473_cov_8.035613","blastn","TRINITY_DN2467_c0_g1_i3 2707 2915 +","match_part"],[1,5959,6367,1,"M322 I7 M86","NODE_3853_length_6473_cov_8.035613:hsp:158892:3.2.0.0",344,"NODE_3853_length_6473_cov_8.035613","blastn","TRINITY_DN2467_c0_g1_i3 2916 3330 +","match_part"]],"3330","expressed_sequence_match",{"Sublist":[[0,2701,4337,1,"NODE_3853_length_6473_cov_8.035613:hit:39025:3.2.0.0","TRINITY_DN2467_c0_g1_i6",1588,"NODE_3853_length_6473_cov_8.035613","blastn",[[1,2701,4337,1,"M1636","NODE_3853_length_6473_cov_8.035613:hsp:158887:3.2.0.0",1588,"NODE_3853_length_6473_cov_8.035613","blastn","TRINITY_DN2467_c0_g1_i6 1 1636 +","match_part"]],"1636","expressed_sequence_match"]]}],[0,3165,6367,1,"NODE_3853_length_6473_cov_8.035613:hit:39027:3.2.0.0","TRINITY_DN2467_c0_g1_i7",200,"NODE_3853_length_6473_cov_8.035613","blastn",[[1,3165,3383,1,"M218","NODE_3853_length_6473_cov_8.035613:hsp:158893:3.2.0.0",200,"NODE_3853_length_6473_cov_8.035613","blastn","TRINITY_DN2467_c0_g1_i7 1 218 +","match_part"],[1,3473,5569,1,"M2096","NODE_3853_length_6473_cov_8.035613:hsp:158894:3.2.0.0",2072,"NODE_3853_length_6473_cov_8.035613","blastn","TRINITY_DN2467_c0_g1_i7 219 2314 +","match_part"],[1,5657,5866,1,"M209","NODE_3853_length_6473_cov_8.035613:hsp:158895:3.2.0.0",203,"NODE_3853_length_6473_cov_8.035613","blastn","TRINITY_DN2467_c0_g1_i7 2314 2522 +","match_part"],[1,5959,6367,1,"M322 I7 M86","NODE_3853_length_6473_cov_8.035613:hsp:158896:3.2.0.0",344,"NODE_3853_length_6473_cov_8.035613","blastn","TRINITY_DN2467_c0_g1_i7 2523 2937 +","match_part"]],"2937","expressed_sequence_match"],[0,3165,6367,1,"NODE_3853_length_6473_cov_8.035613:hit:39028:3.2.0.0","TRINITY_DN2467_c0_g1_i1",200,"NODE_3853_length_6473_cov_8.035613","blastn",[[1,3165,3383,1,"M218","NODE_3853_length_6473_cov_8.035613:hsp:158897:3.2.0.0",200,"NODE_3853_length_6473_cov_8.035613","blastn","TRINITY_DN2467_c0_g1_i1 1 218 +","match_part"],[1,3473,5569,1,"M2096","NODE_3853_length_6473_cov_8.035613:hsp:158898:3.2.0.0",2072,"NODE_3853_length_6473_cov_8.035613","blastn","TRINITY_DN2467_c0_g1_i1 219 2314 +","match_part"],[1,5657,5867,1,"M210","NODE_3853_length_6473_cov_8.035613:hsp:158899:3.2.0.0",204,"NODE_3853_length_6473_cov_8.035613","blastn","TRINITY_DN2467_c0_g1_i1 2314 2523 +","match_part"],[1,5978,6367,1,"M303 I7 M86","NODE_3853_length_6473_cov_8.035613:hsp:158900:3.2.0.0",307,"NODE_3853_length_6473_cov_8.035613","blastn","TRINITY_DN2467_c0_g1_i1 2523 2918 +","match_part"]],"2918","expressed_sequence_match"]],"urlTemplate":"lf-{Chunk}.json"}}