{"featureCount":2,"formatVersion":1,"histograms":{"meta":[{"arrayParams":{"chunkSize":10000,"length":1,"urlTemplate":"hist-10000-{Chunk}.json"},"basesPerBin":"10000"}],"stats":[{"basesPerBin":"10000","max":2,"mean":2}]},"intervals":{"classes":[{"attributes":["Start","End","Strand","Aligned_coverage","Aligned_identity","Id","Name","Score","Seq_id","Source","Subfeatures","Target_length","Type"],"isArrayAttr":{"Subfeatures":1}},{"attributes":["Start","End","Strand","Gap","Id","Score","Seq_id","Source","Target","Type"],"isArrayAttr":{}},{"attributes":["Start","End","Chunk"],"isArrayAttr":{"Sublist":1}}],"count":2,"lazyClass":2,"maxEnd":4406,"minStart":2359,"nclist":[[0,2359,4406,-1,"98.65","83.3","NODE_4984_length_5114_cov_3.682966:hit:11172:3.2.0.0","TRINITY_DN10524_c0_g1_i2",5715,"NODE_4984_length_5114_cov_3.682966","est2genome",[[1,4151,4406,-1,"M108 D1 M25 I1 M1 I2 M12 I2 M1 I1 M15 D4 M27 D1 M12 I1 M6 D1 M14 D5 M22","NODE_4984_length_5114_cov_3.682966:hsp:39415:3.2.0.0",5715,"NODE_4984_length_5114_cov_3.682966","est2genome","TRINITY_DN10524_c0_g1_i2 1432 1681 -","match_part"],[1,3580,4008,-1,"M428","NODE_4984_length_5114_cov_3.682966:hsp:39416:3.2.0.0",5715,"NODE_4984_length_5114_cov_3.682966","est2genome","TRINITY_DN10524_c0_g1_i2 1004 1431 -","match_part"],[1,3321,3508,-1,"M187","NODE_4984_length_5114_cov_3.682966:hsp:39417:3.2.0.0",5715,"NODE_4984_length_5114_cov_3.682966","est2genome","TRINITY_DN10524_c0_g1_i2 817 1003 -","match_part"],[1,2903,3235,-1,"M332","NODE_4984_length_5114_cov_3.682966:hsp:39418:3.2.0.0",5715,"NODE_4984_length_5114_cov_3.682966","est2genome","TRINITY_DN10524_c0_g1_i2 485 816 -","match_part"],[1,2359,2840,-1,"M481","NODE_4984_length_5114_cov_3.682966:hsp:39419:3.2.0.0",5715,"NODE_4984_length_5114_cov_3.682966","est2genome","TRINITY_DN10524_c0_g1_i2 4 484 -","match_part"]],"1701","expressed_sequence_match",{"Sublist":[[0,2359,4137,-1,"99.81","84.9","NODE_4984_length_5114_cov_3.682966:hit:11171:3.2.0.0","TRINITY_DN10524_c0_g1_i1",5618,"NODE_4984_length_5114_cov_3.682966","est2genome",[[1,3580,4137,-1,"M479 D6 M72","NODE_4984_length_5114_cov_3.682966:hsp:39411:3.2.0.0",5618,"NODE_4984_length_5114_cov_3.682966","est2genome","TRINITY_DN10524_c0_g1_i1 1004 1554 -","match_part"],[1,3321,3508,-1,"M187","NODE_4984_length_5114_cov_3.682966:hsp:39412:3.2.0.0",5618,"NODE_4984_length_5114_cov_3.682966","est2genome","TRINITY_DN10524_c0_g1_i1 817 1003 -","match_part"],[1,2903,3235,-1,"M332","NODE_4984_length_5114_cov_3.682966:hsp:39413:3.2.0.0",5618,"NODE_4984_length_5114_cov_3.682966","est2genome","TRINITY_DN10524_c0_g1_i1 485 816 -","match_part"],[1,2359,2840,-1,"M481","NODE_4984_length_5114_cov_3.682966:hsp:39414:3.2.0.0",5618,"NODE_4984_length_5114_cov_3.682966","est2genome","TRINITY_DN10524_c0_g1_i1 4 484 -","match_part"]],"1554","expressed_sequence_match"]]}]],"urlTemplate":"lf-{Chunk}.json"}}