{"featureCount":3,"formatVersion":1,"histograms":{"meta":[{"arrayParams":{"chunkSize":10000,"length":2,"urlTemplate":"hist-2000-{Chunk}.json"},"basesPerBin":"2000"}],"stats":[{"basesPerBin":"2000","max":3,"mean":2.5}]},"intervals":{"classes":[{"attributes":["Start","End","Strand","Aligned_coverage","Aligned_identity","Id","Name","Score","Seq_id","Source","Subfeatures","Target_length","Type"],"isArrayAttr":{"Subfeatures":1}},{"attributes":["Start","End","Strand","Gap","Id","Score","Seq_id","Source","Target","Type"],"isArrayAttr":{}},{"attributes":["Start","End","Chunk"],"isArrayAttr":{"Sublist":1}}],"count":3,"lazyClass":2,"maxEnd":2030,"minStart":712,"nclist":[[0,712,2030,1,"80.01","99.1","NODE_9546_length_2030_cov_7.407777:hit:6988:3.2.0.0","TRINITY_DN3161_c0_g1_i5",6111,"NODE_9546_length_2030_cov_7.407777","est2genome",[[1,712,1227,1,"M515","NODE_9546_length_2030_cov_7.407777:hsp:16421:3.2.0.0",6111,"NODE_9546_length_2030_cov_7.407777","est2genome","TRINITY_DN3161_c0_g1_i5 1042 1556 -","match_part"],[1,1300,2030,1,"M730","NODE_9546_length_2030_cov_7.407777:hsp:16422:3.2.0.0",6111,"NODE_9546_length_2030_cov_7.407777","est2genome","TRINITY_DN3161_c0_g1_i5 312 1041 -","match_part"]],"1556","expressed_sequence_match"],[0,712,2030,1,"84.98","99.1","NODE_9546_length_2030_cov_7.407777:hit:6989:3.2.0.0","TRINITY_DN3161_c0_g1_i7",6111,"NODE_9546_length_2030_cov_7.407777","est2genome",[[1,712,1227,1,"M515","NODE_9546_length_2030_cov_7.407777:hsp:16423:3.2.0.0",6111,"NODE_9546_length_2030_cov_7.407777","est2genome","TRINITY_DN3161_c0_g1_i7 951 1465 -","match_part"],[1,1300,2030,1,"M730","NODE_9546_length_2030_cov_7.407777:hsp:16424:3.2.0.0",6111,"NODE_9546_length_2030_cov_7.407777","est2genome","TRINITY_DN3161_c0_g1_i7 221 950 -","match_part"]],"1465","expressed_sequence_match",{"Sublist":[[0,712,1322,1,"100","98.9","NODE_9546_length_2030_cov_7.407777:hit:6987:3.2.0.0","TRINITY_DN3161_c0_g1_i2",2987,"NODE_9546_length_2030_cov_7.407777","est2genome",[[1,712,1322,1,"M610","NODE_9546_length_2030_cov_7.407777:hsp:16420:3.2.0.0",2987,"NODE_9546_length_2030_cov_7.407777","est2genome","TRINITY_DN3161_c0_g1_i2 1 610 -","match_part"]],"610","expressed_sequence_match"]]}]],"urlTemplate":"lf-{Chunk}.json"}}