{"featureCount":2,"formatVersion":1,"histograms":{"meta":[{"arrayParams":{"chunkSize":10000,"length":1,"urlTemplate":"hist-10000-{Chunk}.json"},"basesPerBin":"10000"}],"stats":[{"basesPerBin":"10000","max":2,"mean":2}]},"intervals":{"classes":[{"attributes":["Start","End","Strand","Id","Name","Seq_id","Source","Subfeatures","Target_length","Type"],"isArrayAttr":{"Subfeatures":1}},{"attributes":["Start","End","Strand","Gap","Id","Seq_id","Source","Target","Type"],"isArrayAttr":{}},{"attributes":["Start","End","Strand","Id","Seq_id","Source","Target","Type"],"isArrayAttr":{}},{"attributes":["Start","End","Chunk"],"isArrayAttr":{"Sublist":1}}],"count":2,"lazyClass":3,"maxEnd":6439,"minStart":29,"nclist":[[0,29,4492,1,"NODE_3722_length_6637_cov_8.868203:hit:37439:4.5.0.0","genemark-NODE_3722_length_6637_cov_8.868203-abinit-gene-0.8-mRNA-1","NODE_3722_length_6637_cov_8.868203","genemark",[[1,29,237,1,"M208","NODE_3722_length_6637_cov_8.868203:hsp:153594:4.5.0.0","NODE_3722_length_6637_cov_8.868203","genemark","genemark-NODE_3722_length_6637_cov_8.868203-abinit-gene-0.8-mRNA-1 1 208 +","match_part"],[1,532,847,1,"M315","NODE_3722_length_6637_cov_8.868203:hsp:153595:4.5.0.0","NODE_3722_length_6637_cov_8.868203","genemark","genemark-NODE_3722_length_6637_cov_8.868203-abinit-gene-0.8-mRNA-1 209 523 +","match_part"],[1,897,2069,1,"M1172","NODE_3722_length_6637_cov_8.868203:hsp:153596:4.5.0.0","NODE_3722_length_6637_cov_8.868203","genemark","genemark-NODE_3722_length_6637_cov_8.868203-abinit-gene-0.8-mRNA-1 524 1695 +","match_part"],[1,2144,2248,1,"M104","NODE_3722_length_6637_cov_8.868203:hsp:153597:4.5.0.0","NODE_3722_length_6637_cov_8.868203","genemark","genemark-NODE_3722_length_6637_cov_8.868203-abinit-gene-0.8-mRNA-1 1696 1799 +","match_part"],[1,2320,2410,1,"M90","NODE_3722_length_6637_cov_8.868203:hsp:153598:4.5.0.0","NODE_3722_length_6637_cov_8.868203","genemark","genemark-NODE_3722_length_6637_cov_8.868203-abinit-gene-0.8-mRNA-1 1800 1889 +","match_part"],[1,2480,2953,1,"M473","NODE_3722_length_6637_cov_8.868203:hsp:153599:4.5.0.0","NODE_3722_length_6637_cov_8.868203","genemark","genemark-NODE_3722_length_6637_cov_8.868203-abinit-gene-0.8-mRNA-1 1890 2362 +","match_part"],[1,3044,3158,1,"M114","NODE_3722_length_6637_cov_8.868203:hsp:153600:4.5.0.0","NODE_3722_length_6637_cov_8.868203","genemark","genemark-NODE_3722_length_6637_cov_8.868203-abinit-gene-0.8-mRNA-1 2363 2476 +","match_part"],[1,3221,4492,1,"M1271","NODE_3722_length_6637_cov_8.868203:hsp:153601:4.5.0.0","NODE_3722_length_6637_cov_8.868203","genemark","genemark-NODE_3722_length_6637_cov_8.868203-abinit-gene-0.8-mRNA-1 2477 3747 +","match_part"]],"6637","match"],[0,5686,6439,1,"NODE_3722_length_6637_cov_8.868203:hit:37444:4.5.0.0","genemark-NODE_3722_length_6637_cov_8.868203-abinit-gene-0.9-mRNA-1","NODE_3722_length_6637_cov_8.868203","genemark",[[1,5686,6439,1,"M753","NODE_3722_length_6637_cov_8.868203:hsp:153618:4.5.0.0","NODE_3722_length_6637_cov_8.868203","genemark","genemark-NODE_3722_length_6637_cov_8.868203-abinit-gene-0.9-mRNA-1 1 753 +","match_part"]],"6637","match"]],"urlTemplate":"lf-{Chunk}.json"}}