{"featureCount":5,"formatVersion":1,"histograms":{"meta":[{"arrayParams":{"chunkSize":10000,"length":2,"urlTemplate":"hist-2000-{Chunk}.json"},"basesPerBin":"2000"}],"stats":[{"basesPerBin":"2000","max":5,"mean":2.5}]},"intervals":{"classes":[{"attributes":["Start","End","Strand","Id","Name","Score","Seq_id","Source","Subfeatures","Target_length","Type"],"isArrayAttr":{"Subfeatures":1}},{"attributes":["Start","End","Strand","Gap","Id","Score","Seq_id","Source","Target","Type"],"isArrayAttr":{}},{"attributes":["Start","End","Chunk"],"isArrayAttr":{"Sublist":1}}],"count":5,"lazyClass":2,"maxEnd":3161,"minStart":2726,"nclist":[[0,2726,3004,1,"NODE_6965_length_3244_cov_2.134295:hit:7891:3.2.0.0","TRINITY_DN21345_c0_g1_i1",196,"NODE_6965_length_3244_cov_2.134295","blastn",[[1,2726,3004,1,"M34 D2 M95 I2 M3 I1 M1 I1 M143","NODE_6965_length_3244_cov_2.134295:hsp:24088:3.2.0.0",196,"NODE_6965_length_3244_cov_2.134295","blastn","TRINITY_DN21345_c0_g1_i1 27 306 +","match_part"]],"306","expressed_sequence_match"],[0,2789,3161,1,"NODE_6965_length_3244_cov_2.134295:hit:7892:3.2.0.0","TRINITY_DN610_c7_g1_i2",206,"NODE_6965_length_3244_cov_2.134295","blastn",[[1,2789,3087,1,"M20 D2 M41 D3 M160 I1 M72","NODE_6965_length_3244_cov_2.134295:hsp:24089:3.2.0.0",206,"NODE_6965_length_3244_cov_2.134295","blastn","TRINITY_DN610_c7_g1_i2 31 324 +","match_part"],[1,3090,3161,1,"M26 D1 M44","NODE_6965_length_3244_cov_2.134295:hsp:24090:3.2.0.0",60,"NODE_6965_length_3244_cov_2.134295","blastn","TRINITY_DN610_c7_g1_i2 316 385 +","match_part"]],"385","expressed_sequence_match"],[0,2811,3161,1,"NODE_6965_length_3244_cov_2.134295:hit:7893:3.2.0.0","TRINITY_DN610_c7_g1_i1",290,"NODE_6965_length_3244_cov_2.134295","blastn",[[1,2811,3161,1,"M204 I1 M63 I2 M38 D1 M44","NODE_6965_length_3244_cov_2.134295:hsp:24091:3.2.0.0",290,"NODE_6965_length_3244_cov_2.134295","blastn","TRINITY_DN610_c7_g1_i1 12 363 +","match_part"]],"363","expressed_sequence_match"],[0,2861,3161,1,"NODE_6965_length_3244_cov_2.134295:hit:7894:3.2.0.0","TRINITY_DN610_c7_g1_i3",186,"NODE_6965_length_3244_cov_2.134295","blastn",[[1,2861,3087,1,"M154 I1 M72","NODE_6965_length_3244_cov_2.134295:hsp:24092:3.2.0.0",186,"NODE_6965_length_3244_cov_2.134295","blastn","TRINITY_DN610_c7_g1_i3 7 233 +","match_part"],[1,3090,3161,1,"M26 D1 M44","NODE_6965_length_3244_cov_2.134295:hsp:24093:3.2.0.0",60,"NODE_6965_length_3244_cov_2.134295","blastn","TRINITY_DN610_c7_g1_i3 225 294 +","match_part"]],"294","expressed_sequence_match"],[0,2861,3161,1,"NODE_6965_length_3244_cov_2.134295:hit:7895:3.2.0.0","TRINITY_DN610_c7_g1_i4",234,"NODE_6965_length_3244_cov_2.134295","blastn",[[1,2861,3161,1,"M154 I1 M63 I2 M38 D1 M44","NODE_6965_length_3244_cov_2.134295:hsp:24094:3.2.0.0",234,"NODE_6965_length_3244_cov_2.134295","blastn","TRINITY_DN610_c7_g1_i4 7 308 +","match_part"]],"308","expressed_sequence_match"]],"urlTemplate":"lf-{Chunk}.json"}}