{"featureCount":4,"formatVersion":1,"histograms":{"meta":[{"arrayParams":{"chunkSize":10000,"length":2,"urlTemplate":"hist-10000-{Chunk}.json"},"basesPerBin":"10000"}],"stats":[{"basesPerBin":"10000","max":4,"mean":2.5}]},"intervals":{"classes":[{"attributes":["Start","End","Strand","Id","Name","Seq_id","Source","Subfeatures","Target_length","Type"],"isArrayAttr":{"Subfeatures":1}},{"attributes":["Start","End","Strand","Gap","Id","Seq_id","Source","Target","Type"],"isArrayAttr":{}},{"attributes":["Start","End","Strand","Id","Seq_id","Source","Target","Type"],"isArrayAttr":{}},{"attributes":["Start","End","Chunk"],"isArrayAttr":{"Sublist":1}}],"count":4,"lazyClass":3,"maxEnd":10572,"minStart":48,"nclist":[[0,48,2707,1,"NODE_2074_length_11173_cov_4.033406:hit:2284:4.5.0.0","genemark-NODE_2074_length_11173_cov_4.033406-abinit-gene-0.0-mRNA-1","NODE_2074_length_11173_cov_4.033406","genemark",[[1,48,159,1,"M111","NODE_2074_length_11173_cov_4.033406:hsp:11247:4.5.0.0","NODE_2074_length_11173_cov_4.033406","genemark","genemark-NODE_2074_length_11173_cov_4.033406-abinit-gene-0.0-mRNA-1 1 111 +","match_part"],[1,234,778,1,"M544","NODE_2074_length_11173_cov_4.033406:hsp:11248:4.5.0.0","NODE_2074_length_11173_cov_4.033406","genemark","genemark-NODE_2074_length_11173_cov_4.033406-abinit-gene-0.0-mRNA-1 112 655 +","match_part"],[1,842,1435,1,"M593","NODE_2074_length_11173_cov_4.033406:hsp:11249:4.5.0.0","NODE_2074_length_11173_cov_4.033406","genemark","genemark-NODE_2074_length_11173_cov_4.033406-abinit-gene-0.0-mRNA-1 656 1248 +","match_part"],[1,1488,1634,1,"M146","NODE_2074_length_11173_cov_4.033406:hsp:11250:4.5.0.0","NODE_2074_length_11173_cov_4.033406","genemark","genemark-NODE_2074_length_11173_cov_4.033406-abinit-gene-0.0-mRNA-1 1249 1394 +","match_part"],[1,1695,1804,1,"M109","NODE_2074_length_11173_cov_4.033406:hsp:11251:4.5.0.0","NODE_2074_length_11173_cov_4.033406","genemark","genemark-NODE_2074_length_11173_cov_4.033406-abinit-gene-0.0-mRNA-1 1395 1503 +","match_part"],[1,1857,2122,1,"M265","NODE_2074_length_11173_cov_4.033406:hsp:11252:4.5.0.0","NODE_2074_length_11173_cov_4.033406","genemark","genemark-NODE_2074_length_11173_cov_4.033406-abinit-gene-0.0-mRNA-1 1504 1768 +","match_part"],[1,2178,2422,1,"M244","NODE_2074_length_11173_cov_4.033406:hsp:11253:4.5.0.0","NODE_2074_length_11173_cov_4.033406","genemark","genemark-NODE_2074_length_11173_cov_4.033406-abinit-gene-0.0-mRNA-1 1769 2012 +","match_part"],[1,2490,2615,1,"M125","NODE_2074_length_11173_cov_4.033406:hsp:11254:4.5.0.0","NODE_2074_length_11173_cov_4.033406","genemark","genemark-NODE_2074_length_11173_cov_4.033406-abinit-gene-0.0-mRNA-1 2013 2137 +","match_part"],[1,2675,2707,1,"M32","NODE_2074_length_11173_cov_4.033406:hsp:11255:4.5.0.0","NODE_2074_length_11173_cov_4.033406","genemark","genemark-NODE_2074_length_11173_cov_4.033406-abinit-gene-0.0-mRNA-1 2138 2169 +","match_part"]],"11173","match"],[0,2728,3757,1,"NODE_2074_length_11173_cov_4.033406:hit:2287:4.5.0.0","genemark-NODE_2074_length_11173_cov_4.033406-abinit-gene-0.1-mRNA-1","NODE_2074_length_11173_cov_4.033406","genemark",[[1,2728,2804,1,"M76","NODE_2074_length_11173_cov_4.033406:hsp:11272:4.5.0.0","NODE_2074_length_11173_cov_4.033406","genemark","genemark-NODE_2074_length_11173_cov_4.033406-abinit-gene-0.1-mRNA-1 1 76 +","match_part"],[1,2861,3757,1,"M896","NODE_2074_length_11173_cov_4.033406:hsp:11273:4.5.0.0","NODE_2074_length_11173_cov_4.033406","genemark","genemark-NODE_2074_length_11173_cov_4.033406-abinit-gene-0.1-mRNA-1 77 972 +","match_part"]],"11173","match"],[0,7335,9586,1,"NODE_2074_length_11173_cov_4.033406:hit:2292:4.5.0.0","genemark-NODE_2074_length_11173_cov_4.033406-abinit-gene-0.2-mRNA-1","NODE_2074_length_11173_cov_4.033406","genemark",[[1,7335,7735,1,"M400","NODE_2074_length_11173_cov_4.033406:hsp:11290:4.5.0.0","NODE_2074_length_11173_cov_4.033406","genemark","genemark-NODE_2074_length_11173_cov_4.033406-abinit-gene-0.2-mRNA-1 1 400 +","match_part"],[1,7830,8302,1,"M472","NODE_2074_length_11173_cov_4.033406:hsp:11291:4.5.0.0","NODE_2074_length_11173_cov_4.033406","genemark","genemark-NODE_2074_length_11173_cov_4.033406-abinit-gene-0.2-mRNA-1 401 872 +","match_part"],[1,8387,8470,1,"M83","NODE_2074_length_11173_cov_4.033406:hsp:11292:4.5.0.0","NODE_2074_length_11173_cov_4.033406","genemark","genemark-NODE_2074_length_11173_cov_4.033406-abinit-gene-0.2-mRNA-1 873 955 +","match_part"],[1,8532,8924,1,"M392","NODE_2074_length_11173_cov_4.033406:hsp:11293:4.5.0.0","NODE_2074_length_11173_cov_4.033406","genemark","genemark-NODE_2074_length_11173_cov_4.033406-abinit-gene-0.2-mRNA-1 956 1347 +","match_part"],[1,8984,9204,1,"M220","NODE_2074_length_11173_cov_4.033406:hsp:11294:4.5.0.0","NODE_2074_length_11173_cov_4.033406","genemark","genemark-NODE_2074_length_11173_cov_4.033406-abinit-gene-0.2-mRNA-1 1348 1567 +","match_part"],[1,9275,9586,1,"M311","NODE_2074_length_11173_cov_4.033406:hsp:11295:4.5.0.0","NODE_2074_length_11173_cov_4.033406","genemark","genemark-NODE_2074_length_11173_cov_4.033406-abinit-gene-0.2-mRNA-1 1568 1878 +","match_part"]],"11173","match"],[0,9789,10572,-1,"NODE_2074_length_11173_cov_4.033406:hit:2295:4.5.0.0","genemark-NODE_2074_length_11173_cov_4.033406-abinit-gene-0.3-mRNA-1","NODE_2074_length_11173_cov_4.033406","genemark",[[1,9789,10572,-1,"M783","NODE_2074_length_11173_cov_4.033406:hsp:11301:4.5.0.0","NODE_2074_length_11173_cov_4.033406","genemark","genemark-NODE_2074_length_11173_cov_4.033406-abinit-gene-0.3-mRNA-1 1 783 +","match_part"]],"11173","match"]],"urlTemplate":"lf-{Chunk}.json"}}