{"featureCount":20,"formatVersion":1,"histograms":{"meta":[{"arrayParams":{"chunkSize":10000,"length":4,"urlTemplate":"hist-5000-{Chunk}.json"},"basesPerBin":"5000"}],"stats":[{"basesPerBin":"5000","max":17,"mean":6.75}]},"intervals":{"classes":[{"attributes":["Start","End","Strand","Id","Name","Score","Seq_id","Source","Subfeatures","Target_length","Type"],"isArrayAttr":{"Subfeatures":1}},{"attributes":["Start","End","Strand","Gap","Id","Score","Seq_id","Source","Target","Type"],"isArrayAttr":{}},{"attributes":["Start","End","Chunk"],"isArrayAttr":{"Sublist":1}}],"count":20,"lazyClass":2,"maxEnd":17540,"minStart":1515,"nclist":[[0,1515,4013,-1,"NODE_791_length_20533_cov_6.198863:hit:70708:3.2.0.0","TRINITY_DN3581_c0_g1_i2",471,"NODE_791_length_20533_cov_6.198863","blastn",[[1,3458,4013,-1,"M555","NODE_791_length_20533_cov_6.198863:hsp:364114:3.2.0.0",471,"NODE_791_length_20533_cov_6.198863","blastn","TRINITY_DN3581_c0_g1_i2 11 565 +","match_part"],[1,2870,3394,-1,"M524","NODE_791_length_20533_cov_6.198863:hsp:364115:3.2.0.0",500,"NODE_791_length_20533_cov_6.198863","blastn","TRINITY_DN3581_c0_g1_i2 566 1089 +","match_part"],[1,2136,2799,-1,"M663","NODE_791_length_20533_cov_6.198863:hsp:364116:3.2.0.0",609,"NODE_791_length_20533_cov_6.198863","blastn","TRINITY_DN3581_c0_g1_i2 1090 1752 +","match_part"],[1,1515,2042,-1,"M527","NODE_791_length_20533_cov_6.198863:hsp:364117:3.2.0.0",503,"NODE_791_length_20533_cov_6.198863","blastn","TRINITY_DN3581_c0_g1_i2 1750 2276 +","match_part"]],"2280","expressed_sequence_match",{"Sublist":[[0,1630,2160,-1,"NODE_791_length_20533_cov_6.198863:hit:70709:3.2.0.0","TRINITY_DN3581_c0_g1_i6",494,"NODE_791_length_20533_cov_6.198863","blastn",[[1,1630,2160,-1,"M530","NODE_791_length_20533_cov_6.198863:hsp:364118:3.2.0.0",494,"NODE_791_length_20533_cov_6.198863","blastn","TRINITY_DN3581_c0_g1_i6 1 530 +","match_part"]],"533","expressed_sequence_match"],[0,2700,2947,-1,"NODE_791_length_20533_cov_6.198863:hit:70710:3.2.0.0","TRINITY_DN13780_c0_g1_i1",229,"NODE_791_length_20533_cov_6.198863","blastn",[[1,2700,2947,-1,"M247","NODE_791_length_20533_cov_6.198863:hsp:364119:3.2.0.0",229,"NODE_791_length_20533_cov_6.198863","blastn","TRINITY_DN13780_c0_g1_i1 1 247 +","match_part"]],"247","expressed_sequence_match"]]}],[0,9601,10530,-1,"NODE_791_length_20533_cov_6.198863:hit:70714:3.2.0.0","TRINITY_DN4305_c0_g1_i9",540,"NODE_791_length_20533_cov_6.198863","blastn",[[1,9788,10530,-1,"M133 I1 M609","NODE_791_length_20533_cov_6.198863:hsp:364126:3.2.0.0",540,"NODE_791_length_20533_cov_6.198863","blastn","TRINITY_DN4305_c0_g1_i9 8 750 +","match_part"],[1,9601,9717,-1,"M116","NODE_791_length_20533_cov_6.198863:hsp:364127:3.2.0.0",104,"NODE_791_length_20533_cov_6.198863","blastn","TRINITY_DN4305_c0_g1_i9 750 865 +","match_part"]],"865","expressed_sequence_match",{"Sublist":[[0,9601,10397,-1,"NODE_791_length_20533_cov_6.198863:hit:70711:3.2.0.0","TRINITY_DN4305_c0_g1_i5",460,"NODE_791_length_20533_cov_6.198863","blastn",[[1,9788,10397,-1,"M201 D1 M407","NODE_791_length_20533_cov_6.198863:hsp:364120:3.2.0.0",460,"NODE_791_length_20533_cov_6.198863","blastn","TRINITY_DN4305_c0_g1_i5 12 619 +","match_part"],[1,9601,9717,-1,"M116","NODE_791_length_20533_cov_6.198863:hsp:364121:3.2.0.0",104,"NODE_791_length_20533_cov_6.198863","blastn","TRINITY_DN4305_c0_g1_i5 619 734 +","match_part"]],"734","expressed_sequence_match"],[0,9601,10397,-1,"NODE_791_length_20533_cov_6.198863:hit:70713:3.2.0.0","TRINITY_DN4305_c0_g1_i8",459,"NODE_791_length_20533_cov_6.198863","blastn",[[1,9788,10397,-1,"M609","NODE_791_length_20533_cov_6.198863:hsp:364124:3.2.0.0",459,"NODE_791_length_20533_cov_6.198863","blastn","TRINITY_DN4305_c0_g1_i8 12 620 +","match_part"],[1,9601,9717,-1,"M116","NODE_791_length_20533_cov_6.198863:hsp:364125:3.2.0.0",104,"NODE_791_length_20533_cov_6.198863","blastn","TRINITY_DN4305_c0_g1_i8 620 735 +","match_part"]],"735","expressed_sequence_match",{"Sublist":[[0,9601,10350,-1,"NODE_791_length_20533_cov_6.198863:hit:70712:3.2.0.0","TRINITY_DN4305_c0_g1_i6",466,"NODE_791_length_20533_cov_6.198863","blastn",[[1,9788,10350,-1,"M562","NODE_791_length_20533_cov_6.198863:hsp:364122:3.2.0.0",466,"NODE_791_length_20533_cov_6.198863","blastn","TRINITY_DN4305_c0_g1_i6 1 562 +","match_part"],[1,9601,9717,-1,"M116","NODE_791_length_20533_cov_6.198863:hsp:364123:3.2.0.0",104,"NODE_791_length_20533_cov_6.198863","blastn","TRINITY_DN4305_c0_g1_i6 562 677 +","match_part"]],"677","expressed_sequence_match"]]}]]}],[0,10196,10530,-1,"NODE_791_length_20533_cov_6.198863:hit:70715:3.2.0.0","TRINITY_DN4305_c0_g1_i4",192,"NODE_791_length_20533_cov_6.198863","blastn",[[1,10196,10530,-1,"M133 I1 M201","NODE_791_length_20533_cov_6.198863:hsp:364128:3.2.0.0",192,"NODE_791_length_20533_cov_6.198863","blastn","TRINITY_DN4305_c0_g1_i4 8 342 +","match_part"]],"342","expressed_sequence_match"],[0,10196,10530,-1,"NODE_791_length_20533_cov_6.198863:hit:70717:3.2.0.0","TRINITY_DN4305_c0_g1_i3",186,"NODE_791_length_20533_cov_6.198863","blastn",[[1,10196,10530,-1,"M133 I1 M201","NODE_791_length_20533_cov_6.198863:hsp:364130:3.2.0.0",186,"NODE_791_length_20533_cov_6.198863","blastn","TRINITY_DN4305_c0_g1_i3 8 342 +","match_part"]],"342","expressed_sequence_match",{"Sublist":[[0,10196,10397,-1,"NODE_791_length_20533_cov_6.198863:hit:70716:3.2.0.0","TRINITY_DN4305_c0_g1_i1",105,"NODE_791_length_20533_cov_6.198863","blastn",[[1,10196,10397,-1,"M201","NODE_791_length_20533_cov_6.198863:hsp:364129:3.2.0.0",105,"NODE_791_length_20533_cov_6.198863","blastn","TRINITY_DN4305_c0_g1_i1 5 205 +","match_part"]],"205","expressed_sequence_match"]]}],[0,10571,10771,1,"NODE_791_length_20533_cov_6.198863:hit:70718:3.2.0.0","TRINITY_DN42589_c0_g1_i1",133,"NODE_791_length_20533_cov_6.198863","blastn",[[1,10571,10771,1,"M103 D1 M49 I3 M47","NODE_791_length_20533_cov_6.198863:hsp:364131:3.2.0.0",133,"NODE_791_length_20533_cov_6.198863","blastn","TRINITY_DN42589_c0_g1_i1 25 226 +","match_part"]],"226","expressed_sequence_match"],[0,10780,12665,1,"NODE_791_length_20533_cov_6.198863:hit:70720:3.2.0.0","TRINITY_DN3351_c0_g1_i5",450,"NODE_791_length_20533_cov_6.198863","blastn",[[1,10780,11284,1,"M504","NODE_791_length_20533_cov_6.198863:hsp:364136:3.2.0.0",450,"NODE_791_length_20533_cov_6.198863","blastn","TRINITY_DN3351_c0_g1_i5 32 535 +","match_part"],[1,11364,11496,1,"M132","NODE_791_length_20533_cov_6.198863:hsp:364137:3.2.0.0",132,"NODE_791_length_20533_cov_6.198863","blastn","TRINITY_DN3351_c0_g1_i5 534 665 +","match_part"],[1,11584,11802,1,"M218","NODE_791_length_20533_cov_6.198863:hsp:364138:3.2.0.0",200,"NODE_791_length_20533_cov_6.198863","blastn","TRINITY_DN3351_c0_g1_i5 665 882 +","match_part"],[1,11901,12073,1,"M172","NODE_791_length_20533_cov_6.198863:hsp:364139:3.2.0.0",160,"NODE_791_length_20533_cov_6.198863","blastn","TRINITY_DN3351_c0_g1_i5 879 1050 +","match_part"],[1,12223,12318,1,"M95","NODE_791_length_20533_cov_6.198863:hsp:364140:3.2.0.0",95,"NODE_791_length_20533_cov_6.198863","blastn","TRINITY_DN3351_c0_g1_i5 1051 1145 +","match_part"],[1,12461,12665,1,"M204","NODE_791_length_20533_cov_6.198863:hsp:364141:3.2.0.0",162,"NODE_791_length_20533_cov_6.198863","blastn","TRINITY_DN3351_c0_g1_i5 1144 1347 +","match_part"]],