{"featureCount":3,"formatVersion":1,"histograms":{"meta":[{"arrayParams":{"chunkSize":10000,"length":1,"urlTemplate":"hist-5000-{Chunk}.json"},"basesPerBin":"5000"}],"stats":[{"basesPerBin":"5000","max":3,"mean":3}]},"intervals":{"classes":[{"attributes":["Start","End","Strand","Aligned_coverage","Aligned_identity","Id","Name","Score","Seq_id","Source","Subfeatures","Target_length","Type"],"isArrayAttr":{"Subfeatures":1}},{"attributes":["Start","End","Strand","Gap","Id","Score","Seq_id","Source","Target","Type"],"isArrayAttr":{}},{"attributes":["Start","End","Chunk"],"isArrayAttr":{"Sublist":1}}],"count":3,"lazyClass":2,"maxEnd":4264,"minStart":1712,"nclist":[[0,1712,2000,1,"100","100","NODE_5178_length_4904_cov_4.319866:hit:12909:3.2.0.0","TRINITY_DN40562_c0_g1_i1",1011,"NODE_5178_length_4904_cov_4.319866","est2genome",[[1,1712,1865,1,"M153","NODE_5178_length_4904_cov_4.319866:hsp:44626:3.2.0.0",1011,"NODE_5178_length_4904_cov_4.319866","est2genome","TRINITY_DN40562_c0_g1_i1 1 153 +","match_part"],[1,1949,2000,1,"M51","NODE_5178_length_4904_cov_4.319866:hsp:44627:3.2.0.0",1011,"NODE_5178_length_4904_cov_4.319866","est2genome","TRINITY_DN40562_c0_g1_i1 154 204 +","match_part"]],"204","expressed_sequence_match"],[0,3234,4264,-1,"99.33","89.8","NODE_5178_length_4904_cov_4.319866:hit:12910:3.2.0.0","TRINITY_DN6144_c0_g4_i1",3603,"NODE_5178_length_4904_cov_4.319866","est2genome",[[1,3669,4264,-1,"M595","NODE_5178_length_4904_cov_4.319866:hsp:44628:3.2.0.0",3603,"NODE_5178_length_4904_cov_4.319866","est2genome","TRINITY_DN6144_c0_g4_i1 292 886 -","match_part"],[1,3393,3599,-1,"M206","NODE_5178_length_4904_cov_4.319866:hsp:44629:3.2.0.0",3603,"NODE_5178_length_4904_cov_4.319866","est2genome","TRINITY_DN6144_c0_g4_i1 86 291 -","match_part"],[1,3234,3319,-1,"M85","NODE_5178_length_4904_cov_4.319866:hsp:44630:3.2.0.0",3603,"NODE_5178_length_4904_cov_4.319866","est2genome","TRINITY_DN6144_c0_g4_i1 1 85 -","match_part"]],"892","expressed_sequence_match",{"Sublist":[[0,3282,3606,-1,"96.92","98.8","NODE_5178_length_4904_cov_4.319866:hit:12911:3.2.0.0","TRINITY_DN6144_c0_g2_i1",1197,"NODE_5178_length_4904_cov_4.319866","est2genome",[[1,3393,3606,-1,"M207 I2 M6","NODE_5178_length_4904_cov_4.319866:hsp:44631:3.2.0.0",1197,"NODE_5178_length_4904_cov_4.319866","est2genome","TRINITY_DN6144_c0_g2_i1 39 253 -","match_part"],[1,3282,3319,-1,"M37","NODE_5178_length_4904_cov_4.319866:hsp:44632:3.2.0.0",1197,"NODE_5178_length_4904_cov_4.319866","est2genome","TRINITY_DN6144_c0_g2_i1 2 38 -","match_part"]],"260","expressed_sequence_match"]]}]],"urlTemplate":"lf-{Chunk}.json"}}