{"featureCount":13,"formatVersion":1,"histograms":{"meta":[{"arrayParams":{"chunkSize":10000,"length":3,"urlTemplate":"hist-2000-{Chunk}.json"},"basesPerBin":"2000"}],"stats":[{"basesPerBin":"2000","max":8,"mean":5}]},"intervals":{"classes":[{"attributes":["Start","End","Strand","Id","Name","Score","Seq_id","Source","Subfeatures","Target_length","Type"],"isArrayAttr":{"Subfeatures":1}},{"attributes":["Start","End","Strand","Gap","Id","Score","Seq_id","Source","Target","Type"],"isArrayAttr":{}},{"attributes":["Start","End","Chunk"],"isArrayAttr":{"Sublist":1}}],"count":13,"lazyClass":2,"maxEnd":5861,"minStart":385,"nclist":[[0,385,864,1,"NODE_2807_length_8596_cov_6.253513:hit:20677:3.2.0.0","TRINITY_DN7672_c0_g1_i2",76,"NODE_2807_length_8596_cov_6.253513","blastn",[[1,385,461,1,"M76","NODE_2807_length_8596_cov_6.253513:hsp:89074:3.2.0.0",76,"NODE_2807_length_8596_cov_6.253513","blastn","TRINITY_DN7672_c0_g1_i2 1 76 +","match_part"],[1,550,864,1,"M204 I2 M74 D1 M35","NODE_2807_length_8596_cov_6.253513:hsp:89075:3.2.0.0",270,"NODE_2807_length_8596_cov_6.253513","blastn","TRINITY_DN7672_c0_g1_i2 77 391 +","match_part"]],"391","expressed_sequence_match"],[0,385,864,1,"NODE_2807_length_8596_cov_6.253513:hit:20678:3.2.0.0","TRINITY_DN7672_c0_g1_i1",76,"NODE_2807_length_8596_cov_6.253513","blastn",[[1,385,461,1,"M76","NODE_2807_length_8596_cov_6.253513:hsp:89076:3.2.0.0",76,"NODE_2807_length_8596_cov_6.253513","blastn","TRINITY_DN7672_c0_g1_i1 1 76 +","match_part"],[1,550,864,1,"M204 I2 M74 D1 M35","NODE_2807_length_8596_cov_6.253513:hsp:89077:3.2.0.0",252,"NODE_2807_length_8596_cov_6.253513","blastn","TRINITY_DN7672_c0_g1_i1 77 391 +","match_part"]],"391","expressed_sequence_match"],[0,398,5861,-1,"NODE_2807_length_8596_cov_6.253513:hit:20679:3.2.0.0","TRINITY_DN1298_c1_g1_i3",559,"NODE_2807_length_8596_cov_6.253513","blastn",[[1,5260,5861,-1,"M601","NODE_2807_length_8596_cov_6.253513:hsp:89078:3.2.0.0",559,"NODE_2807_length_8596_cov_6.253513","blastn","TRINITY_DN1298_c1_g1_i3 2 602 +","match_part"],[1,4588,5203,-1,"M615","NODE_2807_length_8596_cov_6.253513:hsp:89079:3.2.0.0",615,"NODE_2807_length_8596_cov_6.253513","blastn","TRINITY_DN1298_c1_g1_i3 599 1213 +","match_part"],[1,3825,4474,-1,"M649","NODE_2807_length_8596_cov_6.253513:hsp:89080:3.2.0.0",637,"NODE_2807_length_8596_cov_6.253513","blastn","TRINITY_DN1298_c1_g1_i3 1213 1861 +","match_part"],[1,3514,3753,-1,"M239","NODE_2807_length_8596_cov_6.253513:hsp:89081:3.2.0.0",239,"NODE_2807_length_8596_cov_6.253513","blastn","TRINITY_DN1298_c1_g1_i3 1862 2100 +","match_part"],[1,2251,3433,-1,"M470 D1 M711","NODE_2807_length_8596_cov_6.253513:hsp:89082:3.2.0.0",1111,"NODE_2807_length_8596_cov_6.253513","blastn","TRINITY_DN1298_c1_g1_i3 2101 3281 +","match_part"],[1,2109,2181,-1,"M72","NODE_2807_length_8596_cov_6.253513:hsp:89083:3.2.0.0",66,"NODE_2807_length_8596_cov_6.253513","blastn","TRINITY_DN1298_c1_g1_i3 3280 3351 +","match_part"],[1,1767,2047,-1,"M280","NODE_2807_length_8596_cov_6.253513:hsp:89084:3.2.0.0",262,"NODE_2807_length_8596_cov_6.253513","blastn","TRINITY_DN1298_c1_g1_i3 3351 3630 +","match_part"],[1,1633,1701,-1,"M68","NODE_2807_length_8596_cov_6.253513:hsp:89085:3.2.0.0",62,"NODE_2807_length_8596_cov_6.253513","blastn","TRINITY_DN1298_c1_g1_i3 3629 3696 +","match_part"],[1,1502,1553,-1,"M51","NODE_2807_length_8596_cov_6.253513:hsp:89086:3.2.0.0",45,"NODE_2807_length_8596_cov_6.253513","blastn","TRINITY_DN1298_c1_g1_i3 3697 3747 +","match_part"],[1,1322,1425,-1,"M103","NODE_2807_length_8596_cov_6.253513:hsp:89087:3.2.0.0",103,"NODE_2807_length_8596_cov_6.253513","blastn","TRINITY_DN1298_c1_g1_i3 3748 3850 +","match_part"],[1,398,1256,-1,"M420 D1 M344 I4 M93","NODE_2807_length_8596_cov_6.253513:hsp:89088:3.2.0.0",672,"NODE_2807_length_8596_cov_6.253513","blastn","TRINITY_DN1298_c1_g1_i3 3850 4710 +","match_part"]],"5901","expressed_sequence_match",{"Sublist":[[0,3489,3723,-1,"NODE_2807_length_8596_cov_6.253513:hit:20680:3.2.0.0","TRINITY_DN9660_c0_g1_i1",192,"NODE_2807_length_8596_cov_6.253513","blastn",[[1,3489,3723,-1,"M234","NODE_2807_length_8596_cov_6.253513:hsp:89089:3.2.0.0",192,"NODE_2807_length_8596_cov_6.253513","blastn","TRINITY_DN9660_c0_g1_i1 5 238 +","match_part"]],"238","expressed_sequence_match"],[0,3552,3908,1,"NODE_2807_length_8596_cov_6.253513:hit:20681:3.2.0.0","TRINITY_DN10642_c0_g1_i1",83,"NODE_2807_length_8596_cov_6.253513","blastn",[[1,3552,3635,1,"M83","NODE_2807_length_8596_cov_6.253513:hsp:89090:3.2.0.0",83,"NODE_2807_length_8596_cov_6.253513","blastn","TRINITY_DN10642_c0_g1_i1 1 83 +","match_part"],[1,3758,3908,1,"M150","NODE_2807_length_8596_cov_6.253513:hsp:89091:3.2.0.0",150,"NODE_2807_length_8596_cov_6.253513","blastn","TRINITY_DN10642_c0_g1_i1 84 233 +","match_part"]],"233","expressed_sequence_match"],[0,3685,3923,1,"NODE_2807_length_8596_cov_6.253513:hit:20682:3.2.0.0","TRINITY_DN10642_c0_g2_i1",197,"NODE_2807_length_8596_cov_6.253513","blastn",[[1,3685,3923,1,"M215 D1 M22","NODE_2807_length_8596_cov_6.253513:hsp:89092:3.2.0.0",197,"NODE_2807_length_8596_cov_6.253513","blastn","TRINITY_DN10642_c0_g2_i1 1 237 +","match_part"]],"242","expressed_sequence_match"],[0,4166,4434,1,"NODE_2807_length_8596_cov_6.253513:hit:20683:3.2.0.0","TRINITY_DN6472_c0_g1_i1",208,"NODE_2807_length_8596_cov_6.253513","blastn",[[1,4166,4434,1,"M268","NODE_2807_length_8596_cov_6.253513:hsp:89093:3.2.0.0",208,"NODE_2807_length_8596_cov_6.253513","blastn","TRINITY_DN6472_c0_g1_i1 1 268 +","match_part"]],"268","expressed_sequence_match"],[0,4166,4434,1,"NODE_2807_length_8596_cov_6.253513:hit:20684:3.2.0.0","TRINITY_DN6472_c0_g1_i2",220,"NODE_2807_length_8596_cov_6.253513","blastn",[[1,4166,4434,1,"M268","NODE_2807_length_8596_cov_6.253513:hsp:89094:3.2.0.0",220,"NODE_2807_length_8596_cov_6.253513","blastn","TRINITY_DN6472_c0_g1_i2 1 268 +","match_part"]],"268","expressed_sequence_match"],[0,4769,5065,1,"NODE_2807_length_8596_cov_6.253513:hit:20685:3.2.0.0","TRINITY_DN7961_c0_g1_i1",190,"NODE_2807_length_8596_cov_6.253513","blastn",[[1,4769,5065,1,"M168 I7 M128","NODE_2807_length_8596_cov_6.253513:hsp:89095:3.2.0.0",190,"NODE_2807_length_8596_cov_6.253513","blastn","TRINITY_DN7961_c0_g1_i1 3 305 +","match_part"]],"305","expressed_sequence_match"],[0,4967,5564,-1,"NODE_2807_length_8596_cov_6.253513:hit:20686:3.2.0.0","TRINITY_DN10407_c0_g1_i3",118,"NODE_2807_length_8596_cov_6.253513","blastn",[[1,5260,5564,-1,"M66 I4 M136 D1 M101","NODE_2807_length_8596_cov_6.253513:hsp:89096:3.2.0.0",118,"NODE_2807_length_8596_cov_6.253513","blastn","TRINITY_DN10407_c0_g1_i3 8 314 +","match_part"],[1,4967,5006,-1,"M39","NODE_2807_length_8596_cov_6.253513:hsp:89097:3.2.0.0",39,"NODE_2807_length_8596_cov_6.253513","blastn","TRINITY_DN10407_c0_g1_i3 336 374 +","match_part"]],"408","expressed_sequence_match"],[0,5120,5564,-1,"NODE_2807_length_8596_cov_6.253513:hit:20687:3.2.0.0","TRINITY_DN10407_c0_g1_i4",118,"NODE_2807_length_8596_cov_6.253513","blastn",[[1,5260,5564,-1,"M66 I4 M136 D1 M101","NODE_2807_length_8596_cov_6.253513:hsp:89098:3.2.0.0",118,"NODE_2807_length_8596_cov_6.253513","blastn","TRINITY_DN10407_c0_g1_i4 8 314 +","match_part"],[1,5120,5203,-1,"M83","NODE_2807_length_8596_cov_6.253513:hsp:89099:3.2.0.0",83,"NODE_2807_length_8596_cov_6.253513","blastn","TRINITY_DN10407_c0_g1_i4 311 393 +","match_part"]],"393","expressed_sequence_match"],[0,5120,5564,-1,"NODE_2807_length_8596_cov_6.253513:hit:20688:3.2.0.0","TRINITY_DN10407_c0_g1_i1",240,"NODE_2807_length_8596_cov_6.253513","blastn",[[1,5120,5564,-1,"M66 I4 M136 D1 M241","NODE_2807_length_8596_cov_6.253513:hsp:89100:3.2.0.0",240,"NODE_2807_length_8596_cov_6.253513","blastn","TRINITY_DN10407_c0_g1_i1 8 454 +","match_part"]],