{"featureCount":1,"formatVersion":1,"histograms":{"meta":[{"arrayParams":{"chunkSize":10000,"length":1,"urlTemplate":"hist-20000-{Chunk}.json"},"basesPerBin":"20000"}],"stats":[{"basesPerBin":"20000","max":1,"mean":1}]},"intervals":{"classes":[{"attributes":["Start","End","Strand","Id","Name","Seq_id","Source","Subfeatures","Target_length","Type"],"isArrayAttr":{"Subfeatures":1}},{"attributes":["Start","End","Strand","Gap","Id","Seq_id","Source","Target","Type"],"isArrayAttr":{}},{"attributes":["Start","End","Strand","Id","Seq_id","Source","Target","Type"],"isArrayAttr":{}},{"attributes":["Start","End","Chunk"],"isArrayAttr":{"Sublist":1}}],"count":1,"lazyClass":3,"maxEnd":4231,"minStart":966,"nclist":[[0,966,4231,1,"NODE_5733_length_4337_cov_9.354869:hit:17839:4.5.0.0","genemark-NODE_5733_length_4337_cov_9.354869-abinit-gene-0.5-mRNA-1","NODE_5733_length_4337_cov_9.354869","genemark",[[1,966,2398,1,"M1432","NODE_5733_length_4337_cov_9.354869:hsp:61675:4.5.0.0","NODE_5733_length_4337_cov_9.354869","genemark","genemark-NODE_5733_length_4337_cov_9.354869-abinit-gene-0.5-mRNA-1 1 1432 +","match_part"],[1,2484,2722,1,"M238","NODE_5733_length_4337_cov_9.354869:hsp:61676:4.5.0.0","NODE_5733_length_4337_cov_9.354869","genemark","genemark-NODE_5733_length_4337_cov_9.354869-abinit-gene-0.5-mRNA-1 1433 1670 +","match_part"],[1,2808,3012,1,"M204","NODE_5733_length_4337_cov_9.354869:hsp:61677:4.5.0.0","NODE_5733_length_4337_cov_9.354869","genemark","genemark-NODE_5733_length_4337_cov_9.354869-abinit-gene-0.5-mRNA-1 1671 1874 +","match_part"],[1,3102,3228,1,"M126","NODE_5733_length_4337_cov_9.354869:hsp:61678:4.5.0.0","NODE_5733_length_4337_cov_9.354869","genemark","genemark-NODE_5733_length_4337_cov_9.354869-abinit-gene-0.5-mRNA-1 1875 2000 +","match_part"],[1,3302,3455,1,"M153","NODE_5733_length_4337_cov_9.354869:hsp:61679:4.5.0.0","NODE_5733_length_4337_cov_9.354869","genemark","genemark-NODE_5733_length_4337_cov_9.354869-abinit-gene-0.5-mRNA-1 2001 2153 +","match_part"],[1,3515,3635,1,"M120","NODE_5733_length_4337_cov_9.354869:hsp:61680:4.5.0.0","NODE_5733_length_4337_cov_9.354869","genemark","genemark-NODE_5733_length_4337_cov_9.354869-abinit-gene-0.5-mRNA-1 2154 2273 +","match_part"],[1,3734,3870,1,"M136","NODE_5733_length_4337_cov_9.354869:hsp:61681:4.5.0.0","NODE_5733_length_4337_cov_9.354869","genemark","genemark-NODE_5733_length_4337_cov_9.354869-abinit-gene-0.5-mRNA-1 2274 2409 +","match_part"],[1,3964,4231,1,"M267","NODE_5733_length_4337_cov_9.354869:hsp:61682:4.5.0.0","NODE_5733_length_4337_cov_9.354869","genemark","genemark-NODE_5733_length_4337_cov_9.354869-abinit-gene-0.5-mRNA-1 2410 2676 +","match_part"]],"4337","match"]],"urlTemplate":"lf-{Chunk}.json"}}