{"featureCount":3,"formatVersion":1,"histograms":{"meta":[{"arrayParams":{"chunkSize":10000,"length":1,"urlTemplate":"hist-10000-{Chunk}.json"},"basesPerBin":"10000"}],"stats":[{"basesPerBin":"10000","max":3,"mean":3}]},"intervals":{"classes":[{"attributes":["Start","End","Strand","Aligned_coverage","Aligned_identity","Id","Name","Score","Seq_id","Source","Subfeatures","Target_length","Type"],"isArrayAttr":{"Subfeatures":1}},{"attributes":["Start","End","Strand","Gap","Id","Score","Seq_id","Source","Target","Type"],"isArrayAttr":{}},{"attributes":["Start","End","Chunk"],"isArrayAttr":{"Sublist":1}}],"count":3,"lazyClass":2,"maxEnd":8077,"minStart":5529,"nclist":[[0,5529,8077,-1,"97.12","77","NODE_2996_length_8118_cov_7.486172:hit:24489:3.10.0.0","sp|P0CR38.1|SEC23_CRYNJ",2964,"NODE_2996_length_8118_cov_7.486172","protein2genome",[[1,7621,8077,-1,"M74 I1 M35 I1 M43","NODE_2996_length_8118_cov_7.486172:hsp:104371:3.10.0.0",2964,"NODE_2996_length_8118_cov_7.486172","protein2genome","sp|P0CR38.1|SEC23_CRYNJ 15 168","match_part"],[1,7235,7553,-1,"M52 D1 M53","NODE_2996_length_8118_cov_7.486172:hsp:104372:3.10.0.0",2964,"NODE_2996_length_8118_cov_7.486172","protein2genome","sp|P0CR38.1|SEC23_CRYNJ 169 273","match_part"],[1,6143,7120,-1,"F2 M325","NODE_2996_length_8118_cov_7.486172:hsp:104373:3.10.0.0",2964,"NODE_2996_length_8118_cov_7.486172","protein2genome","sp|P0CR38.1|SEC23_CRYNJ 274 598","match_part"],[1,5802,6070,-1,"M90 R2","NODE_2996_length_8118_cov_7.486172:hsp:104374:3.10.0.0",2964,"NODE_2996_length_8118_cov_7.486172","protein2genome","sp|P0CR38.1|SEC23_CRYNJ 599 688","match_part"],[1,5529,5730,-1,"M67","NODE_2996_length_8118_cov_7.486172:hsp:104375:3.10.0.0",2964,"NODE_2996_length_8118_cov_7.486172","protein2genome","sp|P0CR38.1|SEC23_CRYNJ 689 755","match_part"]],"763","protein_match"],[0,5529,8077,-1,"97.12","77","NODE_2996_length_8118_cov_7.486172:hit:24490:3.10.0.0","sp|P0CR39.1|SEC23_CRYNB",2964,"NODE_2996_length_8118_cov_7.486172","protein2genome",[[1,7621,8077,-1,"M74 I1 M35 I1 M43","NODE_2996_length_8118_cov_7.486172:hsp:104376:3.10.0.0",2964,"NODE_2996_length_8118_cov_7.486172","protein2genome","sp|P0CR39.1|SEC23_CRYNB 15 168","match_part"],[1,7235,7553,-1,"M52 D1 M53","NODE_2996_length_8118_cov_7.486172:hsp:104377:3.10.0.0",2964,"NODE_2996_length_8118_cov_7.486172","protein2genome","sp|P0CR39.1|SEC23_CRYNB 169 273","match_part"],[1,6143,7120,-1,"F2 M325","NODE_2996_length_8118_cov_7.486172:hsp:104378:3.10.0.0",2964,"NODE_2996_length_8118_cov_7.486172","protein2genome","sp|P0CR39.1|SEC23_CRYNB 274 598","match_part"],[1,5802,6070,-1,"M90 R2","NODE_2996_length_8118_cov_7.486172:hsp:104379:3.10.0.0",2964,"NODE_2996_length_8118_cov_7.486172","protein2genome","sp|P0CR39.1|SEC23_CRYNB 599 688","match_part"],[1,5529,5730,-1,"M67","NODE_2996_length_8118_cov_7.486172:hsp:104380:3.10.0.0",2964,"NODE_2996_length_8118_cov_7.486172","protein2genome","sp|P0CR39.1|SEC23_CRYNB 689 755","match_part"]],"763","protein_match",{"Sublist":[[0,5529,7460,-1,"72.32","77.3","NODE_2996_length_8118_cov_7.486172:hit:24488:3.10.0.0","sp|Q4PE39.1|SEC23_USTMA",2222,"NODE_2996_length_8118_cov_7.486172","protein2genome",[[1,7235,7460,-1,"M56 I2 M19","NODE_2996_length_8118_cov_7.486172:hsp:104367:3.10.0.0",2222,"NODE_2996_length_8118_cov_7.486172","protein2genome","sp|Q4PE39.1|SEC23_USTMA 207 283","match_part"],[1,6143,7120,-1,"F2 M325","NODE_2996_length_8118_cov_7.486172:hsp:104368:3.10.0.0",2222,"NODE_2996_length_8118_cov_7.486172","protein2genome","sp|Q4PE39.1|SEC23_USTMA 284 608","match_part"],[1,5802,6070,-1,"M90 R2","NODE_2996_length_8118_cov_7.486172:hsp:104369:3.10.0.0",2222,"NODE_2996_length_8118_cov_7.486172","protein2genome","sp|Q4PE39.1|SEC23_USTMA 609 698","match_part"],[1,5529,5730,-1,"M67","NODE_2996_length_8118_cov_7.486172:hsp:104370:3.10.0.0",2222,"NODE_2996_length_8118_cov_7.486172","protein2genome","sp|Q4PE39.1|SEC23_USTMA 699 765","match_part"]],"773","protein_match"]]}]],"urlTemplate":"lf-{Chunk}.json"}}