{"featureCount":2,"formatVersion":1,"histograms":{"meta":[{"arrayParams":{"chunkSize":10000,"length":1,"urlTemplate":"hist-20000-{Chunk}.json"},"basesPerBin":"20000"}],"stats":[{"basesPerBin":"20000","max":2,"mean":2}]},"intervals":{"classes":[{"attributes":["Start","End","Strand","Id","Name","Seq_id","Source","Subfeatures","Target_length","Type"],"isArrayAttr":{"Subfeatures":1}},{"attributes":["Start","End","Strand","Gap","Id","Seq_id","Source","Target","Type"],"isArrayAttr":{}},{"attributes":["Start","End","Strand","Id","Seq_id","Source","Target","Type"],"isArrayAttr":{}},{"attributes":["Start","End","Chunk"],"isArrayAttr":{"Sublist":1}}],"count":2,"lazyClass":3,"maxEnd":11857,"minStart":441,"nclist":[[0,441,6669,-1,"NODE_1502_length_14212_cov_3.714823:hit:105048:4.5.0.0","genemark-NODE_1502_length_14212_cov_3.714823-abinit-gene-0.9-mRNA-1","NODE_1502_length_14212_cov_3.714823","genemark",[[1,6390,6669,-1,"M279","NODE_1502_length_14212_cov_3.714823:hsp:526694:4.5.0.0","NODE_1502_length_14212_cov_3.714823","genemark","genemark-NODE_1502_length_14212_cov_3.714823-abinit-gene-0.9-mRNA-1 5482 5760 +","match_part"],[1,4774,6304,-1,"M1530","NODE_1502_length_14212_cov_3.714823:hsp:526695:4.5.0.0","NODE_1502_length_14212_cov_3.714823","genemark","genemark-NODE_1502_length_14212_cov_3.714823-abinit-gene-0.9-mRNA-1 3952 5481 +","match_part"],[1,4611,4621,-1,"M10","NODE_1502_length_14212_cov_3.714823:hsp:526696:4.5.0.0","NODE_1502_length_14212_cov_3.714823","genemark","genemark-NODE_1502_length_14212_cov_3.714823-abinit-gene-0.9-mRNA-1 3942 3951 +","match_part"],[1,1359,4565,-1,"M3206","NODE_1502_length_14212_cov_3.714823:hsp:526697:4.5.0.0","NODE_1502_length_14212_cov_3.714823","genemark","genemark-NODE_1502_length_14212_cov_3.714823-abinit-gene-0.9-mRNA-1 736 3941 +","match_part"],[1,961,1314,-1,"M353","NODE_1502_length_14212_cov_3.714823:hsp:526698:4.5.0.0","NODE_1502_length_14212_cov_3.714823","genemark","genemark-NODE_1502_length_14212_cov_3.714823-abinit-gene-0.9-mRNA-1 383 735 +","match_part"],[1,640,900,-1,"M260","NODE_1502_length_14212_cov_3.714823:hsp:526699:4.5.0.0","NODE_1502_length_14212_cov_3.714823","genemark","genemark-NODE_1502_length_14212_cov_3.714823-abinit-gene-0.9-mRNA-1 123 382 +","match_part"],[1,441,563,-1,"M122","NODE_1502_length_14212_cov_3.714823:hsp:526700:4.5.0.0","NODE_1502_length_14212_cov_3.714823","genemark","genemark-NODE_1502_length_14212_cov_3.714823-abinit-gene-0.9-mRNA-1 1 122 +","match_part"]],"14212","match"],[0,6720,11857,-1,"NODE_1502_length_14212_cov_3.714823:hit:105054:4.5.0.0","genemark-NODE_1502_length_14212_cov_3.714823-abinit-gene-0.10-mRNA-1","NODE_1502_length_14212_cov_3.714823","genemark",[[1,11613,11857,-1,"M244","NODE_1502_length_14212_cov_3.714823:hsp:526711:4.5.0.0","NODE_1502_length_14212_cov_3.714823","genemark","genemark-NODE_1502_length_14212_cov_3.714823-abinit-gene-0.10-mRNA-1 4425 4668 +","match_part"],[1,9795,11410,-1,"M1615","NODE_1502_length_14212_cov_3.714823:hsp:526712:4.5.0.0","NODE_1502_length_14212_cov_3.714823","genemark","genemark-NODE_1502_length_14212_cov_3.714823-abinit-gene-0.10-mRNA-1 2810 4424 +","match_part"],[1,7978,9605,-1,"M1627","NODE_1502_length_14212_cov_3.714823:hsp:526713:4.5.0.0","NODE_1502_length_14212_cov_3.714823","genemark","genemark-NODE_1502_length_14212_cov_3.714823-abinit-gene-0.10-mRNA-1 1183 2809 +","match_part"],[1,6720,7902,-1,"M1182","NODE_1502_length_14212_cov_3.714823:hsp:526714:4.5.0.0","NODE_1502_length_14212_cov_3.714823","genemark","genemark-NODE_1502_length_14212_cov_3.714823-abinit-gene-0.10-mRNA-1 1 1182 +","match_part"]],"14212","match"]],"urlTemplate":"lf-{Chunk}.json"}}