{"featureCount":10,"formatVersion":1,"histograms":{"meta":[{"arrayParams":{"chunkSize":10000,"length":4,"urlTemplate":"hist-500-{Chunk}.json"},"basesPerBin":"500"}],"stats":[{"basesPerBin":"500","max":10,"mean":4.25}]},"intervals":{"classes":[{"attributes":["Start","End","Strand","Aligned_coverage","Aligned_identity","Id","Name","Score","Seq_id","Source","Subfeatures","Target_length","Type"],"isArrayAttr":{"Subfeatures":1}},{"attributes":["Start","End","Strand","Gap","Id","Score","Seq_id","Source","Target","Type"],"isArrayAttr":{}},{"attributes":["Start","End","Chunk"],"isArrayAttr":{"Sublist":1}}],"count":10,"lazyClass":2,"maxEnd":1965,"minStart":973,"nclist":[[0,973,1512,1,"88.51","82.3","NODE_9807_length_1965_cov_2.774755:hit:8089:3.2.0.0","TRINITY_DN4064_c5_g1_i4",1779,"NODE_9807_length_1965_cov_2.774755","est2genome",[[1,973,1512,1,"M95 D1 M268 I2 M8 D2 M4 D1 M3 I4 M5 D2 M5 I3 M14 I2 M15 I3 M13 I2 M24 I1 M14 D2 M13 I1 M4 I1 M14 D3 M29","NODE_9807_length_1965_cov_2.774755:hsp:18931:3.2.0.0",1779,"NODE_9807_length_1965_cov_2.774755","est2genome","TRINITY_DN4064_c5_g1_i4 1 547 +","match_part"]],"618","expressed_sequence_match",{"Sublist":[[0,973,1381,1,"99.51","98.5","NODE_9807_length_1965_cov_2.774755:hit:8091:3.2.0.0","TRINITY_DN4064_c5_g1_i1",1985,"NODE_9807_length_1965_cov_2.774755","est2genome",[[1,973,1381,1,"M95 D1 M237 I3 M75","NODE_9807_length_1965_cov_2.774755:hsp:18933:3.2.0.0",1985,"NODE_9807_length_1965_cov_2.774755","est2genome","TRINITY_DN4064_c5_g1_i1 1 410 +","match_part"]],"412","expressed_sequence_match",{"Sublist":[[0,973,1324,1,"100","94.9","NODE_9807_length_1965_cov_2.774755:hit:8090:3.2.0.0","TRINITY_DN4064_c5_g1_i7",1594,"NODE_9807_length_1965_cov_2.774755","est2genome",[[1,973,1324,1,"M95 D1 M47 I2 M36 I3 M172","NODE_9807_length_1965_cov_2.774755:hsp:18932:3.2.0.0",1594,"NODE_9807_length_1965_cov_2.774755","est2genome","TRINITY_DN4064_c5_g1_i7 1 355 +","match_part"]],"355","expressed_sequence_match",{"Sublist":[[0,1018,1322,1,"100","94.2","NODE_9807_length_1965_cov_2.774755:hit:8092:3.2.0.0","TRINITY_DN5335_c0_g1_i4",1226,"NODE_9807_length_1965_cov_2.774755","est2genome",[[1,1018,1189,1,"M50 D1 M47 I3 M36 I3 M37","NODE_9807_length_1965_cov_2.774755:hsp:18934:3.2.0.0",1226,"NODE_9807_length_1965_cov_2.774755","est2genome","TRINITY_DN5335_c0_g1_i4 1 176 +","match_part"],[1,1209,1322,1,"M3 I1 M110","NODE_9807_length_1965_cov_2.774755:hsp:18935:3.2.0.0",1226,"NODE_9807_length_1965_cov_2.774755","est2genome","TRINITY_DN5335_c0_g1_i4 177 290 +","match_part"]],"290","expressed_sequence_match"],[0,1018,1322,1,"100","93.9","NODE_9807_length_1965_cov_2.774755:hit:8093:3.2.0.0","TRINITY_DN5335_c0_g1_i1",1357,"NODE_9807_length_1965_cov_2.774755","est2genome",[[1,1018,1322,1,"M50 D1 M48 I2 M35 I3 M34 I3 M136","NODE_9807_length_1965_cov_2.774755:hsp:18936:3.2.0.0",1357,"NODE_9807_length_1965_cov_2.774755","est2genome","TRINITY_DN5335_c0_g1_i1 1 311 +","match_part"]],"311","expressed_sequence_match"],[0,1018,1322,1,"100","95.2","NODE_9807_length_1965_cov_2.774755:hit:8094:3.2.0.0","TRINITY_DN5335_c0_g1_i2",1251,"NODE_9807_length_1965_cov_2.774755","est2genome",[[1,1018,1189,1,"M92 I1 M42 I3 M37","NODE_9807_length_1965_cov_2.774755:hsp:18937:3.2.0.0",1251,"NODE_9807_length_1965_cov_2.774755","est2genome","TRINITY_DN5335_c0_g1_i2 1 175 +","match_part"],[1,1209,1322,1,"M3 I1 M110","NODE_9807_length_1965_cov_2.774755:hsp:18938:3.2.0.0",1251,"NODE_9807_length_1965_cov_2.774755","est2genome","TRINITY_DN5335_c0_g1_i2 176 289 +","match_part"]],"289","expressed_sequence_match"],[0,1018,1322,1,"100","95.2","NODE_9807_length_1965_cov_2.774755:hit:8095:3.2.0.0","TRINITY_DN5335_c0_g1_i3",1391,"NODE_9807_length_1965_cov_2.774755","est2genome",[[1,1018,1322,1,"M99 I2 M35 I3 M51 I1 M119","NODE_9807_length_1965_cov_2.774755:hsp:18939:3.2.0.0",1391,"NODE_9807_length_1965_cov_2.774755","est2genome","TRINITY_DN5335_c0_g1_i3 1 310 +","match_part"]],"310","expressed_sequence_match"]]}]]}]]}],[0,1192,1912,-1,"98.7","96.5","NODE_9807_length_1965_cov_2.774755:hit:8096:3.2.0.0","TRINITY_DN1746_c0_g1_i8",2082,"NODE_9807_length_1965_cov_2.774755","est2genome",[[1,1811,1912,-1,"M101","NODE_9807_length_1965_cov_2.774755:hsp:18940:3.2.0.0",2082,"NODE_9807_length_1965_cov_2.774755","est2genome","TRINITY_DN1746_c0_g1_i8 362 462 -","match_part"],[1,1610,1717,-1,"M107","NODE_9807_length_1965_cov_2.774755:hsp:18941:3.2.0.0",2082,"NODE_9807_length_1965_cov_2.774755","est2genome","TRINITY_DN1746_c0_g1_i8 255 361 -","match_part"],[1,1469,1532,-1,"M63","NODE_9807_length_1965_cov_2.774755:hsp:18942:3.2.0.0",2082,"NODE_9807_length_1965_cov_2.774755","est2genome","TRINITY_DN1746_c0_g1_i8 192 254 -","match_part"],[1,1192,1379,-1,"M14 D2 M171","NODE_9807_length_1965_cov_2.774755:hsp:18943:3.2.0.0",2082,"NODE_9807_length_1965_cov_2.774755","est2genome","TRINITY_DN1746_c0_g1_i8 7 191 -","match_part"]],"462","expressed_sequence_match"],[0,1192,1912,-1,"98.91","95.6","NODE_9807_length_1965_cov_2.774755:hit:8097:3.2.0.0","TRINITY_DN1746_c0_g1_i4",2484,"NODE_9807_length_1965_cov_2.774755","est2genome",[[1,1811,1912,-1,"M101","NODE_9807_length_1965_cov_2.774755:hsp:18944:3.2.0.0",2484,"NODE_9807_length_1965_cov_2.774755","est2genome","TRINITY_DN1746_c0_g1_i4 452 552 -","match_part"],[1,1610,1717,-1,"M107","NODE_9807_length_1965_cov_2.774755:hsp:18945:3.2.0.0",2484,"NODE_9807_length_1965_cov_2.774755","est2genome","TRINITY_DN1746_c0_g1_i4 345 451 -","match_part"],[1,1192,1532,-1,"M14 D2 M324","NODE_9807_length_1965_cov_2.774755:hsp:18946:3.2.0.0",2484,"NODE_9807_length_1965_cov_2.774755","est2genome","TRINITY_DN1746_c0_g1_i4 7 344 -","match_part"]],"552","expressed_sequence_match"],[0,1368,1965,-1,"84.97","96.5","NODE_9807_length_1965_cov_2.774755:hit:8098:3.2.0.0","TRINITY_DN1746_c0_g1_i6",1950,"NODE_9807_length_1965_cov_2.774755","est2genome",[[1,1811,1965,-1,"M112 D1 M41","NODE_9807_length_1965_cov_2.774755:hsp:18947:3.2.0.0",1950,"NODE_9807_length_1965_cov_2.774755","est2genome","TRINITY_DN1746_c0_g1_i6 272 424 -","match_part"],[1,1610,1717,-1,"M107","NODE_9807_length_1965_cov_2.774755:hsp:18948:3.2.0.0",1950,"NODE_9807_length_1965_cov_2.774755","est2genome","TRINITY_DN1746_c0_g1_i6 165 271 -","match_part"],[1,1368,1532,-1,"M164","NODE_9807_length_1965_cov_2.774755:hsp:18949:3.2.0.0",1950,"NODE_9807_length_1965_cov_2.774755","est2genome","TRINITY_DN1746_c0_g1_i6 1 164 -","match_part"]],"499","expressed_sequence_match"]],"urlTemplate":"lf-{Chunk}.json"}}