{"featureCount":4,"formatVersion":1,"histograms":{"meta":[{"arrayParams":{"chunkSize":10000,"length":2,"urlTemplate":"hist-10000-{Chunk}.json"},"basesPerBin":"10000"}],"stats":[{"basesPerBin":"10000","max":3,"mean":2}]},"intervals":{"classes":[{"attributes":["Start","End","Strand","Id","Name","Seq_id","Source","Subfeatures","Target_length","Type"],"isArrayAttr":{"Subfeatures":1}},{"attributes":["Start","End","Strand","Gap","Id","Seq_id","Source","Target","Type"],"isArrayAttr":{}},{"attributes":["Start","End","Strand","Id","Seq_id","Source","Target","Type"],"isArrayAttr":{}},{"attributes":["Start","End","Chunk"],"isArrayAttr":{"Sublist":1}}],"count":4,"lazyClass":3,"maxEnd":12519,"minStart":1341,"nclist":[[0,1341,3110,-1,"NODE_1780_length_12530_cov_7.644308:hit:116021:4.5.0.0","genemark-NODE_1780_length_12530_cov_7.644308-abinit-gene-0.2-mRNA-1","NODE_1780_length_12530_cov_7.644308","genemark",[[1,3042,3110,-1,"M68","NODE_1780_length_12530_cov_7.644308:hsp:575893:4.5.0.0","NODE_1780_length_12530_cov_7.644308","genemark","genemark-NODE_1780_length_12530_cov_7.644308-abinit-gene-0.2-mRNA-1 1472 1539 +","match_part"],[1,2234,2967,-1,"M733","NODE_1780_length_12530_cov_7.644308:hsp:575894:4.5.0.0","NODE_1780_length_12530_cov_7.644308","genemark","genemark-NODE_1780_length_12530_cov_7.644308-abinit-gene-0.2-mRNA-1 739 1471 +","match_part"],[1,2051,2162,-1,"M111","NODE_1780_length_12530_cov_7.644308:hsp:575895:4.5.0.0","NODE_1780_length_12530_cov_7.644308","genemark","genemark-NODE_1780_length_12530_cov_7.644308-abinit-gene-0.2-mRNA-1 628 738 +","match_part"],[1,1341,1968,-1,"M627","NODE_1780_length_12530_cov_7.644308:hsp:575896:4.5.0.0","NODE_1780_length_12530_cov_7.644308","genemark","genemark-NODE_1780_length_12530_cov_7.644308-abinit-gene-0.2-mRNA-1 1 627 +","match_part"]],"12530","match"],[0,4076,7401,-1,"NODE_1780_length_12530_cov_7.644308:hit:116024:4.5.0.0","genemark-NODE_1780_length_12530_cov_7.644308-abinit-gene-0.3-mRNA-1","NODE_1780_length_12530_cov_7.644308","genemark",[[1,6755,7401,-1,"M646","NODE_1780_length_12530_cov_7.644308:hsp:575918:4.5.0.0","NODE_1780_length_12530_cov_7.644308","genemark","genemark-NODE_1780_length_12530_cov_7.644308-abinit-gene-0.3-mRNA-1 1686 2331 +","match_part"],[1,6125,6656,-1,"M531","NODE_1780_length_12530_cov_7.644308:hsp:575919:4.5.0.0","NODE_1780_length_12530_cov_7.644308","genemark","genemark-NODE_1780_length_12530_cov_7.644308-abinit-gene-0.3-mRNA-1 1155 1685 +","match_part"],[1,5978,6049,-1,"M71","NODE_1780_length_12530_cov_7.644308:hsp:575920:4.5.0.0","NODE_1780_length_12530_cov_7.644308","genemark","genemark-NODE_1780_length_12530_cov_7.644308-abinit-gene-0.3-mRNA-1 1084 1154 +","match_part"],[1,5842,5893,-1,"M51","NODE_1780_length_12530_cov_7.644308:hsp:575921:4.5.0.0","NODE_1780_length_12530_cov_7.644308","genemark","genemark-NODE_1780_length_12530_cov_7.644308-abinit-gene-0.3-mRNA-1 1033 1083 +","match_part"],[1,5561,5663,-1,"M102","NODE_1780_length_12530_cov_7.644308:hsp:575922:4.5.0.0","NODE_1780_length_12530_cov_7.644308","genemark","genemark-NODE_1780_length_12530_cov_7.644308-abinit-gene-0.3-mRNA-1 931 1032 +","match_part"],[1,5401,5474,-1,"M73","NODE_1780_length_12530_cov_7.644308:hsp:575923:4.5.0.0","NODE_1780_length_12530_cov_7.644308","genemark","genemark-NODE_1780_length_12530_cov_7.644308-abinit-gene-0.3-mRNA-1 858 930 +","match_part"],[1,4946,5310,-1,"M364","NODE_1780_length_12530_cov_7.644308:hsp:575924:4.5.0.0","NODE_1780_length_12530_cov_7.644308","genemark","genemark-NODE_1780_length_12530_cov_7.644308-abinit-gene-0.3-mRNA-1 494 857 +","match_part"],[1,4765,4867,-1,"M102","NODE_1780_length_12530_cov_7.644308:hsp:575925:4.5.0.0","NODE_1780_length_12530_cov_7.644308","genemark","genemark-NODE_1780_length_12530_cov_7.644308-abinit-gene-0.3-mRNA-1 392 493 +","match_part"],[1,4517,4626,-1,"M109","NODE_1780_length_12530_cov_7.644308:hsp:575926:4.5.0.0","NODE_1780_length_12530_cov_7.644308","genemark","genemark-NODE_1780_length_12530_cov_7.644308-abinit-gene-0.3-mRNA-1 283 391 +","match_part"],[1,4208,4438,-1,"M230","NODE_1780_length_12530_cov_7.644308:hsp:575927:4.5.0.0","NODE_1780_length_12530_cov_7.644308","genemark","genemark-NODE_1780_length_12530_cov_7.644308-abinit-gene-0.3-mRNA-1 53 282 +","match_part"],[1,4076,4128,-1,"M52","NODE_1780_length_12530_cov_7.644308:hsp:575928:4.5.0.0","NODE_1780_length_12530_cov_7.644308","genemark","genemark-NODE_1780_length_12530_cov_7.644308-abinit-gene-0.3-mRNA-1 1 52 +","match_part"]],"12530","match"],[0,7827,9927,1,"NODE_1780_length_12530_cov_7.644308:hit:116026:4.5.0.0","genemark-NODE_1780_length_12530_cov_7.644308-abinit-gene-0.0-mRNA-1","NODE_1780_length_12530_cov_7.644308","genemark",[[1,7827,7880,1,"M53","NODE_1780_length_12530_cov_7.644308:hsp:575932:4.5.0.0","NODE_1780_length_12530_cov_7.644308","genemark","genemark-NODE_1780_length_12530_cov_7.644308-abinit-gene-0.0-mRNA-1 1 53 +","match_part"],[1,8529,9234,1,"M705","NODE_1780_length_12530_cov_7.644308:hsp:575933:4.5.0.0","NODE_1780_length_12530_cov_7.644308","genemark","genemark-NODE_1780_length_12530_cov_7.644308-abinit-gene-0.0-mRNA-1 54 758 +","match_part"],[1,9329,9927,1,"M598","NODE_1780_length_12530_cov_7.644308:hsp:575934:4.5.0.0","NODE_1780_length_12530_cov_7.644308","genemark","genemark-NODE_1780_length_12530_cov_7.644308-abinit-gene-0.0-mRNA-1 759 1356 +","match_part"]],"12530","match"],[0,10730,12519,1,"NODE_1780_length_12530_cov_7.644308:hit:116030:4.5.0.0","genemark-NODE_1780_length_12530_cov_7.644308-abinit-gene-0.1-mRNA-1","NODE_1780_length_12530_cov_7.644308","genemark",[[1,10730,11205,1,"M475","NODE_1780_length_12530_cov_7.644308:hsp:575944:4.5.0.0","NODE_1780_length_12530_cov_7.644308","genemark","genemark-NODE_1780_length_12530_cov_7.644308-abinit-gene-0.1-mRNA-1 1 475 +","match_part"],[1,11314,11452,1,"M138","NODE_1780_length_12530_cov_7.644308:hsp:575945:4.5.0.0","NODE_1780_length_12530_cov_7.644308","genemark","genemark-NODE_1780_length_12530_cov_7.644308-abinit-gene-0.1-mRNA-1 476 613 +","match_part"],[1,11494,12519,1,"M1025","NODE_1780_length_12530_cov_7.644308:hsp:575946:4.5.0.0","NODE_1780_length_12530_cov_7.644308","genemark","genemark-NODE_1780_length_12530_cov_7.644308-abinit-gene-0.1-mRNA-1 614 1638 +","match_part"]],"12530","match"]],"urlTemplate":"lf-{Chunk}.json"}}