{"featureCount":15,"formatVersion":1,"histograms":{"meta":[{"arrayParams":{"chunkSize":10000,"length":6,"urlTemplate":"hist-1000-{Chunk}.json"},"basesPerBin":"1000"}],"stats":[{"basesPerBin":"1000","max":6,"mean":4.5}]},"intervals":{"classes":[{"attributes":["Start","End","Strand","Aligned_coverage","Aligned_identity","Id","Name","Score","Seq_id","Source","Subfeatures","Target_length","Type"],"isArrayAttr":{"Subfeatures":1}},{"attributes":["Start","End","Strand","Gap","Id","Score","Seq_id","Source","Target","Type"],"isArrayAttr":{}},{"attributes":["Start","End","Chunk"],"isArrayAttr":{"Sublist":1}}],"count":15,"lazyClass":2,"maxEnd":5282,"minStart":85,"nclist":[[0,85,678,-1,"93.69","90.7","NODE_4235_length_5955_cov_7.905456:hit:2651:3.2.0.0","TRINITY_DN23183_c0_g1_i1",1657,"NODE_4235_length_5955_cov_7.905456","est2genome",[[1,567,678,-1,"M82 I2 M2 I6 M16 D2 M9","NODE_4235_length_5955_cov_7.905456:hsp:9639:3.2.0.0",1657,"NODE_4235_length_5955_cov_7.905456","est2genome","TRINITY_DN23183_c0_g1_i1 2 118 +","match_part"],[1,85,382,-1,"D1 M257 I1 M13 I1 M4 I2 M2 I1 M10 D2 M8","NODE_4235_length_5955_cov_7.905456:hsp:9640:3.2.0.0",1657,"NODE_4235_length_5955_cov_7.905456","est2genome","TRINITY_DN23183_c0_g1_i1 119 417 +","match_part"]],"444","expressed_sequence_match"],[0,970,2937,-1,"100","99","NODE_4235_length_5955_cov_7.905456:hit:2653:3.2.0.0","TRINITY_DN4875_c0_g1_i2",7658,"NODE_4235_length_5955_cov_7.905456","est2genome",[[1,2692,2937,-1,"M245","NODE_4235_length_5955_cov_7.905456:hsp:9645:3.2.0.0",7658,"NODE_4235_length_5955_cov_7.905456","est2genome","TRINITY_DN4875_c0_g1_i2 1 245 +","match_part"],[1,2324,2573,-1,"M249","NODE_4235_length_5955_cov_7.905456:hsp:9646:3.2.0.0",7658,"NODE_4235_length_5955_cov_7.905456","est2genome","TRINITY_DN4875_c0_g1_i2 246 494 +","match_part"],[1,1958,2208,-1,"M250","NODE_4235_length_5955_cov_7.905456:hsp:9647:3.2.0.0",7658,"NODE_4235_length_5955_cov_7.905456","est2genome","TRINITY_DN4875_c0_g1_i2 495 744 +","match_part"],[1,1643,1873,-1,"M230","NODE_4235_length_5955_cov_7.905456:hsp:9648:3.2.0.0",7658,"NODE_4235_length_5955_cov_7.905456","est2genome","TRINITY_DN4875_c0_g1_i2 745 974 +","match_part"],[1,970,1571,-1,"M601","NODE_4235_length_5955_cov_7.905456:hsp:9649:3.2.0.0",7658,"NODE_4235_length_5955_cov_7.905456","est2genome","TRINITY_DN4875_c0_g1_i2 975 1575 +","match_part"]],"1575","expressed_sequence_match"],[0,970,2937,-1,"100","98.8","NODE_4235_length_5955_cov_7.905456:hit:2654:3.2.0.0","TRINITY_DN4875_c0_g1_i3",7622,"NODE_4235_length_5955_cov_7.905456","est2genome",[[1,2692,2937,-1,"M245","NODE_4235_length_5955_cov_7.905456:hsp:9650:3.2.0.0",7622,"NODE_4235_length_5955_cov_7.905456","est2genome","TRINITY_DN4875_c0_g1_i3 1 245 +","match_part"],[1,2324,2573,-1,"M249","NODE_4235_length_5955_cov_7.905456:hsp:9651:3.2.0.0",7622,"NODE_4235_length_5955_cov_7.905456","est2genome","TRINITY_DN4875_c0_g1_i3 246 494 +","match_part"],[1,1958,2208,-1,"M250","NODE_4235_length_5955_cov_7.905456:hsp:9652:3.2.0.0",7622,"NODE_4235_length_5955_cov_7.905456","est2genome","TRINITY_DN4875_c0_g1_i3 495 744 +","match_part"],[1,1643,1873,-1,"M230","NODE_4235_length_5955_cov_7.905456:hsp:9653:3.2.0.0",7622,"NODE_4235_length_5955_cov_7.905456","est2genome","TRINITY_DN4875_c0_g1_i3 745 974 +","match_part"],[1,970,1571,-1,"M601","NODE_4235_length_5955_cov_7.905456:hsp:9654:3.2.0.0",7622,"NODE_4235_length_5955_cov_7.905456","est2genome","TRINITY_DN4875_c0_g1_i3 975 1575 +","match_part"]],"1575","expressed_sequence_match",{"Sublist":[[0,970,2669,-1,"99.72","97.8","NODE_4235_length_5955_cov_7.905456:hit:2652:3.2.0.0","TRINITY_DN4875_c0_g1_i1",6788,"NODE_4235_length_5955_cov_7.905456","est2genome",[[1,2324,2669,-1,"M20 I1 M51 I1 M274","NODE_4235_length_5955_cov_7.905456:hsp:9641:3.2.0.0",6788,"NODE_4235_length_5955_cov_7.905456","est2genome","TRINITY_DN4875_c0_g1_i1 5 351 +","match_part"],[1,1958,2208,-1,"M250","NODE_4235_length_5955_cov_7.905456:hsp:9642:3.2.0.0",6788,"NODE_4235_length_5955_cov_7.905456","est2genome","TRINITY_DN4875_c0_g1_i1 352 601 +","match_part"],[1,1643,1873,-1,"M230","NODE_4235_length_5955_cov_7.905456:hsp:9643:3.2.0.0",6788,"NODE_4235_length_5955_cov_7.905456","est2genome","TRINITY_DN4875_c0_g1_i1 602 831 +","match_part"],[1,970,1571,-1,"M363 I2 M238","NODE_4235_length_5955_cov_7.905456:hsp:9644:3.2.0.0",6788,"NODE_4235_length_5955_cov_7.905456","est2genome","TRINITY_DN4875_c0_g1_i1 832 1434 +","match_part"]],"1434","expressed_sequence_match",{"Sublist":[[0,1213,1974,-1,"100","96.6","NODE_4235_length_5955_cov_7.905456:hit:2655:3.2.0.0","TRINITY_DN4875_c0_g1_i4",3238,"NODE_4235_length_5955_cov_7.905456","est2genome",[[1,1643,1974,-1,"M23 I7 M7 I1 M51 D2 M248","NODE_4235_length_5955_cov_7.905456:hsp:9655:3.2.0.0",3238,"NODE_4235_length_5955_cov_7.905456","est2genome","TRINITY_DN4875_c0_g1_i4 1 337 +","match_part"],[1,1213,1571,-1,"M358","NODE_4235_length_5955_cov_7.905456:hsp:9656:3.2.0.0",3238,"NODE_4235_length_5955_cov_7.905456","est2genome","TRINITY_DN4875_c0_g1_i4 338 695 +","match_part"]],"695","expressed_sequence_match"],[0,1308,1981,-1,"100","97.7","NODE_4235_length_5955_cov_7.905456:hit:2656:3.2.0.0","TRINITY_DN4875_c0_g1_i6",2864,"NODE_4235_length_5955_cov_7.905456","est2genome",[[1,1643,1981,-1,"M88 D2 M248","NODE_4235_length_5955_cov_7.905456:hsp:9657:3.2.0.0",2864,"NODE_4235_length_5955_cov_7.905456","est2genome","TRINITY_DN4875_c0_g1_i6 1 336 +","match_part"],[1,1308,1571,-1,"M263","NODE_4235_length_5955_cov_7.905456:hsp:9658:3.2.0.0",2864,"NODE_4235_length_5955_cov_7.905456","est2genome","TRINITY_DN4875_c0_g1_i6 337 599 +","match_part"]],"599","expressed_sequence_match"]]}]]}],[0,1364,2937,-1,"100","99.5","NODE_4235_length_5955_cov_7.905456:hit:2657:3.2.0.0","TRINITY_DN4875_c0_g1_i5",6136,"NODE_4235_length_5955_cov_7.905456","est2genome",[[1,2692,2937,-1,"M245","NODE_4235_length_5955_cov_7.905456:hsp:9659:3.2.0.0",6136,"NODE_4235_length_5955_cov_7.905456","est2genome","TRINITY_DN4875_c0_g1_i5 1 245 +","match_part"],[1,2324,2573,-1,"M249","NODE_4235_length_5955_cov_7.905456:hsp:9660:3.2.0.0",6136,"NODE_4235_length_5955_cov_7.905456","est2genome","TRINITY_DN4875_c0_g1_i5 246 494 +","match_part"],[1,1958,2208,-1,"M250","NODE_4235_length_5955_cov_7.905456:hsp:9661:3.2.0.0",6136,"NODE_4235_length_5955_cov_7.905456","est2genome","TRINITY_DN4875_c0_g1_i5 495 744 +","match_part"],[1,1364,1873,-1,"M509","NODE_4235_length_5955_cov_7.905456:hsp:9662:3.2.0.0",6136,"NODE_4235_length_5955_cov_7.905456","est2genome","TRINITY_DN4875_c0_g1_i5 745 1253 +","match_part"]],"1253","expressed_sequence_match"],[0,2994,3997,1,"100","98.7","NODE_4235_length_5955_cov_7.905456:hit:2658:3.2.0.0","TRINITY_DN3485_c0_g1_i6",3755,"NODE_4235_length_5955_cov_7.905456","est2genome",[[1,2994,3396,1,"M126 I3 M2 I1 M226 I2 M48","NODE_4235_length_5955_cov_7.905456:hsp:9663:3.2.0.0",3755,"NODE_4235_length_5955_cov_7.905456","est2genome","TRINITY_DN3485_c0_g1_i6 386 793 -","match_part"],[1,3517,3801,1,"M284","NODE_4235_length_5955_cov_7.905456:hsp:9664:3.2.0.0",3755,"NODE_4235_length_5955_cov_7.905456","est2genome","TRINITY_DN3485_c0_g1_i6 102 385 -","match_part"],[1,3896,3997,1,"M101","NODE_4235_length_5955_cov_7.905456:hsp:9665:3.2.0.0",3755,"NODE_4235_length_5955_cov_7.905456","est2genome","TRINITY_DN3485_c0_g1_i6 1 101 -","match_part"]],"793","expressed_sequence_match",{"Sublist":[[0,3091,3302,1,"97.69","94.3","NODE_4235_length_5955_cov_7.905456:hit:2659:3.2.0.0","TRINITY_DN10036_c0_g1_i1",907,"NODE_4235_length_5955_cov_7.905456","est2genome",[[1,3091,3302,1,"M32 I3 M2 I1 M94 D4 M79","NODE_4235_length_5955_cov_7.905456:hsp:9666:3.2.0.0",907,"NODE_4235_length_5955_cov_7.905456","est2genome","TRINITY_DN10036_c0_g1_i1 1 211 -","match_part"]],