{"featureCount":5,"formatVersion":1,"histograms":{"meta":[{"arrayParams":{"chunkSize":10000,"length":2,"urlTemplate":"hist-20000-{Chunk}.json"},"basesPerBin":"20000"}],"stats":[{"basesPerBin":"20000","max":5,"mean":3}]},"intervals":{"classes":[{"attributes":["Start","End","Strand","Id","Name","Score","Seq_id","Source","Subfeatures","Target_length","Type"],"isArrayAttr":{"Subfeatures":1}},{"attributes":["Start","End","Strand","Gap","Id","Score","Seq_id","Source","Target","Type"],"isArrayAttr":{}},{"attributes":["Start","End","Chunk"],"isArrayAttr":{"Sublist":1}}],"count":5,"lazyClass":2,"maxEnd":21639,"minStart":1694,"nclist":[[0,1694,1990,1,"NODE_576_length_24010_cov_7.465687:hit:55835:4.5.0.0","augustus-NODE_576_length_24010_cov_7.465687-abinit-gene-0.0-mRNA-1",0.41,"NODE_576_length_24010_cov_7.465687","augustus",[[1,1694,1876,1,"M182","NODE_576_length_24010_cov_7.465687:hsp:289629:4.5.0.0",0.41,"NODE_576_length_24010_cov_7.465687","augustus","augustus-NODE_576_length_24010_cov_7.465687-abinit-gene-0.0-mRNA-1 1 182 +","match_part"],[1,1968,1990,1,"M22","NODE_576_length_24010_cov_7.465687:hsp:289630:4.5.0.0",0.41,"NODE_576_length_24010_cov_7.465687","augustus","augustus-NODE_576_length_24010_cov_7.465687-abinit-gene-0.0-mRNA-1 183 204 +","match_part"]],"24010","match"],[0,7263,9316,-1,"NODE_576_length_24010_cov_7.465687:hit:55836:4.5.0.0","augustus-NODE_576_length_24010_cov_7.465687-abinit-gene-0.2-mRNA-1",0.79,"NODE_576_length_24010_cov_7.465687","augustus",[[1,8432,9316,-1,"M884","NODE_576_length_24010_cov_7.465687:hsp:289631:4.5.0.0",0.79,"NODE_576_length_24010_cov_7.465687","augustus","augustus-NODE_576_length_24010_cov_7.465687-abinit-gene-0.2-mRNA-1 872 1755 +","match_part"],[1,8235,8362,-1,"M127","NODE_576_length_24010_cov_7.465687:hsp:289632:4.5.0.0",0.79,"NODE_576_length_24010_cov_7.465687","augustus","augustus-NODE_576_length_24010_cov_7.465687-abinit-gene-0.2-mRNA-1 745 871 +","match_part"],[1,8026,8161,-1,"M135","NODE_576_length_24010_cov_7.465687:hsp:289633:4.5.0.0",0.79,"NODE_576_length_24010_cov_7.465687","augustus","augustus-NODE_576_length_24010_cov_7.465687-abinit-gene-0.2-mRNA-1 610 744 +","match_part"],[1,7820,7948,-1,"M128","NODE_576_length_24010_cov_7.465687:hsp:289634:4.5.0.0",0.79,"NODE_576_length_24010_cov_7.465687","augustus","augustus-NODE_576_length_24010_cov_7.465687-abinit-gene-0.2-mRNA-1 482 609 +","match_part"],[1,7263,7744,-1,"M481","NODE_576_length_24010_cov_7.465687:hsp:289635:4.5.0.0",0.79,"NODE_576_length_24010_cov_7.465687","augustus","augustus-NODE_576_length_24010_cov_7.465687-abinit-gene-0.2-mRNA-1 1 481 +","match_part"]],"24010","match"],[0,10845,13397,1,"NODE_576_length_24010_cov_7.465687:hit:55840:4.5.0.0","augustus-NODE_576_length_24010_cov_7.465687-abinit-gene-0.1-mRNA-1",0.3,"NODE_576_length_24010_cov_7.465687","augustus",[[1,10845,11268,1,"M423","NODE_576_length_24010_cov_7.465687:hsp:289651:4.5.0.0",0.3,"NODE_576_length_24010_cov_7.465687","augustus","augustus-NODE_576_length_24010_cov_7.465687-abinit-gene-0.1-mRNA-1 1 423 +","match_part"],[1,11343,11454,1,"M111","NODE_576_length_24010_cov_7.465687:hsp:289652:4.5.0.0",0.3,"NODE_576_length_24010_cov_7.465687","augustus","augustus-NODE_576_length_24010_cov_7.465687-abinit-gene-0.1-mRNA-1 424 534 +","match_part"],[1,11838,12455,1,"M617","NODE_576_length_24010_cov_7.465687:hsp:289653:4.5.0.0",0.3,"NODE_576_length_24010_cov_7.465687","augustus","augustus-NODE_576_length_24010_cov_7.465687-abinit-gene-0.1-mRNA-1 535 1151 +","match_part"],[1,12541,13397,1,"M856","NODE_576_length_24010_cov_7.465687:hsp:289654:4.5.0.0",0.3,"NODE_576_length_24010_cov_7.465687","augustus","augustus-NODE_576_length_24010_cov_7.465687-abinit-gene-0.1-mRNA-1 1152 2007 +","match_part"]],"24010","match"],[0,13400,16403,-1,"NODE_576_length_24010_cov_7.465687:hit:55844:4.5.0.0","augustus-NODE_576_length_24010_cov_7.465687-abinit-gene-0.3-mRNA-1",0.2,"NODE_576_length_24010_cov_7.465687","augustus",[[1,16079,16403,-1,"M324","NODE_576_length_24010_cov_7.465687:hsp:289669:4.5.0.0",0.2,"NODE_576_length_24010_cov_7.465687","augustus","augustus-NODE_576_length_24010_cov_7.465687-abinit-gene-0.3-mRNA-1 2299 2622 +","match_part"],[1,15627,15996,-1,"M369","NODE_576_length_24010_cov_7.465687:hsp:289670:4.5.0.0",0.2,"NODE_576_length_24010_cov_7.465687","augustus","augustus-NODE_576_length_24010_cov_7.465687-abinit-gene-0.3-mRNA-1 1930 2298 +","match_part"],[1,14510,15550,-1,"M1040","NODE_576_length_24010_cov_7.465687:hsp:289671:4.5.0.0",0.2,"NODE_576_length_24010_cov_7.465687","augustus","augustus-NODE_576_length_24010_cov_7.465687-abinit-gene-0.3-mRNA-1 890 1929 +","match_part"],[1,13955,14424,-1,"M469","NODE_576_length_24010_cov_7.465687:hsp:289672:4.5.0.0",0.2,"NODE_576_length_24010_cov_7.465687","augustus","augustus-NODE_576_length_24010_cov_7.465687-abinit-gene-0.3-mRNA-1 421 889 +","match_part"],[1,13833,13890,-1,"M57","NODE_576_length_24010_cov_7.465687:hsp:289673:4.5.0.0",0.2,"NODE_576_length_24010_cov_7.465687","augustus","augustus-NODE_576_length_24010_cov_7.465687-abinit-gene-0.3-mRNA-1 364 420 +","match_part"],[1,13400,13763,-1,"M363","NODE_576_length_24010_cov_7.465687:hsp:289674:4.5.0.0",0.2,"NODE_576_length_24010_cov_7.465687","augustus","augustus-NODE_576_length_24010_cov_7.465687-abinit-gene-0.3-mRNA-1 1 363 +","match_part"]],"24010","match"],[0,17121,21639,-1,"NODE_576_length_24010_cov_7.465687:hit:55846:4.5.0.0","augustus-NODE_576_length_24010_cov_7.465687-abinit-gene-0.4-mRNA-1",0.52,"NODE_576_length_24010_cov_7.465687","augustus",[[1,17121,21639,-1,"M4518","NODE_576_length_24010_cov_7.465687:hsp:289681:4.5.0.0",0.52,"NODE_576_length_24010_cov_7.465687","augustus","augustus-NODE_576_length_24010_cov_7.465687-abinit-gene-0.4-mRNA-1 1 4518 +","match_part"]],"24010","match"]],"urlTemplate":"lf-{Chunk}.json"}}