{"featureCount":24,"formatVersion":1,"histograms":{"meta":[{"arrayParams":{"chunkSize":10000,"length":8,"urlTemplate":"hist-2000-{Chunk}.json"},"basesPerBin":"2000"}],"stats":[{"basesPerBin":"2000","max":13,"mean":5.875}]},"intervals":{"classes":[{"attributes":["Start","End","Strand","Aligned_coverage","Aligned_identity","Id","Name","Score","Seq_id","Source","Subfeatures","Target_length","Type"],"isArrayAttr":{"Subfeatures":1}},{"attributes":["Start","End","Strand","Gap","Id","Score","Seq_id","Source","Target","Type"],"isArrayAttr":{}},{"attributes":["Start","End","Chunk"],"isArrayAttr":{"Sublist":1}}],"count":24,"lazyClass":2,"maxEnd":14129,"minStart":1113,"nclist":[[0,1113,6923,1,"100","98.5","NODE_1516_length_14139_cov_7.927063:hit:105585:3.2.0.0","TRINITY_DN2240_c0_g1_i8",26776,"NODE_1516_length_14139_cov_7.927063","est2genome",[[1,1113,2259,1,"M443 I1 M12 I1 M320 D1 M6 I4 M3 I8 M361","NODE_1516_length_14139_cov_7.927063:hsp:529332:3.2.0.0",26776,"NODE_1516_length_14139_cov_7.927063","est2genome","TRINITY_DN2240_c0_g1_i8 4396 5554 -","match_part"],[1,2324,5169,1,"M2845","NODE_1516_length_14139_cov_7.927063:hsp:529333:3.2.0.0",26776,"NODE_1516_length_14139_cov_7.927063","est2genome","TRINITY_DN2240_c0_g1_i8 1551 4395 -","match_part"],[1,5294,5747,1,"M453","NODE_1516_length_14139_cov_7.927063:hsp:529334:3.2.0.0",26776,"NODE_1516_length_14139_cov_7.927063","est2genome","TRINITY_DN2240_c0_g1_i8 1098 1550 -","match_part"],[1,5831,6923,1,"M63 I5 M1029","NODE_1516_length_14139_cov_7.927063:hsp:529335:3.2.0.0",26776,"NODE_1516_length_14139_cov_7.927063","est2genome","TRINITY_DN2240_c0_g1_i8 1 1097 -","match_part"]],"5554","expressed_sequence_match"],[0,1113,6923,1,"100","98.6","NODE_1516_length_14139_cov_7.927063:hit:105586:3.2.0.0","TRINITY_DN2240_c0_g1_i7",24806,"NODE_1516_length_14139_cov_7.927063","est2genome",[[1,1113,1752,1,"M268 D1 M6 I4 M3 I8 M361","NODE_1516_length_14139_cov_7.927063:hsp:529336:3.2.0.0",24806,"NODE_1516_length_14139_cov_7.927063","est2genome","TRINITY_DN2240_c0_g1_i7 4494 5143 -","match_part"],[1,2161,2259,1,"M98","NODE_1516_length_14139_cov_7.927063:hsp:529337:3.2.0.0",24806,"NODE_1516_length_14139_cov_7.927063","est2genome","TRINITY_DN2240_c0_g1_i7 4396 4493 -","match_part"],[1,2324,5169,1,"M2845","NODE_1516_length_14139_cov_7.927063:hsp:529338:3.2.0.0",24806,"NODE_1516_length_14139_cov_7.927063","est2genome","TRINITY_DN2240_c0_g1_i7 1551 4395 -","match_part"],[1,5294,5747,1,"M453","NODE_1516_length_14139_cov_7.927063:hsp:529339:3.2.0.0",24806,"NODE_1516_length_14139_cov_7.927063","est2genome","TRINITY_DN2240_c0_g1_i7 1098 1550 -","match_part"],[1,5831,6923,1,"M63 I5 M1029","NODE_1516_length_14139_cov_7.927063:hsp:529340:3.2.0.0",24806,"NODE_1516_length_14139_cov_7.927063","est2genome","TRINITY_DN2240_c0_g1_i7 1 1097 -","match_part"]],"5143","expressed_sequence_match"],[0,2161,6923,1,"100","98.2","NODE_1516_length_14139_cov_7.927063:hit:105587:3.2.0.0","TRINITY_DN2240_c0_g1_i10",21650,"NODE_1516_length_14139_cov_7.927063","est2genome",[[1,2161,2259,1,"M98","NODE_1516_length_14139_cov_7.927063:hsp:529341:3.2.0.0",21650,"NODE_1516_length_14139_cov_7.927063","est2genome","TRINITY_DN2240_c0_g1_i10 4396 4493 -","match_part"],[1,2324,5169,1,"M2845","NODE_1516_length_14139_cov_7.927063:hsp:529342:3.2.0.0",21650,"NODE_1516_length_14139_cov_7.927063","est2genome","TRINITY_DN2240_c0_g1_i10 1551 4395 -","match_part"],[1,5294,5747,1,"M453","NODE_1516_length_14139_cov_7.927063:hsp:529343:3.2.0.0",21650,"NODE_1516_length_14139_cov_7.927063","est2genome","TRINITY_DN2240_c0_g1_i10 1098 1550 -","match_part"],[1,5831,6923,1,"M63 I5 M1029","NODE_1516_length_14139_cov_7.927063:hsp:529344:3.2.0.0",21650,"NODE_1516_length_14139_cov_7.927063","est2genome","TRINITY_DN2240_c0_g1_i10 1 1097 -","match_part"]],"4493","expressed_sequence_match"],[0,2161,6923,1,"100","98.6","NODE_1516_length_14139_cov_7.927063:hit:105588:3.2.0.0","TRINITY_DN2240_c0_g1_i4",21785,"NODE_1516_length_14139_cov_7.927063","est2genome",[[1,2161,2259,1,"M98","NODE_1516_length_14139_cov_7.927063:hsp:529345:3.2.0.0",21785,"NODE_1516_length_14139_cov_7.927063","est2genome","TRINITY_DN2240_c0_g1_i4 4396 4493 -","match_part"],[1,2324,5169,1,"M2845","NODE_1516_length_14139_cov_7.927063:hsp:529346:3.2.0.0",21785,"NODE_1516_length_14139_cov_7.927063","est2genome","TRINITY_DN2240_c0_g1_i4 1551 4395 -","match_part"],[1,5294,5747,1,"M453","NODE_1516_length_14139_cov_7.927063:hsp:529347:3.2.0.0",21785,"NODE_1516_length_14139_cov_7.927063","est2genome","TRINITY_DN2240_c0_g1_i4 1098 1550 -","match_part"],[1,5831,6923,1,"M63 I5 M1029","NODE_1516_length_14139_cov_7.927063:hsp:529348:3.2.0.0",21785,"NODE_1516_length_14139_cov_7.927063","est2genome","TRINITY_DN2240_c0_g1_i4 1 1097 -","match_part"]],"4493","expressed_sequence_match"],[0,4125,6923,1,"100","98.1","NODE_1516_length_14139_cov_7.927063:hit:105589:3.2.0.0","TRINITY_DN2240_c0_g1_i9",12435,"NODE_1516_length_14139_cov_7.927063","est2genome",[[1,4125,5169,1,"M1044","NODE_1516_length_14139_cov_7.927063:hsp:529349:3.2.0.0",12435,"NODE_1516_length_14139_cov_7.927063","est2genome","TRINITY_DN2240_c0_g1_i9 1551 2594 -","match_part"],[1,5294,5747,1,"M453","NODE_1516_length_14139_cov_7.927063:hsp:529350:3.2.0.0",12435,"NODE_1516_length_14139_cov_7.927063","est2genome","TRINITY_DN2240_c0_g1_i9 1098 1550 -","match_part"],[1,5831,6923,1,"M63 I5 M1029","NODE_1516_length_14139_cov_7.927063:hsp:529351:3.2.0.0",12435,"NODE_1516_length_14139_cov_7.927063","est2genome","TRINITY_DN2240_c0_g1_i9 1 1097 -","match_part"]],"2594","expressed_sequence_match"],[0,4125,6923,1,"100","98","NODE_1516_length_14139_cov_7.927063:hit:105590:3.2.0.0","TRINITY_DN2240_c0_g1_i6",12417,"NODE_1516_length_14139_cov_7.927063","est2genome",[[1,4125,5169,1,"M1044","NODE_1516_length_14139_cov_7.927063:hsp:529352:3.2.0.0",12417,"NODE_1516_length_14139_cov_7.927063","est2genome","TRINITY_DN2240_c0_g1_i6 1551 2594 -","match_part"],[1,5294,5747,1,"M453","NODE_1516_length_14139_cov_7.927063:hsp:529353:3.2.0.0",12417,"NODE_1516_length_14139_cov_7.927063","est2genome","TRINITY_DN2240_c0_g1_i6 1098 1550 -","match_part"],[1,5831,6923,1,"M63 I5 M1029","NODE_1516_length_14139_cov_7.927063:hsp:529354:3.2.0.0",12417,"NODE_1516_length_14139_cov_7.927063","est2genome","TRINITY_DN2240_c0_g1_i6 1 1097 -","match_part"]],"2594","expressed_sequence_match"],[0,4125,6923,1,"100","98.2","NODE_1516_length_14139_cov_7.927063:hit:105591:3.2.0.0","TRINITY_DN2240_c0_g1_i2",11122,"NODE_1516_length_14139_cov_7.927063","est2genome",[[1,4125,4767,1,"M642","NODE_1516_length_14139_cov_7.927063:hsp:529355:3.2.0.0",11122,"NODE_1516_length_14139_cov_7.927063","est2genome","TRINITY_DN2240_c0_g1_i2 1680 2321 -","match_part"],[1,5040,5169,1,"M129","NODE_1516_length_14139_cov_7.927063:hsp:529356:3.2.0.0",11122,"NODE_1516_length_14139_cov_7.927063","est2genome","TRINITY_DN2240_c0_g1_i2 1551 1679 -","match_part"],[1,5294,5747,1,"M453","NODE_1516_length_14139_cov_7.927063:hsp:529357:3.2.0.0",11122,"NODE_1516_length_14139_cov_7.927063","est2genome","TRINITY_DN2240_c0_g1_i2 1098 1550 -","match_part"],[1,5831,6923,1,"M63 I5 M1029","NODE_1516_length_14139_cov_7.927063:hsp:529358:3.2.0.0",11122,"NODE_1516_length_14139_cov_7.927063","est2genome","TRINITY_DN2240_c0_g1_i2 1 1097 -","match_part"]],"2321","expressed_sequence_match",{"Sublist":[[0,4321,4670,1,"100","96.6","NODE_1516_length_14139_cov_7.927063:hit:105592:3.2.0.0","TRINITY_DN2240_c0_g1_i5",1637,"NODE_1516_length_14139_cov_7.927063","est2genome",[[1,4321,4670,1,"M349","NODE_1516_length_14139_cov_7.927063:hsp:529359:3.2.0.0",1637,"NODE_1516_length_14139_cov_7.927063","est2genome","TRINITY_DN2240_c0_g1_i5 1 349 -","match_part"]],