{"featureCount":4,"formatVersion":1,"histograms":{"meta":[{"arrayParams":{"chunkSize":10000,"length":1,"urlTemplate":"hist-2000-{Chunk}.json"},"basesPerBin":"2000"}],"stats":[{"basesPerBin":"2000","max":4,"mean":4}]},"intervals":{"classes":[{"attributes":["Start","End","Strand","Id","Name","Score","Seq_id","Source","Subfeatures","Target_length","Type"],"isArrayAttr":{"Subfeatures":1}},{"attributes":["Start","End","Strand","Gap","Id","Score","Seq_id","Source","Target","Type"],"isArrayAttr":{}},{"attributes":["Start","End","Chunk"],"isArrayAttr":{"Sublist":1}}],"count":4,"lazyClass":2,"maxEnd":1759,"minStart":800,"nclist":[[0,800,922,-1,"NODE_10539_length_1786_cov_6.644967:hit:1859:3.2.0.0","TRINITY_DN14416_c0_g1_i1",92,"NODE_10539_length_1786_cov_6.644967","blastn",[[1,800,922,-1,"M122","NODE_10539_length_1786_cov_6.644967:hsp:4072:3.2.0.0",92,"NODE_10539_length_1786_cov_6.644967","blastn","TRINITY_DN14416_c0_g1_i1 89 210 +","match_part"]],"264","expressed_sequence_match"],[0,877,1759,1,"NODE_10539_length_1786_cov_6.644967:hit:1860:3.2.0.0","TRINITY_DN4722_c1_g1_i4",33,"NODE_10539_length_1786_cov_6.644967","blastn",[[1,877,922,1,"M45","NODE_10539_length_1786_cov_6.644967:hsp:4073:3.2.0.0",33,"NODE_10539_length_1786_cov_6.644967","blastn","TRINITY_DN4722_c1_g1_i4 2 46 +","match_part"],[1,946,1759,1,"M463 D5 M345","NODE_10539_length_1786_cov_6.644967:hsp:4074:3.2.0.0",532,"NODE_10539_length_1786_cov_6.644967","blastn","TRINITY_DN4722_c1_g1_i4 62 869 +","match_part"]],"869","expressed_sequence_match"],[0,877,1759,1,"NODE_10539_length_1786_cov_6.644967:hit:1861:3.2.0.0","TRINITY_DN4722_c1_g1_i1",33,"NODE_10539_length_1786_cov_6.644967","blastn",[[1,877,922,1,"M45","NODE_10539_length_1786_cov_6.644967:hsp:4075:3.2.0.0",33,"NODE_10539_length_1786_cov_6.644967","blastn","TRINITY_DN4722_c1_g1_i1 2 46 +","match_part"],[1,946,1759,1,"M463 D5 M345","NODE_10539_length_1786_cov_6.644967:hsp:4076:3.2.0.0",562,"NODE_10539_length_1786_cov_6.644967","blastn","TRINITY_DN4722_c1_g1_i1 62 869 +","match_part"]],"869","expressed_sequence_match"],[0,877,1759,1,"NODE_10539_length_1786_cov_6.644967:hit:1862:3.2.0.0","TRINITY_DN4722_c1_g1_i3",33,"NODE_10539_length_1786_cov_6.644967","blastn",[[1,877,922,1,"M45","NODE_10539_length_1786_cov_6.644967:hsp:4077:3.2.0.0",33,"NODE_10539_length_1786_cov_6.644967","blastn","TRINITY_DN4722_c1_g1_i3 2 46 +","match_part"],[1,946,1759,1,"M448 I1 M15 D5 M345","NODE_10539_length_1786_cov_6.644967:hsp:4078:3.2.0.0",564,"NODE_10539_length_1786_cov_6.644967","blastn","TRINITY_DN4722_c1_g1_i3 62 870 +","match_part"]],"870","expressed_sequence_match"]],"urlTemplate":"lf-{Chunk}.json"}}