{"featureCount":4,"formatVersion":1,"histograms":{"meta":[{"arrayParams":{"chunkSize":10000,"length":1,"urlTemplate":"hist-1000-{Chunk}.json"},"basesPerBin":"1000"}],"stats":[{"basesPerBin":"1000","max":4,"mean":4}]},"intervals":{"classes":[{"attributes":["Start","End","Strand","Id","Name","Score","Seq_id","Source","Subfeatures","Target_length","Type"],"isArrayAttr":{"Subfeatures":1}},{"attributes":["Start","End","Strand","Gap","Id","Score","Seq_id","Source","Target","Type"],"isArrayAttr":{}},{"attributes":["Start","End","Chunk"],"isArrayAttr":{"Sublist":1}}],"count":4,"lazyClass":2,"maxEnd":940,"minStart":256,"nclist":[[0,256,913,-1,"NODE_17415_length_943_cov_0.346814:hit:3230:3.10.0.0","sp|Q4P219.1|NNRD_USTMA",422,"NODE_17415_length_943_cov_0.346814","blastx",[[1,256,913,-1,"M90 D1 M73 I8 M55","NODE_17415_length_943_cov_0.346814:hsp:6311:3.10.0.0",422,"NODE_17415_length_943_cov_0.346814","blastx","sp|Q4P219.1|NNRD_USTMA 120 345","match_part"]],"350","protein_match"],[0,259,940,-1,"NODE_17415_length_943_cov_0.346814:hit:3231:3.10.0.0","sp|A8N8Z0.2|NNRD_COPC7",421,"NODE_17415_length_943_cov_0.346814","blastx",[[1,259,940,-1,"M98 D1 M29 I10 M4 I13 M43 D1 M51","NODE_17415_length_943_cov_0.346814:hsp:6312:3.10.0.0",421,"NODE_17415_length_943_cov_0.346814","blastx","sp|A8N8Z0.2|NNRD_COPC7 83 330","match_part"]],"336","protein_match",{"Sublist":[[0,262,934,-1,"NODE_17415_length_943_cov_0.346814:hit:3232:3.10.0.0","sp|E3L9T1.2|NNRD2_PUCGT",401,"NODE_17415_length_943_cov_0.346814","blastx",[[1,262,934,-1,"M105 I1 M22 I1 M38 I6 M59","NODE_17415_length_943_cov_0.346814:hsp:6313:3.10.0.0",401,"NODE_17415_length_943_cov_0.346814","blastx","sp|E3L9T1.2|NNRD2_PUCGT 109 340","match_part"]],"346","protein_match",{"Sublist":[[0,274,892,-1,"NODE_17415_length_943_cov_0.346814:hit:3233:3.10.0.0","sp|E3LAQ9.2|NNRD1_PUCGT",402,"NODE_17415_length_943_cov_0.346814","blastx",[[1,274,892,-1,"M91 I1 M22 I1 M38 I6 M55","NODE_17415_length_943_cov_0.346814:hsp:6314:3.10.0.0",402,"NODE_17415_length_943_cov_0.346814","blastx","sp|E3LAQ9.2|NNRD1_PUCGT 175 388","match_part"]],"398","protein_match"]]}]]}]],"urlTemplate":"lf-{Chunk}.json"}}