{"featureCount":1,"formatVersion":1,"histograms":{"meta":[{"arrayParams":{"chunkSize":10000,"length":1,"urlTemplate":"hist-10000-{Chunk}.json"},"basesPerBin":"10000"}],"stats":[{"basesPerBin":"10000","max":1,"mean":1}]},"intervals":{"classes":[{"attributes":["Start","End","Strand","Id","Name","Score","Seq_id","Source","Subfeatures","Target_length","Type"],"isArrayAttr":{"Subfeatures":1}},{"attributes":["Start","End","Strand","Gap","Id","Score","Seq_id","Source","Target","Type"],"isArrayAttr":{}},{"attributes":["Start","End","Chunk"],"isArrayAttr":{"Sublist":1}}],"count":1,"lazyClass":2,"maxEnd":3979,"minStart":2892,"nclist":[[0,2892,3979,-1,"NODE_2865_length_8465_cov_11.358839:hit:21694:3.2.0.0","TRINITY_DN28356_c0_g1_i1",268,"NODE_2865_length_8465_cov_11.358839","blastn",[[1,3711,3979,-1,"M268","NODE_2865_length_8465_cov_11.358839:hsp:92998:3.2.0.0",268,"NODE_2865_length_8465_cov_11.358839","blastn","TRINITY_DN28356_c0_g1_i1 1 268 +","match_part"],[1,3543,3603,-1,"M60","NODE_2865_length_8465_cov_11.358839:hsp:92999:3.2.0.0",60,"NODE_2865_length_8465_cov_11.358839","blastn","TRINITY_DN28356_c0_g1_i1 269 328 +","match_part"],[1,3413,3458,-1,"M45","NODE_2865_length_8465_cov_11.358839:hsp:93000:3.2.0.0",45,"NODE_2865_length_8465_cov_11.358839","blastn","TRINITY_DN28356_c0_g1_i1 327 371 +","match_part"],[1,3252,3334,-1,"M82","NODE_2865_length_8465_cov_11.358839:hsp:93001:3.2.0.0",82,"NODE_2865_length_8465_cov_11.358839","blastn","TRINITY_DN28356_c0_g1_i1 371 452 +","match_part"],[1,2892,3175,-1,"M283","NODE_2865_length_8465_cov_11.358839:hsp:93002:3.2.0.0",283,"NODE_2865_length_8465_cov_11.358839","blastn","TRINITY_DN28356_c0_g1_i1 452 734 +","match_part"]],"734","expressed_sequence_match"]],"urlTemplate":"lf-{Chunk}.json"}}