{"featureCount":2,"formatVersion":1,"histograms":{"meta":[{"arrayParams":{"chunkSize":10000,"length":1,"urlTemplate":"hist-10000-{Chunk}.json"},"basesPerBin":"10000"}],"stats":[{"basesPerBin":"10000","max":2,"mean":2}]},"intervals":{"classes":[{"attributes":["Start","End","Strand","Id","Name","Seq_id","Source","Subfeatures","Target_length","Type"],"isArrayAttr":{"Subfeatures":1}},{"attributes":["Start","End","Strand","Gap","Id","Seq_id","Source","Target","Type"],"isArrayAttr":{}},{"attributes":["Start","End","Strand","Id","Seq_id","Source","Target","Type"],"isArrayAttr":{}},{"attributes":["Start","End","Chunk"],"isArrayAttr":{"Sublist":1}}],"count":2,"lazyClass":3,"maxEnd":6198,"minStart":1751,"nclist":[[0,1751,5320,1,"NODE_4029_length_6213_cov_3.192080:hit:380:4.5.0.0","genemark-NODE_4029_length_6213_cov_3.192080-abinit-gene-0.0-mRNA-1","NODE_4029_length_6213_cov_3.192080","genemark",[[1,1751,2283,1,"M532","NODE_4029_length_6213_cov_3.192080:hsp:1639:4.5.0.0","NODE_4029_length_6213_cov_3.192080","genemark","genemark-NODE_4029_length_6213_cov_3.192080-abinit-gene-0.0-mRNA-1 1 532 +","match_part"],[1,2337,2993,1,"M656","NODE_4029_length_6213_cov_3.192080:hsp:1640:4.5.0.0","NODE_4029_length_6213_cov_3.192080","genemark","genemark-NODE_4029_length_6213_cov_3.192080-abinit-gene-0.0-mRNA-1 533 1188 +","match_part"],[1,3067,3213,1,"M146","NODE_4029_length_6213_cov_3.192080:hsp:1641:4.5.0.0","NODE_4029_length_6213_cov_3.192080","genemark","genemark-NODE_4029_length_6213_cov_3.192080-abinit-gene-0.0-mRNA-1 1189 1334 +","match_part"],[1,3290,3414,1,"M124","NODE_4029_length_6213_cov_3.192080:hsp:1642:4.5.0.0","NODE_4029_length_6213_cov_3.192080","genemark","genemark-NODE_4029_length_6213_cov_3.192080-abinit-gene-0.0-mRNA-1 1335 1458 +","match_part"],[1,3516,3787,1,"M271","NODE_4029_length_6213_cov_3.192080:hsp:1643:4.5.0.0","NODE_4029_length_6213_cov_3.192080","genemark","genemark-NODE_4029_length_6213_cov_3.192080-abinit-gene-0.0-mRNA-1 1459 1729 +","match_part"],[1,3870,4099,1,"M229","NODE_4029_length_6213_cov_3.192080:hsp:1644:4.5.0.0","NODE_4029_length_6213_cov_3.192080","genemark","genemark-NODE_4029_length_6213_cov_3.192080-abinit-gene-0.0-mRNA-1 1730 1958 +","match_part"],[1,4173,4340,1,"M167","NODE_4029_length_6213_cov_3.192080:hsp:1645:4.5.0.0","NODE_4029_length_6213_cov_3.192080","genemark","genemark-NODE_4029_length_6213_cov_3.192080-abinit-gene-0.0-mRNA-1 1959 2125 +","match_part"],[1,4424,4529,1,"M105","NODE_4029_length_6213_cov_3.192080:hsp:1646:4.5.0.0","NODE_4029_length_6213_cov_3.192080","genemark","genemark-NODE_4029_length_6213_cov_3.192080-abinit-gene-0.0-mRNA-1 2126 2230 +","match_part"],[1,4607,4985,1,"M378","NODE_4029_length_6213_cov_3.192080:hsp:1647:4.5.0.0","NODE_4029_length_6213_cov_3.192080","genemark","genemark-NODE_4029_length_6213_cov_3.192080-abinit-gene-0.0-mRNA-1 2231 2608 +","match_part"],[1,5057,5320,1,"M263","NODE_4029_length_6213_cov_3.192080:hsp:1648:4.5.0.0","NODE_4029_length_6213_cov_3.192080","genemark","genemark-NODE_4029_length_6213_cov_3.192080-abinit-gene-0.0-mRNA-1 2609 2871 +","match_part"]],"6213","match"],[0,5422,6198,-1,"NODE_4029_length_6213_cov_3.192080:hit:386:4.5.0.0","genemark-NODE_4029_length_6213_cov_3.192080-abinit-gene-0.1-mRNA-1","NODE_4029_length_6213_cov_3.192080","genemark",[[1,6132,6198,-1,"M66","NODE_4029_length_6213_cov_3.192080:hsp:1672:4.5.0.0","NODE_4029_length_6213_cov_3.192080","genemark","genemark-NODE_4029_length_6213_cov_3.192080-abinit-gene-0.1-mRNA-1 574 639 +","match_part"],[1,5838,6065,-1,"M227","NODE_4029_length_6213_cov_3.192080:hsp:1673:4.5.0.0","NODE_4029_length_6213_cov_3.192080","genemark","genemark-NODE_4029_length_6213_cov_3.192080-abinit-gene-0.1-mRNA-1 347 573 +","match_part"],[1,5422,5768,-1,"M346","NODE_4029_length_6213_cov_3.192080:hsp:1674:4.5.0.0","NODE_4029_length_6213_cov_3.192080","genemark","genemark-NODE_4029_length_6213_cov_3.192080-abinit-gene-0.1-mRNA-1 1 346 +","match_part"]],"6213","match"]],"urlTemplate":"lf-{Chunk}.json"}}