{"featureCount":2,"formatVersion":1,"histograms":{"meta":[{"arrayParams":{"chunkSize":10000,"length":1,"urlTemplate":"hist-10000-{Chunk}.json"},"basesPerBin":"10000"}],"stats":[{"basesPerBin":"10000","max":2,"mean":2}]},"intervals":{"classes":[{"attributes":["Start","End","Strand","Id","Name","Seq_id","Source","Subfeatures","Target_length","Type"],"isArrayAttr":{"Subfeatures":1}},{"attributes":["Start","End","Strand","Gap","Id","Seq_id","Source","Target","Type"],"isArrayAttr":{}},{"attributes":["Start","End","Strand","Id","Seq_id","Source","Target","Type"],"isArrayAttr":{}},{"attributes":["Start","End","Chunk"],"isArrayAttr":{"Sublist":1}}],"count":2,"lazyClass":3,"maxEnd":4979,"minStart":22,"nclist":[[0,22,3534,-1,"NODE_4667_length_5508_cov_1.276714:hit:7742:4.5.0.0","genemark-NODE_4667_length_5508_cov_1.276714-abinit-gene-0.5-mRNA-1","NODE_4667_length_5508_cov_1.276714","genemark",[[1,2183,3534,-1,"M1351","NODE_4667_length_5508_cov_1.276714:hsp:27441:4.5.0.0","NODE_4667_length_5508_cov_1.276714","genemark","genemark-NODE_4667_length_5508_cov_1.276714-abinit-gene-0.5-mRNA-1 1566 2916 +","match_part"],[1,22,1587,-1,"M1565","NODE_4667_length_5508_cov_1.276714:hsp:27442:4.5.0.0","NODE_4667_length_5508_cov_1.276714","genemark","genemark-NODE_4667_length_5508_cov_1.276714-abinit-gene-0.5-mRNA-1 1 1565 +","match_part"]],"5508","match"],[0,3938,4979,1,"NODE_4667_length_5508_cov_1.276714:hit:7748:4.5.0.0","genemark-NODE_4667_length_5508_cov_1.276714-abinit-gene-0.4-mRNA-1","NODE_4667_length_5508_cov_1.276714","genemark",[[1,3938,4028,1,"M90","NODE_4667_length_5508_cov_1.276714:hsp:27450:4.5.0.0","NODE_4667_length_5508_cov_1.276714","genemark","genemark-NODE_4667_length_5508_cov_1.276714-abinit-gene-0.4-mRNA-1 1 90 +","match_part"],[1,4072,4343,1,"M271","NODE_4667_length_5508_cov_1.276714:hsp:27451:4.5.0.0","NODE_4667_length_5508_cov_1.276714","genemark","genemark-NODE_4667_length_5508_cov_1.276714-abinit-gene-0.4-mRNA-1 91 361 +","match_part"],[1,4438,4507,1,"M69","NODE_4667_length_5508_cov_1.276714:hsp:27452:4.5.0.0","NODE_4667_length_5508_cov_1.276714","genemark","genemark-NODE_4667_length_5508_cov_1.276714-abinit-gene-0.4-mRNA-1 362 430 +","match_part"],[1,4560,4656,1,"M96","NODE_4667_length_5508_cov_1.276714:hsp:27453:4.5.0.0","NODE_4667_length_5508_cov_1.276714","genemark","genemark-NODE_4667_length_5508_cov_1.276714-abinit-gene-0.4-mRNA-1 431 526 +","match_part"],[1,4782,4872,1,"M90","NODE_4667_length_5508_cov_1.276714:hsp:27454:4.5.0.0","NODE_4667_length_5508_cov_1.276714","genemark","genemark-NODE_4667_length_5508_cov_1.276714-abinit-gene-0.4-mRNA-1 527 616 +","match_part"],[1,4944,4979,1,"M35","NODE_4667_length_5508_cov_1.276714:hsp:27455:4.5.0.0","NODE_4667_length_5508_cov_1.276714","genemark","genemark-NODE_4667_length_5508_cov_1.276714-abinit-gene-0.4-mRNA-1 617 651 +","match_part"]],"5508","match"]],"urlTemplate":"lf-{Chunk}.json"}}