{"featureCount":2,"formatVersion":1,"histograms":{"meta":[{"arrayParams":{"chunkSize":10000,"length":1,"urlTemplate":"hist-10000-{Chunk}.json"},"basesPerBin":"10000"}],"stats":[{"basesPerBin":"10000","max":2,"mean":2}]},"intervals":{"classes":[{"attributes":["Start","End","Strand","Id","Name","Score","Seq_id","Source","Subfeatures","Target_length","Type"],"isArrayAttr":{"Subfeatures":1}},{"attributes":["Start","End","Strand","Gap","Id","Score","Seq_id","Source","Target","Type"],"isArrayAttr":{}},{"attributes":["Start","End","Chunk"],"isArrayAttr":{"Sublist":1}}],"count":2,"lazyClass":2,"maxEnd":4835,"minStart":1241,"nclist":[[0,1241,2349,1,"NODE_5084_length_4993_cov_3.577065:hit:12066:4.5.0.0","augustus-NODE_5084_length_4993_cov_3.577065-abinit-gene-0.2-mRNA-1",0.12,"NODE_5084_length_4993_cov_3.577065","augustus",[[1,1241,1698,1,"M457","NODE_5084_length_4993_cov_3.577065:hsp:42121:4.5.0.0",0.12,"NODE_5084_length_4993_cov_3.577065","augustus","augustus-NODE_5084_length_4993_cov_3.577065-abinit-gene-0.2-mRNA-1 1 457 +","match_part"],[1,1772,1978,1,"M206","NODE_5084_length_4993_cov_3.577065:hsp:42122:4.5.0.0",0.12,"NODE_5084_length_4993_cov_3.577065","augustus","augustus-NODE_5084_length_4993_cov_3.577065-abinit-gene-0.2-mRNA-1 458 663 +","match_part"],[1,2037,2349,1,"M312","NODE_5084_length_4993_cov_3.577065:hsp:42123:4.5.0.0",0.12,"NODE_5084_length_4993_cov_3.577065","augustus","augustus-NODE_5084_length_4993_cov_3.577065-abinit-gene-0.2-mRNA-1 664 975 +","match_part"]],"4993","match"],[0,3008,4835,-1,"NODE_5084_length_4993_cov_3.577065:hit:12069:4.5.0.0","augustus-NODE_5084_length_4993_cov_3.577065-abinit-gene-0.3-mRNA-1",0.23,"NODE_5084_length_4993_cov_3.577065","augustus",[[1,4423,4835,-1,"M412","NODE_5084_length_4993_cov_3.577065:hsp:42131:4.5.0.0",0.23,"NODE_5084_length_4993_cov_3.577065","augustus","augustus-NODE_5084_length_4993_cov_3.577065-abinit-gene-0.3-mRNA-1 1113 1524 +","match_part"],[1,3916,4371,-1,"M455","NODE_5084_length_4993_cov_3.577065:hsp:42132:4.5.0.0",0.23,"NODE_5084_length_4993_cov_3.577065","augustus","augustus-NODE_5084_length_4993_cov_3.577065-abinit-gene-0.3-mRNA-1 658 1112 +","match_part"],[1,3764,3854,-1,"M90","NODE_5084_length_4993_cov_3.577065:hsp:42133:4.5.0.0",0.23,"NODE_5084_length_4993_cov_3.577065","augustus","augustus-NODE_5084_length_4993_cov_3.577065-abinit-gene-0.3-mRNA-1 568 657 +","match_part"],[1,3518,3692,-1,"M174","NODE_5084_length_4993_cov_3.577065:hsp:42134:4.5.0.0",0.23,"NODE_5084_length_4993_cov_3.577065","augustus","augustus-NODE_5084_length_4993_cov_3.577065-abinit-gene-0.3-mRNA-1 394 567 +","match_part"],[1,3082,3459,-1,"M377","NODE_5084_length_4993_cov_3.577065:hsp:42135:4.5.0.0",0.23,"NODE_5084_length_4993_cov_3.577065","augustus","augustus-NODE_5084_length_4993_cov_3.577065-abinit-gene-0.3-mRNA-1 17 393 +","match_part"],[1,3008,3024,-1,"M16","NODE_5084_length_4993_cov_3.577065:hsp:42136:4.5.0.0",0.23,"NODE_5084_length_4993_cov_3.577065","augustus","augustus-NODE_5084_length_4993_cov_3.577065-abinit-gene-0.3-mRNA-1 1 16 +","match_part"]],"4993","match"]],"urlTemplate":"lf-{Chunk}.json"}}