{"featureCount":1,"formatVersion":1,"histograms":{"meta":[{"arrayParams":{"chunkSize":10000,"length":1,"urlTemplate":"hist-20000-{Chunk}.json"},"basesPerBin":"20000"}],"stats":[{"basesPerBin":"20000","max":1,"mean":1}]},"intervals":{"classes":[{"attributes":["Start","End","Strand","Id","Name","Seq_id","Source","Subfeatures","Target_length","Type"],"isArrayAttr":{"Subfeatures":1}},{"attributes":["Start","End","Strand","Gap","Id","Seq_id","Source","Target","Type"],"isArrayAttr":{}},{"attributes":["Start","End","Strand","Id","Seq_id","Source","Target","Type"],"isArrayAttr":{}},{"attributes":["Start","End","Chunk"],"isArrayAttr":{"Sublist":1}}],"count":1,"lazyClass":3,"maxEnd":4291,"minStart":650,"nclist":[[0,650,4291,1,"NODE_5508_length_4575_cov_1.415917:hit:15840:4.5.0.0","genemark-NODE_5508_length_4575_cov_1.415917-abinit-gene-0.1-mRNA-1","NODE_5508_length_4575_cov_1.415917","genemark",[[1,650,847,1,"M197","NODE_5508_length_4575_cov_1.415917:hsp:54714:4.5.0.0","NODE_5508_length_4575_cov_1.415917","genemark","genemark-NODE_5508_length_4575_cov_1.415917-abinit-gene-0.1-mRNA-1 1 197 +","match_part"],[1,1145,1188,1,"M43","NODE_5508_length_4575_cov_1.415917:hsp:54715:4.5.0.0","NODE_5508_length_4575_cov_1.415917","genemark","genemark-NODE_5508_length_4575_cov_1.415917-abinit-gene-0.1-mRNA-1 198 240 +","match_part"],[1,1230,1438,1,"M208","NODE_5508_length_4575_cov_1.415917:hsp:54716:4.5.0.0","NODE_5508_length_4575_cov_1.415917","genemark","genemark-NODE_5508_length_4575_cov_1.415917-abinit-gene-0.1-mRNA-1 241 448 +","match_part"],[1,1488,1887,1,"M399","NODE_5508_length_4575_cov_1.415917:hsp:54717:4.5.0.0","NODE_5508_length_4575_cov_1.415917","genemark","genemark-NODE_5508_length_4575_cov_1.415917-abinit-gene-0.1-mRNA-1 449 847 +","match_part"],[1,1983,2168,1,"M185","NODE_5508_length_4575_cov_1.415917:hsp:54718:4.5.0.0","NODE_5508_length_4575_cov_1.415917","genemark","genemark-NODE_5508_length_4575_cov_1.415917-abinit-gene-0.1-mRNA-1 848 1032 +","match_part"],[1,2237,2363,1,"M126","NODE_5508_length_4575_cov_1.415917:hsp:54719:4.5.0.0","NODE_5508_length_4575_cov_1.415917","genemark","genemark-NODE_5508_length_4575_cov_1.415917-abinit-gene-0.1-mRNA-1 1033 1158 +","match_part"],[1,2404,4291,1,"M1887","NODE_5508_length_4575_cov_1.415917:hsp:54720:4.5.0.0","NODE_5508_length_4575_cov_1.415917","genemark","genemark-NODE_5508_length_4575_cov_1.415917-abinit-gene-0.1-mRNA-1 1159 3045 +","match_part"]],"4575","match"]],"urlTemplate":"lf-{Chunk}.json"}}