{"featureCount":3,"formatVersion":1,"histograms":{"meta":[{"arrayParams":{"chunkSize":10000,"length":1,"urlTemplate":"hist-10000-{Chunk}.json"},"basesPerBin":"10000"}],"stats":[{"basesPerBin":"10000","max":3,"mean":3}]},"intervals":{"classes":[{"attributes":["Start","End","Strand","Id","Name","Score","Seq_id","Source","Subfeatures","Target_length","Type"],"isArrayAttr":{"Subfeatures":1}},{"attributes":["Start","End","Strand","Gap","Id","Score","Seq_id","Source","Target","Type"],"isArrayAttr":{}},{"attributes":["Start","End","Chunk"],"isArrayAttr":{"Sublist":1}}],"count":3,"lazyClass":2,"maxEnd":7095,"minStart":0,"nclist":[[0,0,529,1,"NODE_3361_length_7242_cov_7.215320:hit:31107:4.5.0.0","augustus-NODE_3361_length_7242_cov_7.215320-abinit-gene-0.0-mRNA-1",1,"NODE_3361_length_7242_cov_7.215320","augustus",[[1,0,247,1,"M247","NODE_3361_length_7242_cov_7.215320:hsp:131712:4.5.0.0",1,"NODE_3361_length_7242_cov_7.215320","augustus","augustus-NODE_3361_length_7242_cov_7.215320-abinit-gene-0.0-mRNA-1 1 247 +","match_part"],[1,339,400,1,"M61","NODE_3361_length_7242_cov_7.215320:hsp:131713:4.5.0.0",1,"NODE_3361_length_7242_cov_7.215320","augustus","augustus-NODE_3361_length_7242_cov_7.215320-abinit-gene-0.0-mRNA-1 248 308 +","match_part"],[1,480,529,1,"M49","NODE_3361_length_7242_cov_7.215320:hsp:131714:4.5.0.0",1,"NODE_3361_length_7242_cov_7.215320","augustus","augustus-NODE_3361_length_7242_cov_7.215320-abinit-gene-0.0-mRNA-1 309 357 +","match_part"]],"7242","match"],[0,3087,4612,1,"NODE_3361_length_7242_cov_7.215320:hit:31110:4.5.0.0","augustus-NODE_3361_length_7242_cov_7.215320-abinit-gene-0.1-mRNA-1",0.45,"NODE_3361_length_7242_cov_7.215320","augustus",[[1,3087,3262,1,"M175","NODE_3361_length_7242_cov_7.215320:hsp:131721:4.5.0.0",0.45,"NODE_3361_length_7242_cov_7.215320","augustus","augustus-NODE_3361_length_7242_cov_7.215320-abinit-gene-0.1-mRNA-1 1 175 +","match_part"],[1,3337,3663,1,"M326","NODE_3361_length_7242_cov_7.215320:hsp:131722:4.5.0.0",0.45,"NODE_3361_length_7242_cov_7.215320","augustus","augustus-NODE_3361_length_7242_cov_7.215320-abinit-gene-0.1-mRNA-1 176 501 +","match_part"],[1,3728,4000,1,"M272","NODE_3361_length_7242_cov_7.215320:hsp:131723:4.5.0.0",0.45,"NODE_3361_length_7242_cov_7.215320","augustus","augustus-NODE_3361_length_7242_cov_7.215320-abinit-gene-0.1-mRNA-1 502 773 +","match_part"],[1,4073,4465,1,"M392","NODE_3361_length_7242_cov_7.215320:hsp:131724:4.5.0.0",0.45,"NODE_3361_length_7242_cov_7.215320","augustus","augustus-NODE_3361_length_7242_cov_7.215320-abinit-gene-0.1-mRNA-1 774 1165 +","match_part"],[1,4544,4612,1,"M68","NODE_3361_length_7242_cov_7.215320:hsp:131725:4.5.0.0",0.45,"NODE_3361_length_7242_cov_7.215320","augustus","augustus-NODE_3361_length_7242_cov_7.215320-abinit-gene-0.1-mRNA-1 1166 1233 +","match_part"]],"7242","match"],[0,5810,7095,1,"NODE_3361_length_7242_cov_7.215320:hit:31113:4.5.0.0","augustus-NODE_3361_length_7242_cov_7.215320-abinit-gene-0.2-mRNA-1",0.78,"NODE_3361_length_7242_cov_7.215320","augustus",[[1,5810,6164,1,"M354","NODE_3361_length_7242_cov_7.215320:hsp:131733:4.5.0.0",0.78,"NODE_3361_length_7242_cov_7.215320","augustus","augustus-NODE_3361_length_7242_cov_7.215320-abinit-gene-0.2-mRNA-1 1 354 +","match_part"],[1,6239,6347,1,"M108","NODE_3361_length_7242_cov_7.215320:hsp:131734:4.5.0.0",0.78,"NODE_3361_length_7242_cov_7.215320","augustus","augustus-NODE_3361_length_7242_cov_7.215320-abinit-gene-0.2-mRNA-1 355 462 +","match_part"],[1,6414,6713,1,"M299","NODE_3361_length_7242_cov_7.215320:hsp:131735:4.5.0.0",0.78,"NODE_3361_length_7242_cov_7.215320","augustus","augustus-NODE_3361_length_7242_cov_7.215320-abinit-gene-0.2-mRNA-1 463 761 +","match_part"],[1,6806,7095,1,"M289","NODE_3361_length_7242_cov_7.215320:hsp:131736:4.5.0.0",0.78,"NODE_3361_length_7242_cov_7.215320","augustus","augustus-NODE_3361_length_7242_cov_7.215320-abinit-gene-0.2-mRNA-1 762 1050 +","match_part"]],"7242","match"]],"urlTemplate":"lf-{Chunk}.json"}}