{"featureCount":3,"formatVersion":1,"histograms":{"meta":[{"arrayParams":{"chunkSize":10000,"length":1,"urlTemplate":"hist-500-{Chunk}.json"},"basesPerBin":"500"}],"stats":[{"basesPerBin":"500","max":3,"mean":3}]},"intervals":{"classes":[{"attributes":["Start","End","Strand","Aligned_coverage","Aligned_identity","Id","Name","Score","Seq_id","Source","Subfeatures","Target_length","Type"],"isArrayAttr":{"Subfeatures":1}},{"attributes":["Start","End","Strand","Gap","Id","Score","Seq_id","Source","Target","Type"],"isArrayAttr":{}},{"attributes":["Start","End","Chunk"],"isArrayAttr":{"Sublist":1}}],"count":3,"lazyClass":2,"maxEnd":336,"minStart":15,"nclist":[[0,15,336,-1,"80.34","94.4","NODE_24288_length_483_cov_0.977528:hit:349:3.2.0.0","TRINITY_DN11200_c0_g1_i1",1244,"NODE_24288_length_483_cov_0.977528","est2genome",[[1,311,336,-1,"M22 I4 M3","NODE_24288_length_483_cov_0.977528:hsp:491:3.2.0.0",1244,"NODE_24288_length_483_cov_0.977528","est2genome","TRINITY_DN11200_c0_g1_i1 1 29 +","match_part"],[1,15,272,-1,"M257","NODE_24288_length_483_cov_0.977528:hsp:492:3.2.0.0",1244,"NODE_24288_length_483_cov_0.977528","est2genome","TRINITY_DN11200_c0_g1_i1 30 286 +","match_part"]],"356","expressed_sequence_match"],[0,15,336,-1,"80.34","94.4","NODE_24288_length_483_cov_0.977528:hit:350:3.2.0.0","TRINITY_DN11200_c0_g1_i2",1244,"NODE_24288_length_483_cov_0.977528","est2genome",[[1,311,336,-1,"M22 I4 M3","NODE_24288_length_483_cov_0.977528:hsp:493:3.2.0.0",1244,"NODE_24288_length_483_cov_0.977528","est2genome","TRINITY_DN11200_c0_g1_i2 1 29 +","match_part"],[1,15,272,-1,"M257","NODE_24288_length_483_cov_0.977528:hsp:494:3.2.0.0",1244,"NODE_24288_length_483_cov_0.977528","est2genome","TRINITY_DN11200_c0_g1_i2 30 286 +","match_part"]],"356","expressed_sequence_match"],[0,15,336,-1,"80.34","94.8","NODE_24288_length_483_cov_0.977528:hit:351:3.2.0.0","TRINITY_DN11200_c0_g1_i3",1253,"NODE_24288_length_483_cov_0.977528","est2genome",[[1,311,336,-1,"M22 I4 M3","NODE_24288_length_483_cov_0.977528:hsp:495:3.2.0.0",1253,"NODE_24288_length_483_cov_0.977528","est2genome","TRINITY_DN11200_c0_g1_i3 1 29 +","match_part"],[1,15,272,-1,"M257","NODE_24288_length_483_cov_0.977528:hsp:496:3.2.0.0",1253,"NODE_24288_length_483_cov_0.977528","est2genome","TRINITY_DN11200_c0_g1_i3 30 286 +","match_part"]],"356","expressed_sequence_match"]],"urlTemplate":"lf-{Chunk}.json"}}