{"featureCount":1,"formatVersion":1,"histograms":{"meta":[{"arrayParams":{"chunkSize":10000,"length":1,"urlTemplate":"hist-10000-{Chunk}.json"},"basesPerBin":"10000"}],"stats":[{"basesPerBin":"10000","max":1,"mean":1}]},"intervals":{"classes":[{"attributes":["Start","End","Strand","Id","Name","Score","Seq_id","Source","Subfeatures","Target_length","Type"],"isArrayAttr":{"Subfeatures":1}},{"attributes":["Start","End","Strand","Gap","Id","Score","Seq_id","Source","Target","Type"],"isArrayAttr":{}},{"attributes":["Start","End","Chunk"],"isArrayAttr":{"Sublist":1}}],"count":1,"lazyClass":2,"maxEnd":3839,"minStart":1233,"nclist":[[0,1233,3839,-1,"NODE_4666_length_5508_cov_6.679613:hit:7740:4.5.0.0","augustus-NODE_4666_length_5508_cov_6.679613-abinit-gene-0.8-mRNA-1",0.13,"NODE_4666_length_5508_cov_6.679613","augustus",[[1,3828,3839,-1,"M11","NODE_4666_length_5508_cov_6.679613:hsp:27427:4.5.0.0",0.13,"NODE_4666_length_5508_cov_6.679613","augustus","augustus-NODE_4666_length_5508_cov_6.679613-abinit-gene-0.8-mRNA-1 1466 1476 +","match_part"],[1,3424,3553,-1,"M129","NODE_4666_length_5508_cov_6.679613:hsp:27428:4.5.0.0",0.13,"NODE_4666_length_5508_cov_6.679613","augustus","augustus-NODE_4666_length_5508_cov_6.679613-abinit-gene-0.8-mRNA-1 1337 1465 +","match_part"],[1,2976,3106,-1,"M130","NODE_4666_length_5508_cov_6.679613:hsp:27429:4.5.0.0",0.13,"NODE_4666_length_5508_cov_6.679613","augustus","augustus-NODE_4666_length_5508_cov_6.679613-abinit-gene-0.8-mRNA-1 1207 1336 +","match_part"],[1,2395,2891,-1,"M496","NODE_4666_length_5508_cov_6.679613:hsp:27430:4.5.0.0",0.13,"NODE_4666_length_5508_cov_6.679613","augustus","augustus-NODE_4666_length_5508_cov_6.679613-abinit-gene-0.8-mRNA-1 711 1206 +","match_part"],[1,2139,2309,-1,"M170","NODE_4666_length_5508_cov_6.679613:hsp:27431:4.5.0.0",0.13,"NODE_4666_length_5508_cov_6.679613","augustus","augustus-NODE_4666_length_5508_cov_6.679613-abinit-gene-0.8-mRNA-1 541 710 +","match_part"],[1,1932,2056,-1,"M124","NODE_4666_length_5508_cov_6.679613:hsp:27432:4.5.0.0",0.13,"NODE_4666_length_5508_cov_6.679613","augustus","augustus-NODE_4666_length_5508_cov_6.679613-abinit-gene-0.8-mRNA-1 417 540 +","match_part"],[1,1643,1758,-1,"M115","NODE_4666_length_5508_cov_6.679613:hsp:27433:4.5.0.0",0.13,"NODE_4666_length_5508_cov_6.679613","augustus","augustus-NODE_4666_length_5508_cov_6.679613-abinit-gene-0.8-mRNA-1 302 416 +","match_part"],[1,1233,1534,-1,"M301","NODE_4666_length_5508_cov_6.679613:hsp:27434:4.5.0.0",0.13,"NODE_4666_length_5508_cov_6.679613","augustus","augustus-NODE_4666_length_5508_cov_6.679613-abinit-gene-0.8-mRNA-1 1 301 +","match_part"]],"5508","match"]],"urlTemplate":"lf-{Chunk}.json"}}