{"featureCount":3,"formatVersion":1,"histograms":{"meta":[{"arrayParams":{"chunkSize":10000,"length":2,"urlTemplate":"hist-2000-{Chunk}.json"},"basesPerBin":"2000"}],"stats":[{"basesPerBin":"2000","max":3,"mean":2}]},"intervals":{"classes":[{"attributes":["Start","End","Strand","Id","Name","Score","Seq_id","Source","Subfeatures","Target_length","Type"],"isArrayAttr":{"Subfeatures":1}},{"attributes":["Start","End","Strand","Gap","Id","Score","Seq_id","Source","Target","Type"],"isArrayAttr":{}},{"attributes":["Start","End","Chunk"],"isArrayAttr":{"Sublist":1}}],"count":3,"lazyClass":2,"maxEnd":2154,"minStart":168,"nclist":[[0,168,647,-1,"NODE_8633_length_2337_cov_8.206335:hit:3235:3.2.0.0","TRINITY_DN48593_c0_g1_i1",207,"NODE_8633_length_2337_cov_8.206335","blastn",[[1,422,647,-1,"M225","NODE_8633_length_2337_cov_8.206335:hsp:7963:3.2.0.0",207,"NODE_8633_length_2337_cov_8.206335","blastn","TRINITY_DN48593_c0_g1_i1 1 225 +","match_part"],[1,168,323,-1,"M155","NODE_8633_length_2337_cov_8.206335:hsp:7964:3.2.0.0",149,"NODE_8633_length_2337_cov_8.206335","blastn","TRINITY_DN48593_c0_g1_i1 226 380 +","match_part"]],"380","expressed_sequence_match"],[0,1601,1853,-1,"NODE_8633_length_2337_cov_8.206335:hit:3236:3.2.0.0","TRINITY_DN5645_c0_g1_i1",180,"NODE_8633_length_2337_cov_8.206335","blastn",[[1,1601,1853,-1,"M252","NODE_8633_length_2337_cov_8.206335:hsp:7965:3.2.0.0",180,"NODE_8633_length_2337_cov_8.206335","blastn","TRINITY_DN5645_c0_g1_i1 1 252 +","match_part"]],"253","expressed_sequence_match"],[0,1612,2154,-1,"NODE_8633_length_2337_cov_8.206335:hit:3237:3.2.0.0","TRINITY_DN1310_c0_g1_i2",373,"NODE_8633_length_2337_cov_8.206335","blastn",[[1,1727,2154,-1,"M427","NODE_8633_length_2337_cov_8.206335:hsp:7966:3.2.0.0",373,"NODE_8633_length_2337_cov_8.206335","blastn","TRINITY_DN1310_c0_g1_i2 1 427 +","match_part"],[1,1612,1661,-1,"M49","NODE_8633_length_2337_cov_8.206335:hsp:7967:3.2.0.0",43,"NODE_8633_length_2337_cov_8.206335","blastn","TRINITY_DN1310_c0_g1_i2 426 474 +","match_part"]],"474","expressed_sequence_match"]],"urlTemplate":"lf-{Chunk}.json"}}