{"featureCount":3,"formatVersion":1,"histograms":{"meta":[{"arrayParams":{"chunkSize":10000,"length":1,"urlTemplate":"hist-10000-{Chunk}.json"},"basesPerBin":"10000"}],"stats":[{"basesPerBin":"10000","max":3,"mean":3}]},"intervals":{"classes":[{"attributes":["Start","End","Strand","Id","Name","Seq_id","Source","Subfeatures","Target_length","Type"],"isArrayAttr":{"Subfeatures":1}},{"attributes":["Start","End","Strand","Gap","Id","Seq_id","Source","Target","Type"],"isArrayAttr":{}},{"attributes":["Start","End","Strand","Id","Seq_id","Source","Target","Type"],"isArrayAttr":{}},{"attributes":["Start","End","Chunk"],"isArrayAttr":{"Sublist":1}}],"count":3,"lazyClass":3,"maxEnd":9317,"minStart":3954,"nclist":[[0,3954,5130,1,"NODE_2312_length_10212_cov_7.875161:hit:8992:4.5.0.0","genemark-NODE_2312_length_10212_cov_7.875161-abinit-gene-0.3-mRNA-1","NODE_2312_length_10212_cov_7.875161","genemark",[[1,3954,4488,1,"M534","NODE_2312_length_10212_cov_7.875161:hsp:40534:4.5.0.0","NODE_2312_length_10212_cov_7.875161","genemark","genemark-NODE_2312_length_10212_cov_7.875161-abinit-gene-0.3-mRNA-1 1 534 +","match_part"],[1,4584,5130,1,"M546","NODE_2312_length_10212_cov_7.875161:hsp:40535:4.5.0.0","NODE_2312_length_10212_cov_7.875161","genemark","genemark-NODE_2312_length_10212_cov_7.875161-abinit-gene-0.3-mRNA-1 535 1080 +","match_part"]],"10212","match"],[0,5292,7617,1,"NODE_2312_length_10212_cov_7.875161:hit:8998:4.5.0.0","genemark-NODE_2312_length_10212_cov_7.875161-abinit-gene-0.4-mRNA-1","NODE_2312_length_10212_cov_7.875161","genemark",[[1,5292,7617,1,"M2325","NODE_2312_length_10212_cov_7.875161:hsp:40549:4.5.0.0","NODE_2312_length_10212_cov_7.875161","genemark","genemark-NODE_2312_length_10212_cov_7.875161-abinit-gene-0.4-mRNA-1 1 2325 +","match_part"]],"10212","match"],[0,8041,9317,1,"NODE_2312_length_10212_cov_7.875161:hit:8999:4.5.0.0","genemark-NODE_2312_length_10212_cov_7.875161-abinit-gene-0.5-mRNA-1","NODE_2312_length_10212_cov_7.875161","genemark",[[1,8041,8803,1,"M762","NODE_2312_length_10212_cov_7.875161:hsp:40550:4.5.0.0","NODE_2312_length_10212_cov_7.875161","genemark","genemark-NODE_2312_length_10212_cov_7.875161-abinit-gene-0.5-mRNA-1 1 762 +","match_part"],[1,8870,9074,1,"M204","NODE_2312_length_10212_cov_7.875161:hsp:40551:4.5.0.0","NODE_2312_length_10212_cov_7.875161","genemark","genemark-NODE_2312_length_10212_cov_7.875161-abinit-gene-0.5-mRNA-1 763 966 +","match_part"],[1,9161,9317,1,"M156","NODE_2312_length_10212_cov_7.875161:hsp:40552:4.5.0.0","NODE_2312_length_10212_cov_7.875161","genemark","genemark-NODE_2312_length_10212_cov_7.875161-abinit-gene-0.5-mRNA-1 967 1122 +","match_part"]],"10212","match"]],"urlTemplate":"lf-{Chunk}.json"}}