{"featureCount":3,"formatVersion":1,"histograms":{"meta":[{"arrayParams":{"chunkSize":10000,"length":1,"urlTemplate":"hist-10000-{Chunk}.json"},"basesPerBin":"10000"}],"stats":[{"basesPerBin":"10000","max":3,"mean":3}]},"intervals":{"classes":[{"attributes":["Start","End","Strand","Id","Name","Seq_id","Source","Subfeatures","Target_length","Type"],"isArrayAttr":{"Subfeatures":1}},{"attributes":["Start","End","Strand","Gap","Id","Seq_id","Source","Target","Type"],"isArrayAttr":{}},{"attributes":["Start","End","Strand","Id","Seq_id","Source","Target","Type"],"isArrayAttr":{}},{"attributes":["Start","End","Chunk"],"isArrayAttr":{"Sublist":1}}],"count":3,"lazyClass":3,"maxEnd":7731,"minStart":20,"nclist":[[0,20,368,1,"NODE_3108_length_7852_cov_5.252395:hit:26623:4.5.0.0","genemark-NODE_3108_length_7852_cov_5.252395-abinit-gene-0.0-mRNA-1","NODE_3108_length_7852_cov_5.252395","genemark",[[1,20,368,1,"M348","NODE_3108_length_7852_cov_5.252395:hsp:114097:4.5.0.0","NODE_3108_length_7852_cov_5.252395","genemark","genemark-NODE_3108_length_7852_cov_5.252395-abinit-gene-0.0-mRNA-1 1 348 +","match_part"]],"7852","match"],[0,2226,3584,-1,"NODE_3108_length_7852_cov_5.252395:hit:26625:4.5.0.0","genemark-NODE_3108_length_7852_cov_5.252395-abinit-gene-0.1-mRNA-1","NODE_3108_length_7852_cov_5.252395","genemark",[[1,2337,3584,-1,"M1247","NODE_3108_length_7852_cov_5.252395:hsp:114100:4.5.0.0","NODE_3108_length_7852_cov_5.252395","genemark","genemark-NODE_3108_length_7852_cov_5.252395-abinit-gene-0.1-mRNA-1 26 1272 +","match_part"],[1,2226,2251,-1,"M25","NODE_3108_length_7852_cov_5.252395:hsp:114101:4.5.0.0","NODE_3108_length_7852_cov_5.252395","genemark","genemark-NODE_3108_length_7852_cov_5.252395-abinit-gene-0.1-mRNA-1 1 25 +","match_part"]],"7852","match"],[0,7383,7731,-1,"NODE_3108_length_7852_cov_5.252395:hit:26628:4.5.0.0","genemark-NODE_3108_length_7852_cov_5.252395-abinit-gene-0.2-mRNA-1","NODE_3108_length_7852_cov_5.252395","genemark",[[1,7581,7731,-1,"M150","NODE_3108_length_7852_cov_5.252395:hsp:114106:4.5.0.0","NODE_3108_length_7852_cov_5.252395","genemark","genemark-NODE_3108_length_7852_cov_5.252395-abinit-gene-0.2-mRNA-1 106 255 +","match_part"],[1,7383,7488,-1,"M105","NODE_3108_length_7852_cov_5.252395:hsp:114107:4.5.0.0","NODE_3108_length_7852_cov_5.252395","genemark","genemark-NODE_3108_length_7852_cov_5.252395-abinit-gene-0.2-mRNA-1 1 105 +","match_part"]],"7852","match"]],"urlTemplate":"lf-{Chunk}.json"}}