{"featureCount":4,"formatVersion":1,"histograms":{"meta":[{"arrayParams":{"chunkSize":10000,"length":2,"urlTemplate":"hist-1000-{Chunk}.json"},"basesPerBin":"1000"}],"stats":[{"basesPerBin":"1000","max":4,"mean":3}]},"intervals":{"classes":[{"attributes":["Start","End","Strand","Id","Name","Score","Seq_id","Source","Subfeatures","Target_length","Type"],"isArrayAttr":{"Subfeatures":1}},{"attributes":["Start","End","Strand","Gap","Id","Score","Seq_id","Source","Target","Type"],"isArrayAttr":{}},{"attributes":["Start","End","Chunk"],"isArrayAttr":{"Sublist":1}}],"count":4,"lazyClass":2,"maxEnd":1105,"minStart":482,"nclist":[[0,482,581,1,"NODE_11223_length_1646_cov_2.942725:hit:4209:3.2.0.0","TRINITY_DN12072_c1_g1_i1",87,"NODE_11223_length_1646_cov_2.942725","blastn",[[1,482,581,1,"M99","NODE_11223_length_1646_cov_2.942725:hsp:9289:3.2.0.0",87,"NODE_11223_length_1646_cov_2.942725","blastn","TRINITY_DN12072_c1_g1_i1 6 104 +","match_part"]],"217","expressed_sequence_match"],[0,631,755,1,"NODE_11223_length_1646_cov_2.942725:hit:4210:3.2.0.0","TRINITY_DN2807_c1_g1_i1",53,"NODE_11223_length_1646_cov_2.942725","blastn",[[1,631,755,1,"M94 D1 M29","NODE_11223_length_1646_cov_2.942725:hsp:9290:3.2.0.0",53,"NODE_11223_length_1646_cov_2.942725","blastn","TRINITY_DN2807_c1_g1_i1 144 266 +","match_part"]],"277","expressed_sequence_match"],[0,700,1105,1,"NODE_11223_length_1646_cov_2.942725:hit:4211:3.2.0.0","TRINITY_DN4632_c0_g1_i1",123,"NODE_11223_length_1646_cov_2.942725","blastn",[[1,700,865,1,"M165","NODE_11223_length_1646_cov_2.942725:hsp:9291:3.2.0.0",123,"NODE_11223_length_1646_cov_2.942725","blastn","TRINITY_DN4632_c0_g1_i1 1 165 +","match_part"],[1,888,1105,1,"M217","NODE_11223_length_1646_cov_2.942725:hsp:9292:3.2.0.0",187,"NODE_11223_length_1646_cov_2.942725","blastn","TRINITY_DN4632_c0_g1_i1 166 382 +","match_part"]],"382","expressed_sequence_match"],[0,700,1105,1,"NODE_11223_length_1646_cov_2.942725:hit:4212:3.2.0.0","TRINITY_DN4632_c0_g1_i2",316,"NODE_11223_length_1646_cov_2.942725","blastn",[[1,700,1105,1,"M212 D2 M191","NODE_11223_length_1646_cov_2.942725:hsp:9293:3.2.0.0",316,"NODE_11223_length_1646_cov_2.942725","blastn","TRINITY_DN4632_c0_g1_i2 1 403 +","match_part"]],"403","expressed_sequence_match"]],"urlTemplate":"lf-{Chunk}.json"}}