{"featureCount":1,"formatVersion":1,"histograms":{"meta":[{"arrayParams":{"chunkSize":10000,"length":1,"urlTemplate":"hist-5000-{Chunk}.json"},"basesPerBin":"5000"}],"stats":[{"basesPerBin":"5000","max":1,"mean":1}]},"intervals":{"classes":[{"attributes":["Start","End","Strand","Id","Name","Seq_id","Source","Subfeatures","Target_length","Type"],"isArrayAttr":{"Subfeatures":1}},{"attributes":["Start","End","Strand","Gap","Id","Seq_id","Source","Target","Type"],"isArrayAttr":{}},{"attributes":["Start","End","Strand","Id","Seq_id","Source","Target","Type"],"isArrayAttr":{}},{"attributes":["Start","End","Chunk"],"isArrayAttr":{"Sublist":1}}],"count":1,"lazyClass":3,"maxEnd":1737,"minStart":9,"nclist":[[0,9,1737,1,"NODE_7862_length_2674_cov_4.300353:hit:13404:4.5.0.0","genemark-NODE_7862_length_2674_cov_4.300353-abinit-gene-0.1-mRNA-1","NODE_7862_length_2674_cov_4.300353","genemark",[[1,9,459,1,"M450","NODE_7862_length_2674_cov_4.300353:hsp:39285:4.5.0.0","NODE_7862_length_2674_cov_4.300353","genemark","genemark-NODE_7862_length_2674_cov_4.300353-abinit-gene-0.1-mRNA-1 1 450 +","match_part"],[1,531,602,1,"M71","NODE_7862_length_2674_cov_4.300353:hsp:39286:4.5.0.0","NODE_7862_length_2674_cov_4.300353","genemark","genemark-NODE_7862_length_2674_cov_4.300353-abinit-gene-0.1-mRNA-1 451 521 +","match_part"],[1,665,944,1,"M279","NODE_7862_length_2674_cov_4.300353:hsp:39287:4.5.0.0","NODE_7862_length_2674_cov_4.300353","genemark","genemark-NODE_7862_length_2674_cov_4.300353-abinit-gene-0.1-mRNA-1 522 800 +","match_part"],[1,1014,1080,1,"M66","NODE_7862_length_2674_cov_4.300353:hsp:39288:4.5.0.0","NODE_7862_length_2674_cov_4.300353","genemark","genemark-NODE_7862_length_2674_cov_4.300353-abinit-gene-0.1-mRNA-1 801 866 +","match_part"],[1,1160,1211,1,"M51","NODE_7862_length_2674_cov_4.300353:hsp:39289:4.5.0.0","NODE_7862_length_2674_cov_4.300353","genemark","genemark-NODE_7862_length_2674_cov_4.300353-abinit-gene-0.1-mRNA-1 867 917 +","match_part"],[1,1288,1390,1,"M102","NODE_7862_length_2674_cov_4.300353:hsp:39290:4.5.0.0","NODE_7862_length_2674_cov_4.300353","genemark","genemark-NODE_7862_length_2674_cov_4.300353-abinit-gene-0.1-mRNA-1 918 1019 +","match_part"],[1,1457,1737,1,"M280","NODE_7862_length_2674_cov_4.300353:hsp:39291:4.5.0.0","NODE_7862_length_2674_cov_4.300353","genemark","genemark-NODE_7862_length_2674_cov_4.300353-abinit-gene-0.1-mRNA-1 1020 1299 +","match_part"]],"2674","match"]],"urlTemplate":"lf-{Chunk}.json"}}