{"featureCount":2,"formatVersion":1,"histograms":{"meta":[{"arrayParams":{"chunkSize":10000,"length":1,"urlTemplate":"hist-10000-{Chunk}.json"},"basesPerBin":"10000"}],"stats":[{"basesPerBin":"10000","max":2,"mean":2}]},"intervals":{"classes":[{"attributes":["Start","End","Strand","Id","Name","Seq_id","Source","Subfeatures","Target_length","Type"],"isArrayAttr":{"Subfeatures":1}},{"attributes":["Start","End","Strand","Gap","Id","Seq_id","Source","Target","Type"],"isArrayAttr":{}},{"attributes":["Start","End","Strand","Id","Seq_id","Source","Target","Type"],"isArrayAttr":{}},{"attributes":["Start","End","Chunk"],"isArrayAttr":{"Sublist":1}}],"count":2,"lazyClass":3,"maxEnd":6712,"minStart":9,"nclist":[[0,9,4296,1,"NODE_2917_length_8333_cov_4.522301:hit:23027:4.5.0.0","genemark-NODE_2917_length_8333_cov_4.522301-abinit-gene-0.3-mRNA-1","NODE_2917_length_8333_cov_4.522301","genemark",[[1,9,83,1,"M74","NODE_2917_length_8333_cov_4.522301:hsp:99078:4.5.0.0","NODE_2917_length_8333_cov_4.522301","genemark","genemark-NODE_2917_length_8333_cov_4.522301-abinit-gene-0.3-mRNA-1 1 74 +","match_part"],[1,697,760,1,"M63","NODE_2917_length_8333_cov_4.522301:hsp:99079:4.5.0.0","NODE_2917_length_8333_cov_4.522301","genemark","genemark-NODE_2917_length_8333_cov_4.522301-abinit-gene-0.3-mRNA-1 75 137 +","match_part"],[1,861,984,1,"M123","NODE_2917_length_8333_cov_4.522301:hsp:99080:4.5.0.0","NODE_2917_length_8333_cov_4.522301","genemark","genemark-NODE_2917_length_8333_cov_4.522301-abinit-gene-0.3-mRNA-1 138 260 +","match_part"],[1,1038,1090,1,"M52","NODE_2917_length_8333_cov_4.522301:hsp:99081:4.5.0.0","NODE_2917_length_8333_cov_4.522301","genemark","genemark-NODE_2917_length_8333_cov_4.522301-abinit-gene-0.3-mRNA-1 261 312 +","match_part"],[1,1186,2883,1,"M1697","NODE_2917_length_8333_cov_4.522301:hsp:99082:4.5.0.0","NODE_2917_length_8333_cov_4.522301","genemark","genemark-NODE_2917_length_8333_cov_4.522301-abinit-gene-0.3-mRNA-1 313 2009 +","match_part"],[1,2969,3021,1,"M52","NODE_2917_length_8333_cov_4.522301:hsp:99083:4.5.0.0","NODE_2917_length_8333_cov_4.522301","genemark","genemark-NODE_2917_length_8333_cov_4.522301-abinit-gene-0.3-mRNA-1 2010 2061 +","match_part"],[1,3484,4156,1,"M672","NODE_2917_length_8333_cov_4.522301:hsp:99084:4.5.0.0","NODE_2917_length_8333_cov_4.522301","genemark","genemark-NODE_2917_length_8333_cov_4.522301-abinit-gene-0.3-mRNA-1 2062 2733 +","match_part"],[1,4254,4296,1,"M42","NODE_2917_length_8333_cov_4.522301:hsp:99085:4.5.0.0","NODE_2917_length_8333_cov_4.522301","genemark","genemark-NODE_2917_length_8333_cov_4.522301-abinit-gene-0.3-mRNA-1 2734 2775 +","match_part"]],"8333","match"],[0,6502,6712,1,"NODE_2917_length_8333_cov_4.522301:hit:23030:4.5.0.0","genemark-NODE_2917_length_8333_cov_4.522301-abinit-gene-0.4-mRNA-1","NODE_2917_length_8333_cov_4.522301","genemark",[[1,6502,6712,1,"M210","NODE_2917_length_8333_cov_4.522301:hsp:99089:4.5.0.0","NODE_2917_length_8333_cov_4.522301","genemark","genemark-NODE_2917_length_8333_cov_4.522301-abinit-gene-0.4-mRNA-1 1 210 +","match_part"]],"8333","match"]],"urlTemplate":"lf-{Chunk}.json"}}