{"featureCount":7,"formatVersion":1,"histograms":{"meta":[{"arrayParams":{"chunkSize":10000,"length":3,"urlTemplate":"hist-2000-{Chunk}.json"},"basesPerBin":"2000"}],"stats":[{"basesPerBin":"2000","max":7,"mean":3}]},"intervals":{"classes":[{"attributes":["Start","End","Strand","Aligned_coverage","Aligned_identity","Id","Name","Score","Seq_id","Source","Subfeatures","Target_length","Type"],"isArrayAttr":{"Subfeatures":1}},{"attributes":["Start","End","Strand","Gap","Id","Score","Seq_id","Source","Target","Type"],"isArrayAttr":{}},{"attributes":["Start","End","Chunk"],"isArrayAttr":{"Sublist":1}}],"count":7,"lazyClass":2,"maxEnd":4448,"minStart":2619,"nclist":[[0,2619,4448,1,"100","97.5","NODE_4265_length_5919_cov_6.198722:hit:3015:3.2.0.0","TRINITY_DN1898_c0_g1_i6",7893,"NODE_4265_length_5919_cov_6.198722","est2genome",[[1,2619,2876,1,"M257","NODE_4265_length_5919_cov_6.198722:hsp:10805:3.2.0.0",7893,"NODE_4265_length_5919_cov_6.198722","est2genome","TRINITY_DN1898_c0_g1_i6 1 257 +","match_part"],[1,2929,3654,1,"M3 I1 M722","NODE_4265_length_5919_cov_6.198722:hsp:10806:3.2.0.0",7893,"NODE_4265_length_5919_cov_6.198722","est2genome","TRINITY_DN1898_c0_g1_i6 258 983 +","match_part"],[1,3684,3899,1,"M215","NODE_4265_length_5919_cov_6.198722:hsp:10807:3.2.0.0",7893,"NODE_4265_length_5919_cov_6.198722","est2genome","TRINITY_DN1898_c0_g1_i6 984 1198 +","match_part"],[1,3971,4448,1,"M61 D5 M290 I1 M121","NODE_4265_length_5919_cov_6.198722:hsp:10808:3.2.0.0",7893,"NODE_4265_length_5919_cov_6.198722","est2genome","TRINITY_DN1898_c0_g1_i6 1199 1671 +","match_part"]],"1671","expressed_sequence_match"],[0,2619,4448,1,"100","97.7","NODE_4265_length_5919_cov_6.198722:hit:3018:3.2.0.0","TRINITY_DN1898_c0_g1_i9",8112,"NODE_4265_length_5919_cov_6.198722","est2genome",[[1,2619,2876,1,"M257","NODE_4265_length_5919_cov_6.198722:hsp:10813:3.2.0.0",8112,"NODE_4265_length_5919_cov_6.198722","est2genome","TRINITY_DN1898_c0_g1_i9 1 257 +","match_part"],[1,2929,3899,1,"M3 I1 M967","NODE_4265_length_5919_cov_6.198722:hsp:10814:3.2.0.0",8112,"NODE_4265_length_5919_cov_6.198722","est2genome","TRINITY_DN1898_c0_g1_i9 258 1228 +","match_part"],[1,3971,4448,1,"M61 D5 M290 I1 M121","NODE_4265_length_5919_cov_6.198722:hsp:10815:3.2.0.0",8112,"NODE_4265_length_5919_cov_6.198722","est2genome","TRINITY_DN1898_c0_g1_i9 1229 1701 +","match_part"]],"1701","expressed_sequence_match",{"Sublist":[[0,2619,3977,1,"100","98.4","NODE_4265_length_5919_cov_6.198722:hit:3013:3.2.0.0","TRINITY_DN1898_c0_g1_i4",6097,"NODE_4265_length_5919_cov_6.198722","est2genome",[[1,2619,2881,1,"M262","NODE_4265_length_5919_cov_6.198722:hsp:10800:3.2.0.0",6097,"NODE_4265_length_5919_cov_6.198722","est2genome","TRINITY_DN1898_c0_g1_i4 1 262 +","match_part"],[1,2934,3647,1,"M2 I1 M711","NODE_4265_length_5919_cov_6.198722:hsp:10801:3.2.0.0",6097,"NODE_4265_length_5919_cov_6.198722","est2genome","TRINITY_DN1898_c0_g1_i4 263 976 +","match_part"],[1,3677,3977,1,"M300","NODE_4265_length_5919_cov_6.198722:hsp:10802:3.2.0.0",6097,"NODE_4265_length_5919_cov_6.198722","est2genome","TRINITY_DN1898_c0_g1_i4 977 1276 +","match_part"]],"1276","expressed_sequence_match"],[0,2619,3977,1,"100","98.6","NODE_4265_length_5919_cov_6.198722:hit:3014:3.2.0.0","TRINITY_DN1898_c0_g1_i5",6312,"NODE_4265_length_5919_cov_6.198722","est2genome",[[1,2619,2881,1,"M262","NODE_4265_length_5919_cov_6.198722:hsp:10803:3.2.0.0",6312,"NODE_4265_length_5919_cov_6.198722","est2genome","TRINITY_DN1898_c0_g1_i5 1 262 +","match_part"],[1,2934,3977,1,"M2 I1 M1041","NODE_4265_length_5919_cov_6.198722:hsp:10804:3.2.0.0",6312,"NODE_4265_length_5919_cov_6.198722","est2genome","TRINITY_DN1898_c0_g1_i5 263 1306 +","match_part"]],"1306","expressed_sequence_match",{"Sublist":[[0,2619,3899,1,"100","98.6","NODE_4265_length_5919_cov_6.198722:hit:3017:3.2.0.0","TRINITY_DN1898_c0_g1_i2",5734,"NODE_4265_length_5919_cov_6.198722","est2genome",[[1,2619,2881,1,"M262","NODE_4265_length_5919_cov_6.198722:hsp:10810:3.2.0.0",5734,"NODE_4265_length_5919_cov_6.198722","est2genome","TRINITY_DN1898_c0_g1_i2 1 262 +","match_part"],[1,2934,3647,1,"M2 I1 M711","NODE_4265_length_5919_cov_6.198722:hsp:10811:3.2.0.0",5734,"NODE_4265_length_5919_cov_6.198722","est2genome","TRINITY_DN1898_c0_g1_i2 263 976 +","match_part"],[1,3677,3899,1,"M222","NODE_4265_length_5919_cov_6.198722:hsp:10812:3.2.0.0",5734,"NODE_4265_length_5919_cov_6.198722","est2genome","TRINITY_DN1898_c0_g1_i2 977 1198 +","match_part"]],"1198","expressed_sequence_match",{"Sublist":[[0,2619,3066,1,"100","98.4","NODE_4265_length_5919_cov_6.198722:hit:3016:3.2.0.0","TRINITY_DN1898_c0_g1_i1",2172,"NODE_4265_length_5919_cov_6.198722","est2genome",[[1,2619,3066,1,"M447","NODE_4265_length_5919_cov_6.198722:hsp:10809:3.2.0.0",2172,"NODE_4265_length_5919_cov_6.198722","est2genome","TRINITY_DN1898_c0_g1_i1 1 447 +","match_part"]],"447","expressed_sequence_match"],[0,2884,3694,-1,"100","98.8","NODE_4265_length_5919_cov_6.198722:hit:3019:3.2.0.0","TRINITY_DN1898_c0_g1_i15",3960,"NODE_4265_length_5919_cov_6.198722","est2genome",[[1,2884,3694,-1,"M810","NODE_4265_length_5919_cov_6.198722:hsp:10816:3.2.0.0",3960,"NODE_4265_length_5919_cov_6.198722","est2genome","TRINITY_DN1898_c0_g1_i15 1 810 -","match_part"]],"810","expressed_sequence_match"]]}]]}]]}]],"urlTemplate":"lf-{Chunk}.json"}}