{"featureCount":2,"formatVersion":1,"histograms":{"meta":[{"arrayParams":{"chunkSize":10000,"length":1,"urlTemplate":"hist-10000-{Chunk}.json"},"basesPerBin":"10000"}],"stats":[{"basesPerBin":"10000","max":2,"mean":2}]},"intervals":{"classes":[{"attributes":["Start","End","Strand","Id","Name","Score","Seq_id","Source","Subfeatures","Target_length","Type"],"isArrayAttr":{"Subfeatures":1}},{"attributes":["Start","End","Strand","Gap","Id","Score","Seq_id","Source","Target","Type"],"isArrayAttr":{}},{"attributes":["Start","End","Chunk"],"isArrayAttr":{"Sublist":1}}],"count":2,"lazyClass":2,"maxEnd":6997,"minStart":1027,"nclist":[[0,1027,5885,-1,"NODE_3469_length_7061_cov_10.546438:hit:33518:4.5.0.0","augustus-NODE_3469_length_7061_cov_10.546438-abinit-gene-0.6-mRNA-1",0.01,"NODE_3469_length_7061_cov_10.546438","augustus",[[1,5876,5885,-1,"M9","NODE_3469_length_7061_cov_10.546438:hsp:139473:4.5.0.0",0.01,"NODE_3469_length_7061_cov_10.546438","augustus","augustus-NODE_3469_length_7061_cov_10.546438-abinit-gene-0.6-mRNA-1 2143 2151 +","match_part"],[1,5245,5470,-1,"M225","NODE_3469_length_7061_cov_10.546438:hsp:139474:4.5.0.0",0.01,"NODE_3469_length_7061_cov_10.546438","augustus","augustus-NODE_3469_length_7061_cov_10.546438-abinit-gene-0.6-mRNA-1 1918 2142 +","match_part"],[1,4724,5169,-1,"M445","NODE_3469_length_7061_cov_10.546438:hsp:139475:4.5.0.0",0.01,"NODE_3469_length_7061_cov_10.546438","augustus","augustus-NODE_3469_length_7061_cov_10.546438-abinit-gene-0.6-mRNA-1 1473 1917 +","match_part"],[1,4110,4662,-1,"M552","NODE_3469_length_7061_cov_10.546438:hsp:139476:4.5.0.0",0.01,"NODE_3469_length_7061_cov_10.546438","augustus","augustus-NODE_3469_length_7061_cov_10.546438-abinit-gene-0.6-mRNA-1 921 1472 +","match_part"],[1,2568,2792,-1,"M224","NODE_3469_length_7061_cov_10.546438:hsp:139477:4.5.0.0",0.01,"NODE_3469_length_7061_cov_10.546438","augustus","augustus-NODE_3469_length_7061_cov_10.546438-abinit-gene-0.6-mRNA-1 697 920 +","match_part"],[1,2327,2441,-1,"M114","NODE_3469_length_7061_cov_10.546438:hsp:139478:4.5.0.0",0.01,"NODE_3469_length_7061_cov_10.546438","augustus","augustus-NODE_3469_length_7061_cov_10.546438-abinit-gene-0.6-mRNA-1 583 696 +","match_part"],[1,2130,2244,-1,"M114","NODE_3469_length_7061_cov_10.546438:hsp:139479:4.5.0.0",0.01,"NODE_3469_length_7061_cov_10.546438","augustus","augustus-NODE_3469_length_7061_cov_10.546438-abinit-gene-0.6-mRNA-1 469 582 +","match_part"],[1,1900,2047,-1,"M147","NODE_3469_length_7061_cov_10.546438:hsp:139480:4.5.0.0",0.01,"NODE_3469_length_7061_cov_10.546438","augustus","augustus-NODE_3469_length_7061_cov_10.546438-abinit-gene-0.6-mRNA-1 322 468 +","match_part"],[1,1523,1601,-1,"M78","NODE_3469_length_7061_cov_10.546438:hsp:139481:4.5.0.0",0.01,"NODE_3469_length_7061_cov_10.546438","augustus","augustus-NODE_3469_length_7061_cov_10.546438-abinit-gene-0.6-mRNA-1 244 321 +","match_part"],[1,1353,1449,-1,"M96","NODE_3469_length_7061_cov_10.546438:hsp:139482:4.5.0.0",0.01,"NODE_3469_length_7061_cov_10.546438","augustus","augustus-NODE_3469_length_7061_cov_10.546438-abinit-gene-0.6-mRNA-1 148 243 +","match_part"],[1,1167,1286,-1,"M119","NODE_3469_length_7061_cov_10.546438:hsp:139483:4.5.0.0",0.01,"NODE_3469_length_7061_cov_10.546438","augustus","augustus-NODE_3469_length_7061_cov_10.546438-abinit-gene-0.6-mRNA-1 29 147 +","match_part"],[1,1027,1055,-1,"M28","NODE_3469_length_7061_cov_10.546438:hsp:139484:4.5.0.0",0.01,"NODE_3469_length_7061_cov_10.546438","augustus","augustus-NODE_3469_length_7061_cov_10.546438-abinit-gene-0.6-mRNA-1 1 28 +","match_part"]],"7061","match"],[0,6583,6997,1,"NODE_3469_length_7061_cov_10.546438:hit:33522:4.5.0.0","augustus-NODE_3469_length_7061_cov_10.546438-abinit-gene-0.5-mRNA-1",0.55,"NODE_3469_length_7061_cov_10.546438","augustus",[[1,6583,6603,1,"M20","NODE_3469_length_7061_cov_10.546438:hsp:139506:4.5.0.0",0.55,"NODE_3469_length_7061_cov_10.546438","augustus","augustus-NODE_3469_length_7061_cov_10.546438-abinit-gene-0.5-mRNA-1 1 20 +","match_part"],[1,6746,6874,1,"M128","NODE_3469_length_7061_cov_10.546438:hsp:139507:4.5.0.0",0.55,"NODE_3469_length_7061_cov_10.546438","augustus","augustus-NODE_3469_length_7061_cov_10.546438-abinit-gene-0.5-mRNA-1 21 148 +","match_part"],[1,6944,6997,1,"M53","NODE_3469_length_7061_cov_10.546438:hsp:139508:4.5.0.0",0.55,"NODE_3469_length_7061_cov_10.546438","augustus","augustus-NODE_3469_length_7061_cov_10.546438-abinit-gene-0.5-mRNA-1 149 201 +","match_part"]],"7061","match"]],"urlTemplate":"lf-{Chunk}.json"}}