{"featureCount":8,"formatVersion":1,"histograms":{"meta":[{"arrayParams":{"chunkSize":10000,"length":3,"urlTemplate":"hist-20000-{Chunk}.json"},"basesPerBin":"20000"}],"stats":[{"basesPerBin":"20000","max":4,"mean":3}]},"intervals":{"classes":[{"attributes":["Start","End","Strand","Id","Name","Seq_id","Source","Subfeatures","Target_length","Type"],"isArrayAttr":{"Subfeatures":1}},{"attributes":["Start","End","Strand","Gap","Id","Seq_id","Source","Target","Type"],"isArrayAttr":{}},{"attributes":["Start","End","Strand","Id","Seq_id","Source","Target","Type"],"isArrayAttr":{}},{"attributes":["Start","End","Chunk"],"isArrayAttr":{"Sublist":1}}],"count":8,"lazyClass":3,"maxEnd":42456,"minStart":2477,"nclist":[[0,2477,7551,-1,"NODE_131_length_42485_cov_9.555986:hit:17436:4.5.0.0","genemark-NODE_131_length_42485_cov_9.555986-abinit-gene-0.54-mRNA-1","NODE_131_length_42485_cov_9.555986","genemark",[[1,7406,7551,-1,"M145","NODE_131_length_42485_cov_9.555986:hsp:91674:4.5.0.0","NODE_131_length_42485_cov_9.555986","genemark","genemark-NODE_131_length_42485_cov_9.555986-abinit-gene-0.54-mRNA-1 4497 4641 +","match_part"],[1,6841,7210,-1,"M369","NODE_131_length_42485_cov_9.555986:hsp:91675:4.5.0.0","NODE_131_length_42485_cov_9.555986","genemark","genemark-NODE_131_length_42485_cov_9.555986-abinit-gene-0.54-mRNA-1 4128 4496 +","match_part"],[1,5038,6766,-1,"M1728","NODE_131_length_42485_cov_9.555986:hsp:91676:4.5.0.0","NODE_131_length_42485_cov_9.555986","genemark","genemark-NODE_131_length_42485_cov_9.555986-abinit-gene-0.54-mRNA-1 2400 4127 +","match_part"],[1,2662,4963,-1,"M2301","NODE_131_length_42485_cov_9.555986:hsp:91677:4.5.0.0","NODE_131_length_42485_cov_9.555986","genemark","genemark-NODE_131_length_42485_cov_9.555986-abinit-gene-0.54-mRNA-1 99 2399 +","match_part"],[1,2477,2575,-1,"M98","NODE_131_length_42485_cov_9.555986:hsp:91678:4.5.0.0","NODE_131_length_42485_cov_9.555986","genemark","genemark-NODE_131_length_42485_cov_9.555986-abinit-gene-0.54-mRNA-1 1 98 +","match_part"]],"42485","match"],[0,12249,14424,1,"NODE_131_length_42485_cov_9.555986:hit:17439:4.5.0.0","genemark-NODE_131_length_42485_cov_9.555986-abinit-gene-0.49-mRNA-1","NODE_131_length_42485_cov_9.555986","genemark",[[1,12249,14424,1,"M2175","NODE_131_length_42485_cov_9.555986:hsp:91685:4.5.0.0","NODE_131_length_42485_cov_9.555986","genemark","genemark-NODE_131_length_42485_cov_9.555986-abinit-gene-0.49-mRNA-1 1 2175 +","match_part"]],"42485","match"],[0,17804,19255,1,"NODE_131_length_42485_cov_9.555986:hit:17441:4.5.0.0","genemark-NODE_131_length_42485_cov_9.555986-abinit-gene-0.50-mRNA-1","NODE_131_length_42485_cov_9.555986","genemark",[[1,17804,17816,1,"M12","NODE_131_length_42485_cov_9.555986:hsp:91687:4.5.0.0","NODE_131_length_42485_cov_9.555986","genemark","genemark-NODE_131_length_42485_cov_9.555986-abinit-gene-0.50-mRNA-1 1 12 +","match_part"],[1,17870,17930,1,"M60","NODE_131_length_42485_cov_9.555986:hsp:91688:4.5.0.0","NODE_131_length_42485_cov_9.555986","genemark","genemark-NODE_131_length_42485_cov_9.555986-abinit-gene-0.50-mRNA-1 13 72 +","match_part"],[1,18001,18162,1,"M161","NODE_131_length_42485_cov_9.555986:hsp:91689:4.5.0.0","NODE_131_length_42485_cov_9.555986","genemark","genemark-NODE_131_length_42485_cov_9.555986-abinit-gene-0.50-mRNA-1 73 233 +","match_part"],[1,18566,18662,1,"M96","NODE_131_length_42485_cov_9.555986:hsp:91690:4.5.0.0","NODE_131_length_42485_cov_9.555986","genemark","genemark-NODE_131_length_42485_cov_9.555986-abinit-gene-0.50-mRNA-1 234 329 +","match_part"],[1,18802,18885,1,"M83","NODE_131_length_42485_cov_9.555986:hsp:91691:4.5.0.0","NODE_131_length_42485_cov_9.555986","genemark","genemark-NODE_131_length_42485_cov_9.555986-abinit-gene-0.50-mRNA-1 330 412 +","match_part"],[1,18947,19255,1,"M308","NODE_131_length_42485_cov_9.555986:hsp:91692:4.5.0.0","NODE_131_length_42485_cov_9.555986","genemark","genemark-NODE_131_length_42485_cov_9.555986-abinit-gene-0.50-mRNA-1 413 720 +","match_part"]],"42485","match"],[0,19529,21297,1,"NODE_131_length_42485_cov_9.555986:hit:17444:4.5.0.0","genemark-NODE_131_length_42485_cov_9.555986-abinit-gene-0.51-mRNA-1","NODE_131_length_42485_cov_9.555986","genemark",[[1,19529,19670,1,"M141","NODE_131_length_42485_cov_9.555986:hsp:91703:4.5.0.0","NODE_131_length_42485_cov_9.555986","genemark","genemark-NODE_131_length_42485_cov_9.555986-abinit-gene-0.51-mRNA-1 1 141 +","match_part"],[1,19764,19800,1,"M36","NODE_131_length_42485_cov_9.555986:hsp:91704:4.5.0.0","NODE_131_length_42485_cov_9.555986","genemark","genemark-NODE_131_length_42485_cov_9.555986-abinit-gene-0.51-mRNA-1 142 177 +","match_part"],[1,19890,21129,1,"M1239","NODE_131_length_42485_cov_9.555986:hsp:91705:4.5.0.0","NODE_131_length_42485_cov_9.555986","genemark","genemark-NODE_131_length_42485_cov_9.555986-abinit-gene-0.51-mRNA-1 178 1416 +","match_part"],[1,21204,21297,1,"M93","NODE_131_length_42485_cov_9.555986:hsp:91706:4.5.0.0","NODE_131_length_42485_cov_9.555986","genemark","genemark-NODE_131_length_42485_cov_9.555986-abinit-gene-0.51-mRNA-1 1417 1509 +","match_part"]],"42485","match"],[0,22049,22556,1,"NODE_131_length_42485_cov_9.555986:hit:17445:4.5.0.0","genemark-NODE_131_length_42485_cov_9.555986-abinit-gene-0.52-mRNA-1","NODE_131_length_42485_cov_9.555986","genemark",[[1,22049,22092,1,"M43","NODE_131_length_42485_cov_9.555986:hsp:91707:4.5.0.0","NODE_131_length_42485_cov_9.555986","genemark","genemark-NODE_131_length_42485_cov_9.555986-abinit-gene-0.52-mRNA-1 1 43 +","match_part"],[1,22126,22312,1,"M186","NODE_131_length_42485_cov_9.555986:hsp:91708:4.5.0.0","NODE_131_length_42485_cov_9.555986","genemark","genemark-NODE_131_length_42485_cov_9.555986-abinit-gene-0.52-mRNA-1 44 229 +","match_part"],[1,22437,22556,1,"M119","NODE_131_length_42485_cov_9.555986:hsp:91709:4.5.0.0","NODE_131_length_42485_cov_9.555986","genemark","genemark-NODE_131_length_42485_cov_9.555986-abinit-gene-0.52-mRNA-1 230 348 +","match_part"]],