{"featureCount":4,"formatVersion":1,"histograms":{"meta":[{"arrayParams":{"chunkSize":10000,"length":2,"urlTemplate":"hist-10000-{Chunk}.json"},"basesPerBin":"10000"}],"stats":[{"basesPerBin":"10000","max":3,"mean":2.5}]},"intervals":{"classes":[{"attributes":["Start","End","Strand","Id","Name","Seq_id","Source","Subfeatures","Target_length","Type"],"isArrayAttr":{"Subfeatures":1}},{"attributes":["Start","End","Strand","Gap","Id","Seq_id","Source","Target","Type"],"isArrayAttr":{}},{"attributes":["Start","End","Strand","Id","Seq_id","Source","Target","Type"],"isArrayAttr":{}},{"attributes":["Start","End","Chunk"],"isArrayAttr":{"Sublist":1}}],"count":4,"lazyClass":3,"maxEnd":15856,"minStart":760,"nclist":[[0,760,1885,1,"NODE_1118_length_16920_cov_7.261240:hit:88335:4.5.0.0","genemark-NODE_1118_length_16920_cov_7.261240-abinit-gene-0.0-mRNA-1","NODE_1118_length_16920_cov_7.261240","genemark",[[1,760,851,1,"M91","NODE_1118_length_16920_cov_7.261240:hsp:449723:4.5.0.0","NODE_1118_length_16920_cov_7.261240","genemark","genemark-NODE_1118_length_16920_cov_7.261240-abinit-gene-0.0-mRNA-1 1 91 +","match_part"],[1,1574,1885,1,"M311","NODE_1118_length_16920_cov_7.261240:hsp:449724:4.5.0.0","NODE_1118_length_16920_cov_7.261240","genemark","genemark-NODE_1118_length_16920_cov_7.261240-abinit-gene-0.0-mRNA-1 92 402 +","match_part"]],"16920","match"],[0,2183,3135,1,"NODE_1118_length_16920_cov_7.261240:hit:88338:4.5.0.0","genemark-NODE_1118_length_16920_cov_7.261240-abinit-gene-0.1-mRNA-1","NODE_1118_length_16920_cov_7.261240","genemark",[[1,2183,2858,1,"M675","NODE_1118_length_16920_cov_7.261240:hsp:449733:4.5.0.0","NODE_1118_length_16920_cov_7.261240","genemark","genemark-NODE_1118_length_16920_cov_7.261240-abinit-gene-0.1-mRNA-1 1 675 +","match_part"],[1,2937,3135,1,"M198","NODE_1118_length_16920_cov_7.261240:hsp:449734:4.5.0.0","NODE_1118_length_16920_cov_7.261240","genemark","genemark-NODE_1118_length_16920_cov_7.261240-abinit-gene-0.1-mRNA-1 676 873 +","match_part"]],"16920","match"],[0,6975,11309,1,"NODE_1118_length_16920_cov_7.261240:hit:88340:4.5.0.0","genemark-NODE_1118_length_16920_cov_7.261240-abinit-gene-0.2-mRNA-1","NODE_1118_length_16920_cov_7.261240","genemark",[[1,6975,7123,1,"M148","NODE_1118_length_16920_cov_7.261240:hsp:449737:4.5.0.0","NODE_1118_length_16920_cov_7.261240","genemark","genemark-NODE_1118_length_16920_cov_7.261240-abinit-gene-0.2-mRNA-1 1 148 +","match_part"],[1,7185,7213,1,"M28","NODE_1118_length_16920_cov_7.261240:hsp:449738:4.5.0.0","NODE_1118_length_16920_cov_7.261240","genemark","genemark-NODE_1118_length_16920_cov_7.261240-abinit-gene-0.2-mRNA-1 149 176 +","match_part"],[1,7353,8114,1,"M761","NODE_1118_length_16920_cov_7.261240:hsp:449739:4.5.0.0","NODE_1118_length_16920_cov_7.261240","genemark","genemark-NODE_1118_length_16920_cov_7.261240-abinit-gene-0.2-mRNA-1 177 937 +","match_part"],[1,8183,8561,1,"M378","NODE_1118_length_16920_cov_7.261240:hsp:449740:4.5.0.0","NODE_1118_length_16920_cov_7.261240","genemark","genemark-NODE_1118_length_16920_cov_7.261240-abinit-gene-0.2-mRNA-1 938 1315 +","match_part"],[1,8624,8726,1,"M102","NODE_1118_length_16920_cov_7.261240:hsp:449741:4.5.0.0","NODE_1118_length_16920_cov_7.261240","genemark","genemark-NODE_1118_length_16920_cov_7.261240-abinit-gene-0.2-mRNA-1 1316 1417 +","match_part"],[1,11109,11309,1,"M200","NODE_1118_length_16920_cov_7.261240:hsp:449742:4.5.0.0","NODE_1118_length_16920_cov_7.261240","genemark","genemark-NODE_1118_length_16920_cov_7.261240-abinit-gene-0.2-mRNA-1 1418 1617 +","match_part"]],"16920","match"],[0,11567,15856,-1,"NODE_1118_length_16920_cov_7.261240:hit:88345:4.5.0.0","genemark-NODE_1118_length_16920_cov_7.261240-abinit-gene-0.3-mRNA-1","NODE_1118_length_16920_cov_7.261240","genemark",[[1,15707,15856,-1,"M149","NODE_1118_length_16920_cov_7.261240:hsp:449757:4.5.0.0","NODE_1118_length_16920_cov_7.261240","genemark","genemark-NODE_1118_length_16920_cov_7.261240-abinit-gene-0.3-mRNA-1 2021 2169 +","match_part"],[1,15534,15618,-1,"M84","NODE_1118_length_16920_cov_7.261240:hsp:449758:4.5.0.0","NODE_1118_length_16920_cov_7.261240","genemark","genemark-NODE_1118_length_16920_cov_7.261240-abinit-gene-0.3-mRNA-1 1937 2020 +","match_part"],[1,15393,15456,-1,"M63","NODE_1118_length_16920_cov_7.261240:hsp:449759:4.5.0.0","NODE_1118_length_16920_cov_7.261240","genemark","genemark-NODE_1118_length_16920_cov_7.261240-abinit-gene-0.3-mRNA-1 1874 1936 +","match_part"],[1,15236,15321,-1,"M85","NODE_1118_length_16920_cov_7.261240:hsp:449760:4.5.0.0","NODE_1118_length_16920_cov_7.261240","genemark","genemark-NODE_1118_length_16920_cov_7.261240-abinit-gene-0.3-mRNA-1 1789 1873 +","match_part"],[1,15079,15166,-1,"M87","NODE_1118_length_16920_cov_7.261240:hsp:449761:4.5.0.0","NODE_1118_length_16920_cov_7.261240","genemark","genemark-NODE_1118_length_16920_cov_7.261240-abinit-gene-0.3-mRNA-1 1702 1788 +","match_part"],[1,14927,15021,-1,"M94","NODE_1118_length_16920_cov_7.261240:hsp:449762:4.5.0.0","NODE_1118_length_16920_cov_7.261240","genemark","genemark-NODE_1118_length_16920_cov_7.261240-abinit-gene-0.3-mRNA-1 1608 1701 +","match_part"],[1,14680,14859,-1,"M179","NODE_1118_length_16920_cov_7.261240:hsp:449763:4.5.0.0","NODE_1118_length_16920_cov_7.261240","genemark","genemark-NODE_1118_length_16920_cov_7.261240-abinit-gene-0.3-mRNA-1 1429 1607 +","match_part"],[1,14432,14592,-1,"M160","NODE_1118_length_16920_cov_7.261240:hsp:449764:4.5.0.0","NODE_1118_length_16920_cov_7.261240","genemark","genemark-NODE_1118_length_16920_cov_7.261240-abinit-gene-0.3-mRNA-1 1269 1428 +","match_part"],[1,14218,14363,-1,"M145","NODE_1118_length_16920_cov_7.261240:hsp:449765:4.5.0.0","NODE_1118_length_16920_cov_7.261240","genemark","genemark-NODE_1118_length_16920_cov_7.261240-abinit-gene-0.3-mRNA-1 1124 1268 +","match_part"],[1,13936,14157,-1,"M221","NODE_1118_length_16920_cov_7.261240:hsp:449766:4.5.0.0","NODE_1118_length_16920_cov_7.261240","genemark","genemark-NODE_1118_length_16920_cov_7.261240-abinit-gene-0.3-mRNA-1 903 1123 +","match_part"],[1,13648,13845,-1,"M197","NODE_1118_length_16920_cov_7.261240:hsp:449767:4.5.0.0","NODE_1118_length_16920_cov_7.261240","genemark","genemark-NODE_1118_length_16920_cov_7.261240-abinit-gene-0.3-mRNA-1 706 902 +","match_part"],[1,13141,13537,-1,"M396","NODE_1118_length_16920_cov_7.261240:hsp:449768:4.5.0.0","NODE_1118_length_16920_cov_7.261240","genemark","genemark-NODE_1118_length_16920_cov_7.261240-abinit-gene-0.3-mRNA-1 310 705 +","match_part"],[1,11886,11955,-1,"M69","NODE_1118_length_16920_cov_7.261240:hsp:449769:4.5.0.0","NODE_1118_length_16920_cov_7.261240","genemark","genemark-NODE_1118_length_16920_cov_7.261240-abinit-gene-0.3-mRNA-1 241 309 +","match_part"],[1,11567,11807,-1,"M240","NODE_1118_length_16920_cov_7.261240:hsp:449770:4.5.0.0","NODE_1118_length_16920_cov_7.261240","genemark","genemark-NODE_1118_length_16920_cov_7.261240-abinit-gene-0.3-mRNA-1 1 240 +","match_part"]],"16920","match"]],"urlTemplate":"lf-{Chunk}.json"}}