{"featureCount":2,"formatVersion":1,"histograms":{"meta":[{"arrayParams":{"chunkSize":10000,"length":1,"urlTemplate":"hist-10000-{Chunk}.json"},"basesPerBin":"10000"}],"stats":[{"basesPerBin":"10000","max":2,"mean":2}]},"intervals":{"classes":[{"attributes":["Start","End","Strand","Id","Name","Score","Seq_id","Source","Subfeatures","Target_length","Type"],"isArrayAttr":{"Subfeatures":1}},{"attributes":["Start","End","Strand","Gap","Id","Score","Seq_id","Source","Target","Type"],"isArrayAttr":{}},{"attributes":["Start","End","Chunk"],"isArrayAttr":{"Sublist":1}}],"count":2,"lazyClass":2,"maxEnd":7566,"minStart":210,"nclist":[[0,210,1534,-1,"NODE_1741_length_12759_cov_7.520820:hit:114438:4.5.0.0","augustus-NODE_1741_length_12759_cov_7.520820-abinit-gene-0.0-mRNA-1",0.73,"NODE_1741_length_12759_cov_7.520820","augustus",[[1,957,1534,-1,"M577","NODE_1741_length_12759_cov_7.520820:hsp:569318:4.5.0.0",0.73,"NODE_1741_length_12759_cov_7.520820","augustus","augustus-NODE_1741_length_12759_cov_7.520820-abinit-gene-0.0-mRNA-1 660 1236 +","match_part"],[1,210,869,-1,"M659","NODE_1741_length_12759_cov_7.520820:hsp:569319:4.5.0.0",0.73,"NODE_1741_length_12759_cov_7.520820","augustus","augustus-NODE_1741_length_12759_cov_7.520820-abinit-gene-0.0-mRNA-1 1 659 +","match_part"]],"12759","match"],[0,5835,7566,-1,"NODE_1741_length_12759_cov_7.520820:hit:114441:4.5.0.0","augustus-NODE_1741_length_12759_cov_7.520820-abinit-gene-0.1-mRNA-1",0.74,"NODE_1741_length_12759_cov_7.520820","augustus",[[1,7410,7566,-1,"M156","NODE_1741_length_12759_cov_7.520820:hsp:569324:4.5.0.0",0.74,"NODE_1741_length_12759_cov_7.520820","augustus","augustus-NODE_1741_length_12759_cov_7.520820-abinit-gene-0.1-mRNA-1 1081 1236 +","match_part"],[1,7221,7332,-1,"M111","NODE_1741_length_12759_cov_7.520820:hsp:569325:4.5.0.0",0.74,"NODE_1741_length_12759_cov_7.520820","augustus","augustus-NODE_1741_length_12759_cov_7.520820-abinit-gene-0.1-mRNA-1 970 1080 +","match_part"],[1,7085,7115,-1,"M30","NODE_1741_length_12759_cov_7.520820:hsp:569326:4.5.0.0",0.74,"NODE_1741_length_12759_cov_7.520820","augustus","augustus-NODE_1741_length_12759_cov_7.520820-abinit-gene-0.1-mRNA-1 940 969 +","match_part"],[1,6937,7007,-1,"M70","NODE_1741_length_12759_cov_7.520820:hsp:569327:4.5.0.0",0.74,"NODE_1741_length_12759_cov_7.520820","augustus","augustus-NODE_1741_length_12759_cov_7.520820-abinit-gene-0.1-mRNA-1 870 939 +","match_part"],[1,6262,6855,-1,"M593","NODE_1741_length_12759_cov_7.520820:hsp:569328:4.5.0.0",0.74,"NODE_1741_length_12759_cov_7.520820","augustus","augustus-NODE_1741_length_12759_cov_7.520820-abinit-gene-0.1-mRNA-1 277 869 +","match_part"],[1,6083,6187,-1,"M104","NODE_1741_length_12759_cov_7.520820:hsp:569329:4.5.0.0",0.74,"NODE_1741_length_12759_cov_7.520820","augustus","augustus-NODE_1741_length_12759_cov_7.520820-abinit-gene-0.1-mRNA-1 173 276 +","match_part"],[1,5835,6007,-1,"M172","NODE_1741_length_12759_cov_7.520820:hsp:569330:4.5.0.0",0.74,"NODE_1741_length_12759_cov_7.520820","augustus","augustus-NODE_1741_length_12759_cov_7.520820-abinit-gene-0.1-mRNA-1 1 172 +","match_part"]],"12759","match"]],"urlTemplate":"lf-{Chunk}.json"}}