{"featureCount":14,"formatVersion":1,"histograms":{"meta":[{"arrayParams":{"chunkSize":10000,"length":3,"urlTemplate":"hist-5000-{Chunk}.json"},"basesPerBin":"5000"}],"stats":[{"basesPerBin":"5000","max":10,"mean":7}]},"intervals":{"classes":[{"attributes":["Start","End","Strand","Aligned_coverage","Aligned_identity","Id","Name","Score","Seq_id","Source","Subfeatures","Target_length","Type"],"isArrayAttr":{"Subfeatures":1}},{"attributes":["Start","End","Strand","Gap","Id","Score","Seq_id","Source","Target","Type"],"isArrayAttr":{}},{"attributes":["Start","End","Chunk"],"isArrayAttr":{"Sublist":1}}],"count":14,"lazyClass":2,"maxEnd":11583,"minStart":1827,"nclist":[[0,1827,7972,1,"100","99.8","NODE_1739_length_12767_cov_8.096123:hit:114370:3.2.0.0","TRINITY_DN53_c5_g1_i5",29142,"NODE_1739_length_12767_cov_8.096123","est2genome",[[1,1827,2068,1,"M241","NODE_1739_length_12767_cov_8.096123:hsp:569081:3.2.0.0",29142,"NODE_1739_length_12767_cov_8.096123","est2genome","TRINITY_DN53_c5_g1_i5 5622 5862 -","match_part"],[1,2147,2226,1,"M79","NODE_1739_length_12767_cov_8.096123:hsp:569082:3.2.0.0",29142,"NODE_1739_length_12767_cov_8.096123","est2genome","TRINITY_DN53_c5_g1_i5 5543 5621 -","match_part"],[1,2285,5237,1,"M2952","NODE_1739_length_12767_cov_8.096123:hsp:569083:3.2.0.0",29142,"NODE_1739_length_12767_cov_8.096123","est2genome","TRINITY_DN53_c5_g1_i5 2591 5542 -","match_part"],[1,5306,6422,1,"M1116","NODE_1739_length_12767_cov_8.096123:hsp:569084:3.2.0.0",29142,"NODE_1739_length_12767_cov_8.096123","est2genome","TRINITY_DN53_c5_g1_i5 1475 2590 -","match_part"],[1,6497,7972,1,"M365 D1 M1109","NODE_1739_length_12767_cov_8.096123:hsp:569085:3.2.0.0",29142,"NODE_1739_length_12767_cov_8.096123","est2genome","TRINITY_DN53_c5_g1_i5 1 1474 -","match_part"]],"5862","expressed_sequence_match"],[0,2081,7972,1,"100","99.8","NODE_1739_length_12767_cov_8.096123:hit:114371:3.2.0.0","TRINITY_DN53_c5_g1_i1",28603,"NODE_1739_length_12767_cov_8.096123","est2genome",[[1,2081,5237,1,"M3156","NODE_1739_length_12767_cov_8.096123:hsp:569086:3.2.0.0",28603,"NODE_1739_length_12767_cov_8.096123","est2genome","TRINITY_DN53_c5_g1_i1 2591 5746 -","match_part"],[1,5306,6422,1,"M1116","NODE_1739_length_12767_cov_8.096123:hsp:569087:3.2.0.0",28603,"NODE_1739_length_12767_cov_8.096123","est2genome","TRINITY_DN53_c5_g1_i1 1475 2590 -","match_part"],[1,6497,7972,1,"M365 D1 M1109","NODE_1739_length_12767_cov_8.096123:hsp:569088:3.2.0.0",28603,"NODE_1739_length_12767_cov_8.096123","est2genome","TRINITY_DN53_c5_g1_i1 1 1474 -","match_part"]],"5746","expressed_sequence_match"],[0,2284,7972,1,"100","99.7","NODE_1739_length_12767_cov_8.096123:hit:114372:3.2.0.0","TRINITY_DN53_c5_g1_i6",27507,"NODE_1739_length_12767_cov_8.096123","est2genome",[[1,2284,5237,1,"M2953","NODE_1739_length_12767_cov_8.096123:hsp:569089:3.2.0.0",27507,"NODE_1739_length_12767_cov_8.096123","est2genome","TRINITY_DN53_c5_g1_i6 2591 5543 -","match_part"],[1,5306,6422,1,"M1116","NODE_1739_length_12767_cov_8.096123:hsp:569090:3.2.0.0",27507,"NODE_1739_length_12767_cov_8.096123","est2genome","TRINITY_DN53_c5_g1_i6 1475 2590 -","match_part"],[1,6497,7972,1,"M365 D1 M1109","NODE_1739_length_12767_cov_8.096123:hsp:569091:3.2.0.0",27507,"NODE_1739_length_12767_cov_8.096123","est2genome","TRINITY_DN53_c5_g1_i6 1 1474 -","match_part"]],"5543","expressed_sequence_match",{"Sublist":[[0,3366,3815,1,"100","95.8","NODE_1739_length_12767_cov_8.096123:hit:114373:3.2.0.0","TRINITY_DN8400_c0_g1_i1",2074,"NODE_1739_length_12767_cov_8.096123","est2genome",[[1,3366,3815,1,"M449","NODE_1739_length_12767_cov_8.096123:hsp:569092:3.2.0.0",2074,"NODE_1739_length_12767_cov_8.096123","est2genome","TRINITY_DN8400_c0_g1_i1 1 449 +","match_part"]],"449","expressed_sequence_match"]]}],[0,3534,7972,-1,"100","99.8","NODE_1739_length_12767_cov_8.096123:hit:114374:3.2.0.0","TRINITY_DN53_c5_g1_i3",20977,"NODE_1739_length_12767_cov_8.096123","est2genome",[[1,6497,7972,-1,"M365 D1 M1109","NODE_1739_length_12767_cov_8.096123:hsp:569093:3.2.0.0",20977,"NODE_1739_length_12767_cov_8.096123","est2genome","TRINITY_DN53_c5_g1_i3 1 1474 +","match_part"],[1,5306,6422,-1,"M1116","NODE_1739_length_12767_cov_8.096123:hsp:569094:3.2.0.0",20977,"NODE_1739_length_12767_cov_8.096123","est2genome","TRINITY_DN53_c5_g1_i3 1475 2590 +","match_part"],[1,4013,5237,-1,"M1224","NODE_1739_length_12767_cov_8.096123:hsp:569095:3.2.0.0",20977,"NODE_1739_length_12767_cov_8.096123","est2genome","TRINITY_DN53_c5_g1_i3 2591 3814 +","match_part"],[1,3534,3941,-1,"M407","NODE_1739_length_12767_cov_8.096123:hsp:569096:3.2.0.0",20977,"NODE_1739_length_12767_cov_8.096123","est2genome","TRINITY_DN53_c5_g1_i3 3815 4221 +","match_part"]],"4221","expressed_sequence_match",{"Sublist":[[0,4012,4378,1,"98.65","94.8","NODE_1739_length_12767_cov_8.096123:hit:114375:3.2.0.0","TRINITY_DN9252_c0_g1_i1",1659,"NODE_1739_length_12767_cov_8.096123","est2genome",[[1,4012,4378,1,"M366","NODE_1739_length_12767_cov_8.096123:hsp:569097:3.2.0.0",1659,"NODE_1739_length_12767_cov_8.096123","est2genome","TRINITY_DN9252_c0_g1_i1 1 366 -","match_part"]],"371","expressed_sequence_match"],[0,4263,4539,1,"100","97.5","NODE_1739_length_12767_cov_8.096123:hit:114376:3.2.0.0","TRINITY_DN7116_c0_g1_i1",1317,"NODE_1739_length_12767_cov_8.096123","est2genome",[[1,4263,4539,1,"M276","NODE_1739_length_12767_cov_8.096123:hsp:569098:3.2.0.0",1317,"NODE_1739_length_12767_cov_8.096123","est2genome","TRINITY_DN7116_c0_g1_i1 1 276 +","match_part"]],"276","expressed_sequence_match"],[0,4263,4539,1,"100","95.3","NODE_1739_length_12767_cov_8.096123:hit:114377:3.2.0.0","TRINITY_DN7116_c0_g1_i2",1263,"NODE_1739_length_12767_cov_8.096123","est2genome",[[1,4263,4539,1,"M276","NODE_1739_length_12767_cov_8.096123:hsp:569099:3.2.0.0",1263,"NODE_1739_length_12767_cov_8.096123","est2genome","TRINITY_DN7116_c0_g1_i2 1 276 +","match_part"]],"276","expressed_sequence_match"],[0,5160,5391,-1,"99.57","100","NODE_1739_length_12767_cov_8.096123:hit:114378:3.2.0.0","TRINITY_DN15043_c0_g1_i1",1155,"NODE_1739_length_12767_cov_8.096123","est2genome",[[1,5160,5391,-1,"M231","NODE_1739_length_12767_cov_8.096123:hsp:569100:3.2.0.0",1155,"NODE_1739_length_12767_cov_8.096123","est2genome","TRINITY_DN15043_c0_g1_i1 1 231 -","match_part"]],"232","expressed_sequence_match"],[0,5160,5391,-1,"99.57","97","NODE_1739_length_12767_cov_8.096123:hit:114379:3.2.0.0","TRINITY_DN15043_c0_g1_i2",1092,"NODE_1739_length_12767_cov_8.096123","est2genome",[[1,5160,5391,-1,"M231","NODE_1739_length_12767_cov_8.096123:hsp:569101:3.2.0.0",1092,"NODE_1739_length_12767_cov_8.096123","est2genome","TRINITY_DN15043_c0_g1_i2 1 231 -","match_part"]],"232","expressed_sequence_match"],[0,7448,7704,-1,"100","96.5","NODE_1739_length_12767_cov_8.096123:hit:114380:3.2.0.0","TRINITY_DN13075_c0_g1_i1",1201,"NODE_1739_length_12767_cov_8.096123","est2genome",[[1,7448,7704,-1,"M143 I2 M113","NODE_1739_length_12767_cov_8.096123:hsp:569102:3.2.0.0",1201,"NODE_1739_length_12767_cov_8.096123","est2genome","TRINITY_DN13075_c0_g1_i1 1 258 +","match_part"]],