{"featureCount":2,"formatVersion":1,"histograms":{"meta":[{"arrayParams":{"chunkSize":10000,"length":1,"urlTemplate":"hist-10000-{Chunk}.json"},"basesPerBin":"10000"}],"stats":[{"basesPerBin":"10000","max":2,"mean":2}]},"intervals":{"classes":[{"attributes":["Start","End","Strand","Id","Name","Seq_id","Source","Subfeatures","Target_length","Type"],"isArrayAttr":{"Subfeatures":1}},{"attributes":["Start","End","Strand","Gap","Id","Seq_id","Source","Target","Type"],"isArrayAttr":{}},{"attributes":["Start","End","Strand","Id","Seq_id","Source","Target","Type"],"isArrayAttr":{}},{"attributes":["Start","End","Chunk"],"isArrayAttr":{"Sublist":1}}],"count":2,"lazyClass":3,"maxEnd":5805,"minStart":489,"nclist":[[0,489,1674,-1,"NODE_3413_length_7147_cov_2.533191:hit:32096:4.5.0.0","genemark-NODE_3413_length_7147_cov_2.533191-abinit-gene-0.0-mRNA-1","NODE_3413_length_7147_cov_2.533191","genemark",[[1,489,1674,-1,"M1185","NODE_3413_length_7147_cov_2.533191:hsp:135729:4.5.0.0","NODE_3413_length_7147_cov_2.533191","genemark","genemark-NODE_3413_length_7147_cov_2.533191-abinit-gene-0.0-mRNA-1 1 1185 +","match_part"]],"7147","match"],[0,1845,5805,-1,"NODE_3413_length_7147_cov_2.533191:hit:32098:4.5.0.0","genemark-NODE_3413_length_7147_cov_2.533191-abinit-gene-0.1-mRNA-1","NODE_3413_length_7147_cov_2.533191","genemark",[[1,5495,5805,-1,"M310","NODE_3413_length_7147_cov_2.533191:hsp:135731:4.5.0.0","NODE_3413_length_7147_cov_2.533191","genemark","genemark-NODE_3413_length_7147_cov_2.533191-abinit-gene-0.1-mRNA-1 3342 3651 +","match_part"],[1,3896,5408,-1,"M1512","NODE_3413_length_7147_cov_2.533191:hsp:135732:4.5.0.0","NODE_3413_length_7147_cov_2.533191","genemark","genemark-NODE_3413_length_7147_cov_2.533191-abinit-gene-0.1-mRNA-1 1830 3341 +","match_part"],[1,3726,3760,-1,"M34","NODE_3413_length_7147_cov_2.533191:hsp:135733:4.5.0.0","NODE_3413_length_7147_cov_2.533191","genemark","genemark-NODE_3413_length_7147_cov_2.533191-abinit-gene-0.1-mRNA-1 1796 1829 +","match_part"],[1,1845,3640,-1,"M1795","NODE_3413_length_7147_cov_2.533191:hsp:135734:4.5.0.0","NODE_3413_length_7147_cov_2.533191","genemark","genemark-NODE_3413_length_7147_cov_2.533191-abinit-gene-0.1-mRNA-1 1 1795 +","match_part"]],"7147","match"]],"urlTemplate":"lf-{Chunk}.json"}}