{"featureCount":3,"formatVersion":1,"histograms":{"meta":[{"arrayParams":{"chunkSize":10000,"length":2,"urlTemplate":"hist-1000-{Chunk}.json"},"basesPerBin":"1000"}],"stats":[{"basesPerBin":"1000","max":3,"mean":2.5}]},"intervals":{"classes":[{"attributes":["Start","End","Strand","Id","Name","Score","Seq_id","Source","Subfeatures","Target_length","Type"],"isArrayAttr":{"Subfeatures":1}},{"attributes":["Start","End","Strand","Gap","Id","Score","Seq_id","Source","Target","Type"],"isArrayAttr":{}},{"attributes":["Start","End","Chunk"],"isArrayAttr":{"Sublist":1}}],"count":3,"lazyClass":2,"maxEnd":1011,"minStart":330,"nclist":[[0,330,837,1,"NODE_14935_length_1153_cov_1.895712:hit:2300:3.2.0.0","TRINITY_DN1455_c0_g1_i2",367,"NODE_14935_length_1153_cov_1.895712","blastn",[[1,330,837,1,"M54 D1 M183 I1 M80 D2 M187","NODE_14935_length_1153_cov_1.895712:hsp:4652:3.2.0.0",367,"NODE_14935_length_1153_cov_1.895712","blastn","TRINITY_DN1455_c0_g1_i2 15 519 +","match_part"]],"519","expressed_sequence_match"],[0,650,1011,-1,"NODE_14935_length_1153_cov_1.895712:hit:2301:3.2.0.0","TRINITY_DN6054_c0_g1_i1",163,"NODE_14935_length_1153_cov_1.895712","blastn",[[1,780,1011,-1,"M108 I1 M82 I1 M41","NODE_14935_length_1153_cov_1.895712:hsp:4653:3.2.0.0",163,"NODE_14935_length_1153_cov_1.895712","blastn","TRINITY_DN6054_c0_g1_i1 1 233 +","match_part"],[1,650,720,-1,"M70","NODE_14935_length_1153_cov_1.895712:hsp:4654:3.2.0.0",70,"NODE_14935_length_1153_cov_1.895712","blastn","TRINITY_DN6054_c0_g1_i1 239 308 +","match_part"]],"332","expressed_sequence_match"],[0,650,1011,-1,"NODE_14935_length_1153_cov_1.895712:hit:2302:3.2.0.0","TRINITY_DN6054_c0_g1_i2",287,"NODE_14935_length_1153_cov_1.895712","blastn",[[1,650,1011,-1,"M108 I1 M82 I1 M171","NODE_14935_length_1153_cov_1.895712:hsp:4655:3.2.0.0",287,"NODE_14935_length_1153_cov_1.895712","blastn","TRINITY_DN6054_c0_g1_i2 1 363 +","match_part"]],"387","expressed_sequence_match"]],"urlTemplate":"lf-{Chunk}.json"}}