{"featureCount":20,"formatVersion":1,"histograms":{"meta":[{"arrayParams":{"chunkSize":10000,"length":6,"urlTemplate":"hist-2000-{Chunk}.json"},"basesPerBin":"2000"}],"stats":[{"basesPerBin":"2000","max":14,"mean":7.66666666666667}]},"intervals":{"classes":[{"attributes":["Start","End","Strand","Aligned_coverage","Aligned_identity","Id","Name","Score","Seq_id","Source","Subfeatures","Target_length","Type"],"isArrayAttr":{"Subfeatures":1}},{"attributes":["Start","End","Strand","Gap","Id","Score","Seq_id","Source","Target","Type"],"isArrayAttr":{}},{"attributes":["Start","End","Chunk"],"isArrayAttr":{"Sublist":1}}],"count":20,"lazyClass":2,"maxEnd":10182,"minStart":263,"nclist":[[0,263,598,1,"100","98.8","NODE_1554_length_13866_cov_8.306136:hit:107274:3.2.0.0","TRINITY_DN14373_c0_g1_i1",1246,"NODE_1554_length_13866_cov_8.306136","est2genome",[[1,263,292,1,"M29","NODE_1554_length_13866_cov_8.306136:hsp:536325:3.2.0.0",1246,"NODE_1554_length_13866_cov_8.306136","est2genome","TRINITY_DN14373_c0_g1_i1 1 29 +","match_part"],[1,369,598,1,"M229","NODE_1554_length_13866_cov_8.306136:hsp:536326:3.2.0.0",1246,"NODE_1554_length_13866_cov_8.306136","est2genome","TRINITY_DN14373_c0_g1_i1 30 258 +","match_part"]],"258","expressed_sequence_match"],[0,3247,3845,-1,"100","99.8","NODE_1554_length_13866_cov_8.306136:hit:107275:3.2.0.0","TRINITY_DN19415_c0_g1_i1",2680,"NODE_1554_length_13866_cov_8.306136","est2genome",[[1,3553,3845,-1,"M292","NODE_1554_length_13866_cov_8.306136:hsp:536327:3.2.0.0",2680,"NODE_1554_length_13866_cov_8.306136","est2genome","TRINITY_DN19415_c0_g1_i1 248 539 -","match_part"],[1,3247,3494,-1,"M247","NODE_1554_length_13866_cov_8.306136:hsp:536328:3.2.0.0",2680,"NODE_1554_length_13866_cov_8.306136","est2genome","TRINITY_DN19415_c0_g1_i1 1 247 -","match_part"]],"539","expressed_sequence_match"],[0,3856,4143,-1,"100","100","NODE_1554_length_13866_cov_8.306136:hit:107276:3.2.0.0","TRINITY_DN39917_c0_g1_i1",1007,"NODE_1554_length_13866_cov_8.306136","est2genome",[[1,3984,4143,-1,"M159","NODE_1554_length_13866_cov_8.306136:hsp:536329:3.2.0.0",1007,"NODE_1554_length_13866_cov_8.306136","est2genome","TRINITY_DN39917_c0_g1_i1 1 159 +","match_part"],[1,3856,3903,-1,"M47","NODE_1554_length_13866_cov_8.306136:hsp:536330:3.2.0.0",1007,"NODE_1554_length_13866_cov_8.306136","est2genome","TRINITY_DN39917_c0_g1_i1 160 206 +","match_part"]],"206","expressed_sequence_match"],[0,4724,4951,1,"100","100","NODE_1554_length_13866_cov_8.306136:hit:107277:3.2.0.0","TRINITY_DN28765_c0_g1_i1",1135,"NODE_1554_length_13866_cov_8.306136","est2genome",[[1,4724,4951,1,"M227","NODE_1554_length_13866_cov_8.306136:hsp:536331:3.2.0.0",1135,"NODE_1554_length_13866_cov_8.306136","est2genome","TRINITY_DN28765_c0_g1_i1 1 227 -","match_part"]],"227","expressed_sequence_match"],[0,5026,5528,1,"100","100","NODE_1554_length_13866_cov_8.306136:hit:107278:3.2.0.0","TRINITY_DN23120_c0_g1_i1",2510,"NODE_1554_length_13866_cov_8.306136","est2genome",[[1,5026,5528,1,"M502","NODE_1554_length_13866_cov_8.306136:hsp:536332:3.2.0.0",2510,"NODE_1554_length_13866_cov_8.306136","est2genome","TRINITY_DN23120_c0_g1_i1 1 502 +","match_part"]],"502","expressed_sequence_match"],[0,5614,6528,-1,"100","100","NODE_1554_length_13866_cov_8.306136:hit:107279:3.2.0.0","TRINITY_DN8137_c0_g1_i1",4079,"NODE_1554_length_13866_cov_8.306136","est2genome",[[1,6497,6528,-1,"M31","NODE_1554_length_13866_cov_8.306136:hsp:536333:3.2.0.0",4079,"NODE_1554_length_13866_cov_8.306136","est2genome","TRINITY_DN8137_c0_g1_i1 1 31 +","match_part"],[1,5614,6402,-1,"M788","NODE_1554_length_13866_cov_8.306136:hsp:536334:3.2.0.0",4079,"NODE_1554_length_13866_cov_8.306136","est2genome","TRINITY_DN8137_c0_g1_i1 32 819 +","match_part"]],"819","expressed_sequence_match"],[0,7141,7390,1,"100","100","NODE_1554_length_13866_cov_8.306136:hit:107280:3.2.0.0","TRINITY_DN25955_c0_g1_i1",1245,"NODE_1554_length_13866_cov_8.306136","est2genome",[[1,7141,7390,1,"M249","NODE_1554_length_13866_cov_8.306136:hsp:536335:3.2.0.0",1245,"NODE_1554_length_13866_cov_8.306136","est2genome","TRINITY_DN25955_c0_g1_i1 1 249 +","match_part"]],"249","expressed_sequence_match"],[0,7413,10182,1,"100","100","NODE_1554_length_13866_cov_8.306136:hit:107281:3.2.0.0","TRINITY_DN112_c0_g1_i11",10047,"NODE_1554_length_13866_cov_8.306136","est2genome",[[1,7413,8181,1,"M449 I1 M254 I1 M65","NODE_1554_length_13866_cov_8.306136:hsp:536336:3.2.0.0",10047,"NODE_1554_length_13866_cov_8.306136","est2genome","TRINITY_DN112_c0_g1_i11 1262 2031 -","match_part"],[1,8436,8519,1,"M83","NODE_1554_length_13866_cov_8.306136:hsp:536337:3.2.0.0",10047,"NODE_1554_length_13866_cov_8.306136","est2genome","TRINITY_DN112_c0_g1_i11 1179 1261 -","match_part"],[1,8767,9404,1,"M637","NODE_1554_length_13866_cov_8.306136:hsp:536338:3.2.0.0",10047,"NODE_1554_length_13866_cov_8.306136","est2genome","TRINITY_DN112_c0_g1_i11 542 1178 -","match_part"],[1,9477,9639,1,"M162","NODE_1554_length_13866_cov_8.306136:hsp:536339:3.2.0.0",10047,"NODE_1554_length_13866_cov_8.306136","est2genome","TRINITY_DN112_c0_g1_i11 380 541 -","match_part"],[1,9736,9831,1,"M95","NODE_1554_length_13866_cov_8.306136:hsp:536340:3.2.0.0",10047,"NODE_1554_length_13866_cov_8.306136","est2genome","TRINITY_DN112_c0_g1_i11 285 379 -","match_part"],[1,9898,10182,1,"M284","NODE_1554_length_13866_cov_8.306136:hsp:536341:3.2.0.0",10047,"NODE_1554_length_13866_cov_8.306136","est2genome","TRINITY_DN112_c0_g1_i11 1 284 -","match_part"]],"2031","expressed_sequence_match"],[0,7413,10182,1,"100","100","NODE_1554_length_13866_cov_8.306136:hit:107282:3.2.0.0","TRINITY_DN112_c0_g1_i44",10726,"NODE_1554_length_13866_cov_8.306136","est2genome",[[1,7413,7909,1,"M177 I1 M254 I1 M65","NODE_1554_length_13866_cov_8.306136:hsp:536342:3.2.0.0",10726,"NODE_1554_length_13866_cov_8.306136","est2genome","TRINITY_DN112_c0_g1_i44 1668 2165 -","match_part"],[1,8097,8519,1,"M422","NODE_1554_length_13866_cov_8.306136:hsp:536343:3.2.0.0",10726,"NODE_1554_length_13866_cov_8.306136","est2genome","TRINITY_DN112_c0_g1_i44 1246 1667 -","match_part"],[1,8767,9404,1,"M637","NODE_1554_length_13866_cov_8.306136:hsp:536344:3.2.0.0",10726,"NODE_1554_length_13866_cov_8.306136","est2genome","TRINITY_DN112_c0_g1_i44 609 1245 -","match_part"],[1,9477,9639,1,"M162","NODE_1554_length_13866_cov_8.306136:hsp:536345:3.2.0.0",10726,"NODE_1554_length_13866_cov_8.306136","est2genome","TRINITY_DN112_c0_g1_i44 447 608 -","match_part"],[1,9736,10182,1,"M446","NODE_1554_length_13866_cov_8.306136:hsp:536346:3.2.0.0",10726,"NODE_1554_length_13866_cov_8.306136","est2genome","TRINITY_DN112_c0_g1_i44 1 446 -","match_part"]],"2165","expressed_sequence_match"],[0,7413,10182,-1,"100","99.7","NODE_1554_length_13866_cov_8.306136:hit:107283:3.2.0.0","TRINITY_DN112_c0_g1_i47",10832,"NODE_1554_length_13866_cov_8.306136","est2genome",[[1,9898,10182,-1,"M284","NODE_1554_length_13866_cov_8.306136:hsp:536347:3.2.0.0",10832,"NODE_1554_length_13866_cov_8.306136","est2genome","TRINITY_DN112_c0_g1_i47 1 284 +","match_part"],[1,9736,9831,-1,"M95","NODE_1554_length_13866_cov_8.306136:hsp:536348:3.2.0.0",10832,"NODE_1554_length_13866_cov_8.306136","est2genome","TRINITY_DN112_c0_g1_i47 285 379 +","match_part"],[1,9573,9639,-1,"M66","NODE_1554_length_13866_cov_8.306136:hsp:536349:3.2.0.0",10832,"NODE_1554_length_13866_cov_8.306136","est2genome","TRINITY_DN112_c0_g1_i47 380 445 +","match_part"],[1,8767,9413,-1,"M2 I1 M1 I1 M643","NODE_1554_length_13866_cov_8.306136:hsp:536350:3.2.0.0",10832,"NODE_1554_length_13866_cov_8.306136","est2genome","TRINITY_DN112_c0_g1_i47 446 1093 +","match_part"],[1,7413,8519,-1,"M787 I1 M254 I1 M65","NODE_1554_length_13866_cov_8.306136:hsp:536351:3.2.0.0",10832,"NODE_1554_length_13866_cov_8.306136","est2genome","TRINITY_DN112_c0_g1_i47 1094 2201 +","match_part"]],