{"featureCount":2,"formatVersion":1,"histograms":{"meta":[{"arrayParams":{"chunkSize":10000,"length":1,"urlTemplate":"hist-2000-{Chunk}.json"},"basesPerBin":"2000"}],"stats":[{"basesPerBin":"2000","max":2,"mean":2}]},"intervals":{"classes":[{"attributes":["Start","End","Strand","Id","Name","Seq_id","Source","Subfeatures","Target_length","Type"],"isArrayAttr":{"Subfeatures":1}},{"attributes":["Start","End","Strand","Gap","Id","Seq_id","Source","Target","Type"],"isArrayAttr":{}},{"attributes":["Start","End","Strand","Id","Seq_id","Source","Target","Type"],"isArrayAttr":{}},{"attributes":["Start","End","Chunk"],"isArrayAttr":{"Sublist":1}}],"count":2,"lazyClass":3,"maxEnd":1528,"minStart":419,"nclist":[[0,419,699,1,"NODE_10259_length_1847_cov_3.251163:hit:1038:4.5.0.0","genemark-NODE_10259_length_1847_cov_3.251163-abinit-gene-0.10-mRNA-1","NODE_10259_length_1847_cov_3.251163","genemark",[[1,419,566,1,"M147","NODE_10259_length_1847_cov_3.251163:hsp:2386:4.5.0.0","NODE_10259_length_1847_cov_3.251163","genemark","genemark-NODE_10259_length_1847_cov_3.251163-abinit-gene-0.10-mRNA-1 1 147 +","match_part"],[1,636,699,1,"M63","NODE_10259_length_1847_cov_3.251163:hsp:2387:4.5.0.0","NODE_10259_length_1847_cov_3.251163","genemark","genemark-NODE_10259_length_1847_cov_3.251163-abinit-gene-0.10-mRNA-1 148 210 +","match_part"]],"1847","match"],[0,1128,1528,-1,"NODE_10259_length_1847_cov_3.251163:hit:1041:4.5.0.0","genemark-NODE_10259_length_1847_cov_3.251163-abinit-gene-0.11-mRNA-1","NODE_10259_length_1847_cov_3.251163","genemark",[[1,1352,1528,-1,"M176","NODE_10259_length_1847_cov_3.251163:hsp:2394:4.5.0.0","NODE_10259_length_1847_cov_3.251163","genemark","genemark-NODE_10259_length_1847_cov_3.251163-abinit-gene-0.11-mRNA-1 107 282 +","match_part"],[1,1234,1293,-1,"M59","NODE_10259_length_1847_cov_3.251163:hsp:2395:4.5.0.0","NODE_10259_length_1847_cov_3.251163","genemark","genemark-NODE_10259_length_1847_cov_3.251163-abinit-gene-0.11-mRNA-1 48 106 +","match_part"],[1,1128,1175,-1,"M47","NODE_10259_length_1847_cov_3.251163:hsp:2396:4.5.0.0","NODE_10259_length_1847_cov_3.251163","genemark","genemark-NODE_10259_length_1847_cov_3.251163-abinit-gene-0.11-mRNA-1 1 47 +","match_part"]],"1847","match"]],"urlTemplate":"lf-{Chunk}.json"}}