{"featureCount":2,"formatVersion":1,"histograms":{"meta":[{"arrayParams":{"chunkSize":10000,"length":1,"urlTemplate":"hist-50000-{Chunk}.json"},"basesPerBin":"50000"}],"stats":[{"basesPerBin":"50000","max":2,"mean":2}]},"intervals":{"classes":[{"attributes":["Start","End","Strand","Id","Name","Score","Seq_id","Source","Subfeatures","Target_length","Type"],"isArrayAttr":{"Subfeatures":1}},{"attributes":["Start","End","Strand","Gap","Id","Score","Seq_id","Source","Target","Type"],"isArrayAttr":{}},{"attributes":["Start","End","Chunk"],"isArrayAttr":{"Sublist":1}}],"count":2,"lazyClass":2,"maxEnd":35711,"minStart":33710,"nclist":[[0,33710,35711,-1,"NODE_198_length_35939_cov_4.575924:hit:24754:3.2.0.0","TRINITY_DN17827_c0_g1_i1",38,"NODE_198_length_35939_cov_4.575924","blastn",[[1,35673,35711,-1,"M38","NODE_198_length_35939_cov_4.575924:hsp:128121:3.2.0.0",38,"NODE_198_length_35939_cov_4.575924","blastn","TRINITY_DN17827_c0_g1_i1 31 68 +","match_part"],[1,35205,35650,-1,"M115 I1 M133 I3 M65 I2 M132","NODE_198_length_35939_cov_4.575924:hsp:128122:3.2.0.0",250,"NODE_198_length_35939_cov_4.575924","blastn","TRINITY_DN17827_c0_g1_i1 103 553 +","match_part"],[1,33710,35079,-1,"M272 I9 M996 D1 M100","NODE_198_length_35939_cov_4.575924:hsp:128123:3.2.0.0",948,"NODE_198_length_35939_cov_4.575924","blastn","TRINITY_DN17827_c0_g1_i1 588 1964 +","match_part"]],"1974","expressed_sequence_match",{"Sublist":[[0,33710,35650,-1,"NODE_198_length_35939_cov_4.575924:hit:24755:3.2.0.0","TRINITY_DN17827_c0_g1_i2",250,"NODE_198_length_35939_cov_4.575924","blastn",[[1,35205,35650,-1,"M115 I1 M133 I3 M65 I2 M132","NODE_198_length_35939_cov_4.575924:hsp:128124:3.2.0.0",250,"NODE_198_length_35939_cov_4.575924","blastn","TRINITY_DN17827_c0_g1_i2 91 541 +","match_part"],[1,33710,35079,-1,"M272 I9 M996 D1 M100","NODE_198_length_35939_cov_4.575924:hsp:128125:3.2.0.0",948,"NODE_198_length_35939_cov_4.575924","blastn","TRINITY_DN17827_c0_g1_i2 576 1952 +","match_part"]],"1962","expressed_sequence_match"]]}]],"urlTemplate":"lf-{Chunk}.json"}}