{"featureCount":3,"formatVersion":1,"histograms":{"meta":[{"arrayParams":{"chunkSize":10000,"length":1,"urlTemplate":"hist-10000-{Chunk}.json"},"basesPerBin":"10000"}],"stats":[{"basesPerBin":"10000","max":3,"mean":3}]},"intervals":{"classes":[{"attributes":["Start","End","Strand","Id","Name","Score","Seq_id","Source","Subfeatures","Target_length","Type"],"isArrayAttr":{"Subfeatures":1}},{"attributes":["Start","End","Strand","Gap","Id","Score","Seq_id","Source","Target","Type"],"isArrayAttr":{}},{"attributes":["Start","End","Chunk"],"isArrayAttr":{"Sublist":1}}],"count":3,"lazyClass":2,"maxEnd":8410,"minStart":533,"nclist":[[0,533,1152,1,"NODE_2520_length_9482_cov_0.867344:hit:14539:4.5.0.0","augustus-NODE_2520_length_9482_cov_0.867344-abinit-gene-0.9-mRNA-1",0.18,"NODE_2520_length_9482_cov_0.867344","augustus",[[1,533,672,1,"M139","NODE_2520_length_9482_cov_0.867344:hsp:63626:4.5.0.0",0.18,"NODE_2520_length_9482_cov_0.867344","augustus","augustus-NODE_2520_length_9482_cov_0.867344-abinit-gene-0.9-mRNA-1 1 139 +","match_part"],[1,874,1152,1,"M278","NODE_2520_length_9482_cov_0.867344:hsp:63627:4.5.0.0",0.18,"NODE_2520_length_9482_cov_0.867344","augustus","augustus-NODE_2520_length_9482_cov_0.867344-abinit-gene-0.9-mRNA-1 140 417 +","match_part"]],"9482","match"],[0,1399,2211,-1,"NODE_2520_length_9482_cov_0.867344:hit:14540:4.5.0.0","augustus-NODE_2520_length_9482_cov_0.867344-abinit-gene-0.10-mRNA-1",0.57,"NODE_2520_length_9482_cov_0.867344","augustus",[[1,2072,2211,-1,"M139","NODE_2520_length_9482_cov_0.867344:hsp:63628:4.5.0.0",0.57,"NODE_2520_length_9482_cov_0.867344","augustus","augustus-NODE_2520_length_9482_cov_0.867344-abinit-gene-0.10-mRNA-1 504 642 +","match_part"],[1,1743,1982,-1,"M239","NODE_2520_length_9482_cov_0.867344:hsp:63629:4.5.0.0",0.57,"NODE_2520_length_9482_cov_0.867344","augustus","augustus-NODE_2520_length_9482_cov_0.867344-abinit-gene-0.10-mRNA-1 265 503 +","match_part"],[1,1399,1663,-1,"M264","NODE_2520_length_9482_cov_0.867344:hsp:63630:4.5.0.0",0.57,"NODE_2520_length_9482_cov_0.867344","augustus","augustus-NODE_2520_length_9482_cov_0.867344-abinit-gene-0.10-mRNA-1 1 264 +","match_part"]],"9482","match"],[0,2731,8410,-1,"NODE_2520_length_9482_cov_0.867344:hit:14543:4.5.0.0","augustus-NODE_2520_length_9482_cov_0.867344-abinit-gene-0.11-mRNA-1",0.04,"NODE_2520_length_9482_cov_0.867344","augustus",[[1,8242,8410,-1,"M168","NODE_2520_length_9482_cov_0.867344:hsp:63637:4.5.0.0",0.04,"NODE_2520_length_9482_cov_0.867344","augustus","augustus-NODE_2520_length_9482_cov_0.867344-abinit-gene-0.11-mRNA-1 3787 3954 +","match_part"],[1,7775,8165,-1,"M390","NODE_2520_length_9482_cov_0.867344:hsp:63638:4.5.0.0",0.04,"NODE_2520_length_9482_cov_0.867344","augustus","augustus-NODE_2520_length_9482_cov_0.867344-abinit-gene-0.11-mRNA-1 3397 3786 +","match_part"],[1,7573,7706,-1,"M133","NODE_2520_length_9482_cov_0.867344:hsp:63639:4.5.0.0",0.04,"NODE_2520_length_9482_cov_0.867344","augustus","augustus-NODE_2520_length_9482_cov_0.867344-abinit-gene-0.11-mRNA-1 3264 3396 +","match_part"],[1,7335,7490,-1,"M155","NODE_2520_length_9482_cov_0.867344:hsp:63640:4.5.0.0",0.04,"NODE_2520_length_9482_cov_0.867344","augustus","augustus-NODE_2520_length_9482_cov_0.867344-abinit-gene-0.11-mRNA-1 3109 3263 +","match_part"],[1,7083,7245,-1,"M162","NODE_2520_length_9482_cov_0.867344:hsp:63641:4.5.0.0",0.04,"NODE_2520_length_9482_cov_0.867344","augustus","augustus-NODE_2520_length_9482_cov_0.867344-abinit-gene-0.11-mRNA-1 2947 3108 +","match_part"],[1,6559,6985,-1,"M426","NODE_2520_length_9482_cov_0.867344:hsp:63642:4.5.0.0",0.04,"NODE_2520_length_9482_cov_0.867344","augustus","augustus-NODE_2520_length_9482_cov_0.867344-abinit-gene-0.11-mRNA-1 2521 2946 +","match_part"],[1,5805,6450,-1,"M645","NODE_2520_length_9482_cov_0.867344:hsp:63643:4.5.0.0",0.04,"NODE_2520_length_9482_cov_0.867344","augustus","augustus-NODE_2520_length_9482_cov_0.867344-abinit-gene-0.11-mRNA-1 1876 2520 +","match_part"],[1,4578,5105,-1,"M527","NODE_2520_length_9482_cov_0.867344:hsp:63644:4.5.0.0",0.04,"NODE_2520_length_9482_cov_0.867344","augustus","augustus-NODE_2520_length_9482_cov_0.867344-abinit-gene-0.11-mRNA-1 1349 1875 +","match_part"],[1,3928,4263,-1,"M335","NODE_2520_length_9482_cov_0.867344:hsp:63645:4.5.0.0",0.04,"NODE_2520_length_9482_cov_0.867344","augustus","augustus-NODE_2520_length_9482_cov_0.867344-abinit-gene-0.11-mRNA-1 1014 1348 +","match_part"],[1,3253,3825,-1,"M572","NODE_2520_length_9482_cov_0.867344:hsp:63646:4.5.0.0",0.04,"NODE_2520_length_9482_cov_0.867344","augustus","augustus-NODE_2520_length_9482_cov_0.867344-abinit-gene-0.11-mRNA-1 442 1013 +","match_part"],[1,2731,3172,-1,"M441","NODE_2520_length_9482_cov_0.867344:hsp:63647:4.5.0.0",0.04,"NODE_2520_length_9482_cov_0.867344","augustus","augustus-NODE_2520_length_9482_cov_0.867344-abinit-gene-0.11-mRNA-1 1 441 +","match_part"]],"9482","match"]],"urlTemplate":"lf-{Chunk}.json"}}