{"featureCount":3,"formatVersion":1,"histograms":{"meta":[{"arrayParams":{"chunkSize":10000,"length":1,"urlTemplate":"hist-1000-{Chunk}.json"},"basesPerBin":"1000"}],"stats":[{"basesPerBin":"1000","max":3,"mean":3}]},"intervals":{"classes":[{"attributes":["Start","End","Strand","Id","Name","Score","Seq_id","Source","Subfeatures","Target_length","Type"],"isArrayAttr":{"Subfeatures":1}},{"attributes":["Start","End","Strand","Gap","Id","Score","Seq_id","Source","Target","Type"],"isArrayAttr":{}},{"attributes":["Start","End","Chunk"],"isArrayAttr":{"Sublist":1}}],"count":3,"lazyClass":2,"maxEnd":790,"minStart":27,"nclist":[[0,27,360,1,"NODE_3450_length_7079_cov_5.798475:hit:33086:3.2.0.0","TRINITY_DN2144_c0_g1_i18",166,"NODE_3450_length_7079_cov_5.798475","blastn",[[1,27,217,1,"M190","NODE_3450_length_7079_cov_5.798475:hsp:137827:3.2.0.0",166,"NODE_3450_length_7079_cov_5.798475","blastn","TRINITY_DN2144_c0_g1_i18 1 190 +","match_part"],[1,223,360,1,"M12 D1 M124","NODE_3450_length_7079_cov_5.798475:hsp:137828:3.2.0.0",114,"NODE_3450_length_7079_cov_5.798475","blastn","TRINITY_DN2144_c0_g1_i18 209 344 +","match_part"]],"460","expressed_sequence_match"],[0,145,360,-1,"NODE_3450_length_7079_cov_5.798475:hit:33087:3.2.0.0","TRINITY_DN8607_c0_g1_i1",85,"NODE_3450_length_7079_cov_5.798475","blastn",[[1,217,360,-1,"M58 D4 M4 D2 M75","NODE_3450_length_7079_cov_5.798475:hsp:137829:3.2.0.0",85,"NODE_3450_length_7079_cov_5.798475","blastn","TRINITY_DN8607_c0_g1_i1 21 157 +","match_part"],[1,145,217,-1,"M72","NODE_3450_length_7079_cov_5.798475:hsp:137830:3.2.0.0",54,"NODE_3450_length_7079_cov_5.798475","blastn","TRINITY_DN8607_c0_g1_i1 173 244 +","match_part"]],"247","expressed_sequence_match"],[0,553,790,-1,"NODE_3450_length_7079_cov_5.798475:hit:33088:3.2.0.0","TRINITY_DN4515_c1_g1_i1",141,"NODE_3450_length_7079_cov_5.798475","blastn",[[1,553,790,-1,"M115 I1 M24 I2 M42 D6 M50","NODE_3450_length_7079_cov_5.798475:hsp:137831:3.2.0.0",141,"NODE_3450_length_7079_cov_5.798475","blastn","TRINITY_DN4515_c1_g1_i1 1 234 +","match_part"]],"273","expressed_sequence_match"]],"urlTemplate":"lf-{Chunk}.json"}}