{"featureCount":2,"formatVersion":1,"histograms":{"meta":[{"arrayParams":{"chunkSize":10000,"length":1,"urlTemplate":"hist-10000-{Chunk}.json"},"basesPerBin":"10000"}],"stats":[{"basesPerBin":"10000","max":2,"mean":2}]},"intervals":{"classes":[{"attributes":["Start","End","Strand","Id","Name","Seq_id","Source","Subfeatures","Target_length","Type"],"isArrayAttr":{"Subfeatures":1}},{"attributes":["Start","End","Strand","Gap","Id","Seq_id","Source","Target","Type"],"isArrayAttr":{}},{"attributes":["Start","End","Strand","Id","Seq_id","Source","Target","Type"],"isArrayAttr":{}},{"attributes":["Start","End","Chunk"],"isArrayAttr":{"Sublist":1}}],"count":2,"lazyClass":3,"maxEnd":5577,"minStart":3411,"nclist":[[0,3411,5054,1,"NODE_4594_length_5592_cov_8.189753:hit:6821:4.5.0.0","genemark-NODE_4594_length_5592_cov_8.189753-abinit-gene-0.5-mRNA-1","NODE_4594_length_5592_cov_8.189753","genemark",[[1,3411,3472,1,"M61","NODE_4594_length_5592_cov_8.189753:hsp:24054:4.5.0.0","NODE_4594_length_5592_cov_8.189753","genemark","genemark-NODE_4594_length_5592_cov_8.189753-abinit-gene-0.5-mRNA-1 1 61 +","match_part"],[1,3541,3677,1,"M136","NODE_4594_length_5592_cov_8.189753:hsp:24055:4.5.0.0","NODE_4594_length_5592_cov_8.189753","genemark","genemark-NODE_4594_length_5592_cov_8.189753-abinit-gene-0.5-mRNA-1 62 197 +","match_part"],[1,3760,3899,1,"M139","NODE_4594_length_5592_cov_8.189753:hsp:24056:4.5.0.0","NODE_4594_length_5592_cov_8.189753","genemark","genemark-NODE_4594_length_5592_cov_8.189753-abinit-gene-0.5-mRNA-1 198 336 +","match_part"],[1,3990,4664,1,"M674","NODE_4594_length_5592_cov_8.189753:hsp:24057:4.5.0.0","NODE_4594_length_5592_cov_8.189753","genemark","genemark-NODE_4594_length_5592_cov_8.189753-abinit-gene-0.5-mRNA-1 337 1010 +","match_part"],[1,4972,5054,1,"M82","NODE_4594_length_5592_cov_8.189753:hsp:24058:4.5.0.0","NODE_4594_length_5592_cov_8.189753","genemark","genemark-NODE_4594_length_5592_cov_8.189753-abinit-gene-0.5-mRNA-1 1011 1092 +","match_part"]],"5592","match"],[0,5463,5577,1,"NODE_4594_length_5592_cov_8.189753:hit:6823:4.5.0.0","genemark-NODE_4594_length_5592_cov_8.189753-abinit-gene-0.6-mRNA-1","NODE_4594_length_5592_cov_8.189753","genemark",[[1,5463,5577,1,"M114","NODE_4594_length_5592_cov_8.189753:hsp:24064:4.5.0.0","NODE_4594_length_5592_cov_8.189753","genemark","genemark-NODE_4594_length_5592_cov_8.189753-abinit-gene-0.6-mRNA-1 1 114 +","match_part"]],"5592","match"]],"urlTemplate":"lf-{Chunk}.json"}}