{"featureCount":6,"formatVersion":1,"histograms":{"meta":[{"arrayParams":{"chunkSize":10000,"length":2,"urlTemplate":"hist-2000-{Chunk}.json"},"basesPerBin":"2000"}],"stats":[{"basesPerBin":"2000","max":6,"mean":5.5}]},"intervals":{"classes":[{"attributes":["Start","End","Strand","Aligned_coverage","Aligned_identity","Id","Name","Score","Seq_id","Source","Subfeatures","Target_length","Type"],"isArrayAttr":{"Subfeatures":1}},{"attributes":["Start","End","Strand","Gap","Id","Score","Seq_id","Source","Target","Type"],"isArrayAttr":{}},{"attributes":["Start","End","Chunk"],"isArrayAttr":{"Sublist":1}}],"count":6,"lazyClass":2,"maxEnd":3078,"minStart":0,"nclist":[[0,0,958,1,"89.2","99","NODE_7152_length_3105_cov_4.561451:hit:9189:3.2.0.0","TRINITY_DN10498_c0_g1_i1",4700,"NODE_7152_length_3105_cov_4.561451","est2genome",[[1,0,958,1,"M958","NODE_7152_length_3105_cov_4.561451:hsp:27709:3.2.0.0",4700,"NODE_7152_length_3105_cov_4.561451","est2genome","TRINITY_DN10498_c0_g1_i1 117 1074 +","match_part"]],"1074","expressed_sequence_match"],[0,865,3078,1,"99.95","97.3","NODE_7152_length_3105_cov_4.561451:hit:9190:3.2.0.0","TRINITY_DN3724_c0_g1_i2",10006,"NODE_7152_length_3105_cov_4.561451","est2genome",[[1,865,1860,1,"M995","NODE_7152_length_3105_cov_4.561451:hsp:27710:3.2.0.0",10006,"NODE_7152_length_3105_cov_4.561451","est2genome","TRINITY_DN3724_c0_g1_i2 1125 2119 -","match_part"],[1,1959,3078,1,"M531 I1 M52 I3 M536","NODE_7152_length_3105_cov_4.561451:hsp:27711:3.2.0.0",10006,"NODE_7152_length_3105_cov_4.561451","est2genome","TRINITY_DN3724_c0_g1_i2 2 1124 -","match_part"]],"2119","expressed_sequence_match"],[0,865,3078,1,"99.95","98","NODE_7152_length_3105_cov_4.561451:hit:9191:3.2.0.0","TRINITY_DN3724_c0_g1_i3",9376,"NODE_7152_length_3105_cov_4.561451","est2genome",[[1,865,1860,1,"M995","NODE_7152_length_3105_cov_4.561451:hsp:27712:3.2.0.0",9376,"NODE_7152_length_3105_cov_4.561451","est2genome","TRINITY_DN3724_c0_g1_i3 966 1960 -","match_part"],[1,1959,2121,1,"M162","NODE_7152_length_3105_cov_4.561451:hsp:27713:3.2.0.0",9376,"NODE_7152_length_3105_cov_4.561451","est2genome","TRINITY_DN3724_c0_g1_i3 804 965 -","match_part"],[1,2279,3078,1,"M531 I1 M52 I2 M216","NODE_7152_length_3105_cov_4.561451:hsp:27714:3.2.0.0",9376,"NODE_7152_length_3105_cov_4.561451","est2genome","TRINITY_DN3724_c0_g1_i3 2 803 -","match_part"]],"1960","expressed_sequence_match"],[0,865,3078,1,"99.95","97.5","NODE_7152_length_3105_cov_4.561451:hit:9192:3.2.0.0","TRINITY_DN3724_c0_g1_i4",9295,"NODE_7152_length_3105_cov_4.561451","est2genome",[[1,865,1860,1,"M995","NODE_7152_length_3105_cov_4.561451:hsp:27715:3.2.0.0",9295,"NODE_7152_length_3105_cov_4.561451","est2genome","TRINITY_DN3724_c0_g1_i4 966 1960 -","match_part"],[1,1959,2121,1,"M162","NODE_7152_length_3105_cov_4.561451:hsp:27716:3.2.0.0",9295,"NODE_7152_length_3105_cov_4.561451","est2genome","TRINITY_DN3724_c0_g1_i4 804 965 -","match_part"],[1,2279,3078,1,"M531 I1 M52 I2 M216","NODE_7152_length_3105_cov_4.561451:hsp:27717:3.2.0.0",9295,"NODE_7152_length_3105_cov_4.561451","est2genome","TRINITY_DN3724_c0_g1_i4 2 803 -","match_part"]],"1960","expressed_sequence_match"],[0,865,3078,1,"99.95","97.7","NODE_7152_length_3105_cov_4.561451:hit:9193:3.2.0.0","TRINITY_DN3724_c0_g1_i5",10107,"NODE_7152_length_3105_cov_4.561451","est2genome",[[1,865,1860,1,"M995","NODE_7152_length_3105_cov_4.561451:hsp:27718:3.2.0.0",10107,"NODE_7152_length_3105_cov_4.561451","est2genome","TRINITY_DN3724_c0_g1_i5 1122 2116 -","match_part"],[1,1959,3078,1,"M531 I1 M588","NODE_7152_length_3105_cov_4.561451:hsp:27719:3.2.0.0",10107,"NODE_7152_length_3105_cov_4.561451","est2genome","TRINITY_DN3724_c0_g1_i5 2 1121 -","match_part"]],"2116","expressed_sequence_match"],[0,865,3078,1,"99.95","97.3","NODE_7152_length_3105_cov_4.561451:hit:9194:3.2.0.0","TRINITY_DN3724_c0_g1_i1",9997,"NODE_7152_length_3105_cov_4.561451","est2genome",[[1,865,1860,1,"M995","NODE_7152_length_3105_cov_4.561451:hsp:27720:3.2.0.0",9997,"NODE_7152_length_3105_cov_4.561451","est2genome","TRINITY_DN3724_c0_g1_i1 1125 2119 -","match_part"],[1,1959,3078,1,"M531 I1 M52 I3 M536","NODE_7152_length_3105_cov_4.561451:hsp:27721:3.2.0.0",9997,"NODE_7152_length_3105_cov_4.561451","est2genome","TRINITY_DN3724_c0_g1_i1 2 1124 -","match_part"]],"2119","expressed_sequence_match"]],"urlTemplate":"lf-{Chunk}.json"}}