{"featureCount":2,"formatVersion":1,"histograms":{"meta":[{"arrayParams":{"chunkSize":10000,"length":1,"urlTemplate":"hist-10000-{Chunk}.json"},"basesPerBin":"10000"}],"stats":[{"basesPerBin":"10000","max":2,"mean":2}]},"intervals":{"classes":[{"attributes":["Start","End","Strand","Id","Name","Score","Seq_id","Source","Subfeatures","Target_length","Type"],"isArrayAttr":{"Subfeatures":1}},{"attributes":["Start","End","Strand","Gap","Id","Score","Seq_id","Source","Target","Type"],"isArrayAttr":{}},{"attributes":["Start","End","Chunk"],"isArrayAttr":{"Sublist":1}}],"count":2,"lazyClass":2,"maxEnd":7264,"minStart":2006,"nclist":[[0,2006,3365,-1,"NODE_2987_length_8141_cov_6.420888:hit:24339:4.5.0.0","augustus-NODE_2987_length_8141_cov_6.420888-abinit-gene-0.3-mRNA-1",0.93,"NODE_2987_length_8141_cov_6.420888","augustus",[[1,2006,3365,-1,"M1359","NODE_2987_length_8141_cov_6.420888:hsp:103951:4.5.0.0",0.93,"NODE_2987_length_8141_cov_6.420888","augustus","augustus-NODE_2987_length_8141_cov_6.420888-abinit-gene-0.3-mRNA-1 1 1359 +","match_part"]],"8141","match"],[0,3699,7264,-1,"NODE_2987_length_8141_cov_6.420888:hit:24342:4.5.0.0","augustus-NODE_2987_length_8141_cov_6.420888-abinit-gene-0.4-mRNA-1",0.64,"NODE_2987_length_8141_cov_6.420888","augustus",[[1,6278,7264,-1,"M986","NODE_2987_length_8141_cov_6.420888:hsp:103955:4.5.0.0",0.64,"NODE_2987_length_8141_cov_6.420888","augustus","augustus-NODE_2987_length_8141_cov_6.420888-abinit-gene-0.4-mRNA-1 2003 2988 +","match_part"],[1,4002,5784,-1,"M1782","NODE_2987_length_8141_cov_6.420888:hsp:103956:4.5.0.0",0.64,"NODE_2987_length_8141_cov_6.420888","augustus","augustus-NODE_2987_length_8141_cov_6.420888-abinit-gene-0.4-mRNA-1 221 2002 +","match_part"],[1,3699,3919,-1,"M220","NODE_2987_length_8141_cov_6.420888:hsp:103957:4.5.0.0",0.64,"NODE_2987_length_8141_cov_6.420888","augustus","augustus-NODE_2987_length_8141_cov_6.420888-abinit-gene-0.4-mRNA-1 1 220 +","match_part"]],"8141","match"]],"urlTemplate":"lf-{Chunk}.json"}}