{"featureCount":5,"formatVersion":1,"histograms":{"meta":[{"arrayParams":{"chunkSize":10000,"length":2,"urlTemplate":"hist-20000-{Chunk}.json"},"basesPerBin":"20000"}],"stats":[{"basesPerBin":"20000","max":5,"mean":4.5}]},"intervals":{"classes":[{"attributes":["Start","End","Strand","Id","Name","Score","Seq_id","Source","Subfeatures","Target_length","Type"],"isArrayAttr":{"Subfeatures":1}},{"attributes":["Start","End","Strand","Gap","Id","Score","Seq_id","Source","Target","Type"],"isArrayAttr":{}},{"attributes":["Start","End","Chunk"],"isArrayAttr":{"Sublist":1}}],"count":5,"lazyClass":2,"maxEnd":22122,"minStart":546,"nclist":[[0,546,2305,1,"NODE_677_length_22122_cov_10.123028:hit:63437:3.2.0.0","TRINITY_DN3564_c0_g1_i3",197,"NODE_677_length_22122_cov_10.123028","blastn",[[1,546,947,1,"M69 I1 M28 I1 M212 I1 M92","NODE_677_length_22122_cov_10.123028:hsp:326186:3.2.0.0",197,"NODE_677_length_22122_cov_10.123028","blastn","TRINITY_DN3564_c0_g1_i3 1 404 +","match_part"],[1,1054,1350,1,"M149 I2 M147","NODE_677_length_22122_cov_10.123028:hsp:326187:3.2.0.0",77,"NODE_677_length_22122_cov_10.123028","blastn","TRINITY_DN3564_c0_g1_i3 425 722 +","match_part"],[1,1409,1656,1,"M247","NODE_677_length_22122_cov_10.123028:hsp:326188:3.2.0.0",109,"NODE_677_length_22122_cov_10.123028","blastn","TRINITY_DN3564_c0_g1_i3 720 966 +","match_part"],[1,2233,2305,1,"M72","NODE_677_length_22122_cov_10.123028:hsp:326189:3.2.0.0",48,"NODE_677_length_22122_cov_10.123028","blastn","TRINITY_DN3564_c0_g1_i3 1453 1524 +","match_part"]],"1897","expressed_sequence_match"],[0,14172,22122,1,"NODE_677_length_22122_cov_10.123028:hit:63438:3.2.0.0","TRINITY_DN4233_c0_g2_i1",274,"NODE_677_length_22122_cov_10.123028","blastn",[[1,14172,14533,1,"M127 D1 M134 D1 M24 D6 M68","NODE_677_length_22122_cov_10.123028:hsp:326190:3.2.0.0",274,"NODE_677_length_22122_cov_10.123028","blastn","TRINITY_DN4233_c0_g2_i1 51 403 +","match_part"],[1,14617,15141,1,"M524","NODE_677_length_22122_cov_10.123028:hsp:326191:3.2.0.0",476,"NODE_677_length_22122_cov_10.123028","blastn","TRINITY_DN4233_c0_g2_i1 401 924 +","match_part"],[1,15211,16126,1,"M915","NODE_677_length_22122_cov_10.123028:hsp:326192:3.2.0.0",777,"NODE_677_length_22122_cov_10.123028","blastn","TRINITY_DN4233_c0_g2_i1 924 1838 +","match_part"],[1,20614,20900,1,"M60 D1 M108 I2 M117","NODE_677_length_22122_cov_10.123028:hsp:326193:3.2.0.0",164,"NODE_677_length_22122_cov_10.123028","blastn","TRINITY_DN4233_c0_g2_i1 51 337 +","match_part"],[1,21044,21565,1,"M366 I3 M155","NODE_677_length_22122_cov_10.123028:hsp:326194:3.2.0.0",333,"NODE_677_length_22122_cov_10.123028","blastn","TRINITY_DN4233_c0_g2_i1 401 924 +","match_part"],[1,21641,22122,1,"M481","NODE_677_length_22122_cov_10.123028:hsp:326195:3.2.0.0",427,"NODE_677_length_22122_cov_10.123028","blastn","TRINITY_DN4233_c0_g2_i1 930 1410 +","match_part"]],"1838","expressed_sequence_match"],[0,14172,22122,1,"NODE_677_length_22122_cov_10.123028:hit:63439:3.2.0.0","TRINITY_DN4233_c0_g2_i4",274,"NODE_677_length_22122_cov_10.123028","blastn",[[1,14172,14533,1,"M127 D1 M134 D1 M24 D6 M68","NODE_677_length_22122_cov_10.123028:hsp:326196:3.2.0.0",274,"NODE_677_length_22122_cov_10.123028","blastn","TRINITY_DN4233_c0_g2_i4 51 403 +","match_part"],[1,14617,14976,1,"M359","NODE_677_length_22122_cov_10.123028:hsp:326197:3.2.0.0",287,"NODE_677_length_22122_cov_10.123028","blastn","TRINITY_DN4233_c0_g2_i4 401 759 +","match_part"],[1,15041,15166,1,"M125","NODE_677_length_22122_cov_10.123028:hsp:326198:3.2.0.0",83,"NODE_677_length_22122_cov_10.123028","blastn","TRINITY_DN4233_c0_g2_i4 762 886 +","match_part"],[1,15230,16126,1,"M896","NODE_677_length_22122_cov_10.123028:hsp:326199:3.2.0.0",758,"NODE_677_length_22122_cov_10.123028","blastn","TRINITY_DN4233_c0_g2_i4 885 1780 +","match_part"],[1,20614,20900,1,"M60 D1 M108 I2 M117","NODE_677_length_22122_cov_10.123028:hsp:326200:3.2.0.0",164,"NODE_677_length_22122_cov_10.123028","blastn","TRINITY_DN4233_c0_g2_i4 51 337 +","match_part"],[1,21044,21405,1,"M361","NODE_677_length_22122_cov_10.123028:hsp:326201:3.2.0.0",301,"NODE_677_length_22122_cov_10.123028","blastn","TRINITY_DN4233_c0_g2_i4 401 761 +","match_part"],[1,21465,21590,1,"M125","NODE_677_length_22122_cov_10.123028:hsp:326202:3.2.0.0",125,"NODE_677_length_22122_cov_10.123028","blastn","TRINITY_DN4233_c0_g2_i4 762 886 +","match_part"],[1,21654,22122,1,"M468","NODE_677_length_22122_cov_10.123028:hsp:326203:3.2.0.0",426,"NODE_677_length_22122_cov_10.123028","blastn","TRINITY_DN4233_c0_g2_i4 885 1352 +","match_part"]],"1780","expressed_sequence_match"],[0,14235,22122,1,"NODE_677_length_22122_cov_10.123028:hit:63440:3.2.0.0","TRINITY_DN4233_c0_g2_i3",211,"NODE_677_length_22122_cov_10.123028","blastn",[[1,14235,14533,1,"M64 D1 M134 D1 M24 D6 M68","NODE_677_length_22122_cov_10.123028:hsp:326204:3.2.0.0",211,"NODE_677_length_22122_cov_10.123028","blastn","TRINITY_DN4233_c0_g2_i3 77 366 +","match_part"],[1,14617,15141,1,"M524","NODE_677_length_22122_cov_10.123028:hsp:326205:3.2.0.0",476,"NODE_677_length_22122_cov_10.123028","blastn","TRINITY_DN4233_c0_g2_i3 364 887 +","match_part"],[1,15211,16126,1,"M915","NODE_677_length_22122_cov_10.123028:hsp:326206:3.2.0.0",777,"NODE_677_length_22122_cov_10.123028","blastn","TRINITY_DN4233_c0_g2_i3 887 1801 +","match_part"],[1,20688,20900,1,"M95 I2 M117","NODE_677_length_22122_cov_10.123028:hsp:326207:3.2.0.0",113,"NODE_677_length_22122_cov_10.123028","blastn","TRINITY_DN4233_c0_g2_i3 87 300 +","match_part"],[1,21044,21565,1,"M366 I3 M155","NODE_677_length_22122_cov_10.123028:hsp:326208:3.2.0.0",333,"NODE_677_length_22122_cov_10.123028","blastn","TRINITY_DN4233_c0_g2_i3 364 887 +","match_part"],[1,21641,22122,1,"M481","NODE_677_length_22122_cov_10.123028:hsp:326209:3.2.0.0",427,"NODE_677_length_22122_cov_10.123028","blastn","TRINITY_DN4233_c0_g2_i3 893 1373 +","match_part"]],"1801","expressed_sequence_match"],[0,14606,22122,1,"NODE_677_length_22122_cov_10.123028:hit:63441:3.2.0.0","TRINITY_DN4233_c0_g2_i2",298,"NODE_677_length_22122_cov_10.123028","blastn",[[1,14606,14976,1,"M370","NODE_677_length_22122_cov_10.123028:hsp:326210:3.2.0.0",298,"NODE_677_length_22122_cov_10.123028","blastn","TRINITY_DN4233_c0_g2_i2 62 431 +","match_part"],[1,15041,15166,1,"M125","NODE_677_length_22122_cov_10.123028:hsp:326211:3.2.0.0",83,"NODE_677_length_22122_cov_10.123028","blastn","TRINITY_DN4233_c0_g2_i2 434 558 +","match_part"],[1,15230,16126,1,"M896","NODE_677_length_22122_cov_10.123028:hsp:326212:3.2.0.0",758,"NODE_677_length_22122_cov_10.123028","blastn","TRINITY_DN4233_c0_g2_i2 557 1452 +","match_part"],[1,20838,20900,1,"M62","NODE_677_length_22122_cov_10.123028:hsp:326213:3.2.0.0",62,"NODE_677_length_22122_cov_10.123028","blastn","TRINITY_DN4233_c0_g2_i2 1 62 +","match_part"],[1,21034,21405,1,"M371","NODE_677_length_22122_cov_10.123028:hsp:326214:3.2.0.0",311,"NODE_677_length_22122_cov_10.123028","blastn","TRINITY_DN4233_c0_g2_i2 63 433 +","match_part"],[1,21465,21590,1,"M125","NODE_677_length_22122_cov_10.123028:hsp:326215:3.2.0.0",125,"NODE_677_length_22122_cov_10.123028","blastn","TRINITY_DN4233_c0_g2_i2 434 558 +","match_part"],[1,21654,22122,1,"M468","NODE_677_length_22122_cov_10.123028:hsp:326216:3.2.0.0",426,"NODE_677_length_22122_cov_10.123028","blastn","TRINITY_DN4233_c0_g2_i2 557 1024 +","match_part"]],"1452","expressed_sequence_match"]],"urlTemplate":"lf-{Chunk}.json"}}