{"featureCount":8,"formatVersion":1,"histograms":{"meta":[{"arrayParams":{"chunkSize":10000,"length":2,"urlTemplate":"hist-10000-{Chunk}.json"},"basesPerBin":"10000"}],"stats":[{"basesPerBin":"10000","max":5,"mean":4}]},"intervals":{"classes":[{"attributes":["Start","End","Strand","Id","Name","Seq_id","Source","Subfeatures","Target_length","Type"],"isArrayAttr":{"Subfeatures":1}},{"attributes":["Start","End","Strand","Gap","Id","Seq_id","Source","Target","Type"],"isArrayAttr":{}},{"attributes":["Start","End","Strand","Id","Seq_id","Source","Target","Type"],"isArrayAttr":{}},{"attributes":["Start","End","Chunk"],"isArrayAttr":{"Sublist":1}}],"count":8,"lazyClass":3,"maxEnd":18978,"minStart":38,"nclist":[[0,38,928,1,"NODE_836_length_19868_cov_6.725141:hit:73785:4.5.0.0","genemark-NODE_836_length_19868_cov_6.725141-abinit-gene-0.0-mRNA-1","NODE_836_length_19868_cov_6.725141","genemark",[[1,38,255,1,"M217","NODE_836_length_19868_cov_6.725141:hsp:380134:4.5.0.0","NODE_836_length_19868_cov_6.725141","genemark","genemark-NODE_836_length_19868_cov_6.725141-abinit-gene-0.0-mRNA-1 1 217 +","match_part"],[1,339,352,1,"M13","NODE_836_length_19868_cov_6.725141:hsp:380135:4.5.0.0","NODE_836_length_19868_cov_6.725141","genemark","genemark-NODE_836_length_19868_cov_6.725141-abinit-gene-0.0-mRNA-1 218 230 +","match_part"],[1,489,928,1,"M439","NODE_836_length_19868_cov_6.725141:hsp:380136:4.5.0.0","NODE_836_length_19868_cov_6.725141","genemark","genemark-NODE_836_length_19868_cov_6.725141-abinit-gene-0.0-mRNA-1 231 669 +","match_part"]],"19868","match"],[0,2034,3712,-1,"NODE_836_length_19868_cov_6.725141:hit:73788:4.5.0.0","genemark-NODE_836_length_19868_cov_6.725141-abinit-gene-0.5-mRNA-1","NODE_836_length_19868_cov_6.725141","genemark",[[1,3528,3712,-1,"M184","NODE_836_length_19868_cov_6.725141:hsp:380146:4.5.0.0","NODE_836_length_19868_cov_6.725141","genemark","genemark-NODE_836_length_19868_cov_6.725141-abinit-gene-0.5-mRNA-1 1071 1254 +","match_part"],[1,3312,3445,-1,"M133","NODE_836_length_19868_cov_6.725141:hsp:380147:4.5.0.0","NODE_836_length_19868_cov_6.725141","genemark","genemark-NODE_836_length_19868_cov_6.725141-abinit-gene-0.5-mRNA-1 938 1070 +","match_part"],[1,3070,3238,-1,"M168","NODE_836_length_19868_cov_6.725141:hsp:380148:4.5.0.0","NODE_836_length_19868_cov_6.725141","genemark","genemark-NODE_836_length_19868_cov_6.725141-abinit-gene-0.5-mRNA-1 770 937 +","match_part"],[1,2869,2985,-1,"M116","NODE_836_length_19868_cov_6.725141:hsp:380149:4.5.0.0","NODE_836_length_19868_cov_6.725141","genemark","genemark-NODE_836_length_19868_cov_6.725141-abinit-gene-0.5-mRNA-1 654 769 +","match_part"],[1,2770,2796,-1,"M26","NODE_836_length_19868_cov_6.725141:hsp:380150:4.5.0.0","NODE_836_length_19868_cov_6.725141","genemark","genemark-NODE_836_length_19868_cov_6.725141-abinit-gene-0.5-mRNA-1 628 653 +","match_part"],[1,2034,2661,-1,"M627","NODE_836_length_19868_cov_6.725141:hsp:380151:4.5.0.0","NODE_836_length_19868_cov_6.725141","genemark","genemark-NODE_836_length_19868_cov_6.725141-abinit-gene-0.5-mRNA-1 1 627 +","match_part"]],"19868","match"],[0,3845,4054,1,"NODE_836_length_19868_cov_6.725141:hit:73790:4.5.0.0","genemark-NODE_836_length_19868_cov_6.725141-abinit-gene-0.1-mRNA-1","NODE_836_length_19868_cov_6.725141","genemark",[[1,3845,3893,1,"M48","NODE_836_length_19868_cov_6.725141:hsp:380156:4.5.0.0","NODE_836_length_19868_cov_6.725141","genemark","genemark-NODE_836_length_19868_cov_6.725141-abinit-gene-0.1-mRNA-1 1 48 +","match_part"],[1,3949,4054,1,"M105","NODE_836_length_19868_cov_6.725141:hsp:380157:4.5.0.0","NODE_836_length_19868_cov_6.725141","genemark","genemark-NODE_836_length_19868_cov_6.725141-abinit-gene-0.1-mRNA-1 49 153 +","match_part"]],"19868","match"],[0,4401,7647,1,"NODE_836_length_19868_cov_6.725141:hit:73791:4.5.0.0","genemark-NODE_836_length_19868_cov_6.725141-abinit-gene-0.2-mRNA-1","NODE_836_length_19868_cov_6.725141","genemark",[[1,4401,4478,1,"M77","NODE_836_length_19868_cov_6.725141:hsp:380158:4.5.0.0","NODE_836_length_19868_cov_6.725141","genemark","genemark-NODE_836_length_19868_cov_6.725141-abinit-gene-0.2-mRNA-1 1 77 +","match_part"],[1,4589,4821,1,"M232","NODE_836_length_19868_cov_6.725141:hsp:380159:4.5.0.0","NODE_836_length_19868_cov_6.725141","genemark","genemark-NODE_836_length_19868_cov_6.725141-abinit-gene-0.2-mRNA-1 78 309 +","match_part"],[1,4938,4992,1,"M54","NODE_836_length_19868_cov_6.725141:hsp:380160:4.5.0.0","NODE_836_length_19868_cov_6.725141","genemark","genemark-NODE_836_length_19868_cov_6.725141-abinit-gene-0.2-mRNA-1 310 363 +","match_part"],[1,5115,5322,1,"M207","NODE_836_length_19868_cov_6.725141:hsp:380161:4.5.0.0","NODE_836_length_19868_cov_6.725141","genemark","genemark-NODE_836_length_19868_cov_6.725141-abinit-gene-0.2-mRNA-1 364 570 +","match_part"],[1,5390,6188,1,"M798","NODE_836_length_19868_cov_6.725141:hsp:380162:4.5.0.0","NODE_836_length_19868_cov_6.725141","genemark","genemark-NODE_836_length_19868_cov_6.725141-abinit-gene-0.2-mRNA-1 571 1368 +","match_part"],[1,6225,6390,1,"M165","NODE_836_length_19868_cov_6.725141:hsp:380163:4.5.0.0","NODE_836_length_19868_cov_6.725141","genemark","genemark-NODE_836_length_19868_cov_6.725141-abinit-gene-0.2-mRNA-1 1369 1533 +","match_part"],[1,6458,6557,1,"M99","NODE_836_length_19868_cov_6.725141:hsp:380164:4.5.0.0","NODE_836_length_19868_cov_6.725141","genemark","genemark-NODE_836_length_19868_cov_6.725141-abinit-gene-0.2-mRNA-1 1534 1632 +","match_part"],[1,6643,6847,1,"M204","NODE_836_length_19868_cov_6.725141:hsp:380165:4.5.0.0","NODE_836_length_19868_cov_6.725141","genemark","genemark-NODE_836_length_19868_cov_6.725141-abinit-gene-0.2-mRNA-1 1633 1836 +","match_part"],[1,6912,7647,1,"M735","NODE_836_length_19868_cov_6.725141:hsp:380166:4.5.0.0","NODE_836_length_19868_cov_6.725141","genemark","genemark-NODE_836_length_19868_cov_6.725141-abinit-gene-0.2-mRNA-1 1837 2571 +","match_part"]],"19868","match"],[0,8205,9666,-1,"NODE_836_length_19868_cov_6.725141:hit:73795:4.5.0.0","genemark-NODE_836_length_19868_cov_6.725141-abinit-gene-0.6-mRNA-1","NODE_836_length_19868_cov_6.725141","genemark",[[1,8984,9666,-1,"M682","NODE_836_length_19868_cov_6.725141:hsp:380180:4.5.0.0","NODE_836_length_19868_cov_6.725141","genemark","genemark-NODE_836_length_19868_cov_6.725141-abinit-gene-0.6-mRNA-1 573 1254 +","match_part"],[1,8789,8892,-1,"M103","NODE_836_length_19868_cov_6.725141:hsp:380181:4.5.0.0","NODE_836_length_19868_cov_6.725141","genemark","genemark-NODE_836_length_19868_cov_6.725141-abinit-gene-0.6-mRNA-1 470 572 +","match_part"],[1,8417,8726,-1,"M309","NODE_836_length_19868_cov_6.725141:hsp:380182:4.5.0.0","NODE_836_length_19868_cov_6.725141","genemark","genemark-NODE_836_length_19868_cov_6.725141-abinit-gene-0.6-mRNA-1 161 469 +","match_part"],[1,8205,8365,-1,"M160","NODE_836_length_19868_cov_6.725141:hsp:380183:4.5.0.0","NODE_836_length_19868_cov_6.725141","genemark","genemark-NODE_836_length_19868_cov_6.725141-abinit-gene-0.6-mRNA-1 1 160 +","match_part"]],