{"featureCount":5,"formatVersion":1,"histograms":{"meta":[{"arrayParams":{"chunkSize":10000,"length":2,"urlTemplate":"hist-2000-{Chunk}.json"},"basesPerBin":"2000"}],"stats":[{"basesPerBin":"2000","max":5,"mean":3.5}]},"intervals":{"classes":[{"attributes":["Start","End","Strand","Aligned_coverage","Aligned_identity","Id","Name","Score","Seq_id","Source","Subfeatures","Target_length","Type"],"isArrayAttr":{"Subfeatures":1}},{"attributes":["Start","End","Strand","Gap","Id","Score","Seq_id","Source","Target","Type"],"isArrayAttr":{}},{"attributes":["Start","End","Chunk"],"isArrayAttr":{"Sublist":1}}],"count":5,"lazyClass":2,"maxEnd":3960,"minStart":167,"nclist":[[0,167,3960,-1,"81.28","99","NODE_6125_length_3963_cov_5.468196:hit:1256:3.2.0.0","TRINITY_DN833_c0_g1_i3",14298,"NODE_6125_length_3963_cov_5.468196","est2genome",[[1,3734,3960,-1,"M226","NODE_6125_length_3963_cov_5.468196:hsp:4164:3.2.0.0",14298,"NODE_6125_length_3963_cov_5.468196","est2genome","TRINITY_DN833_c0_g1_i3 2711 2936 -","match_part"],[1,2123,3601,-1,"M604 D1 M396 D1 M57 D1 M418","NODE_6125_length_3963_cov_5.468196:hsp:4165:3.2.0.0",14298,"NODE_6125_length_3963_cov_5.468196","est2genome","TRINITY_DN833_c0_g1_i3 1236 2710 -","match_part"],[1,1782,1999,-1,"M217","NODE_6125_length_3963_cov_5.468196:hsp:4166:3.2.0.0",14298,"NODE_6125_length_3963_cov_5.468196","est2genome","TRINITY_DN833_c0_g1_i3 1019 1235 -","match_part"],[1,1375,1580,-1,"M205","NODE_6125_length_3963_cov_5.468196:hsp:4167:3.2.0.0",14298,"NODE_6125_length_3963_cov_5.468196","est2genome","TRINITY_DN833_c0_g1_i3 814 1018 -","match_part"],[1,952,1048,-1,"M96","NODE_6125_length_3963_cov_5.468196:hsp:4168:3.2.0.0",14298,"NODE_6125_length_3963_cov_5.468196","est2genome","TRINITY_DN833_c0_g1_i3 718 813 -","match_part"],[1,167,879,-1,"M712","NODE_6125_length_3963_cov_5.468196:hsp:4169:3.2.0.0",14298,"NODE_6125_length_3963_cov_5.468196","est2genome","TRINITY_DN833_c0_g1_i3 6 717 -","match_part"]],"3606","expressed_sequence_match",{"Sublist":[[0,1922,2185,-1,"100","99.6","NODE_6125_length_3963_cov_5.468196:hit:1257:3.2.0.0","TRINITY_DN15919_c0_g1_i1",1306,"NODE_6125_length_3963_cov_5.468196","est2genome",[[1,1922,2185,-1,"M263","NODE_6125_length_3963_cov_5.468196:hsp:4170:3.2.0.0",1306,"NODE_6125_length_3963_cov_5.468196","est2genome","TRINITY_DN15919_c0_g1_i1 1 263 -","match_part"]],"263","expressed_sequence_match"],[0,2955,3261,1,"100","96.1","NODE_6125_length_3963_cov_5.468196:hit:1258:3.2.0.0","TRINITY_DN9970_c0_g1_i1",1386,"NODE_6125_length_3963_cov_5.468196","est2genome",[[1,2955,3261,1,"M226 I2 M36 I3 M44","NODE_6125_length_3963_cov_5.468196:hsp:4171:3.2.0.0",1386,"NODE_6125_length_3963_cov_5.468196","est2genome","TRINITY_DN9970_c0_g1_i1 1 311 -","match_part"]],"311","expressed_sequence_match"],[0,3220,3454,1,"100","96.2","NODE_6125_length_3963_cov_5.468196:hit:1259:3.2.0.0","TRINITY_DN5149_c0_g1_i1",1081,"NODE_6125_length_3963_cov_5.468196","est2genome",[[1,3220,3454,1,"M21 D1 M212","NODE_6125_length_3963_cov_5.468196:hsp:4172:3.2.0.0",1081,"NODE_6125_length_3963_cov_5.468196","est2genome","TRINITY_DN5149_c0_g1_i1 1 233 +","match_part"]],"233","expressed_sequence_match"],[0,3526,3816,-1,"99.66","99.3","NODE_6125_length_3963_cov_5.468196:hit:1260:3.2.0.0","TRINITY_DN6273_c0_g1_i1",1432,"NODE_6125_length_3963_cov_5.468196","est2genome",[[1,3526,3816,-1,"M290","NODE_6125_length_3963_cov_5.468196:hsp:4173:3.2.0.0",1432,"NODE_6125_length_3963_cov_5.468196","est2genome","TRINITY_DN6273_c0_g1_i1 2 291 -","match_part"]],"291","expressed_sequence_match"]]}]],"urlTemplate":"lf-{Chunk}.json"}}