{"featureCount":15,"formatVersion":1,"histograms":{"meta":[{"arrayParams":{"chunkSize":10000,"length":5,"urlTemplate":"hist-5000-{Chunk}.json"},"basesPerBin":"5000"}],"stats":[{"basesPerBin":"5000","max":8,"mean":4.4}]},"intervals":{"classes":[{"attributes":["Start","End","Strand","Id","Name","Score","Seq_id","Source","Subfeatures","Target_length","Type"],"isArrayAttr":{"Subfeatures":1}},{"attributes":["Start","End","Strand","Gap","Id","Score","Seq_id","Source","Target","Type"],"isArrayAttr":{}},{"attributes":["Start","End","Chunk"],"isArrayAttr":{"Sublist":1}}],"count":15,"lazyClass":2,"maxEnd":20070,"minStart":523,"nclist":[[0,523,780,-1,"NODE_742_length_20996_cov_4.212246:hit:67543:3.2.0.0","TRINITY_DN38749_c0_g1_i1",245,"NODE_742_length_20996_cov_4.212246","blastn",[[1,523,780,-1,"M257","NODE_742_length_20996_cov_4.212246:hsp:348561:3.2.0.0",245,"NODE_742_length_20996_cov_4.212246","blastn","TRINITY_DN38749_c0_g1_i1 1 257 +","match_part"]],"257","expressed_sequence_match"],[0,4971,5600,1,"NODE_742_length_20996_cov_4.212246:hit:67544:3.2.0.0","TRINITY_DN34459_c0_g1_i1",623,"NODE_742_length_20996_cov_4.212246","blastn",[[1,4971,5600,1,"M629","NODE_742_length_20996_cov_4.212246:hsp:348562:3.2.0.0",623,"NODE_742_length_20996_cov_4.212246","blastn","TRINITY_DN34459_c0_g1_i1 1 629 +","match_part"]],"635","expressed_sequence_match"],[0,8546,9164,1,"NODE_742_length_20996_cov_4.212246:hit:67545:3.2.0.0","TRINITY_DN21966_c0_g1_i1",498,"NODE_742_length_20996_cov_4.212246","blastn",[[1,8546,9164,1,"M618","NODE_742_length_20996_cov_4.212246:hsp:348563:3.2.0.0",498,"NODE_742_length_20996_cov_4.212246","blastn","TRINITY_DN21966_c0_g1_i1 4 621 +","match_part"]],"626","expressed_sequence_match"],[0,9246,9860,1,"NODE_742_length_20996_cov_4.212246:hit:67546:3.2.0.0","TRINITY_DN45925_c0_g1_i1",458,"NODE_742_length_20996_cov_4.212246","blastn",[[1,9246,9860,1,"M614","NODE_742_length_20996_cov_4.212246:hsp:348564:3.2.0.0",458,"NODE_742_length_20996_cov_4.212246","blastn","TRINITY_DN45925_c0_g1_i1 18 631 +","match_part"]],"697","expressed_sequence_match"],[0,11102,11343,-1,"NODE_742_length_20996_cov_4.212246:hit:67547:3.2.0.0","TRINITY_DN18918_c0_g1_i1",77,"NODE_742_length_20996_cov_4.212246","blastn",[[1,11102,11343,-1,"M89 I1 M3 D2 M68 D1 M78","NODE_742_length_20996_cov_4.212246:hsp:348565:3.2.0.0",77,"NODE_742_length_20996_cov_4.212246","blastn","TRINITY_DN18918_c0_g1_i1 3 241 +","match_part"]],"258","expressed_sequence_match"],[0,13070,13522,-1,"NODE_742_length_20996_cov_4.212246:hit:67548:3.2.0.0","TRINITY_DN13628_c0_g1_i1",133,"NODE_742_length_20996_cov_4.212246","blastn",[[1,13379,13522,-1,"M73 I1 M70","NODE_742_length_20996_cov_4.212246:hsp:348566:3.2.0.0",133,"NODE_742_length_20996_cov_4.212246","blastn","TRINITY_DN13628_c0_g1_i1 34 177 +","match_part"],[1,13070,13304,-1,"M122 I1 M1 I1 M70 D2 M39","NODE_742_length_20996_cov_4.212246:hsp:348567:3.2.0.0",161,"NODE_742_length_20996_cov_4.212246","blastn","TRINITY_DN13628_c0_g1_i1 178 411 +","match_part"]],"411","expressed_sequence_match"],[0,13070,13522,-1,"NODE_742_length_20996_cov_4.212246:hit:67549:3.2.0.0","TRINITY_DN13628_c0_g1_i2",107,"NODE_742_length_20996_cov_4.212246","blastn",[[1,13405,13522,-1,"M73 I1 M44","NODE_742_length_20996_cov_4.212246:hsp:348568:3.2.0.0",107,"NODE_742_length_20996_cov_4.212246","blastn","TRINITY_DN13628_c0_g1_i2 34 151 +","match_part"],[1,13070,13305,-1,"M123 I1 M1 I1 M70 D2 M39","NODE_742_length_20996_cov_4.212246:hsp:348569:3.2.0.0",162,"NODE_742_length_20996_cov_4.212246","blastn","TRINITY_DN13628_c0_g1_i2 151 385 +","match_part"]],"385","expressed_sequence_match"],[0,13594,14860,-1,"NODE_742_length_20996_cov_4.212246:hit:67550:3.2.0.0","TRINITY_DN11704_c0_g1_i3",87,"NODE_742_length_20996_cov_4.212246","blastn",[[1,14696,14860,-1,"M60 D9 M95","NODE_742_length_20996_cov_4.212246:hsp:348570:3.2.0.0",87,"NODE_742_length_20996_cov_4.212246","blastn","TRINITY_DN11704_c0_g1_i3 1 155 +","match_part"],[1,14336,14704,-1,"M38 I1 M115 D4 M63 I2 M148","NODE_742_length_20996_cov_4.212246:hsp:348571:3.2.0.0",248,"NODE_742_length_20996_cov_4.212246","blastn","TRINITY_DN11704_c0_g1_i3 158 524 +","match_part"],[1,14112,14344,-1,"M44 D6 M45 D3 M134","NODE_742_length_20996_cov_4.212246:hsp:348572:3.2.0.0",156,"NODE_742_length_20996_cov_4.212246","blastn","TRINITY_DN11704_c0_g1_i3 527 749 +","match_part"],[1,13815,14106,-1,"M11 D1 M223 D1 M55","NODE_742_length_20996_cov_4.212246:hsp:348573:3.2.0.0",209,"NODE_742_length_20996_cov_4.212246","blastn","TRINITY_DN11704_c0_g1_i3 745 1033 +","match_part"],[1,13594,13816,-1,"M114 D6 M6 D2 M94","NODE_742_length_20996_cov_4.212246:hsp:348574:3.2.0.0",164,"NODE_742_length_20996_cov_4.212246","blastn","TRINITY_DN11704_c0_g1_i3 1043 1256 +","match_part"]],"1346","expressed_sequence_match"],[0,13594,14860,-1,"NODE_742_length_20996_cov_4.212246:hit:67551:3.2.0.0","TRINITY_DN11704_c0_g1_i2",87,"NODE_742_length_20996_cov_4.212246","blastn",[[1,14696,14860,-1,"M60 D9 M95","NODE_742_length_20996_cov_4.212246:hsp:348575:3.2.0.0",87,"NODE_742_length_20996_cov_4.212246","blastn","TRINITY_DN11704_c0_g1_i2 1 155 +","match_part"],[1,14336,14704,-1,"M38 I1 M115 D4 M63 I2 M148","NODE_742_length_20996_cov_4.212246:hsp:348576:3.2.0.0",248,"NODE_742_length_20996_cov_4.212246","blastn","TRINITY_DN11704_c0_g1_i2 158 524 +","match_part"],[1,14112,14344,-1,"M44 D6 M45 D3 M134","NODE_742_length_20996_cov_4.212246:hsp:348577:3.2.0.0",156,"NODE_742_length_20996_cov_4.212246","blastn","TRINITY_DN11704_c0_g1_i2 527 749 +","match_part"],[1,13815,14106,-1,"M11 D1 M223 D1 M55","NODE_742_length_20996_cov_4.212246:hsp:348578:3.2.0.0",209,"NODE_742_length_20996_cov_4.212246","blastn","TRINITY_DN11704_c0_g1_i2 745 1033 +","match_part"],[1,13594,13816,-1,"M114 D6 M6 D2 M26 D1 M67","NODE_742_length_20996_cov_4.212246:hsp:348579:3.2.0.0",153,"NODE_742_length_20996_cov_4.212246","blastn","TRINITY_DN11704_c0_g1_i2 1043 1255 +","match_part"]],"1345","expressed_sequence_match"],[0,14900,20070,1,"NODE_742_length_20996_cov_4.212246:hit:67552:3.2.0.0","TRINITY_DN10178_c0_g1_i4",35,"NODE_742_length_20996_cov_4.212246","blastn",[[1,14900,14935,1,"M35","NODE_742_length_20996_cov_4.212246:hsp:348580:3.2.0.0",35,"NODE_742_length_20996_cov_4.212246","blastn","TRINITY_DN10178_c0_g1_i4 1 35 +","match_part"],[1,14932,15139,1,"M47 I2 M100 I4 M60","NODE_742_length_20996_cov_4.212246:hsp:348581:3.2.0.0",101,"NODE_742_length_20996_cov_4.212246","blastn","TRINITY_DN10178_c0_g1_i4 39 251 +","match_part"],[1,15201,15283,1,"M82","NODE_742_length_20996_cov_4.212246:hsp:348582:3.2.0.0",82,"NODE_742_length_20996_cov_4.212246","blastn","TRINITY_DN10178_c0_g1_i4 250 331 +","match_part"],[1,15390,15880,1,"M490","NODE_742_length_20996_cov_4.212246:hsp:348583:3.2.0.0",442,"NODE_742_length_20996_cov_4.212246","blastn","TRINITY_DN10178_c0_g1_i4 331 820 +","match_part"],[1,16217,16440,1,"M223","NODE_742_length_20996_cov_4.212246:hsp:348584:3.2.0.0",217,"NODE_742_length_20996_cov_4.212246","blastn","TRINITY_DN10178_c0_g1_i4 820 1042 +","match_part"],[1,17473,17578,1,"M105","NODE_742_length_20996_cov_4.212246:hsp:348585:3.2.0.0",105,"NODE_742_length_20996_cov_4.212246","blastn","TRINITY_DN10178_c0_g1_i4 1043 1147 +","match_part"],[1,17665,18896,1,"M1231","NODE_742_length_20996_cov_4.212246:hsp:348586:3.2.0.0",1141,"NODE_742_length_20996_cov_4.212246","blastn","TRINITY_DN10178_c0_g1_i4 1148 2378 +","match_part"],[1,18963,19292,1,"M329","NODE_742_length_20996_cov_4.212246:hsp:348587:3.2.0.0",299,"NODE_742_length_20996_cov_4.212246","blastn","TRINITY_DN10178_c0_g1_i4 2377 2705 +","match_part"],[1,19416,20070,1,"M212 I1 M135 D3 M122 D1 M11 I8 M60 I8 M81 D1 M28","NODE_742_length_20996_cov_4.212246:hsp:348588:3.2.0.0",443,"NODE_742_length_20996_cov_4.212246","blastn","TRINITY_DN10178_c0_g1_i4 2704 3369 +","match_part"]],