{"featureCount":4,"formatVersion":1,"histograms":{"meta":[{"arrayParams":{"chunkSize":10000,"length":2,"urlTemplate":"hist-2000-{Chunk}.json"},"basesPerBin":"2000"}],"stats":[{"basesPerBin":"2000","max":4,"mean":2.5}]},"intervals":{"classes":[{"attributes":["Start","End","Strand","Id","Name","Score","Seq_id","Source","Subfeatures","Target_length","Type"],"isArrayAttr":{"Subfeatures":1}},{"attributes":["Start","End","Strand","Gap","Id","Score","Seq_id","Source","Target","Type"],"isArrayAttr":{}},{"attributes":["Start","End","Chunk"],"isArrayAttr":{"Sublist":1}}],"count":4,"lazyClass":2,"maxEnd":2110,"minStart":939,"nclist":[[0,939,1161,1,"NODE_9290_length_2110_cov_4.002521:hit:6014:3.2.0.0","TRINITY_DN29168_c0_g1_i1",180,"NODE_9290_length_2110_cov_4.002521","blastn",[[1,939,1161,1,"M222","NODE_9290_length_2110_cov_4.002521:hsp:14206:3.2.0.0",180,"NODE_9290_length_2110_cov_4.002521","blastn","TRINITY_DN29168_c0_g1_i1 1 222 +","match_part"]],"236","expressed_sequence_match"],[0,1197,1622,1,"NODE_9290_length_2110_cov_4.002521:hit:6015:3.2.0.0","TRINITY_DN22073_c0_g1_i1",253,"NODE_9290_length_2110_cov_4.002521","blastn",[[1,1197,1622,1,"M287 I2 M66 D1 M20 I1 M2 I1 M49","NODE_9290_length_2110_cov_4.002521:hsp:14207:3.2.0.0",253,"NODE_9290_length_2110_cov_4.002521","blastn","TRINITY_DN22073_c0_g1_i1 1 428 +","match_part"]],"434","expressed_sequence_match"],[0,1341,2110,-1,"NODE_9290_length_2110_cov_4.002521:hit:6016:3.2.0.0","TRINITY_DN2623_c0_g1_i24",495,"NODE_9290_length_2110_cov_4.002521","blastn",[[1,1388,2110,-1,"M74 D1 M115 D1 M74 D2 M68 D2 M27 I2 M358","NODE_9290_length_2110_cov_4.002521:hsp:14208:3.2.0.0",495,"NODE_9290_length_2110_cov_4.002521","blastn","TRINITY_DN2623_c0_g1_i24 98 815 +","match_part"],[1,1341,1372,-1,"M31","NODE_9290_length_2110_cov_4.002521:hsp:14209:3.2.0.0",31,"NODE_9290_length_2110_cov_4.002521","blastn","TRINITY_DN2623_c0_g1_i24 837 867 +","match_part"]],"871","expressed_sequence_match",{"Sublist":[[0,1742,1999,-1,"NODE_9290_length_2110_cov_4.002521:hit:6017:3.2.0.0","TRINITY_DN13232_c0_g1_i1",257,"NODE_9290_length_2110_cov_4.002521","blastn",[[1,1742,1999,-1,"M257","NODE_9290_length_2110_cov_4.002521:hsp:14210:3.2.0.0",257,"NODE_9290_length_2110_cov_4.002521","blastn","TRINITY_DN13232_c0_g1_i1 25 281 +","match_part"]],"281","expressed_sequence_match"]]}]],"urlTemplate":"lf-{Chunk}.json"}}