{"featureCount":2,"formatVersion":1,"histograms":{"meta":[{"arrayParams":{"chunkSize":10000,"length":1,"urlTemplate":"hist-10000-{Chunk}.json"},"basesPerBin":"10000"}],"stats":[{"basesPerBin":"10000","max":2,"mean":2}]},"intervals":{"classes":[{"attributes":["Start","End","Strand","Id","Name","Seq_id","Source","Subfeatures","Target_length","Type"],"isArrayAttr":{"Subfeatures":1}},{"attributes":["Start","End","Strand","Gap","Id","Seq_id","Source","Target","Type"],"isArrayAttr":{}},{"attributes":["Start","End","Strand","Id","Seq_id","Source","Target","Type"],"isArrayAttr":{}},{"attributes":["Start","End","Chunk"],"isArrayAttr":{"Sublist":1}}],"count":2,"lazyClass":3,"maxEnd":6935,"minStart":2204,"nclist":[[0,2204,5551,1,"NODE_3502_length_6985_cov_9.019248:hit:33958:4.5.0.0","genemark-NODE_3502_length_6985_cov_9.019248-abinit-gene-0.0-mRNA-1","NODE_3502_length_6985_cov_9.019248","genemark",[[1,2204,2499,1,"M295","NODE_3502_length_6985_cov_9.019248:hsp:141171:4.5.0.0","NODE_3502_length_6985_cov_9.019248","genemark","genemark-NODE_3502_length_6985_cov_9.019248-abinit-gene-0.0-mRNA-1 1 295 +","match_part"],[1,2555,4415,1,"M1860","NODE_3502_length_6985_cov_9.019248:hsp:141172:4.5.0.0","NODE_3502_length_6985_cov_9.019248","genemark","genemark-NODE_3502_length_6985_cov_9.019248-abinit-gene-0.0-mRNA-1 296 2155 +","match_part"],[1,4477,4550,1,"M73","NODE_3502_length_6985_cov_9.019248:hsp:141173:4.5.0.0","NODE_3502_length_6985_cov_9.019248","genemark","genemark-NODE_3502_length_6985_cov_9.019248-abinit-gene-0.0-mRNA-1 2156 2228 +","match_part"],[1,5331,5551,1,"M220","NODE_3502_length_6985_cov_9.019248:hsp:141174:4.5.0.0","NODE_3502_length_6985_cov_9.019248","genemark","genemark-NODE_3502_length_6985_cov_9.019248-abinit-gene-0.0-mRNA-1 2229 2448 +","match_part"]],"6985","match"],[0,5633,6935,-1,"NODE_3502_length_6985_cov_9.019248:hit:33961:4.5.0.0","genemark-NODE_3502_length_6985_cov_9.019248-abinit-gene-0.1-mRNA-1","NODE_3502_length_6985_cov_9.019248","genemark",[[1,6751,6935,-1,"M184","NODE_3502_length_6985_cov_9.019248:hsp:141181:4.5.0.0","NODE_3502_length_6985_cov_9.019248","genemark","genemark-NODE_3502_length_6985_cov_9.019248-abinit-gene-0.1-mRNA-1 933 1116 +","match_part"],[1,6226,6645,-1,"M419","NODE_3502_length_6985_cov_9.019248:hsp:141182:4.5.0.0","NODE_3502_length_6985_cov_9.019248","genemark","genemark-NODE_3502_length_6985_cov_9.019248-abinit-gene-0.1-mRNA-1 514 932 +","match_part"],[1,5633,6146,-1,"M513","NODE_3502_length_6985_cov_9.019248:hsp:141183:4.5.0.0","NODE_3502_length_6985_cov_9.019248","genemark","genemark-NODE_3502_length_6985_cov_9.019248-abinit-gene-0.1-mRNA-1 1 513 +","match_part"]],"6985","match"]],"urlTemplate":"lf-{Chunk}.json"}}