{"featureCount":2,"formatVersion":1,"histograms":{"meta":[{"arrayParams":{"chunkSize":10000,"length":1,"urlTemplate":"hist-10000-{Chunk}.json"},"basesPerBin":"10000"}],"stats":[{"basesPerBin":"10000","max":2,"mean":2}]},"intervals":{"classes":[{"attributes":["Start","End","Strand","Id","Name","Seq_id","Source","Subfeatures","Target_length","Type"],"isArrayAttr":{"Subfeatures":1}},{"attributes":["Start","End","Strand","Gap","Id","Seq_id","Source","Target","Type"],"isArrayAttr":{}},{"attributes":["Start","End","Strand","Id","Seq_id","Source","Target","Type"],"isArrayAttr":{}},{"attributes":["Start","End","Chunk"],"isArrayAttr":{"Sublist":1}}],"count":2,"lazyClass":3,"maxEnd":4094,"minStart":652,"nclist":[[0,652,2748,-1,"NODE_3866_length_6450_cov_8.690969:hit:39255:4.5.0.0","genemark-NODE_3866_length_6450_cov_8.690969-abinit-gene-0.11-mRNA-1","NODE_3866_length_6450_cov_8.690969","genemark",[[1,2229,2748,-1,"M519","NODE_3866_length_6450_cov_8.690969:hsp:159664:4.5.0.0","NODE_3866_length_6450_cov_8.690969","genemark","genemark-NODE_3866_length_6450_cov_8.690969-abinit-gene-0.11-mRNA-1 1186 1704 +","match_part"],[1,1790,2113,-1,"M323","NODE_3866_length_6450_cov_8.690969:hsp:159665:4.5.0.0","NODE_3866_length_6450_cov_8.690969","genemark","genemark-NODE_3866_length_6450_cov_8.690969-abinit-gene-0.11-mRNA-1 863 1185 +","match_part"],[1,1610,1719,-1,"M109","NODE_3866_length_6450_cov_8.690969:hsp:159666:4.5.0.0","NODE_3866_length_6450_cov_8.690969","genemark","genemark-NODE_3866_length_6450_cov_8.690969-abinit-gene-0.11-mRNA-1 754 862 +","match_part"],[1,1209,1542,-1,"M333","NODE_3866_length_6450_cov_8.690969:hsp:159667:4.5.0.0","NODE_3866_length_6450_cov_8.690969","genemark","genemark-NODE_3866_length_6450_cov_8.690969-abinit-gene-0.11-mRNA-1 421 753 +","match_part"],[1,1095,1140,-1,"M45","NODE_3866_length_6450_cov_8.690969:hsp:159668:4.5.0.0","NODE_3866_length_6450_cov_8.690969","genemark","genemark-NODE_3866_length_6450_cov_8.690969-abinit-gene-0.11-mRNA-1 376 420 +","match_part"],[1,652,1027,-1,"M375","NODE_3866_length_6450_cov_8.690969:hsp:159669:4.5.0.0","NODE_3866_length_6450_cov_8.690969","genemark","genemark-NODE_3866_length_6450_cov_8.690969-abinit-gene-0.11-mRNA-1 1 375 +","match_part"]],"6450","match"],[0,3110,4094,1,"NODE_3866_length_6450_cov_8.690969:hit:39258:4.5.0.0","genemark-NODE_3866_length_6450_cov_8.690969-abinit-gene-0.10-mRNA-1","NODE_3866_length_6450_cov_8.690969","genemark",[[1,3110,3586,1,"M476","NODE_3866_length_6450_cov_8.690969:hsp:159677:4.5.0.0","NODE_3866_length_6450_cov_8.690969","genemark","genemark-NODE_3866_length_6450_cov_8.690969-abinit-gene-0.10-mRNA-1 1 476 +","match_part"],[1,3667,4094,1,"M427","NODE_3866_length_6450_cov_8.690969:hsp:159678:4.5.0.0","NODE_3866_length_6450_cov_8.690969","genemark","genemark-NODE_3866_length_6450_cov_8.690969-abinit-gene-0.10-mRNA-1 477 903 +","match_part"]],"6450","match"]],"urlTemplate":"lf-{Chunk}.json"}}