{"featureCount":1,"formatVersion":1,"histograms":{"meta":[{"arrayParams":{"chunkSize":10000,"length":1,"urlTemplate":"hist-10000-{Chunk}.json"},"basesPerBin":"10000"}],"stats":[{"basesPerBin":"10000","max":1,"mean":1}]},"intervals":{"classes":[{"attributes":["Start","End","Strand","Id","Name","Score","Seq_id","Source","Subfeatures","Target_length","Type"],"isArrayAttr":{"Subfeatures":1}},{"attributes":["Start","End","Strand","Gap","Id","Score","Seq_id","Source","Target","Type"],"isArrayAttr":{}},{"attributes":["Start","End","Chunk"],"isArrayAttr":{"Sublist":1}}],"count":1,"lazyClass":2,"maxEnd":2932,"minStart":161,"nclist":[[0,161,2932,-1,"NODE_6662_length_3469_cov_7.003890:hit:5554:4.5.0.0","augustus-NODE_6662_length_3469_cov_7.003890-abinit-gene-0.6-mRNA-1",0.92,"NODE_6662_length_3469_cov_7.003890","augustus",[[1,2806,2932,-1,"M126","NODE_6662_length_3469_cov_7.003890:hsp:16969:4.5.0.0",0.92,"NODE_6662_length_3469_cov_7.003890","augustus","augustus-NODE_6662_length_3469_cov_7.003890-abinit-gene-0.6-mRNA-1 1882 2007 +","match_part"],[1,2627,2720,-1,"M93","NODE_6662_length_3469_cov_7.003890:hsp:16970:4.5.0.0",0.92,"NODE_6662_length_3469_cov_7.003890","augustus","augustus-NODE_6662_length_3469_cov_7.003890-abinit-gene-0.6-mRNA-1 1789 1881 +","match_part"],[1,2451,2549,-1,"M98","NODE_6662_length_3469_cov_7.003890:hsp:16971:4.5.0.0",0.92,"NODE_6662_length_3469_cov_7.003890","augustus","augustus-NODE_6662_length_3469_cov_7.003890-abinit-gene-0.6-mRNA-1 1691 1788 +","match_part"],[1,2102,2354,-1,"M252","NODE_6662_length_3469_cov_7.003890:hsp:16972:4.5.0.0",0.92,"NODE_6662_length_3469_cov_7.003890","augustus","augustus-NODE_6662_length_3469_cov_7.003890-abinit-gene-0.6-mRNA-1 1439 1690 +","match_part"],[1,1563,2029,-1,"M466","NODE_6662_length_3469_cov_7.003890:hsp:16973:4.5.0.0",0.92,"NODE_6662_length_3469_cov_7.003890","augustus","augustus-NODE_6662_length_3469_cov_7.003890-abinit-gene-0.6-mRNA-1 973 1438 +","match_part"],[1,1416,1491,-1,"M75","NODE_6662_length_3469_cov_7.003890:hsp:16974:4.5.0.0",0.92,"NODE_6662_length_3469_cov_7.003890","augustus","augustus-NODE_6662_length_3469_cov_7.003890-abinit-gene-0.6-mRNA-1 898 972 +","match_part"],[1,1047,1345,-1,"M298","NODE_6662_length_3469_cov_7.003890:hsp:16975:4.5.0.0",0.92,"NODE_6662_length_3469_cov_7.003890","augustus","augustus-NODE_6662_length_3469_cov_7.003890-abinit-gene-0.6-mRNA-1 600 897 +","match_part"],[1,809,968,-1,"M159","NODE_6662_length_3469_cov_7.003890:hsp:16976:4.5.0.0",0.92,"NODE_6662_length_3469_cov_7.003890","augustus","augustus-NODE_6662_length_3469_cov_7.003890-abinit-gene-0.6-mRNA-1 441 599 +","match_part"],[1,689,748,-1,"M59","NODE_6662_length_3469_cov_7.003890:hsp:16977:4.5.0.0",0.92,"NODE_6662_length_3469_cov_7.003890","augustus","augustus-NODE_6662_length_3469_cov_7.003890-abinit-gene-0.6-mRNA-1 382 440 +","match_part"],[1,501,622,-1,"M121","NODE_6662_length_3469_cov_7.003890:hsp:16978:4.5.0.0",0.92,"NODE_6662_length_3469_cov_7.003890","augustus","augustus-NODE_6662_length_3469_cov_7.003890-abinit-gene-0.6-mRNA-1 261 381 +","match_part"],[1,161,421,-1,"M260","NODE_6662_length_3469_cov_7.003890:hsp:16979:4.5.0.0",0.92,"NODE_6662_length_3469_cov_7.003890","augustus","augustus-NODE_6662_length_3469_cov_7.003890-abinit-gene-0.6-mRNA-1 1 260 +","match_part"]],"3469","match"]],"urlTemplate":"lf-{Chunk}.json"}}