{"featureCount":5,"formatVersion":1,"histograms":{"meta":[{"arrayParams":{"chunkSize":10000,"length":2,"urlTemplate":"hist-2000-{Chunk}.json"},"basesPerBin":"2000"}],"stats":[{"basesPerBin":"2000","max":5,"mean":5}]},"intervals":{"classes":[{"attributes":["Start","End","Strand","Aligned_coverage","Aligned_identity","Id","Name","Score","Seq_id","Source","Subfeatures","Target_length","Type"],"isArrayAttr":{"Subfeatures":1}},{"attributes":["Start","End","Strand","Gap","Id","Score","Seq_id","Source","Target","Type"],"isArrayAttr":{}},{"attributes":["Start","End","Chunk"],"isArrayAttr":{"Sublist":1}}],"count":5,"lazyClass":2,"maxEnd":2415,"minStart":486,"nclist":[[0,486,2415,1,"80.06","99.4","NODE_8460_length_2415_cov_6.688811:hit:2379:3.2.0.0","TRINITY_DN256_c0_g1_i3",6971,"NODE_8460_length_2415_cov_6.688811","est2genome",[[1,486,594,1,"M108","NODE_8460_length_2415_cov_6.688811:hsp:5845:3.2.0.0",6971,"NODE_8460_length_2415_cov_6.688811","est2genome","TRINITY_DN256_c0_g1_i3 1663 1770 -","match_part"],[1,682,856,1,"M174","NODE_8460_length_2415_cov_6.688811:hsp:5846:3.2.0.0",6971,"NODE_8460_length_2415_cov_6.688811","est2genome","TRINITY_DN256_c0_g1_i3 1489 1662 -","match_part"],[1,960,1065,1,"M105","NODE_8460_length_2415_cov_6.688811:hsp:5847:3.2.0.0",6971,"NODE_8460_length_2415_cov_6.688811","est2genome","TRINITY_DN256_c0_g1_i3 1384 1488 -","match_part"],[1,1131,1323,1,"M192","NODE_8460_length_2415_cov_6.688811:hsp:5848:3.2.0.0",6971,"NODE_8460_length_2415_cov_6.688811","est2genome","TRINITY_DN256_c0_g1_i3 1192 1383 -","match_part"],[1,1380,1853,1,"M473","NODE_8460_length_2415_cov_6.688811:hsp:5849:3.2.0.0",6971,"NODE_8460_length_2415_cov_6.688811","est2genome","TRINITY_DN256_c0_g1_i3 719 1191 -","match_part"],[1,1914,2059,1,"M145","NODE_8460_length_2415_cov_6.688811:hsp:5850:3.2.0.0",6971,"NODE_8460_length_2415_cov_6.688811","est2genome","TRINITY_DN256_c0_g1_i3 574 718 -","match_part"],[1,2120,2296,1,"M176","NODE_8460_length_2415_cov_6.688811:hsp:5851:3.2.0.0",6971,"NODE_8460_length_2415_cov_6.688811","est2genome","TRINITY_DN256_c0_g1_i3 398 573 -","match_part"],[1,2371,2415,1,"M44","NODE_8460_length_2415_cov_6.688811:hsp:5852:3.2.0.0",6971,"NODE_8460_length_2415_cov_6.688811","est2genome","TRINITY_DN256_c0_g1_i3 354 397 -","match_part"]],"1770","expressed_sequence_match"],[0,486,2415,1,"80.29","99.5","NODE_8460_length_2415_cov_6.688811:hit:2381:3.2.0.0","TRINITY_DN256_c0_g1_i7",7086,"NODE_8460_length_2415_cov_6.688811","est2genome",[[1,486,594,1,"M108","NODE_8460_length_2415_cov_6.688811:hsp:5859:3.2.0.0",7086,"NODE_8460_length_2415_cov_6.688811","est2genome","TRINITY_DN256_c0_g1_i7 1684 1791 -","match_part"],[1,682,738,1,"M56","NODE_8460_length_2415_cov_6.688811:hsp:5860:3.2.0.0",7086,"NODE_8460_length_2415_cov_6.688811","est2genome","TRINITY_DN256_c0_g1_i7 1628 1683 -","match_part"],[1,821,1065,1,"M244","NODE_8460_length_2415_cov_6.688811:hsp:5861:3.2.0.0",7086,"NODE_8460_length_2415_cov_6.688811","est2genome","TRINITY_DN256_c0_g1_i7 1384 1627 -","match_part"],[1,1131,1323,1,"M192","NODE_8460_length_2415_cov_6.688811:hsp:5862:3.2.0.0",7086,"NODE_8460_length_2415_cov_6.688811","est2genome","TRINITY_DN256_c0_g1_i7 1192 1383 -","match_part"],[1,1380,1853,1,"M473","NODE_8460_length_2415_cov_6.688811:hsp:5863:3.2.0.0",7086,"NODE_8460_length_2415_cov_6.688811","est2genome","TRINITY_DN256_c0_g1_i7 719 1191 -","match_part"],[1,1914,2059,1,"M145","NODE_8460_length_2415_cov_6.688811:hsp:5864:3.2.0.0",7086,"NODE_8460_length_2415_cov_6.688811","est2genome","TRINITY_DN256_c0_g1_i7 574 718 -","match_part"],[1,2120,2296,1,"M176","NODE_8460_length_2415_cov_6.688811:hsp:5865:3.2.0.0",7086,"NODE_8460_length_2415_cov_6.688811","est2genome","TRINITY_DN256_c0_g1_i7 398 573 -","match_part"],[1,2371,2415,1,"M44","NODE_8460_length_2415_cov_6.688811:hsp:5866:3.2.0.0",7086,"NODE_8460_length_2415_cov_6.688811","est2genome","TRINITY_DN256_c0_g1_i7 354 397 -","match_part"]],"1791","expressed_sequence_match",{"Sublist":[[0,486,2394,1,"100","99.5","NODE_8460_length_2415_cov_6.688811:hit:2382:3.2.0.0","TRINITY_DN256_c0_g1_i1",6828,"NODE_8460_length_2415_cov_6.688811","est2genome",[[1,486,594,1,"M108","NODE_8460_length_2415_cov_6.688811:hsp:5867:3.2.0.0",6828,"NODE_8460_length_2415_cov_6.688811","est2genome","TRINITY_DN256_c0_g1_i1 1281 1388 -","match_part"],[1,682,738,1,"M56","NODE_8460_length_2415_cov_6.688811:hsp:5868:3.2.0.0",6828,"NODE_8460_length_2415_cov_6.688811","est2genome","TRINITY_DN256_c0_g1_i1 1225 1280 -","match_part"],[1,821,856,1,"M35","NODE_8460_length_2415_cov_6.688811:hsp:5869:3.2.0.0",6828,"NODE_8460_length_2415_cov_6.688811","est2genome","TRINITY_DN256_c0_g1_i1 1190 1224 -","match_part"],[1,960,1065,1,"M105","NODE_8460_length_2415_cov_6.688811:hsp:5870:3.2.0.0",6828,"NODE_8460_length_2415_cov_6.688811","est2genome","TRINITY_DN256_c0_g1_i1 1085 1189 -","match_part"],[1,1131,1323,1,"M192","NODE_8460_length_2415_cov_6.688811:hsp:5871:3.2.0.0",6828,"NODE_8460_length_2415_cov_6.688811","est2genome","TRINITY_DN256_c0_g1_i1 893 1084 -","match_part"],[1,1380,1853,1,"M473","NODE_8460_length_2415_cov_6.688811:hsp:5872:3.2.0.0",6828,"NODE_8460_length_2415_cov_6.688811","est2genome","TRINITY_DN256_c0_g1_i1 420 892 -","match_part"],[1,1914,2059,1,"M145","NODE_8460_length_2415_cov_6.688811:hsp:5873:3.2.0.0",6828,"NODE_8460_length_2415_cov_6.688811","est2genome","TRINITY_DN256_c0_g1_i1 275 419 -","match_part"],[1,2120,2394,1,"M274","NODE_8460_length_2415_cov_6.688811:hsp:5874:3.2.0.0",6828,"NODE_8460_length_2415_cov_6.688811","est2genome","TRINITY_DN256_c0_g1_i1 1 274 -","match_part"]],"1388","expressed_sequence_match",{"Sublist":[[0,486,2296,1,"100","99.1","NODE_8460_length_2415_cov_6.688811:hit:2380:3.2.0.0","TRINITY_DN256_c0_g1_i5",7104,"NODE_8460_length_2415_cov_6.688811","est2genome",[[1,486,594,1,"M108","NODE_8460_length_2415_cov_6.688811:hsp:5853:3.2.0.0",7104,"NODE_8460_length_2415_cov_6.688811","est2genome","TRINITY_DN256_c0_g1_i5 1344 1451 -","match_part"],[1,682,738,1,"M56","NODE_8460_length_2415_cov_6.688811:hsp:5854:3.2.0.0",7104,"NODE_8460_length_2415_cov_6.688811","est2genome","TRINITY_DN256_c0_g1_i5 1288 1343 -","match_part"],[1,821,1065,1,"M244","NODE_8460_length_2415_cov_6.688811:hsp:5855:3.2.0.0",7104,"NODE_8460_length_2415_cov_6.688811","est2genome","TRINITY_DN256_c0_g1_i5 1044 1287 -","match_part"],[1,1131,1853,1,"M722","NODE_8460_length_2415_cov_6.688811:hsp:5856:3.2.0.0",7104,"NODE_8460_length_2415_cov_6.688811","est2genome","TRINITY_DN256_c0_g1_i5 322 1043 -","match_part"],[1,1914,2059,1,"M145","NODE_8460_length_2415_cov_6.688811:hsp:5857:3.2.0.0",7104,"NODE_8460_length_2415_cov_6.688811","est2genome","TRINITY_DN256_c0_g1_i5 177 321 -","match_part"],[1,2120,2296,1,"M176","NODE_8460_length_2415_cov_6.688811:hsp:5858:3.2.0.0",7104,"NODE_8460_length_2415_cov_6.688811","est2genome","TRINITY_DN256_c0_g1_i5 1 176 -","match_part"]],