{"featureCount":2,"formatVersion":1,"histograms":{"meta":[{"arrayParams":{"chunkSize":10000,"length":1,"urlTemplate":"hist-10000-{Chunk}.json"},"basesPerBin":"10000"}],"stats":[{"basesPerBin":"10000","max":2,"mean":2}]},"intervals":{"classes":[{"attributes":["Start","End","Strand","Id","Name","Seq_id","Source","Subfeatures","Target_length","Type"],"isArrayAttr":{"Subfeatures":1}},{"attributes":["Start","End","Strand","Gap","Id","Seq_id","Source","Target","Type"],"isArrayAttr":{}},{"attributes":["Start","End","Strand","Id","Seq_id","Source","Target","Type"],"isArrayAttr":{}},{"attributes":["Start","End","Chunk"],"isArrayAttr":{"Sublist":1}}],"count":2,"lazyClass":3,"maxEnd":6941,"minStart":13,"nclist":[[0,13,2553,1,"NODE_3513_length_6971_cov_1.091613:hit:34120:4.5.0.0","genemark-NODE_3513_length_6971_cov_1.091613-abinit-gene-0.7-mRNA-1","NODE_3513_length_6971_cov_1.091613","genemark",[[1,13,1123,1,"M1110","NODE_3513_length_6971_cov_1.091613:hsp:141734:4.5.0.0","NODE_3513_length_6971_cov_1.091613","genemark","genemark-NODE_3513_length_6971_cov_1.091613-abinit-gene-0.7-mRNA-1 1 1110 +","match_part"],[1,1149,1223,1,"M74","NODE_3513_length_6971_cov_1.091613:hsp:141735:4.5.0.0","NODE_3513_length_6971_cov_1.091613","genemark","genemark-NODE_3513_length_6971_cov_1.091613-abinit-gene-0.7-mRNA-1 1111 1184 +","match_part"],[1,1280,2553,1,"M1273","NODE_3513_length_6971_cov_1.091613:hsp:141736:4.5.0.0","NODE_3513_length_6971_cov_1.091613","genemark","genemark-NODE_3513_length_6971_cov_1.091613-abinit-gene-0.7-mRNA-1 1185 2457 +","match_part"]],"6971","match"],[0,2654,6941,1,"NODE_3513_length_6971_cov_1.091613:hit:34124:4.5.0.0","genemark-NODE_3513_length_6971_cov_1.091613-abinit-gene-0.8-mRNA-1","NODE_3513_length_6971_cov_1.091613","genemark",[[1,2654,2748,1,"M94","NODE_3513_length_6971_cov_1.091613:hsp:141741:4.5.0.0","NODE_3513_length_6971_cov_1.091613","genemark","genemark-NODE_3513_length_6971_cov_1.091613-abinit-gene-0.8-mRNA-1 1 94 +","match_part"],[1,3228,3818,1,"M590","NODE_3513_length_6971_cov_1.091613:hsp:141742:4.5.0.0","NODE_3513_length_6971_cov_1.091613","genemark","genemark-NODE_3513_length_6971_cov_1.091613-abinit-gene-0.8-mRNA-1 95 684 +","match_part"],[1,4028,4209,1,"M181","NODE_3513_length_6971_cov_1.091613:hsp:141743:4.5.0.0","NODE_3513_length_6971_cov_1.091613","genemark","genemark-NODE_3513_length_6971_cov_1.091613-abinit-gene-0.8-mRNA-1 685 865 +","match_part"],[1,4625,5979,1,"M1354","NODE_3513_length_6971_cov_1.091613:hsp:141744:4.5.0.0","NODE_3513_length_6971_cov_1.091613","genemark","genemark-NODE_3513_length_6971_cov_1.091613-abinit-gene-0.8-mRNA-1 866 2219 +","match_part"],[1,6199,6941,1,"M742","NODE_3513_length_6971_cov_1.091613:hsp:141745:4.5.0.0","NODE_3513_length_6971_cov_1.091613","genemark","genemark-NODE_3513_length_6971_cov_1.091613-abinit-gene-0.8-mRNA-1 2220 2961 +","match_part"]],"6971","match"]],"urlTemplate":"lf-{Chunk}.json"}}