{"featureCount":9,"formatVersion":1,"histograms":{"meta":[{"arrayParams":{"chunkSize":10000,"length":3,"urlTemplate":"hist-2000-{Chunk}.json"},"basesPerBin":"2000"}],"stats":[{"basesPerBin":"2000","max":8,"mean":8}]},"intervals":{"classes":[{"attributes":["Start","End","Strand","Id","Name","Score","Seq_id","Source","Subfeatures","Target_length","Type"],"isArrayAttr":{"Subfeatures":1}},{"attributes":["Start","End","Strand","Gap","Id","Score","Seq_id","Source","Target","Type"],"isArrayAttr":{}},{"attributes":["Start","End","Chunk"],"isArrayAttr":{"Sublist":1}}],"count":9,"lazyClass":2,"maxEnd":4465,"minStart":919,"nclist":[[0,919,4465,1,"NODE_2937_length_8275_cov_6.619416:hit:23429:3.2.0.0","TRINITY_DN314_c0_g1_i2",79,"NODE_2937_length_8275_cov_6.619416","blastn",[[1,919,1040,1,"M121","NODE_2937_length_8275_cov_6.619416:hsp:100300:3.2.0.0",79,"NODE_2937_length_8275_cov_6.619416","blastn","TRINITY_DN314_c0_g1_i2 98 218 +","match_part"],[1,1114,1155,1,"M41","NODE_2937_length_8275_cov_6.619416:hsp:100301:3.2.0.0",41,"NODE_2937_length_8275_cov_6.619416","blastn","TRINITY_DN314_c0_g1_i2 217 257 +","match_part"],[1,1227,1314,1,"M87","NODE_2937_length_8275_cov_6.619416:hsp:100302:3.2.0.0",87,"NODE_2937_length_8275_cov_6.619416","blastn","TRINITY_DN314_c0_g1_i2 258 344 +","match_part"],[1,1378,1505,1,"M127","NODE_2937_length_8275_cov_6.619416:hsp:100303:3.2.0.0",109,"NODE_2937_length_8275_cov_6.619416","blastn","TRINITY_DN314_c0_g1_i2 345 471 +","match_part"],[1,1589,1717,1,"M128","NODE_2937_length_8275_cov_6.619416:hsp:100304:3.2.0.0",128,"NODE_2937_length_8275_cov_6.619416","blastn","TRINITY_DN314_c0_g1_i2 472 599 +","match_part"],[1,1783,1850,1,"M67","NODE_2937_length_8275_cov_6.619416:hsp:100305:3.2.0.0",61,"NODE_2937_length_8275_cov_6.619416","blastn","TRINITY_DN314_c0_g1_i2 599 665 +","match_part"],[1,1925,2029,1,"M104","NODE_2937_length_8275_cov_6.619416:hsp:100306:3.2.0.0",104,"NODE_2937_length_8275_cov_6.619416","blastn","TRINITY_DN314_c0_g1_i2 662 765 +","match_part"],[1,2108,2220,1,"M112","NODE_2937_length_8275_cov_6.619416:hsp:100307:3.2.0.0",100,"NODE_2937_length_8275_cov_6.619416","blastn","TRINITY_DN314_c0_g1_i2 764 875 +","match_part"],[1,2316,3146,1,"M668 I1 M162","NODE_2937_length_8275_cov_6.619416:hsp:100308:3.2.0.0",784,"NODE_2937_length_8275_cov_6.619416","blastn","TRINITY_DN314_c0_g1_i2 874 1704 +","match_part"],[1,3159,3434,1,"M275","NODE_2937_length_8275_cov_6.619416:hsp:100309:3.2.0.0",221,"NODE_2937_length_8275_cov_6.619416","blastn","TRINITY_DN314_c0_g1_i2 1706 1980 +","match_part"],[1,3534,4135,1,"M601","NODE_2937_length_8275_cov_6.619416:hsp:100310:3.2.0.0",517,"NODE_2937_length_8275_cov_6.619416","blastn","TRINITY_DN314_c0_g1_i2 1994 2594 +","match_part"],[1,4253,4465,1,"M212","NODE_2937_length_8275_cov_6.619416:hsp:100311:3.2.0.0",182,"NODE_2937_length_8275_cov_6.619416","blastn","TRINITY_DN314_c0_g1_i2 2598 2809 +","match_part"]],"2809","expressed_sequence_match",{"Sublist":[[0,919,4355,1,"NODE_2937_length_8275_cov_6.619416:hit:23427:3.2.0.0","TRINITY_DN314_c0_g1_i11",79,"NODE_2937_length_8275_cov_6.619416","blastn",[[1,919,1040,1,"M121","NODE_2937_length_8275_cov_6.619416:hsp:100277:3.2.0.0",79,"NODE_2937_length_8275_cov_6.619416","blastn","TRINITY_DN314_c0_g1_i11 98 218 +","match_part"],[1,1114,1155,1,"M41","NODE_2937_length_8275_cov_6.619416:hsp:100278:3.2.0.0",41,"NODE_2937_length_8275_cov_6.619416","blastn","TRINITY_DN314_c0_g1_i11 217 257 +","match_part"],[1,1227,1314,1,"M87","NODE_2937_length_8275_cov_6.619416:hsp:100279:3.2.0.0",87,"NODE_2937_length_8275_cov_6.619416","blastn","TRINITY_DN314_c0_g1_i11 258 344 +","match_part"],[1,1378,1505,1,"M127","NODE_2937_length_8275_cov_6.619416:hsp:100280:3.2.0.0",109,"NODE_2937_length_8275_cov_6.619416","blastn","TRINITY_DN314_c0_g1_i11 345 471 +","match_part"],[1,1589,1717,1,"M128","NODE_2937_length_8275_cov_6.619416:hsp:100281:3.2.0.0",128,"NODE_2937_length_8275_cov_6.619416","blastn","TRINITY_DN314_c0_g1_i11 472 599 +","match_part"],[1,1783,1850,1,"M67","NODE_2937_length_8275_cov_6.619416:hsp:100282:3.2.0.0",61,"NODE_2937_length_8275_cov_6.619416","blastn","TRINITY_DN314_c0_g1_i11 599 665 +","match_part"],[1,1925,2029,1,"M104","NODE_2937_length_8275_cov_6.619416:hsp:100283:3.2.0.0",104,"NODE_2937_length_8275_cov_6.619416","blastn","TRINITY_DN314_c0_g1_i11 662 765 +","match_part"],[1,2108,2220,1,"M112","NODE_2937_length_8275_cov_6.619416:hsp:100284:3.2.0.0",100,"NODE_2937_length_8275_cov_6.619416","blastn","TRINITY_DN314_c0_g1_i11 764 875 +","match_part"],[1,2316,3146,1,"M668 I1 M162","NODE_2937_length_8275_cov_6.619416:hsp:100285:3.2.0.0",784,"NODE_2937_length_8275_cov_6.619416","blastn","TRINITY_DN314_c0_g1_i11 874 1704 +","match_part"],[1,3159,3434,1,"M275","NODE_2937_length_8275_cov_6.619416:hsp:100286:3.2.0.0",221,"NODE_2937_length_8275_cov_6.619416","blastn","TRINITY_DN314_c0_g1_i11 1706 1980 +","match_part"],[1,3534,4135,1,"M601","NODE_2937_length_8275_cov_6.619416:hsp:100287:3.2.0.0",523,"NODE_2937_length_8275_cov_6.619416","blastn","TRINITY_DN314_c0_g1_i11 1994 2594 +","match_part"],[1,4249,4355,1,"M106","NODE_2937_length_8275_cov_6.619416:hsp:100288:3.2.0.0",88,"NODE_2937_length_8275_cov_6.619416","blastn","TRINITY_DN314_c0_g1_i11 2594 2699 +","match_part"]],"2699","expressed_sequence_match"],[0,919,4355,1,"NODE_2937_length_8275_cov_6.619416:hit:23428:3.2.0.0","TRINITY_DN314_c0_g1_i5",79,"NODE_2937_length_8275_cov_6.619416","blastn",[[1,919,1040,1,"M121","NODE_2937_length_8275_cov_6.619416:hsp:100289:3.2.0.0",79,"NODE_2937_length_8275_cov_6.619416","blastn","TRINITY_DN314_c0_g1_i5 98 218 +","match_part"],[1,1114,1155,1,"M41","NODE_2937_length_8275_cov_6.619416:hsp:100290:3.2.0.0",41,"NODE_2937_length_8275_cov_6.619416","blastn","TRINITY_DN314_c0_g1_i5 217 257 +","match_part"],[1,1227,1314,1,"M87","NODE_2937_length_8275_cov_6.619416:hsp:100291:3.2.0.0",87,"NODE_2937_length_8275_cov_6.619416","blastn","TRINITY_DN314_c0_g1_i5 258 344 +","match_part"],[1,1378,1505,1,"M127","NODE_2937_length_8275_cov_6.619416:hsp:100292:3.2.0.0",109,"NODE_2937_length_8275_cov_6.619416","blastn","TRINITY_DN314_c0_g1_i5 345 471 +","match_part"],[1,1589,1717,1,"M128","NODE_2937_length_8275_cov_6.619416:hsp:100293:3.2.0.0",128,"NODE_2937_length_8275_cov_6.619416","blastn","TRINITY_DN314_c0_g1_i5 472 599 +","match_part"],[1,1783,1850,1,"M67","NODE_2937_length_8275_cov_6.619416:hsp:100294:3.2.0.0",61,"NODE_2937_length_8275_cov_6.619416","blastn","TRINITY_DN314_c0_g1_i5 599 665 +","match_part"],[1,1925,2029,1,"M104","NODE_2937_length_8275_cov_6.619416:hsp:100295:3.2.0.0",104,"NODE_2937_length_8275_cov_6.619416","blastn","TRINITY_DN314_c0_g1_i5 662 765 +","match_part"],[1,2108,2220,1,"M112","NODE_2937_length_8275_cov_6.619416:hsp:100296:3.2.0.0",100,"NODE_2937_length_8275_cov_6.619416","blastn","TRINITY_DN314_c0_g1_i5 764 875 +","match_part"],[1,2316,3434,1,"M668 I1 M450","NODE_2937_length_8275_cov_6.619416:hsp:100297:3.2.0.0",994,"NODE_2937_length_8275_cov_6.619416","blastn","TRINITY_DN314_c0_g1_i5 874 1992 +","match_part"],[1,3534,4135,1,"M601","NODE_2937_length_8275_cov_6.619416:hsp:100298:3.2.0.0",523,"NODE_2937_length_8275_cov_6.619416","blastn","TRINITY_DN314_c0_g1_i5 2006 2606 +","match_part"],[1,4249,4355,1,"M106","NODE_2937_length_8275_cov_6.619416:hsp:100299:3.2.0.0",88,"NODE_2937_length_8275_cov_6.619416","blastn","TRINITY_DN314_c0_g1_i5 2606 2711 +","match_part"]],