{"featureCount":7,"formatVersion":1,"histograms":{"meta":[{"arrayParams":{"chunkSize":10000,"length":3,"urlTemplate":"hist-20000-{Chunk}.json"},"basesPerBin":"20000"}],"stats":[{"basesPerBin":"20000","max":4,"mean":2.66666666666667}]},"intervals":{"classes":[{"attributes":["Start","End","Strand","Id","Name","Score","Seq_id","Source","Subfeatures","Target_length","Type"],"isArrayAttr":{"Subfeatures":1}},{"attributes":["Start","End","Strand","Gap","Id","Score","Seq_id","Source","Target","Type"],"isArrayAttr":{}},{"attributes":["Start","End","Chunk"],"isArrayAttr":{"Sublist":1}}],"count":7,"lazyClass":2,"maxEnd":47925,"minStart":27,"nclist":[[0,27,153,-1,"NODE_85_length_48326_cov_8.518411:hit:11602:4.5.0.0","augustus-NODE_85_length_48326_cov_8.518411-abinit-gene-0.4-mRNA-1",1,"NODE_85_length_48326_cov_8.518411","augustus",[[1,27,153,-1,"M126","NODE_85_length_48326_cov_8.518411:hsp:60587:4.5.0.0",1,"NODE_85_length_48326_cov_8.518411","augustus","augustus-NODE_85_length_48326_cov_8.518411-abinit-gene-0.4-mRNA-1 1 126 +","match_part"]],"48326","match"],[0,1136,4250,-1,"NODE_85_length_48326_cov_8.518411:hit:11605:4.5.0.0","augustus-NODE_85_length_48326_cov_8.518411-abinit-gene-0.5-mRNA-1",0.15,"NODE_85_length_48326_cov_8.518411","augustus",[[1,4146,4250,-1,"M104","NODE_85_length_48326_cov_8.518411:hsp:60605:4.5.0.0",0.15,"NODE_85_length_48326_cov_8.518411","augustus","augustus-NODE_85_length_48326_cov_8.518411-abinit-gene-0.5-mRNA-1 1514 1617 +","match_part"],[1,3892,3914,-1,"M22","NODE_85_length_48326_cov_8.518411:hsp:60606:4.5.0.0",0.15,"NODE_85_length_48326_cov_8.518411","augustus","augustus-NODE_85_length_48326_cov_8.518411-abinit-gene-0.5-mRNA-1 1492 1513 +","match_part"],[1,3768,3803,-1,"M35","NODE_85_length_48326_cov_8.518411:hsp:60607:4.5.0.0",0.15,"NODE_85_length_48326_cov_8.518411","augustus","augustus-NODE_85_length_48326_cov_8.518411-abinit-gene-0.5-mRNA-1 1457 1491 +","match_part"],[1,3643,3686,-1,"M43","NODE_85_length_48326_cov_8.518411:hsp:60608:4.5.0.0",0.15,"NODE_85_length_48326_cov_8.518411","augustus","augustus-NODE_85_length_48326_cov_8.518411-abinit-gene-0.5-mRNA-1 1414 1456 +","match_part"],[1,3469,3560,-1,"M91","NODE_85_length_48326_cov_8.518411:hsp:60609:4.5.0.0",0.15,"NODE_85_length_48326_cov_8.518411","augustus","augustus-NODE_85_length_48326_cov_8.518411-abinit-gene-0.5-mRNA-1 1323 1413 +","match_part"],[1,3149,3318,-1,"M169","NODE_85_length_48326_cov_8.518411:hsp:60610:4.5.0.0",0.15,"NODE_85_length_48326_cov_8.518411","augustus","augustus-NODE_85_length_48326_cov_8.518411-abinit-gene-0.5-mRNA-1 1154 1322 +","match_part"],[1,3033,3067,-1,"M34","NODE_85_length_48326_cov_8.518411:hsp:60611:4.5.0.0",0.15,"NODE_85_length_48326_cov_8.518411","augustus","augustus-NODE_85_length_48326_cov_8.518411-abinit-gene-0.5-mRNA-1 1120 1153 +","match_part"],[1,2923,2956,-1,"M33","NODE_85_length_48326_cov_8.518411:hsp:60612:4.5.0.0",0.15,"NODE_85_length_48326_cov_8.518411","augustus","augustus-NODE_85_length_48326_cov_8.518411-abinit-gene-0.5-mRNA-1 1087 1119 +","match_part"],[1,2791,2860,-1,"M69","NODE_85_length_48326_cov_8.518411:hsp:60613:4.5.0.0",0.15,"NODE_85_length_48326_cov_8.518411","augustus","augustus-NODE_85_length_48326_cov_8.518411-abinit-gene-0.5-mRNA-1 1018 1086 +","match_part"],[1,2424,2717,-1,"M293","NODE_85_length_48326_cov_8.518411:hsp:60614:4.5.0.0",0.15,"NODE_85_length_48326_cov_8.518411","augustus","augustus-NODE_85_length_48326_cov_8.518411-abinit-gene-0.5-mRNA-1 725 1017 +","match_part"],[1,2306,2336,-1,"M30","NODE_85_length_48326_cov_8.518411:hsp:60615:4.5.0.0",0.15,"NODE_85_length_48326_cov_8.518411","augustus","augustus-NODE_85_length_48326_cov_8.518411-abinit-gene-0.5-mRNA-1 695 724 +","match_part"],[1,2102,2238,-1,"M136","NODE_85_length_48326_cov_8.518411:hsp:60616:4.5.0.0",0.15,"NODE_85_length_48326_cov_8.518411","augustus","augustus-NODE_85_length_48326_cov_8.518411-abinit-gene-0.5-mRNA-1 559 694 +","match_part"],[1,1899,2028,-1,"M129","NODE_85_length_48326_cov_8.518411:hsp:60617:4.5.0.0",0.15,"NODE_85_length_48326_cov_8.518411","augustus","augustus-NODE_85_length_48326_cov_8.518411-abinit-gene-0.5-mRNA-1 430 558 +","match_part"],[1,1785,1799,-1,"M14","NODE_85_length_48326_cov_8.518411:hsp:60618:4.5.0.0",0.15,"NODE_85_length_48326_cov_8.518411","augustus","augustus-NODE_85_length_48326_cov_8.518411-abinit-gene-0.5-mRNA-1 416 429 +","match_part"],[1,1632,1710,-1,"M78","NODE_85_length_48326_cov_8.518411:hsp:60619:4.5.0.0",0.15,"NODE_85_length_48326_cov_8.518411","augustus","augustus-NODE_85_length_48326_cov_8.518411-abinit-gene-0.5-mRNA-1 338 415 +","match_part"],[1,1426,1555,-1,"M129","NODE_85_length_48326_cov_8.518411:hsp:60620:4.5.0.0",0.15,"NODE_85_length_48326_cov_8.518411","augustus","augustus-NODE_85_length_48326_cov_8.518411-abinit-gene-0.5-mRNA-1 209 337 +","match_part"],[1,1136,1344,-1,"M208","NODE_85_length_48326_cov_8.518411:hsp:60621:4.5.0.0",0.15,"NODE_85_length_48326_cov_8.518411","augustus","augustus-NODE_85_length_48326_cov_8.518411-abinit-gene-0.5-mRNA-1 1 208 +","match_part"]],"48326","match"],[0,6006,7596,1,"NODE_85_length_48326_cov_8.518411:hit:11608:4.5.0.0","augustus-NODE_85_length_48326_cov_8.518411-abinit-gene-0.0-mRNA-1",0.18,"NODE_85_length_48326_cov_8.518411","augustus",[[1,6006,6283,1,"M277","NODE_85_length_48326_cov_8.518411:hsp:60638:4.5.0.0",0.18,"NODE_85_length_48326_cov_8.518411","augustus","augustus-NODE_85_length_48326_cov_8.518411-abinit-gene-0.0-mRNA-1 1 277 +","match_part"],[1,6430,6867,1,"M437","NODE_85_length_48326_cov_8.518411:hsp:60639:4.5.0.0",0.18,"NODE_85_length_48326_cov_8.518411","augustus","augustus-NODE_85_length_48326_cov_8.518411-abinit-gene-0.0-mRNA-1 278 714 +","match_part"],[1,6929,7043,1,"M114","NODE_85_length_48326_cov_8.518411:hsp:60640:4.5.0.0",0.18,"NODE_85_length_48326_cov_8.518411","augustus","augustus-NODE_85_length_48326_cov_8.518411-abinit-gene-0.0-mRNA-1 715 828 +","match_part"],[1,7167,7364,1,"M197","NODE_85_length_48326_cov_8.518411:hsp:60641:4.5.0.0",0.18,"NODE_85_length_48326_cov_8.518411","augustus","augustus-NODE_85_length_48326_cov_8.518411-abinit-gene-0.0-mRNA-1 829 1025 +","match_part"],[1,7427,7459,1,"M32","NODE_85_length_48326_cov_8.518411:hsp:60642:4.5.0.0",0.18,"NODE_85_length_48326_cov_8.518411","augustus","augustus-NODE_85_length_48326_cov_8.518411-abinit-gene-0.0-mRNA-1 1026 1057 +","match_part"],[1,7522,7596,1,"M74","NODE_85_length_48326_cov_8.518411:hsp:60643:4.5.0.0",0.18,"NODE_85_length_48326_cov_8.518411","augustus","augustus-NODE_85_length_48326_cov_8.518411-abinit-gene-0.0-mRNA-1 1058 1131 +","match_part"]],