{"featureCount":3,"formatVersion":1,"histograms":{"meta":[{"arrayParams":{"chunkSize":10000,"length":2,"urlTemplate":"hist-10000-{Chunk}.json"},"basesPerBin":"10000"}],"stats":[{"basesPerBin":"10000","max":3,"mean":3}]},"intervals":{"classes":[{"attributes":["Start","End","Strand","Aligned_coverage","Aligned_identity","Id","Name","Score","Seq_id","Source","Subfeatures","Target_length","Type"],"isArrayAttr":{"Subfeatures":1}},{"attributes":["Start","End","Strand","Gap","Id","Score","Seq_id","Source","Target","Type"],"isArrayAttr":{}},{"attributes":["Start","End","Chunk"],"isArrayAttr":{"Sublist":1}}],"count":3,"lazyClass":2,"maxEnd":10594,"minStart":6840,"nclist":[[0,6840,10594,1,"100","99.9","NODE_1944_length_11751_cov_8.763851:hit:122668:3.2.0.0","TRINITY_DN4356_c0_g1_i3",16309,"NODE_1944_length_11751_cov_8.763851","est2genome",[[1,6840,7381,1,"M541","NODE_1944_length_11751_cov_8.763851:hsp:603153:3.2.0.0",16309,"NODE_1944_length_11751_cov_8.763851","est2genome","TRINITY_DN4356_c0_g1_i3 1 541 +","match_part"],[1,7477,7572,1,"M95","NODE_1944_length_11751_cov_8.763851:hsp:603154:3.2.0.0",16309,"NODE_1944_length_11751_cov_8.763851","est2genome","TRINITY_DN4356_c0_g1_i3 542 636 +","match_part"],[1,7648,8243,1,"M595","NODE_1944_length_11751_cov_8.763851:hsp:603155:3.2.0.0",16309,"NODE_1944_length_11751_cov_8.763851","est2genome","TRINITY_DN4356_c0_g1_i3 637 1231 +","match_part"],[1,8314,8466,1,"M152","NODE_1944_length_11751_cov_8.763851:hsp:603156:3.2.0.0",16309,"NODE_1944_length_11751_cov_8.763851","est2genome","TRINITY_DN4356_c0_g1_i3 1232 1383 +","match_part"],[1,8533,8862,1,"M329","NODE_1944_length_11751_cov_8.763851:hsp:603157:3.2.0.0",16309,"NODE_1944_length_11751_cov_8.763851","est2genome","TRINITY_DN4356_c0_g1_i3 1384 1712 +","match_part"],[1,8944,9512,1,"M568","NODE_1944_length_11751_cov_8.763851:hsp:603158:3.2.0.0",16309,"NODE_1944_length_11751_cov_8.763851","est2genome","TRINITY_DN4356_c0_g1_i3 1713 2280 +","match_part"],[1,9587,10594,1,"M1007","NODE_1944_length_11751_cov_8.763851:hsp:603159:3.2.0.0",16309,"NODE_1944_length_11751_cov_8.763851","est2genome","TRINITY_DN4356_c0_g1_i3 2281 3287 +","match_part"]],"3287","expressed_sequence_match"],[0,6840,10594,1,"100","100","NODE_1944_length_11751_cov_8.763851:hit:122669:3.2.0.0","TRINITY_DN4356_c0_g1_i1",15886,"NODE_1944_length_11751_cov_8.763851","est2genome",[[1,6840,7381,1,"M541","NODE_1944_length_11751_cov_8.763851:hsp:603160:3.2.0.0",15886,"NODE_1944_length_11751_cov_8.763851","est2genome","TRINITY_DN4356_c0_g1_i1 1 541 +","match_part"],[1,7477,7572,1,"M95","NODE_1944_length_11751_cov_8.763851:hsp:603161:3.2.0.0",15886,"NODE_1944_length_11751_cov_8.763851","est2genome","TRINITY_DN4356_c0_g1_i1 542 636 +","match_part"],[1,7648,8243,1,"M595","NODE_1944_length_11751_cov_8.763851:hsp:603162:3.2.0.0",15886,"NODE_1944_length_11751_cov_8.763851","est2genome","TRINITY_DN4356_c0_g1_i1 637 1231 +","match_part"],[1,8314,8466,1,"M152","NODE_1944_length_11751_cov_8.763851:hsp:603163:3.2.0.0",15886,"NODE_1944_length_11751_cov_8.763851","est2genome","TRINITY_DN4356_c0_g1_i1 1232 1383 +","match_part"],[1,8533,8862,1,"M329","NODE_1944_length_11751_cov_8.763851:hsp:603164:3.2.0.0",15886,"NODE_1944_length_11751_cov_8.763851","est2genome","TRINITY_DN4356_c0_g1_i1 1384 1712 +","match_part"],[1,8944,9225,1,"M281","NODE_1944_length_11751_cov_8.763851:hsp:603165:3.2.0.0",15886,"NODE_1944_length_11751_cov_8.763851","est2genome","TRINITY_DN4356_c0_g1_i1 1713 1993 +","match_part"],[1,9308,9512,1,"M204","NODE_1944_length_11751_cov_8.763851:hsp:603166:3.2.0.0",15886,"NODE_1944_length_11751_cov_8.763851","est2genome","TRINITY_DN4356_c0_g1_i1 1994 2197 +","match_part"],[1,9587,10594,1,"M1007","NODE_1944_length_11751_cov_8.763851:hsp:603167:3.2.0.0",15886,"NODE_1944_length_11751_cov_8.763851","est2genome","TRINITY_DN4356_c0_g1_i1 2198 3204 +","match_part"]],"3204","expressed_sequence_match"],[0,8839,10594,1,"100","100","NODE_1944_length_11751_cov_8.763851:hit:122670:3.2.0.0","TRINITY_DN4356_c0_g1_i2",7949,"NODE_1944_length_11751_cov_8.763851","est2genome",[[1,8839,9225,1,"M386","NODE_1944_length_11751_cov_8.763851:hsp:603168:3.2.0.0",7949,"NODE_1944_length_11751_cov_8.763851","est2genome","TRINITY_DN4356_c0_g1_i2 1 386 +","match_part"],[1,9308,9512,1,"M204","NODE_1944_length_11751_cov_8.763851:hsp:603169:3.2.0.0",7949,"NODE_1944_length_11751_cov_8.763851","est2genome","TRINITY_DN4356_c0_g1_i2 387 590 +","match_part"],[1,9587,10594,1,"M1007","NODE_1944_length_11751_cov_8.763851:hsp:603170:3.2.0.0",7949,"NODE_1944_length_11751_cov_8.763851","est2genome","TRINITY_DN4356_c0_g1_i2 591 1597 +","match_part"]],"1597","expressed_sequence_match"]],"urlTemplate":"lf-{Chunk}.json"}}