{"featureCount":10,"formatVersion":1,"histograms":{"meta":[{"arrayParams":{"chunkSize":10000,"length":3,"urlTemplate":"hist-1000-{Chunk}.json"},"basesPerBin":"1000"}],"stats":[{"basesPerBin":"1000","max":6,"mean":6}]},"intervals":{"classes":[{"attributes":["Start","End","Strand","Aligned_coverage","Aligned_identity","Id","Name","Score","Seq_id","Source","Subfeatures","Target_length","Type"],"isArrayAttr":{"Subfeatures":1}},{"attributes":["Start","End","Strand","Gap","Id","Score","Seq_id","Source","Target","Type"],"isArrayAttr":{}},{"attributes":["Start","End","Chunk"],"isArrayAttr":{"Sublist":1}}],"count":10,"lazyClass":2,"maxEnd":2925,"minStart":462,"nclist":[[0,462,915,1,"98.49","94.7","NODE_7271_length_3026_cov_4.143450:hit:9972:3.2.0.0","TRINITY_DN14479_c0_g1_i3",2053,"NODE_7271_length_3026_cov_4.143450","est2genome",[[1,462,915,1,"M114 I3 M321 I1 M18","NODE_7271_length_3026_cov_4.143450:hsp:29665:3.2.0.0",2053,"NODE_7271_length_3026_cov_4.143450","est2genome","TRINITY_DN14479_c0_g1_i3 1 457 +","match_part"]],"464","expressed_sequence_match"],[0,462,915,1,"98.45","90.2","NODE_7271_length_3026_cov_4.143450:hit:9973:3.2.0.0","TRINITY_DN14479_c0_g1_i1",1832,"NODE_7271_length_3026_cov_4.143450","est2genome",[[1,462,915,1,"M114 I3 M155 D1 M15 D3 M7 D7 M3 D2 M128 I1 M18","NODE_7271_length_3026_cov_4.143450:hsp:29666:3.2.0.0",1832,"NODE_7271_length_3026_cov_4.143450","est2genome","TRINITY_DN14479_c0_g1_i1 1 444 +","match_part"]],"451","expressed_sequence_match"],[0,462,915,1,"98.46","92.8","NODE_7271_length_3026_cov_4.143450:hit:9974:3.2.0.0","TRINITY_DN14479_c0_g1_i2",1956,"NODE_7271_length_3026_cov_4.143450","est2genome",[[1,462,915,1,"M114 I3 M134 D2 M93 D6 M86 I1 M18","NODE_7271_length_3026_cov_4.143450:hsp:29667:3.2.0.0",1956,"NODE_7271_length_3026_cov_4.143450","est2genome","TRINITY_DN14479_c0_g1_i2 1 449 +","match_part"]],"456","expressed_sequence_match"],[0,913,2033,-1,"96.14","95.7","NODE_7271_length_3026_cov_4.143450:hit:9975:3.2.0.0","TRINITY_DN3365_c0_g1_i5",4322,"NODE_7271_length_3026_cov_4.143450","est2genome",[[1,1697,2033,-1,"M3 D1 M4 D1 M6 D1 M16 I1 M13 D3 M288","NODE_7271_length_3026_cov_4.143450:hsp:29668:3.2.0.0",4322,"NODE_7271_length_3026_cov_4.143450","est2genome","TRINITY_DN3365_c0_g1_i5 39 369 +","match_part"],[1,1436,1614,-1,"M56 D3 M119","NODE_7271_length_3026_cov_4.143450:hsp:29669:3.2.0.0",4322,"NODE_7271_length_3026_cov_4.143450","est2genome","TRINITY_DN3365_c0_g1_i5 370 544 +","match_part"],[1,913,1353,-1,"M440","NODE_7271_length_3026_cov_4.143450:hsp:29670:3.2.0.0",4322,"NODE_7271_length_3026_cov_4.143450","est2genome","TRINITY_DN3365_c0_g1_i5 545 984 +","match_part"]],"984","expressed_sequence_match"],[0,913,2033,-1,"96.15","94.4","NODE_7271_length_3026_cov_4.143450:hit:9976:3.2.0.0","TRINITY_DN3365_c0_g1_i18",4204,"NODE_7271_length_3026_cov_4.143450","est2genome",[[1,1697,2033,-1,"M3 D1 M4 D1 M6 D1 M16 I1 M13 D3 M288","NODE_7271_length_3026_cov_4.143450:hsp:29671:3.2.0.0",4204,"NODE_7271_length_3026_cov_4.143450","est2genome","TRINITY_DN3365_c0_g1_i18 39 369 +","match_part"],[1,1436,1614,-1,"M56 D3 M119","NODE_7271_length_3026_cov_4.143450:hsp:29672:3.2.0.0",4204,"NODE_7271_length_3026_cov_4.143450","est2genome","TRINITY_DN3365_c0_g1_i18 370 544 +","match_part"],[1,913,1353,-1,"M292 I2 M1 I1 M147","NODE_7271_length_3026_cov_4.143450:hsp:29673:3.2.0.0",4204,"NODE_7271_length_3026_cov_4.143450","est2genome","TRINITY_DN3365_c0_g1_i18 545 987 +","match_part"]],"987","expressed_sequence_match"],[0,913,2033,-1,"96.45","94.7","NODE_7271_length_3026_cov_4.143450:hit:9977:3.2.0.0","TRINITY_DN3365_c0_g1_i14",4624,"NODE_7271_length_3026_cov_4.143450","est2genome",[[1,1697,2033,-1,"M3 D1 M4 D1 M6 D1 M16 I1 M13 D3 M288","NODE_7271_length_3026_cov_4.143450:hsp:29674:3.2.0.0",4624,"NODE_7271_length_3026_cov_4.143450","est2genome","TRINITY_DN3365_c0_g1_i14 39 369 +","match_part"],[1,913,1614,-1,"M56 D3 M132 I1 M362 I2 M1 I1 M147","NODE_7271_length_3026_cov_4.143450:hsp:29675:3.2.0.0",4624,"NODE_7271_length_3026_cov_4.143450","est2genome","TRINITY_DN3365_c0_g1_i14 370 1071 +","match_part"]],"1071","expressed_sequence_match"],[0,1171,2033,-1,"93.22","93.8","NODE_7271_length_3026_cov_4.143450:hit:9978:3.2.0.0","TRINITY_DN3365_c0_g1_i2",3014,"NODE_7271_length_3026_cov_4.143450","est2genome",[[1,1697,2033,-1,"M3 D1 M4 D1 M6 D1 M16 I1 M13 D3 M288","NODE_7271_length_3026_cov_4.143450:hsp:29676:3.2.0.0",3014,"NODE_7271_length_3026_cov_4.143450","est2genome","TRINITY_DN3365_c0_g1_i2 39 369 +","match_part"],[1,1436,1614,-1,"M56 D3 M119","NODE_7271_length_3026_cov_4.143450:hsp:29677:3.2.0.0",3014,"NODE_7271_length_3026_cov_4.143450","est2genome","TRINITY_DN3365_c0_g1_i2 370 544 +","match_part"],[1,1171,1353,-1,"M182","NODE_7271_length_3026_cov_4.143450:hsp:29678:3.2.0.0",3014,"NODE_7271_length_3026_cov_4.143450","est2genome","TRINITY_DN3365_c0_g1_i2 545 726 +","match_part"]],"738","expressed_sequence_match",{"Sublist":[[0,1432,1723,-1,"96.73","96.6","NODE_7271_length_3026_cov_4.143450:hit:9979:3.2.0.0","TRINITY_DN6310_c0_g1_i1",950,"NODE_7271_length_3026_cov_4.143450","est2genome",[[1,1697,1723,-1,"M26","NODE_7271_length_3026_cov_4.143450:hsp:29679:3.2.0.0",950,"NODE_7271_length_3026_cov_4.143450","est2genome","TRINITY_DN6310_c0_g1_i1 1 26 +","match_part"],[1,1432,1614,-1,"M177 D1 M4","NODE_7271_length_3026_cov_4.143450:hsp:29680:3.2.0.0",950,"NODE_7271_length_3026_cov_4.143450","est2genome","TRINITY_DN6310_c0_g1_i1 27 207 +","match_part"]],"214","expressed_sequence_match"]]}],[0,1956,2661,1,"88.63","95.7","NODE_7271_length_3026_cov_4.143450:hit:9980:3.2.0.0","TRINITY_DN6571_c0_g2_i2",2877,"NODE_7271_length_3026_cov_4.143450","est2genome",[[1,1956,2356,1,"M288 D3 M2 D7 M73 D3 M4 D5 M15","NODE_7271_length_3026_cov_4.143450:hsp:29681:3.2.0.0",2877,"NODE_7271_length_3026_cov_4.143450","est2genome","TRINITY_DN6571_c0_g2_i2 235 616 -","match_part"],[1,2427,2661,1,"M234","NODE_7271_length_3026_cov_4.143450:hsp:29682:3.2.0.0",2877,"NODE_7271_length_3026_cov_4.143450","est2genome","TRINITY_DN6571_c0_g2_i2 1 234 -","match_part"]],"695","expressed_sequence_match"],[0,2669,2925,-1,"100","100","NODE_7271_length_3026_cov_4.143450:hit:9981:3.2.0.0","TRINITY_DN41106_c0_g1_i1",1280,"NODE_7271_length_3026_cov_4.143450","est2genome",[[1,2669,2925,-1,"M256","NODE_7271_length_3026_cov_4.143450:hsp:29683:3.2.0.0",1280,"NODE_7271_length_3026_cov_4.143450","est2genome","TRINITY_DN41106_c0_g1_i1 1 256 -","match_part"]],"256","expressed_sequence_match"]],"urlTemplate":"lf-{Chunk}.json"}}