{"featureCount":1,"formatVersion":1,"histograms":{"meta":[{"arrayParams":{"chunkSize":10000,"length":1,"urlTemplate":"hist-20000-{Chunk}.json"},"basesPerBin":"20000"}],"stats":[{"basesPerBin":"20000","max":1,"mean":1}]},"intervals":{"classes":[{"attributes":["Start","End","Strand","Id","Name","Seq_id","Source","Subfeatures","Target_length","Type"],"isArrayAttr":{"Subfeatures":1}},{"attributes":["Start","End","Strand","Gap","Id","Seq_id","Source","Target","Type"],"isArrayAttr":{}},{"attributes":["Start","End","Strand","Id","Seq_id","Source","Target","Type"],"isArrayAttr":{}},{"attributes":["Start","End","Chunk"],"isArrayAttr":{"Sublist":1}}],"count":1,"lazyClass":3,"maxEnd":4025,"minStart":1057,"nclist":[[0,1057,4025,-1,"NODE_5920_length_4167_cov_3.417079:hit:19517:4.5.0.0","genemark-NODE_5920_length_4167_cov_3.417079-abinit-gene-0.0-mRNA-1","NODE_5920_length_4167_cov_3.417079","genemark",[[1,3446,4025,-1,"M579","NODE_5920_length_4167_cov_3.417079:hsp:67079:4.5.0.0","NODE_5920_length_4167_cov_3.417079","genemark","genemark-NODE_5920_length_4167_cov_3.417079-abinit-gene-0.0-mRNA-1 1846 2424 +","match_part"],[1,3213,3358,-1,"M145","NODE_5920_length_4167_cov_3.417079:hsp:67080:4.5.0.0","NODE_5920_length_4167_cov_3.417079","genemark","genemark-NODE_5920_length_4167_cov_3.417079-abinit-gene-0.0-mRNA-1 1701 1845 +","match_part"],[1,3034,3143,-1,"M109","NODE_5920_length_4167_cov_3.417079:hsp:67081:4.5.0.0","NODE_5920_length_4167_cov_3.417079","genemark","genemark-NODE_5920_length_4167_cov_3.417079-abinit-gene-0.0-mRNA-1 1592 1700 +","match_part"],[1,2704,2969,-1,"M265","NODE_5920_length_4167_cov_3.417079:hsp:67082:4.5.0.0","NODE_5920_length_4167_cov_3.417079","genemark","genemark-NODE_5920_length_4167_cov_3.417079-abinit-gene-0.0-mRNA-1 1327 1591 +","match_part"],[1,2402,2649,-1,"M247","NODE_5920_length_4167_cov_3.417079:hsp:67083:4.5.0.0","NODE_5920_length_4167_cov_3.417079","genemark","genemark-NODE_5920_length_4167_cov_3.417079-abinit-gene-0.0-mRNA-1 1080 1326 +","match_part"],[1,2208,2333,-1,"M125","NODE_5920_length_4167_cov_3.417079:hsp:67084:4.5.0.0","NODE_5920_length_4167_cov_3.417079","genemark","genemark-NODE_5920_length_4167_cov_3.417079-abinit-gene-0.0-mRNA-1 955 1079 +","match_part"],[1,2016,2145,-1,"M129","NODE_5920_length_4167_cov_3.417079:hsp:67085:4.5.0.0","NODE_5920_length_4167_cov_3.417079","genemark","genemark-NODE_5920_length_4167_cov_3.417079-abinit-gene-0.0-mRNA-1 826 954 +","match_part"],[1,1884,1945,-1,"M61","NODE_5920_length_4167_cov_3.417079:hsp:67086:4.5.0.0","NODE_5920_length_4167_cov_3.417079","genemark","genemark-NODE_5920_length_4167_cov_3.417079-abinit-gene-0.0-mRNA-1 765 825 +","match_part"],[1,1057,1821,-1,"M764","NODE_5920_length_4167_cov_3.417079:hsp:67087:4.5.0.0","NODE_5920_length_4167_cov_3.417079","genemark","genemark-NODE_5920_length_4167_cov_3.417079-abinit-gene-0.0-mRNA-1 1 764 +","match_part"]],"4167","match"]],"urlTemplate":"lf-{Chunk}.json"}}