{"featureCount":9,"formatVersion":1,"histograms":{"meta":[{"arrayParams":{"chunkSize":10000,"length":3,"urlTemplate":"hist-2000-{Chunk}.json"},"basesPerBin":"2000"}],"stats":[{"basesPerBin":"2000","max":6,"mean":3.33333333333333}]},"intervals":{"classes":[{"attributes":["Start","End","Strand","Id","Name","Score","Seq_id","Source","Subfeatures","Target_length","Type"],"isArrayAttr":{"Subfeatures":1}},{"attributes":["Start","End","Strand","Gap","Id","Score","Seq_id","Source","Target","Type"],"isArrayAttr":{}},{"attributes":["Start","End","Chunk"],"isArrayAttr":{"Sublist":1}}],"count":9,"lazyClass":2,"maxEnd":5438,"minStart":471,"nclist":[[0,471,1735,-1,"NODE_4621_length_5558_cov_6.885104:hit:7091:3.2.0.0","TRINITY_DN4721_c0_g1_i1",343,"NODE_4621_length_5558_cov_6.885104","blastn",[[1,1392,1735,-1,"M343","NODE_4621_length_5558_cov_6.885104:hsp:24883:3.2.0.0",343,"NODE_4621_length_5558_cov_6.885104","blastn","TRINITY_DN4721_c0_g1_i1 1 343 +","match_part"],[1,1196,1288,-1,"M92","NODE_4621_length_5558_cov_6.885104:hsp:24884:3.2.0.0",92,"NODE_4621_length_5558_cov_6.885104","blastn","TRINITY_DN4721_c0_g1_i1 342 433 +","match_part"],[1,1057,1134,-1,"M77","NODE_4621_length_5558_cov_6.885104:hsp:24885:3.2.0.0",77,"NODE_4621_length_5558_cov_6.885104","blastn","TRINITY_DN4721_c0_g1_i1 432 508 +","match_part"],[1,593,916,-1,"M230 D1 M58 I4 M34","NODE_4621_length_5558_cov_6.885104:hsp:24886:3.2.0.0",263,"NODE_4621_length_5558_cov_6.885104","blastn","TRINITY_DN4721_c0_g1_i1 510 835 +","match_part"],[1,471,524,-1,"M53","NODE_4621_length_5558_cov_6.885104:hsp:24887:3.2.0.0",53,"NODE_4621_length_5558_cov_6.885104","blastn","TRINITY_DN4721_c0_g1_i1 835 887 +","match_part"]],"887","expressed_sequence_match"],[0,471,1735,-1,"NODE_4621_length_5558_cov_6.885104:hit:7092:3.2.0.0","TRINITY_DN4721_c0_g1_i2",343,"NODE_4621_length_5558_cov_6.885104","blastn",[[1,1392,1735,-1,"M343","NODE_4621_length_5558_cov_6.885104:hsp:24888:3.2.0.0",343,"NODE_4621_length_5558_cov_6.885104","blastn","TRINITY_DN4721_c0_g1_i2 1 343 +","match_part"],[1,1196,1288,-1,"M92","NODE_4621_length_5558_cov_6.885104:hsp:24889:3.2.0.0",92,"NODE_4621_length_5558_cov_6.885104","blastn","TRINITY_DN4721_c0_g1_i2 342 433 +","match_part"],[1,593,1134,-1,"M218 I4 M230 D1 M58 I4 M34","NODE_4621_length_5558_cov_6.885104:hsp:24890:3.2.0.0",456,"NODE_4621_length_5558_cov_6.885104","blastn","TRINITY_DN4721_c0_g1_i2 432 979 +","match_part"],[1,471,524,-1,"M53","NODE_4621_length_5558_cov_6.885104:hsp:24891:3.2.0.0",53,"NODE_4621_length_5558_cov_6.885104","blastn","TRINITY_DN4721_c0_g1_i2 979 1031 +","match_part"]],"1031","expressed_sequence_match"],[0,3176,3518,-1,"NODE_4621_length_5558_cov_6.885104:hit:7093:3.2.0.0","TRINITY_DN39699_c0_g1_i1",296,"NODE_4621_length_5558_cov_6.885104","blastn",[[1,3176,3518,-1,"M106 I1 M236","NODE_4621_length_5558_cov_6.885104:hsp:24892:3.2.0.0",296,"NODE_4621_length_5558_cov_6.885104","blastn","TRINITY_DN39699_c0_g1_i1 26 368 +","match_part"]],"376","expressed_sequence_match"],[0,3473,4066,-1,"NODE_4621_length_5558_cov_6.885104:hit:7095:3.2.0.0","TRINITY_DN9275_c0_g1_i3",140,"NODE_4621_length_5558_cov_6.885104","blastn",[[1,3908,4066,-1,"M158","NODE_4621_length_5558_cov_6.885104:hsp:24894:3.2.0.0",140,"NODE_4621_length_5558_cov_6.885104","blastn","TRINITY_DN9275_c0_g1_i3 4 161 +","match_part"],[1,3473,3899,-1,"M29 I2 M397","NODE_4621_length_5558_cov_6.885104:hsp:24895:3.2.0.0",339,"NODE_4621_length_5558_cov_6.885104","blastn","TRINITY_DN9275_c0_g1_i3 161 588 +","match_part"]],"596","expressed_sequence_match",{"Sublist":[[0,3473,3857,-1,"NODE_4621_length_5558_cov_6.885104:hit:7094:3.2.0.0","TRINITY_DN9275_c0_g1_i2",230,"NODE_4621_length_5558_cov_6.885104","blastn",[[1,3473,3857,-1,"M168 I1 M216","NODE_4621_length_5558_cov_6.885104:hsp:24893:3.2.0.0",230,"NODE_4621_length_5558_cov_6.885104","blastn","TRINITY_DN9275_c0_g1_i2 117 501 +","match_part"]],"509","expressed_sequence_match",{"Sublist":[[0,3473,3830,-1,"NODE_4621_length_5558_cov_6.885104:hit:7096:3.2.0.0","TRINITY_DN9275_c0_g1_i4",245,"NODE_4621_length_5558_cov_6.885104","blastn",[[1,3473,3830,-1,"M142 I1 M215","NODE_4621_length_5558_cov_6.885104:hsp:24896:3.2.0.0",245,"NODE_4621_length_5558_cov_6.885104","blastn","TRINITY_DN9275_c0_g1_i4 80 437 +","match_part"]],"445","expressed_sequence_match"],[0,3473,3830,-1,"NODE_4621_length_5558_cov_6.885104:hit:7097:3.2.0.0","TRINITY_DN9275_c0_g1_i5",309,"NODE_4621_length_5558_cov_6.885104","blastn",[[1,3473,3830,-1,"M357","NODE_4621_length_5558_cov_6.885104:hsp:24897:3.2.0.0",309,"NODE_4621_length_5558_cov_6.885104","blastn","TRINITY_DN9275_c0_g1_i5 80 436 +","match_part"]],"444","expressed_sequence_match"]]}],[0,3699,3857,-1,"NODE_4621_length_5558_cov_6.885104:hit:7098:3.2.0.0","TRINITY_DN9275_c0_g1_i1",152,"NODE_4621_length_5558_cov_6.885104","blastn",[[1,3699,3857,-1,"M158","NODE_4621_length_5558_cov_6.885104:hsp:24898:3.2.0.0",152,"NODE_4621_length_5558_cov_6.885104","blastn","TRINITY_DN9275_c0_g1_i1 117 274 +","match_part"]],"274","expressed_sequence_match"]]}],[0,5168,5438,1,"NODE_4621_length_5558_cov_6.885104:hit:7099:3.2.0.0","TRINITY_DN17671_c0_g1_i1",219,"NODE_4621_length_5558_cov_6.885104","blastn",[[1,5168,5438,1,"M69 D1 M70 D2 M13 D1 M114","NODE_4621_length_5558_cov_6.885104:hsp:24899:3.2.0.0",219,"NODE_4621_length_5558_cov_6.885104","blastn","TRINITY_DN17671_c0_g1_i1 1 266 +","match_part"]],"266","expressed_sequence_match"]],"urlTemplate":"lf-{Chunk}.json"}}