{"featureCount":5,"formatVersion":1,"histograms":{"meta":[{"arrayParams":{"chunkSize":10000,"length":2,"urlTemplate":"hist-2000-{Chunk}.json"},"basesPerBin":"2000"}],"stats":[{"basesPerBin":"2000","max":5,"mean":5}]},"intervals":{"classes":[{"attributes":["Start","End","Strand","Id","Name","Score","Seq_id","Source","Subfeatures","Target_length","Type"],"isArrayAttr":{"Subfeatures":1}},{"attributes":["Start","End","Strand","Gap","Id","Score","Seq_id","Source","Target","Type"],"isArrayAttr":{}},{"attributes":["Start","End","Chunk"],"isArrayAttr":{"Sublist":1}}],"count":5,"lazyClass":2,"maxEnd":3127,"minStart":0,"nclist":[[0,0,3127,1,"NODE_6795_length_3373_cov_10.594886:hit:6598:3.2.0.0","TRINITY_DN759_c0_g1_i4",276,"NODE_6795_length_3373_cov_10.594886","blastn",[[1,0,294,1,"M294","NODE_6795_length_3373_cov_10.594886:hsp:20591:3.2.0.0",276,"NODE_6795_length_3373_cov_10.594886","blastn","TRINITY_DN759_c0_g1_i4 285 578 +","match_part"],[1,373,422,1,"M49","NODE_6795_length_3373_cov_10.594886:hsp:20592:3.2.0.0",49,"NODE_6795_length_3373_cov_10.594886","blastn","TRINITY_DN759_c0_g1_i4 578 626 +","match_part"],[1,521,2144,1,"M1623","NODE_6795_length_3373_cov_10.594886:hsp:20593:3.2.0.0",1545,"NODE_6795_length_3373_cov_10.594886","blastn","TRINITY_DN759_c0_g1_i4 627 2249 +","match_part"],[1,2252,2666,1,"M414","NODE_6795_length_3373_cov_10.594886:hsp:20594:3.2.0.0",402,"NODE_6795_length_3373_cov_10.594886","blastn","TRINITY_DN759_c0_g1_i4 2250 2663 +","match_part"],[1,2759,3127,1,"M368","NODE_6795_length_3373_cov_10.594886:hsp:20595:3.2.0.0",362,"NODE_6795_length_3373_cov_10.594886","blastn","TRINITY_DN759_c0_g1_i4 2664 3031 +","match_part"]],"3041","expressed_sequence_match"],[0,0,3127,1,"NODE_6795_length_3373_cov_10.594886:hit:6599:3.2.0.0","TRINITY_DN759_c0_g1_i5",387,"NODE_6795_length_3373_cov_10.594886","blastn",[[1,0,422,1,"M332 D2 M88","NODE_6795_length_3373_cov_10.594886:hsp:20596:3.2.0.0",387,"NODE_6795_length_3373_cov_10.594886","blastn","TRINITY_DN759_c0_g1_i5 2 421 +","match_part"],[1,521,2144,1,"M1623","NODE_6795_length_3373_cov_10.594886:hsp:20597:3.2.0.0",1563,"NODE_6795_length_3373_cov_10.594886","blastn","TRINITY_DN759_c0_g1_i5 422 2044 +","match_part"],[1,2252,2666,1,"M414","NODE_6795_length_3373_cov_10.594886:hsp:20598:3.2.0.0",402,"NODE_6795_length_3373_cov_10.594886","blastn","TRINITY_DN759_c0_g1_i5 2045 2458 +","match_part"],[1,2759,3127,1,"M368","NODE_6795_length_3373_cov_10.594886:hsp:20599:3.2.0.0",362,"NODE_6795_length_3373_cov_10.594886","blastn","TRINITY_DN759_c0_g1_i5 2459 2826 +","match_part"]],"2836","expressed_sequence_match"],[0,0,3127,1,"NODE_6795_length_3373_cov_10.594886:hit:6600:3.2.0.0","TRINITY_DN759_c0_g1_i6",387,"NODE_6795_length_3373_cov_10.594886","blastn",[[1,0,422,1,"M332 D2 M88","NODE_6795_length_3373_cov_10.594886:hsp:20600:3.2.0.0",387,"NODE_6795_length_3373_cov_10.594886","blastn","TRINITY_DN759_c0_g1_i6 2 421 +","match_part"],[1,521,2144,1,"M1623","NODE_6795_length_3373_cov_10.594886:hsp:20601:3.2.0.0",1563,"NODE_6795_length_3373_cov_10.594886","blastn","TRINITY_DN759_c0_g1_i6 422 2044 +","match_part"],[1,2252,2666,1,"M414","NODE_6795_length_3373_cov_10.594886:hsp:20602:3.2.0.0",402,"NODE_6795_length_3373_cov_10.594886","blastn","TRINITY_DN759_c0_g1_i6 2045 2458 +","match_part"],[1,2759,3127,1,"M368","NODE_6795_length_3373_cov_10.594886:hsp:20603:3.2.0.0",362,"NODE_6795_length_3373_cov_10.594886","blastn","TRINITY_DN759_c0_g1_i6 2459 2826 +","match_part"]],"2836","expressed_sequence_match"],[0,0,3127,1,"NODE_6795_length_3373_cov_10.594886:hit:6601:3.2.0.0","TRINITY_DN759_c0_g1_i1",276,"NODE_6795_length_3373_cov_10.594886","blastn",[[1,0,294,1,"M294","NODE_6795_length_3373_cov_10.594886:hsp:20604:3.2.0.0",276,"NODE_6795_length_3373_cov_10.594886","blastn","TRINITY_DN759_c0_g1_i1 285 578 +","match_part"],[1,373,422,1,"M49","NODE_6795_length_3373_cov_10.594886:hsp:20605:3.2.0.0",49,"NODE_6795_length_3373_cov_10.594886","blastn","TRINITY_DN759_c0_g1_i1 578 626 +","match_part"],[1,521,2144,1,"M1623","NODE_6795_length_3373_cov_10.594886:hsp:20606:3.2.0.0",1563,"NODE_6795_length_3373_cov_10.594886","blastn","TRINITY_DN759_c0_g1_i1 627 2249 +","match_part"],[1,2252,2666,1,"M414","NODE_6795_length_3373_cov_10.594886:hsp:20607:3.2.0.0",402,"NODE_6795_length_3373_cov_10.594886","blastn","TRINITY_DN759_c0_g1_i1 2250 2663 +","match_part"],[1,2759,3127,1,"M368","NODE_6795_length_3373_cov_10.594886:hsp:20608:3.2.0.0",362,"NODE_6795_length_3373_cov_10.594886","blastn","TRINITY_DN759_c0_g1_i1 2664 3031 +","match_part"]],"3041","expressed_sequence_match"],[0,0,3127,1,"NODE_6795_length_3373_cov_10.594886:hit:6602:3.2.0.0","TRINITY_DN759_c0_g1_i3",294,"NODE_6795_length_3373_cov_10.594886","blastn",[[1,0,294,1,"M294","NODE_6795_length_3373_cov_10.594886:hsp:20609:3.2.0.0",294,"NODE_6795_length_3373_cov_10.594886","blastn","TRINITY_DN759_c0_g1_i3 285 578 +","match_part"],[1,373,422,1,"M49","NODE_6795_length_3373_cov_10.594886:hsp:20610:3.2.0.0",49,"NODE_6795_length_3373_cov_10.594886","blastn","TRINITY_DN759_c0_g1_i3 578 626 +","match_part"],[1,521,2144,1,"M1623","NODE_6795_length_3373_cov_10.594886:hsp:20611:3.2.0.0",1563,"NODE_6795_length_3373_cov_10.594886","blastn","TRINITY_DN759_c0_g1_i3 627 2249 +","match_part"],[1,2252,2666,1,"M414","NODE_6795_length_3373_cov_10.594886:hsp:20612:3.2.0.0",402,"NODE_6795_length_3373_cov_10.594886","blastn","TRINITY_DN759_c0_g1_i3 2250 2663 +","match_part"],[1,2759,3127,1,"M368","NODE_6795_length_3373_cov_10.594886:hsp:20613:3.2.0.0",362,"NODE_6795_length_3373_cov_10.594886","blastn","TRINITY_DN759_c0_g1_i3 2664 3031 +","match_part"]],"3041","expressed_sequence_match"]],"urlTemplate":"lf-{Chunk}.json"}}