{"featureCount":10,"formatVersion":1,"histograms":{"meta":[{"arrayParams":{"chunkSize":10000,"length":3,"urlTemplate":"hist-2000-{Chunk}.json"},"basesPerBin":"2000"}],"stats":[{"basesPerBin":"2000","max":9,"mean":8}]},"intervals":{"classes":[{"attributes":["Start","End","Strand","Aligned_coverage","Aligned_identity","Id","Name","Score","Seq_id","Source","Subfeatures","Target_length","Type"],"isArrayAttr":{"Subfeatures":1}},{"attributes":["Start","End","Strand","Gap","Id","Score","Seq_id","Source","Target","Type"],"isArrayAttr":{}},{"attributes":["Start","End","Chunk"],"isArrayAttr":{"Sublist":1}}],"count":10,"lazyClass":2,"maxEnd":5301,"minStart":1294,"nclist":[[0,1294,4332,1,"99.69","98.9","NODE_3260_length_7476_cov_5.220166:hit:29343:3.2.0.0","TRINITY_DN2746_c0_g1_i6",14357,"NODE_3260_length_7476_cov_5.220166","est2genome",[[1,1294,3472,1,"M1656 D4 M518","NODE_3260_length_7476_cov_5.220166:hsp:124343:3.2.0.0",14357,"NODE_3260_length_7476_cov_5.220166","est2genome","TRINITY_DN2746_c0_g1_i6 764 2937 -","match_part"],[1,3578,4332,1,"M754","NODE_3260_length_7476_cov_5.220166:hsp:124344:3.2.0.0",14357,"NODE_3260_length_7476_cov_5.220166","est2genome","TRINITY_DN2746_c0_g1_i6 10 763 -","match_part"]],"2937","expressed_sequence_match"],[0,1294,4332,1,"99.68","99.2","NODE_3260_length_7476_cov_5.220166:hit:29344:3.2.0.0","TRINITY_DN2746_c0_g1_i2",13800,"NODE_3260_length_7476_cov_5.220166","est2genome",[[1,1294,1678,1,"M384","NODE_3260_length_7476_cov_5.220166:hsp:124345:3.2.0.0",13800,"NODE_3260_length_7476_cov_5.220166","est2genome","TRINITY_DN2746_c0_g1_i2 2430 2813 -","match_part"],[1,1912,4332,1,"M2420","NODE_3260_length_7476_cov_5.220166:hsp:124346:3.2.0.0",13800,"NODE_3260_length_7476_cov_5.220166","est2genome","TRINITY_DN2746_c0_g1_i2 10 2429 -","match_part"]],"2813","expressed_sequence_match"],[0,1294,4332,1,"99.67","99.2","NODE_3260_length_7476_cov_5.220166:hit:29345:3.2.0.0","TRINITY_DN2746_c0_g1_i5",13272,"NODE_3260_length_7476_cov_5.220166","est2genome",[[1,1294,1678,1,"M384","NODE_3260_length_7476_cov_5.220166:hsp:124347:3.2.0.0",13272,"NODE_3260_length_7476_cov_5.220166","est2genome","TRINITY_DN2746_c0_g1_i5 2324 2707 -","match_part"],[1,1912,3472,1,"M1560","NODE_3260_length_7476_cov_5.220166:hsp:124348:3.2.0.0",13272,"NODE_3260_length_7476_cov_5.220166","est2genome","TRINITY_DN2746_c0_g1_i5 764 2323 -","match_part"],[1,3578,4332,1,"M754","NODE_3260_length_7476_cov_5.220166:hsp:124349:3.2.0.0",13272,"NODE_3260_length_7476_cov_5.220166","est2genome","TRINITY_DN2746_c0_g1_i5 10 763 -","match_part"]],"2707","expressed_sequence_match",{"Sublist":[[0,1578,3469,1,"100","99.5","NODE_3260_length_7476_cov_5.220166:hit:29346:3.2.0.0","TRINITY_DN2746_c0_g1_i9",9374,"NODE_3260_length_7476_cov_5.220166","est2genome",[[1,1578,3469,1,"M1891","NODE_3260_length_7476_cov_5.220166:hsp:124350:3.2.0.0",9374,"NODE_3260_length_7476_cov_5.220166","est2genome","TRINITY_DN2746_c0_g1_i9 1 1891 -","match_part"]],"1891","expressed_sequence_match"]]}],[0,1912,4332,1,"99.61","99.2","NODE_3260_length_7476_cov_5.220166:hit:29347:3.2.0.0","TRINITY_DN2746_c0_g1_i1",11393,"NODE_3260_length_7476_cov_5.220166","est2genome",[[1,1912,3472,1,"M1560","NODE_3260_length_7476_cov_5.220166:hsp:124351:3.2.0.0",11393,"NODE_3260_length_7476_cov_5.220166","est2genome","TRINITY_DN2746_c0_g1_i1 763 2322 -","match_part"],[1,3578,4332,1,"M365 D1 M388","NODE_3260_length_7476_cov_5.220166:hsp:124352:3.2.0.0",11393,"NODE_3260_length_7476_cov_5.220166","est2genome","TRINITY_DN2746_c0_g1_i1 10 762 -","match_part"]],"2322","expressed_sequence_match"],[0,1912,4332,1,"99.61","99.2","NODE_3260_length_7476_cov_5.220166:hit:29348:3.2.0.0","TRINITY_DN2746_c0_g1_i11",11376,"NODE_3260_length_7476_cov_5.220166","est2genome",[[1,1912,3472,1,"M1560","NODE_3260_length_7476_cov_5.220166:hsp:124353:3.2.0.0",11376,"NODE_3260_length_7476_cov_5.220166","est2genome","TRINITY_DN2746_c0_g1_i11 762 2321 -","match_part"],[1,3578,4332,1,"M365 D1 M104 D1 M283","NODE_3260_length_7476_cov_5.220166:hsp:124354:3.2.0.0",11376,"NODE_3260_length_7476_cov_5.220166","est2genome","TRINITY_DN2746_c0_g1_i11 10 761 -","match_part"]],"2321","expressed_sequence_match",{"Sublist":[[0,1912,4050,1,"100","99.3","NODE_3260_length_7476_cov_5.220166:hit:29349:3.2.0.0","TRINITY_DN2746_c0_g1_i4",10027,"NODE_3260_length_7476_cov_5.220166","est2genome",[[1,1912,3472,1,"M1560","NODE_3260_length_7476_cov_5.220166:hsp:124355:3.2.0.0",10027,"NODE_3260_length_7476_cov_5.220166","est2genome","TRINITY_DN2746_c0_g1_i4 473 2032 -","match_part"],[1,3578,4050,1,"M472","NODE_3260_length_7476_cov_5.220166:hsp:124356:3.2.0.0",10027,"NODE_3260_length_7476_cov_5.220166","est2genome","TRINITY_DN2746_c0_g1_i4 1 472 -","match_part"]],"2032","expressed_sequence_match"]]}],[0,3882,4332,1,"98.04","97.3","NODE_3260_length_7476_cov_5.220166:hit:29350:3.2.0.0","TRINITY_DN2746_c0_g1_i7",2142,"NODE_3260_length_7476_cov_5.220166","est2genome",[[1,3882,4332,1,"M450","NODE_3260_length_7476_cov_5.220166:hsp:124357:3.2.0.0",2142,"NODE_3260_length_7476_cov_5.220166","est2genome","TRINITY_DN2746_c0_g1_i7 10 459 -","match_part"]],"459","expressed_sequence_match"],[0,4463,5301,-1,"100","92.7","NODE_3260_length_7476_cov_5.220166:hit:29351:3.2.0.0","TRINITY_DN4800_c0_g1_i2",2616,"NODE_3260_length_7476_cov_5.220166","est2genome",[[1,5005,5301,-1,"M58 D3 M95 D4 M13 D3 M7 I1 M1 I1 M3 I1 M3 I1 M106","NODE_3260_length_7476_cov_5.220166:hsp:124358:3.2.0.0",2616,"NODE_3260_length_7476_cov_5.220166","est2genome","TRINITY_DN4800_c0_g1_i2 335 624 -","match_part"],[1,4822,4921,-1,"M99","NODE_3260_length_7476_cov_5.220166:hsp:124359:3.2.0.0",2616,"NODE_3260_length_7476_cov_5.220166","est2genome","TRINITY_DN4800_c0_g1_i2 236 334 -","match_part"],[1,4463,4698,-1,"M27 I2 M66 D2 M140","NODE_3260_length_7476_cov_5.220166:hsp:124360:3.2.0.0",2616,"NODE_3260_length_7476_cov_5.220166","est2genome","TRINITY_DN4800_c0_g1_i2 1 235 -","match_part"]],"624","expressed_sequence_match"],[0,4696,5301,-1,"100","92.9","NODE_3260_length_7476_cov_5.220166:hit:29352:3.2.0.0","TRINITY_DN4800_c0_g1_i1",2181,"NODE_3260_length_7476_cov_5.220166","est2genome",[[1,5005,5301,-1,"M58 D3 M95 D4 M13 D3 M7 I1 M1 I1 M3 I1 M3 I1 M106","NODE_3260_length_7476_cov_5.220166:hsp:124361:3.2.0.0",2181,"NODE_3260_length_7476_cov_5.220166","est2genome","TRINITY_DN4800_c0_g1_i1 223 512 -","match_part"],[1,4696,4921,-1,"M29 D2 M47 D1 M146","NODE_3260_length_7476_cov_5.220166:hsp:124362:3.2.0.0",2181,"NODE_3260_length_7476_cov_5.220166","est2genome","TRINITY_DN4800_c0_g1_i1 1 222 -","match_part"]],"512","expressed_sequence_match"]],"urlTemplate":"lf-{Chunk}.json"}}