{"featureCount":4,"formatVersion":1,"histograms":{"meta":[{"arrayParams":{"chunkSize":10000,"length":1,"urlTemplate":"hist-5000-{Chunk}.json"},"basesPerBin":"5000"}],"stats":[{"basesPerBin":"5000","max":4,"mean":4}]},"intervals":{"classes":[{"attributes":["Start","End","Strand","Aligned_coverage","Aligned_identity","Id","Name","Score","Seq_id","Source","Subfeatures","Target_length","Type"],"isArrayAttr":{"Subfeatures":1}},{"attributes":["Start","End","Strand","Gap","Id","Score","Seq_id","Source","Target","Type"],"isArrayAttr":{}},{"attributes":["Start","End","Chunk"],"isArrayAttr":{"Sublist":1}}],"count":4,"lazyClass":2,"maxEnd":4163,"minStart":4,"nclist":[[0,4,724,-1,"94.09","47.1","NODE_5273_length_4813_cov_0.481861:hit:13890:3.10.0.0","sp|Q0H8Y6.1|ATP6_USTMA",565,"NODE_5273_length_4813_cov_0.481861","protein2genome",[[1,4,724,-1,"M157 D1 M82","NODE_5273_length_4813_cov_0.481861:hsp:48057:3.10.0.0",565,"NODE_5273_length_4813_cov_0.481861","protein2genome","sp|Q0H8Y6.1|ATP6_USTMA 4 242","match_part"]],"254","protein_match"],[0,889,1033,-1,"100","56.2","NODE_5273_length_4813_cov_0.481861:hit:13891:3.10.0.0","sp|Q0H8Y5.1|ATP8_USTMA",153,"NODE_5273_length_4813_cov_0.481861","protein2genome",[[1,889,1033,-1,"M48","NODE_5273_length_4813_cov_0.481861:hsp:48058:3.10.0.0",153,"NODE_5273_length_4813_cov_0.481861","protein2genome","sp|Q0H8Y5.1|ATP8_USTMA 1 48","match_part"]],"48","protein_match"],[0,1438,2896,-1,"99.59","50.5","NODE_5273_length_4813_cov_0.481861:hit:13892:3.10.0.0","sp|Q0H8X6.1|NU4M_USTMA",1201,"NODE_5273_length_4813_cov_0.481861","protein2genome",[[1,1438,2896,-1,"M46 D1 M6 D1 M278 I1 M45 D1 M94 D2 M12","NODE_5273_length_4813_cov_0.481861:hsp:48059:3.10.0.0",1201,"NODE_5273_length_4813_cov_0.481861","protein2genome","sp|Q0H8X6.1|NU4M_USTMA 1 482","match_part"]],"484","protein_match"],[0,3422,4163,-1,"74.62","68.4","NODE_5273_length_4813_cov_0.481861:hit:13893:3.10.0.0","sp|Q0H8X5.1|NU1M_USTMA",877,"NODE_5273_length_4813_cov_0.481861","protein2genome",[[1,3422,4163,-1,"M247","NODE_5273_length_4813_cov_0.481861:hsp:48060:3.10.0.0",877,"NODE_5273_length_4813_cov_0.481861","protein2genome","sp|Q0H8X5.1|NU1M_USTMA 7 253","match_part"]],"331","protein_match"]],"urlTemplate":"lf-{Chunk}.json"}}