{"featureCount":2,"formatVersion":1,"histograms":{"meta":[{"arrayParams":{"chunkSize":10000,"length":1,"urlTemplate":"hist-10000-{Chunk}.json"},"basesPerBin":"10000"}],"stats":[{"basesPerBin":"10000","max":2,"mean":2}]},"intervals":{"classes":[{"attributes":["Start","End","Strand","Id","Name","Seq_id","Source","Subfeatures","Target_length","Type"],"isArrayAttr":{"Subfeatures":1}},{"attributes":["Start","End","Strand","Gap","Id","Seq_id","Source","Target","Type"],"isArrayAttr":{}},{"attributes":["Start","End","Strand","Id","Seq_id","Source","Target","Type"],"isArrayAttr":{}},{"attributes":["Start","End","Chunk"],"isArrayAttr":{"Sublist":1}}],"count":2,"lazyClass":3,"maxEnd":6175,"minStart":93,"nclist":[[0,93,1641,-1,"NODE_3313_length_7367_cov_4.879961:hit:30260:4.5.0.0","genemark-NODE_3313_length_7367_cov_4.879961-abinit-gene-0.12-mRNA-1","NODE_3313_length_7367_cov_4.879961","genemark",[[1,1052,1641,-1,"M589","NODE_3313_length_7367_cov_4.879961:hsp:128132:4.5.0.0","NODE_3313_length_7367_cov_4.879961","genemark","genemark-NODE_3313_length_7367_cov_4.879961-abinit-gene-0.12-mRNA-1 723 1311 +","match_part"],[1,446,964,-1,"M518","NODE_3313_length_7367_cov_4.879961:hsp:128133:4.5.0.0","NODE_3313_length_7367_cov_4.879961","genemark","genemark-NODE_3313_length_7367_cov_4.879961-abinit-gene-0.12-mRNA-1 205 722 +","match_part"],[1,323,361,-1,"M38","NODE_3313_length_7367_cov_4.879961:hsp:128134:4.5.0.0","NODE_3313_length_7367_cov_4.879961","genemark","genemark-NODE_3313_length_7367_cov_4.879961-abinit-gene-0.12-mRNA-1 167 204 +","match_part"],[1,93,259,-1,"M166","NODE_3313_length_7367_cov_4.879961:hsp:128135:4.5.0.0","NODE_3313_length_7367_cov_4.879961","genemark","genemark-NODE_3313_length_7367_cov_4.879961-abinit-gene-0.12-mRNA-1 1 166 +","match_part"]],"7367","match"],[0,4838,6175,1,"NODE_3313_length_7367_cov_4.879961:hit:30261:4.5.0.0","genemark-NODE_3313_length_7367_cov_4.879961-abinit-gene-0.11-mRNA-1","NODE_3313_length_7367_cov_4.879961","genemark",[[1,4838,5061,1,"M223","NODE_3313_length_7367_cov_4.879961:hsp:128136:4.5.0.0","NODE_3313_length_7367_cov_4.879961","genemark","genemark-NODE_3313_length_7367_cov_4.879961-abinit-gene-0.11-mRNA-1 1 223 +","match_part"],[1,5128,5248,1,"M120","NODE_3313_length_7367_cov_4.879961:hsp:128137:4.5.0.0","NODE_3313_length_7367_cov_4.879961","genemark","genemark-NODE_3313_length_7367_cov_4.879961-abinit-gene-0.11-mRNA-1 224 343 +","match_part"],[1,5330,5436,1,"M106","NODE_3313_length_7367_cov_4.879961:hsp:128138:4.5.0.0","NODE_3313_length_7367_cov_4.879961","genemark","genemark-NODE_3313_length_7367_cov_4.879961-abinit-gene-0.11-mRNA-1 344 449 +","match_part"],[1,5540,5683,1,"M143","NODE_3313_length_7367_cov_4.879961:hsp:128139:4.5.0.0","NODE_3313_length_7367_cov_4.879961","genemark","genemark-NODE_3313_length_7367_cov_4.879961-abinit-gene-0.11-mRNA-1 450 592 +","match_part"],[1,5754,5884,1,"M130","NODE_3313_length_7367_cov_4.879961:hsp:128140:4.5.0.0","NODE_3313_length_7367_cov_4.879961","genemark","genemark-NODE_3313_length_7367_cov_4.879961-abinit-gene-0.11-mRNA-1 593 722 +","match_part"],[1,5967,6175,1,"M208","NODE_3313_length_7367_cov_4.879961:hsp:128141:4.5.0.0","NODE_3313_length_7367_cov_4.879961","genemark","genemark-NODE_3313_length_7367_cov_4.879961-abinit-gene-0.11-mRNA-1 723 930 +","match_part"]],"7367","match"]],"urlTemplate":"lf-{Chunk}.json"}}