{"featureCount":17,"formatVersion":1,"histograms":{"meta":[{"arrayParams":{"chunkSize":10000,"length":6,"urlTemplate":"hist-2000-{Chunk}.json"},"basesPerBin":"2000"}],"stats":[{"basesPerBin":"2000","max":11,"mean":5.33333333333333}]},"intervals":{"classes":[{"attributes":["Start","End","Strand","Aligned_coverage","Aligned_identity","Id","Name","Score","Seq_id","Source","Subfeatures","Target_length","Type"],"isArrayAttr":{"Subfeatures":1}},{"attributes":["Start","End","Strand","Gap","Id","Score","Seq_id","Source","Target","Type"],"isArrayAttr":{}},{"attributes":["Start","End","Chunk"],"isArrayAttr":{"Sublist":1}}],"count":17,"lazyClass":2,"maxEnd":11008,"minStart":314,"nclist":[[0,314,1130,1,"99.85","99.1","NODE_1064_length_17481_cov_7.645730:hit:85593:3.2.0.0","TRINITY_DN29854_c0_g1_i1",3274,"NODE_1064_length_17481_cov_7.645730","est2genome",[[1,314,498,1,"M184","NODE_1064_length_17481_cov_7.645730:hsp:438339:3.2.0.0",3274,"NODE_1064_length_17481_cov_7.645730","est2genome","TRINITY_DN29854_c0_g1_i1 1 184 +","match_part"],[1,568,674,1,"M106","NODE_1064_length_17481_cov_7.645730:hsp:438340:3.2.0.0",3274,"NODE_1064_length_17481_cov_7.645730","est2genome","TRINITY_DN29854_c0_g1_i1 185 290 +","match_part"],[1,749,1130,1,"M381","NODE_1064_length_17481_cov_7.645730:hsp:438341:3.2.0.0",3274,"NODE_1064_length_17481_cov_7.645730","est2genome","TRINITY_DN29854_c0_g1_i1 291 671 +","match_part"]],"672","expressed_sequence_match"],[0,2843,3454,1,"98.25","91.6","NODE_1064_length_17481_cov_7.645730:hit:85594:3.2.0.0","TRINITY_DN12303_c0_g1_i2",1624,"NODE_1064_length_17481_cov_7.645730","est2genome",[[1,2843,2960,1,"M63 D3 M2 D1 M10 D2 M1 D2 M9 D3 M5 I1 M16","NODE_1064_length_17481_cov_7.645730:hsp:438342:3.2.0.0",1624,"NODE_1064_length_17481_cov_7.645730","est2genome","TRINITY_DN12303_c0_g1_i2 287 393 -","match_part"],[1,3039,3064,1,"M25","NODE_1064_length_17481_cov_7.645730:hsp:438343:3.2.0.0",1624,"NODE_1064_length_17481_cov_7.645730","est2genome","TRINITY_DN12303_c0_g1_i2 262 286 -","match_part"],[1,3126,3174,1,"M48","NODE_1064_length_17481_cov_7.645730:hsp:438344:3.2.0.0",1624,"NODE_1064_length_17481_cov_7.645730","est2genome","TRINITY_DN12303_c0_g1_i2 214 261 -","match_part"],[1,3241,3454,1,"M213","NODE_1064_length_17481_cov_7.645730:hsp:438345:3.2.0.0",1624,"NODE_1064_length_17481_cov_7.645730","est2genome","TRINITY_DN12303_c0_g1_i2 1 213 -","match_part"]],"400","expressed_sequence_match"],[0,3700,4460,-1,"100","97.6","NODE_1064_length_17481_cov_7.645730:hit:85595:3.2.0.0","TRINITY_DN19769_c0_g1_i1",2118,"NODE_1064_length_17481_cov_7.645730","est2genome",[[1,4204,4460,-1,"M17 D1 M124 I2 M114","NODE_1064_length_17481_cov_7.645730:hsp:438346:3.2.0.0",2118,"NODE_1064_length_17481_cov_7.645730","est2genome","TRINITY_DN19769_c0_g1_i1 1 257 +","match_part"],[1,3883,3977,-1,"M94","NODE_1064_length_17481_cov_7.645730:hsp:438347:3.2.0.0",2118,"NODE_1064_length_17481_cov_7.645730","est2genome","TRINITY_DN19769_c0_g1_i1 258 351 +","match_part"],[1,3700,3803,-1,"M103","NODE_1064_length_17481_cov_7.645730:hsp:438348:3.2.0.0",2118,"NODE_1064_length_17481_cov_7.645730","est2genome","TRINITY_DN19769_c0_g1_i1 352 454 +","match_part"]],"454","expressed_sequence_match"],[0,5302,9759,1,"97.41","95.6","NODE_1064_length_17481_cov_7.645730:hit:85597:3.2.0.0","TRINITY_DN1989_c1_g1_i2",17159,"NODE_1064_length_17481_cov_7.645730","est2genome",[[1,5302,5436,1,"M30 D2 M102","NODE_1064_length_17481_cov_7.645730:hsp:438353:3.2.0.0",17159,"NODE_1064_length_17481_cov_7.645730","est2genome","TRINITY_DN1989_c1_g1_i2 4 135 +","match_part"],[1,5506,5595,1,"M89","NODE_1064_length_17481_cov_7.645730:hsp:438354:3.2.0.0",17159,"NODE_1064_length_17481_cov_7.645730","est2genome","TRINITY_DN1989_c1_g1_i2 136 224 +","match_part"],[1,5676,5758,1,"M82","NODE_1064_length_17481_cov_7.645730:hsp:438355:3.2.0.0",17159,"NODE_1064_length_17481_cov_7.645730","est2genome","TRINITY_DN1989_c1_g1_i2 225 306 +","match_part"],[1,5837,6565,1,"M728","NODE_1064_length_17481_cov_7.645730:hsp:438356:3.2.0.0",17159,"NODE_1064_length_17481_cov_7.645730","est2genome","TRINITY_DN1989_c1_g1_i2 307 1034 +","match_part"],[1,6652,8233,1,"M253 I10 M4 I1 M8 I3 M4 I3 M1 I1 M13 I4 M1 I1 M101 D3 M79 D1 M4 D10 M3 D1 M1095","NODE_1064_length_17481_cov_7.645730:hsp:438357:3.2.0.0",17159,"NODE_1064_length_17481_cov_7.645730","est2genome","TRINITY_DN1989_c1_g1_i2 1035 2623 +","match_part"],[1,8305,8633,1,"M328","NODE_1064_length_17481_cov_7.645730:hsp:438358:3.2.0.0",17159,"NODE_1064_length_17481_cov_7.645730","est2genome","TRINITY_DN1989_c1_g1_i2 2624 2951 +","match_part"],[1,8794,8949,1,"M155","NODE_1064_length_17481_cov_7.645730:hsp:438359:3.2.0.0",17159,"NODE_1064_length_17481_cov_7.645730","est2genome","TRINITY_DN1989_c1_g1_i2 2952 3106 +","match_part"],[1,9021,9162,1,"M141","NODE_1064_length_17481_cov_7.645730:hsp:438360:3.2.0.0",17159,"NODE_1064_length_17481_cov_7.645730","est2genome","TRINITY_DN1989_c1_g1_i2 3107 3247 +","match_part"],[1,9233,9759,1,"M67 D1 M11 I1 M92 D6 M47 D5 M69 D1 M2 D2 M5 D6 M61 I3 M3 I8 M20 D4 M72 I1 M40 I1 M12","NODE_1064_length_17481_cov_7.645730:hsp:438361:3.2.0.0",17159,"NODE_1064_length_17481_cov_7.645730","est2genome","TRINITY_DN1989_c1_g1_i2 3248 3762 +","match_part"]],"3859","expressed_sequence_match"],[0,5302,9759,1,"97.41","95.7","NODE_1064_length_17481_cov_7.645730:hit:85602:3.2.0.0","TRINITY_DN1989_c1_g1_i9",17186,"NODE_1064_length_17481_cov_7.645730","est2genome",[[1,5302,5436,1,"M30 D2 M102","NODE_1064_length_17481_cov_7.645730:hsp:438378:3.2.0.0",17186,"NODE_1064_length_17481_cov_7.645730","est2genome","TRINITY_DN1989_c1_g1_i9 4 135 +","match_part"],[1,5506,5595,1,"M89","NODE_1064_length_17481_cov_7.645730:hsp:438379:3.2.0.0",17186,"NODE_1064_length_17481_cov_7.645730","est2genome","TRINITY_DN1989_c1_g1_i9 136 224 +","match_part"],[1,5676,5758,1,"M82","NODE_1064_length_17481_cov_7.645730:hsp:438380:3.2.0.0",17186,"NODE_1064_length_17481_cov_7.645730","est2genome","TRINITY_DN1989_c1_g1_i9 225 306 +","match_part"],[1,5837,6565,1,"M728","NODE_1064_length_17481_cov_7.645730:hsp:438381:3.2.0.0",17186,"NODE_1064_length_17481_cov_7.645730","est2genome","TRINITY_DN1989_c1_g1_i9 307 1034 +","match_part"],[1,6652,8233,1,"M253 I10 M4 I1 M8 I3 M4 I3 M1 I1 M13 I4 M1 I1 M101 D3 M79 D1 M4 D10 M3 D1 M1095","NODE_1064_length_17481_cov_7.645730:hsp:438382:3.2.0.0",17186,"NODE_1064_length_17481_cov_7.645730","est2genome","TRINITY_DN1989_c1_g1_i9 1035 2623 +","match_part"],[1,8305,8633,1,"M328","NODE_1064_length_17481_cov_7.645730:hsp:438383:3.2.0.0",17186,"NODE_1064_length_17481_cov_7.645730","est2genome","TRINITY_DN1989_c1_g1_i9 2624 2951 +","match_part"],[1,8794,8949,1,"M155","NODE_1064_length_17481_cov_7.645730:hsp:438384:3.2.0.0",17186,"NODE_1064_length_17481_cov_7.645730","est2genome","TRINITY_DN1989_c1_g1_i9 2952 3106 +","match_part"],[1,9021,9162,1,"M141","NODE_1064_length_17481_cov_7.645730:hsp:438385:3.2.0.0",17186,"NODE_1064_length_17481_cov_7.645730","est2genome","TRINITY_DN1989_c1_g1_i9 3107 3247 +","match_part"],[1,9233,9759,1,"M67 D1 M11 I1 M92 D6 M47 D5 M69 D1 M2 D2 M5 D6 M61 I3 M3 I8 M20 D4 M72 I1 M40 I1 M12","NODE_1064_length_17481_cov_7.645730:hsp:438386:3.2.0.0",17186,"NODE_1064_length_17481_cov_7.645730","est2genome","TRINITY_DN1989_c1_g1_i9 3248 3762 +","match_part"]],