{"featureCount":10,"formatVersion":1,"histograms":{"meta":[{"arrayParams":{"chunkSize":10000,"length":3,"urlTemplate":"hist-10000-{Chunk}.json"},"basesPerBin":"10000"}],"stats":[{"basesPerBin":"10000","max":5,"mean":3.66666666666667}]},"intervals":{"classes":[{"attributes":["Start","End","Strand","Id","Name","Score","Seq_id","Source","Subfeatures","Target_length","Type"],"isArrayAttr":{"Subfeatures":1}},{"attributes":["Start","End","Strand","Gap","Id","Score","Seq_id","Source","Target","Type"],"isArrayAttr":{}},{"attributes":["Start","End","Chunk"],"isArrayAttr":{"Sublist":1}}],"count":10,"lazyClass":2,"maxEnd":29820,"minStart":2824,"nclist":[[0,2824,6088,-1,"NODE_345_length_29822_cov_7.590753:hit:38220:4.5.0.0","augustus-NODE_345_length_29822_cov_7.590753-abinit-gene-0.2-mRNA-1",0.1,"NODE_345_length_29822_cov_7.590753","augustus",[[1,5133,6088,-1,"M955","NODE_345_length_29822_cov_7.590753:hsp:197077:4.5.0.0",0.1,"NODE_345_length_29822_cov_7.590753","augustus","augustus-NODE_345_length_29822_cov_7.590753-abinit-gene-0.2-mRNA-1 1317 2271 +","match_part"],[1,4900,5064,-1,"M164","NODE_345_length_29822_cov_7.590753:hsp:197078:4.5.0.0",0.1,"NODE_345_length_29822_cov_7.590753","augustus","augustus-NODE_345_length_29822_cov_7.590753-abinit-gene-0.2-mRNA-1 1153 1316 +","match_part"],[1,4673,4780,-1,"M107","NODE_345_length_29822_cov_7.590753:hsp:197079:4.5.0.0",0.1,"NODE_345_length_29822_cov_7.590753","augustus","augustus-NODE_345_length_29822_cov_7.590753-abinit-gene-0.2-mRNA-1 1046 1152 +","match_part"],[1,4553,4589,-1,"M36","NODE_345_length_29822_cov_7.590753:hsp:197080:4.5.0.0",0.1,"NODE_345_length_29822_cov_7.590753","augustus","augustus-NODE_345_length_29822_cov_7.590753-abinit-gene-0.2-mRNA-1 1010 1045 +","match_part"],[1,4276,4488,-1,"M212","NODE_345_length_29822_cov_7.590753:hsp:197081:4.5.0.0",0.1,"NODE_345_length_29822_cov_7.590753","augustus","augustus-NODE_345_length_29822_cov_7.590753-abinit-gene-0.2-mRNA-1 798 1009 +","match_part"],[1,4176,4196,-1,"M20","NODE_345_length_29822_cov_7.590753:hsp:197082:4.5.0.0",0.1,"NODE_345_length_29822_cov_7.590753","augustus","augustus-NODE_345_length_29822_cov_7.590753-abinit-gene-0.2-mRNA-1 778 797 +","match_part"],[1,3664,4093,-1,"M429","NODE_345_length_29822_cov_7.590753:hsp:197083:4.5.0.0",0.1,"NODE_345_length_29822_cov_7.590753","augustus","augustus-NODE_345_length_29822_cov_7.590753-abinit-gene-0.2-mRNA-1 349 777 +","match_part"],[1,3513,3580,-1,"M67","NODE_345_length_29822_cov_7.590753:hsp:197084:4.5.0.0",0.1,"NODE_345_length_29822_cov_7.590753","augustus","augustus-NODE_345_length_29822_cov_7.590753-abinit-gene-0.2-mRNA-1 282 348 +","match_part"],[1,3258,3391,-1,"M133","NODE_345_length_29822_cov_7.590753:hsp:197085:4.5.0.0",0.1,"NODE_345_length_29822_cov_7.590753","augustus","augustus-NODE_345_length_29822_cov_7.590753-abinit-gene-0.2-mRNA-1 149 281 +","match_part"],[1,3135,3192,-1,"M57","NODE_345_length_29822_cov_7.590753:hsp:197086:4.5.0.0",0.1,"NODE_345_length_29822_cov_7.590753","augustus","augustus-NODE_345_length_29822_cov_7.590753-abinit-gene-0.2-mRNA-1 92 148 +","match_part"],[1,2987,3055,-1,"M68","NODE_345_length_29822_cov_7.590753:hsp:197087:4.5.0.0",0.1,"NODE_345_length_29822_cov_7.590753","augustus","augustus-NODE_345_length_29822_cov_7.590753-abinit-gene-0.2-mRNA-1 24 91 +","match_part"],[1,2824,2847,-1,"M23","NODE_345_length_29822_cov_7.590753:hsp:197088:4.5.0.0",0.1,"NODE_345_length_29822_cov_7.590753","augustus","augustus-NODE_345_length_29822_cov_7.590753-abinit-gene-0.2-mRNA-1 1 23 +","match_part"]],"29822","match"],[0,10130,10796,-1,"NODE_345_length_29822_cov_7.590753:hit:38224:4.5.0.0","augustus-NODE_345_length_29822_cov_7.590753-abinit-gene-0.3-mRNA-1",0.9,"NODE_345_length_29822_cov_7.590753","augustus",[[1,10756,10796,-1,"M40","NODE_345_length_29822_cov_7.590753:hsp:197106:4.5.0.0",0.9,"NODE_345_length_29822_cov_7.590753","augustus","augustus-NODE_345_length_29822_cov_7.590753-abinit-gene-0.3-mRNA-1 378 417 +","match_part"],[1,10574,10673,-1,"M99","NODE_345_length_29822_cov_7.590753:hsp:197107:4.5.0.0",0.9,"NODE_345_length_29822_cov_7.590753","augustus","augustus-NODE_345_length_29822_cov_7.590753-abinit-gene-0.3-mRNA-1 279 377 +","match_part"],[1,10130,10408,-1,"M278","NODE_345_length_29822_cov_7.590753:hsp:197108:4.5.0.0",0.9,"NODE_345_length_29822_cov_7.590753","augustus","augustus-NODE_345_length_29822_cov_7.590753-abinit-gene-0.3-mRNA-1 1 278 +","match_part"]],"29822","match"],[0,12036,14180,1,"NODE_345_length_29822_cov_7.590753:hit:38228:4.5.0.0","augustus-NODE_345_length_29822_cov_7.590753-abinit-gene-0.0-mRNA-1",0.9,"NODE_345_length_29822_cov_7.590753","augustus",[[1,12036,12064,1,"M28","NODE_345_length_29822_cov_7.590753:hsp:197133:4.5.0.0",0.9,"NODE_345_length_29822_cov_7.590753","augustus","augustus-NODE_345_length_29822_cov_7.590753-abinit-gene-0.0-mRNA-1 1 28 +","match_part"],[1,12175,12208,1,"M33","NODE_345_length_29822_cov_7.590753:hsp:197134:4.5.0.0",0.9,"NODE_345_length_29822_cov_7.590753","augustus","augustus-NODE_345_length_29822_cov_7.590753-abinit-gene-0.0-mRNA-1 29 61 +","match_part"],[1,12296,12432,1,"M136","NODE_345_length_29822_cov_7.590753:hsp:197135:4.5.0.0",0.9,"NODE_345_length_29822_cov_7.590753","augustus","augustus-NODE_345_length_29822_cov_7.590753-abinit-gene-0.0-mRNA-1 62 197 +","match_part"],[1,12507,12618,1,"M111","NODE_345_length_29822_cov_7.590753:hsp:197136:4.5.0.0",0.9,"NODE_345_length_29822_cov_7.590753","augustus","augustus-NODE_345_length_29822_cov_7.590753-abinit-gene-0.0-mRNA-1 198 308 +","match_part"],[1,12733,12761,1,"M28","NODE_345_length_29822_cov_7.590753:hsp:197137:4.5.0.0",0.9,"NODE_345_length_29822_cov_7.590753","augustus","augustus-NODE_345_length_29822_cov_7.590753-abinit-gene-0.0-mRNA-1 309 336 +","match_part"],[1,12826,12980,1,"M154","NODE_345_length_29822_cov_7.590753:hsp:197138:4.5.0.0",0.9,"NODE_345_length_29822_cov_7.590753","augustus","augustus-NODE_345_length_29822_cov_7.590753-abinit-gene-0.0-mRNA-1 337 490 +","match_part"],[1,13058,13159,1,"M101","NODE_345_length_29822_cov_7.590753:hsp:197139:4.5.0.0",0.9,"NODE_345_length_29822_cov_7.590753","augustus","augustus-NODE_345_length_29822_cov_7.590753-abinit-gene-0.0-mRNA-1 491 591 +","match_part"],[1,13236,13269,1,"M33","NODE_345_length_29822_cov_7.590753:hsp:197140:4.5.0.0",0.9,"NODE_345_length_29822_cov_7.590753","augustus","augustus-NODE_345_length_29822_cov_7.590753-abinit-gene-0.0-mRNA-1 592 624 +","match_part"],[1,13346,13374,1,"M28","NODE_345_length_29822_cov_7.590753:hsp:197141:4.5.0.0",0.9,"NODE_345_length_29822_cov_7.590753","augustus","augustus-NODE_345_length_29822_cov_7.590753-abinit-gene-0.0-mRNA-1 625 652 +","match_part"],[1,13467,13522,1,"M55","NODE_345_length_29822_cov_7.590753:hsp:197142:4.5.0.0",0.9,"NODE_345_length_29822_cov_7.590753","augustus","augustus-NODE_345_length_29822_cov_7.590753-abinit-gene-0.0-mRNA-1 653 707 +","match_part"],[1,13591,14180,1,"M589","NODE_345_length_29822_cov_7.590753:hsp:197143:4.5.0.0",0.9,"NODE_345_length_29822_cov_7.590753","augustus","augustus-NODE_345_length_29822_cov_7.590753-abinit-gene-0.0-mRNA-1 708 1296 +","match_part"]],"29822","match"],[0,15827,16067,-1,"NODE_345_length_29822_cov_7.590753:hit:38231:4.5.0.0","augustus-NODE_345_length_29822_cov_7.590753-abinit-gene-0.4-mRNA-1",0.81,"NODE_345_length_29822_cov_7.590753","augustus",[[1,15827,16067,-1,"M240","NODE_345_length_29822_cov_7.590753:hsp:197161:4.5.0.0",0.81,"NODE_345_length_29822_cov_7.590753","augustus","augustus-NODE_345_length_29822_cov_7.590753-abinit-gene-0.4-mRNA-1 1 240 +","match_part"]],