{"featureCount":7,"formatVersion":1,"histograms":{"meta":[{"arrayParams":{"chunkSize":10000,"length":3,"urlTemplate":"hist-10000-{Chunk}.json"},"basesPerBin":"10000"}],"stats":[{"basesPerBin":"10000","max":6,"mean":3}]},"intervals":{"classes":[{"attributes":["Start","End","Strand","Aligned_coverage","Aligned_identity","Id","Name","Score","Seq_id","Source","Subfeatures","Target_length","Type"],"isArrayAttr":{"Subfeatures":1}},{"attributes":["Start","End","Strand","Gap","Id","Score","Seq_id","Source","Target","Type"],"isArrayAttr":{}},{"attributes":["Start","End","Chunk"],"isArrayAttr":{"Sublist":1}}],"count":7,"lazyClass":2,"maxEnd":20949,"minStart":2462,"nclist":[[0,2462,5313,-1,"80.91","98.4","NODE_586_length_23759_cov_5.453061:hit:56556:3.2.0.0","TRINITY_DN4796_c0_g1_i1",11242,"NODE_586_length_23759_cov_5.453061","est2genome",[[1,5120,5313,-1,"M49 D5 M139","NODE_586_length_23759_cov_5.453061:hsp:292791:3.2.0.0",11242,"NODE_586_length_23759_cov_5.453061","est2genome","TRINITY_DN4796_c0_g1_i1 71 258 +","match_part"],[1,3439,4777,-1,"M2 D3 M56 I1 M222 I1 M1055","NODE_586_length_23759_cov_5.453061:hsp:292792:3.2.0.0",11242,"NODE_586_length_23759_cov_5.453061","est2genome","TRINITY_DN4796_c0_g1_i1 259 1595 +","match_part"],[1,3047,3341,-1,"M294","NODE_586_length_23759_cov_5.453061:hsp:292793:3.2.0.0",11242,"NODE_586_length_23759_cov_5.453061","est2genome","TRINITY_DN4796_c0_g1_i1 1596 1889 +","match_part"],[1,2462,2974,-1,"M496 I1 M12 D1 M3","NODE_586_length_23759_cov_5.453061:hsp:292794:3.2.0.0",11242,"NODE_586_length_23759_cov_5.453061","est2genome","TRINITY_DN4796_c0_g1_i1 1890 2401 +","match_part"]],"2881","expressed_sequence_match"],[0,13860,15749,-1,"99.62","97.5","NODE_586_length_23759_cov_5.453061:hit:56557:3.2.0.0","TRINITY_DN1122_c0_g1_i1",7397,"NODE_586_length_23759_cov_5.453061","est2genome",[[1,15425,15749,-1,"M324","NODE_586_length_23759_cov_5.453061:hsp:292795:3.2.0.0",7397,"NODE_586_length_23759_cov_5.453061","est2genome","TRINITY_DN1122_c0_g1_i1 1268 1591 -","match_part"],[1,15117,15350,-1,"M181 I7 M52","NODE_586_length_23759_cov_5.453061:hsp:292796:3.2.0.0",7397,"NODE_586_length_23759_cov_5.453061","est2genome","TRINITY_DN1122_c0_g1_i1 1028 1267 -","match_part"],[1,14668,15055,-1,"M387","NODE_586_length_23759_cov_5.453061:hsp:292797:3.2.0.0",7397,"NODE_586_length_23759_cov_5.453061","est2genome","TRINITY_DN1122_c0_g1_i1 641 1027 -","match_part"],[1,14462,14615,-1,"M153","NODE_586_length_23759_cov_5.453061:hsp:292798:3.2.0.0",7397,"NODE_586_length_23759_cov_5.453061","est2genome","TRINITY_DN1122_c0_g1_i1 488 640 -","match_part"],[1,14293,14397,-1,"M104","NODE_586_length_23759_cov_5.453061:hsp:292799:3.2.0.0",7397,"NODE_586_length_23759_cov_5.453061","est2genome","TRINITY_DN1122_c0_g1_i1 384 487 -","match_part"],[1,13860,14236,-1,"M121 I1 M255","NODE_586_length_23759_cov_5.453061:hsp:292800:3.2.0.0",7397,"NODE_586_length_23759_cov_5.453061","est2genome","TRINITY_DN1122_c0_g1_i1 7 383 -","match_part"]],"1591","expressed_sequence_match"],[0,13860,15749,-1,"99.64","97.5","NODE_586_length_23759_cov_5.453061:hit:56558:3.2.0.0","TRINITY_DN1122_c0_g1_i3",7783,"NODE_586_length_23759_cov_5.453061","est2genome",[[1,15117,15749,-1,"M181 I7 M451","NODE_586_length_23759_cov_5.453061:hsp:292801:3.2.0.0",7783,"NODE_586_length_23759_cov_5.453061","est2genome","TRINITY_DN1122_c0_g1_i3 1028 1666 -","match_part"],[1,14668,15055,-1,"M387","NODE_586_length_23759_cov_5.453061:hsp:292802:3.2.0.0",7783,"NODE_586_length_23759_cov_5.453061","est2genome","TRINITY_DN1122_c0_g1_i3 641 1027 -","match_part"],[1,14462,14615,-1,"M153","NODE_586_length_23759_cov_5.453061:hsp:292803:3.2.0.0",7783,"NODE_586_length_23759_cov_5.453061","est2genome","TRINITY_DN1122_c0_g1_i3 488 640 -","match_part"],[1,14293,14397,-1,"M104","NODE_586_length_23759_cov_5.453061:hsp:292804:3.2.0.0",7783,"NODE_586_length_23759_cov_5.453061","est2genome","TRINITY_DN1122_c0_g1_i3 384 487 -","match_part"],[1,13860,14236,-1,"M121 I1 M255","NODE_586_length_23759_cov_5.453061:hsp:292805:3.2.0.0",7783,"NODE_586_length_23759_cov_5.453061","est2genome","TRINITY_DN1122_c0_g1_i3 7 383 -","match_part"]],"1666","expressed_sequence_match"],[0,13913,15749,-1,"100","98.7","NODE_586_length_23759_cov_5.453061:hit:56559:3.2.0.0","TRINITY_DN1122_c0_g1_i2",7360,"NODE_586_length_23759_cov_5.453061","est2genome",[[1,15425,15749,-1,"M324","NODE_586_length_23759_cov_5.453061:hsp:292806:3.2.0.0",7360,"NODE_586_length_23759_cov_5.453061","est2genome","TRINITY_DN1122_c0_g1_i2 1201 1524 -","match_part"],[1,15117,15350,-1,"M233","NODE_586_length_23759_cov_5.453061:hsp:292807:3.2.0.0",7360,"NODE_586_length_23759_cov_5.453061","est2genome","TRINITY_DN1122_c0_g1_i2 968 1200 -","match_part"],[1,14668,15055,-1,"M387","NODE_586_length_23759_cov_5.453061:hsp:292808:3.2.0.0",7360,"NODE_586_length_23759_cov_5.453061","est2genome","TRINITY_DN1122_c0_g1_i2 581 967 -","match_part"],[1,14462,14615,-1,"M153","NODE_586_length_23759_cov_5.453061:hsp:292809:3.2.0.0",7360,"NODE_586_length_23759_cov_5.453061","est2genome","TRINITY_DN1122_c0_g1_i2 428 580 -","match_part"],[1,14293,14397,-1,"M104","NODE_586_length_23759_cov_5.453061:hsp:292810:3.2.0.0",7360,"NODE_586_length_23759_cov_5.453061","est2genome","TRINITY_DN1122_c0_g1_i2 324 427 -","match_part"],[1,13913,14236,-1,"M323","NODE_586_length_23759_cov_5.453061:hsp:292811:3.2.0.0",7360,"NODE_586_length_23759_cov_5.453061","est2genome","TRINITY_DN1122_c0_g1_i2 1 323 -","match_part"]],"1524","expressed_sequence_match"],[0,13913,15749,-1,"100","98.7","NODE_586_length_23759_cov_5.453061:hit:56560:3.2.0.0","TRINITY_DN1122_c0_g1_i4",7377,"NODE_586_length_23759_cov_5.453061","est2genome",[[1,15425,15749,-1,"M324","NODE_586_length_23759_cov_5.453061:hsp:292812:3.2.0.0",7377,"NODE_586_length_23759_cov_5.453061","est2genome","TRINITY_DN1122_c0_g1_i4 1205 1528 -","match_part"],[1,15117,15354,-1,"M237","NODE_586_length_23759_cov_5.453061:hsp:292813:3.2.0.0",7377,"NODE_586_length_23759_cov_5.453061","est2genome","TRINITY_DN1122_c0_g1_i4 968 1204 -","match_part"],[1,14668,15055,-1,"M387","NODE_586_length_23759_cov_5.453061:hsp:292814:3.2.0.0",7377,"NODE_586_length_23759_cov_5.453061","est2genome","TRINITY_DN1122_c0_g1_i4 581 967 -","match_part"],[1,14462,14615,-1,"M153","NODE_586_length_23759_cov_5.453061:hsp:292815:3.2.0.0",7377,"NODE_586_length_23759_cov_5.453061","est2genome","TRINITY_DN1122_c0_g1_i4 428 580 -","match_part"],[1,14293,14397,-1,"M104","NODE_586_length_23759_cov_5.453061:hsp:292816:3.2.0.0",7377,"NODE_586_length_23759_cov_5.453061","est2genome","TRINITY_DN1122_c0_g1_i4 324 427 -","match_part"],[1,13913,14236,-1,"M323","NODE_586_length_23759_cov_5.453061:hsp:292817:3.2.0.0",7377,"NODE_586_length_23759_cov_5.453061","est2genome","TRINITY_DN1122_c0_g1_i4 1 323 -","match_part"]],