{"featureCount":4,"formatVersion":1,"histograms":{"meta":[{"arrayParams":{"chunkSize":10000,"length":1,"urlTemplate":"hist-10000-{Chunk}.json"},"basesPerBin":"10000"}],"stats":[{"basesPerBin":"10000","max":4,"mean":4}]},"intervals":{"classes":[{"attributes":["Start","End","Strand","Id","Name","Seq_id","Source","Subfeatures","Target_length","Type"],"isArrayAttr":{"Subfeatures":1}},{"attributes":["Start","End","Strand","Gap","Id","Seq_id","Source","Target","Type"],"isArrayAttr":{}},{"attributes":["Start","End","Strand","Id","Seq_id","Source","Target","Type"],"isArrayAttr":{}},{"attributes":["Start","End","Chunk"],"isArrayAttr":{"Sublist":1}}],"count":4,"lazyClass":3,"maxEnd":9023,"minStart":1061,"nclist":[[0,1061,1465,-1,"NODE_2598_length_9264_cov_4.965196:hit:16473:4.5.0.0","genemark-NODE_2598_length_9264_cov_4.965196-abinit-gene-0.10-mRNA-1","NODE_2598_length_9264_cov_4.965196","genemark",[[1,1429,1465,-1,"M36","NODE_2598_length_9264_cov_4.965196:hsp:71628:4.5.0.0","NODE_2598_length_9264_cov_4.965196","genemark","genemark-NODE_2598_length_9264_cov_4.965196-abinit-gene-0.10-mRNA-1 256 291 +","match_part"],[1,1300,1377,-1,"M77","NODE_2598_length_9264_cov_4.965196:hsp:71629:4.5.0.0","NODE_2598_length_9264_cov_4.965196","genemark","genemark-NODE_2598_length_9264_cov_4.965196-abinit-gene-0.10-mRNA-1 179 255 +","match_part"],[1,1061,1239,-1,"M178","NODE_2598_length_9264_cov_4.965196:hsp:71630:4.5.0.0","NODE_2598_length_9264_cov_4.965196","genemark","genemark-NODE_2598_length_9264_cov_4.965196-abinit-gene-0.10-mRNA-1 1 178 +","match_part"]],"9264","match"],[0,1738,5973,1,"NODE_2598_length_9264_cov_4.965196:hit:16476:4.5.0.0","genemark-NODE_2598_length_9264_cov_4.965196-abinit-gene-0.7-mRNA-1","NODE_2598_length_9264_cov_4.965196","genemark",[[1,1738,1769,1,"M31","NODE_2598_length_9264_cov_4.965196:hsp:71637:4.5.0.0","NODE_2598_length_9264_cov_4.965196","genemark","genemark-NODE_2598_length_9264_cov_4.965196-abinit-gene-0.7-mRNA-1 1 31 +","match_part"],[1,1834,2406,1,"M572","NODE_2598_length_9264_cov_4.965196:hsp:71638:4.5.0.0","NODE_2598_length_9264_cov_4.965196","genemark","genemark-NODE_2598_length_9264_cov_4.965196-abinit-gene-0.7-mRNA-1 32 603 +","match_part"],[1,2474,2705,1,"M231","NODE_2598_length_9264_cov_4.965196:hsp:71639:4.5.0.0","NODE_2598_length_9264_cov_4.965196","genemark","genemark-NODE_2598_length_9264_cov_4.965196-abinit-gene-0.7-mRNA-1 604 834 +","match_part"],[1,2775,3211,1,"M436","NODE_2598_length_9264_cov_4.965196:hsp:71640:4.5.0.0","NODE_2598_length_9264_cov_4.965196","genemark","genemark-NODE_2598_length_9264_cov_4.965196-abinit-gene-0.7-mRNA-1 835 1270 +","match_part"],[1,3278,3552,1,"M274","NODE_2598_length_9264_cov_4.965196:hsp:71641:4.5.0.0","NODE_2598_length_9264_cov_4.965196","genemark","genemark-NODE_2598_length_9264_cov_4.965196-abinit-gene-0.7-mRNA-1 1271 1544 +","match_part"],[1,3627,3871,1,"M244","NODE_2598_length_9264_cov_4.965196:hsp:71642:4.5.0.0","NODE_2598_length_9264_cov_4.965196","genemark","genemark-NODE_2598_length_9264_cov_4.965196-abinit-gene-0.7-mRNA-1 1545 1788 +","match_part"],[1,3933,4198,1,"M265","NODE_2598_length_9264_cov_4.965196:hsp:71643:4.5.0.0","NODE_2598_length_9264_cov_4.965196","genemark","genemark-NODE_2598_length_9264_cov_4.965196-abinit-gene-0.7-mRNA-1 1789 2053 +","match_part"],[1,4279,5047,1,"M768","NODE_2598_length_9264_cov_4.965196:hsp:71644:4.5.0.0","NODE_2598_length_9264_cov_4.965196","genemark","genemark-NODE_2598_length_9264_cov_4.965196-abinit-gene-0.7-mRNA-1 2054 2821 +","match_part"],[1,5121,5207,1,"M86","NODE_2598_length_9264_cov_4.965196:hsp:71645:4.5.0.0","NODE_2598_length_9264_cov_4.965196","genemark","genemark-NODE_2598_length_9264_cov_4.965196-abinit-gene-0.7-mRNA-1 2822 2907 +","match_part"],[1,5326,5515,1,"M189","NODE_2598_length_9264_cov_4.965196:hsp:71646:4.5.0.0","NODE_2598_length_9264_cov_4.965196","genemark","genemark-NODE_2598_length_9264_cov_4.965196-abinit-gene-0.7-mRNA-1 2908 3096 +","match_part"],[1,5583,5973,1,"M390","NODE_2598_length_9264_cov_4.965196:hsp:71647:4.5.0.0","NODE_2598_length_9264_cov_4.965196","genemark","genemark-NODE_2598_length_9264_cov_4.965196-abinit-gene-0.7-mRNA-1 3097 3486 +","match_part"]],"9264","match"],[0,6221,8242,1,"NODE_2598_length_9264_cov_4.965196:hit:16479:4.5.0.0","genemark-NODE_2598_length_9264_cov_4.965196-abinit-gene-0.8-mRNA-1","NODE_2598_length_9264_cov_4.965196","genemark",[[1,6221,6498,1,"M277","NODE_2598_length_9264_cov_4.965196:hsp:71679:4.5.0.0","NODE_2598_length_9264_cov_4.965196","genemark","genemark-NODE_2598_length_9264_cov_4.965196-abinit-gene-0.8-mRNA-1 1 277 +","match_part"],[1,6561,6827,1,"M266","NODE_2598_length_9264_cov_4.965196:hsp:71680:4.5.0.0","NODE_2598_length_9264_cov_4.965196","genemark","genemark-NODE_2598_length_9264_cov_4.965196-abinit-gene-0.8-mRNA-1 278 543 +","match_part"],[1,6897,7038,1,"M141","NODE_2598_length_9264_cov_4.965196:hsp:71681:4.5.0.0","NODE_2598_length_9264_cov_4.965196","genemark","genemark-NODE_2598_length_9264_cov_4.965196-abinit-gene-0.8-mRNA-1 544 684 +","match_part"],[1,7100,7226,1,"M126","NODE_2598_length_9264_cov_4.965196:hsp:71682:4.5.0.0","NODE_2598_length_9264_cov_4.965196","genemark","genemark-NODE_2598_length_9264_cov_4.965196-abinit-gene-0.8-mRNA-1 685 810 +","match_part"],[1,7290,7437,1,"M147","NODE_2598_length_9264_cov_4.965196:hsp:71683:4.5.0.0","NODE_2598_length_9264_cov_4.965196","genemark","genemark-NODE_2598_length_9264_cov_4.965196-abinit-gene-0.8-mRNA-1 811 957 +","match_part"],[1,7526,7604,1,"M78","NODE_2598_length_9264_cov_4.965196:hsp:71684:4.5.0.0","NODE_2598_length_9264_cov_4.965196","genemark","genemark-NODE_2598_length_9264_cov_4.965196-abinit-gene-0.8-mRNA-1 958 1035 +","match_part"],[1,7667,7763,1,"M96","NODE_2598_length_9264_cov_4.965196:hsp:71685:4.5.0.0","NODE_2598_length_9264_cov_4.965196","genemark","genemark-NODE_2598_length_9264_cov_4.965196-abinit-gene-0.8-mRNA-1 1036 1131 +","match_part"],[1,7834,7953,1,"M119","NODE_2598_length_9264_cov_4.965196:hsp:71686:4.5.0.0","NODE_2598_length_9264_cov_4.965196","genemark","genemark-NODE_2598_length_9264_cov_4.965196-abinit-gene-0.8-mRNA-1 1132 1250 +","match_part"],[1,8028,8242,1,"M214","NODE_2598_length_9264_cov_4.965196:hsp:71687:4.5.0.0","NODE_2598_length_9264_cov_4.965196","genemark","genemark-NODE_2598_length_9264_cov_4.965196-abinit-gene-0.8-mRNA-1 1251 1464 +","match_part"]],"9264","match"],[0,8555,9023,1,"NODE_2598_length_9264_cov_4.965196:hit:16483:4.5.0.0","genemark-NODE_2598_length_9264_cov_4.965196-abinit-gene-0.9-mRNA-1","NODE_2598_length_9264_cov_4.965196","genemark",[[1,8555,9023,1,"M468","NODE_2598_length_9264_cov_4.965196:hsp:71699:4.5.0.0","NODE_2598_length_9264_cov_4.965196","genemark","genemark-NODE_2598_length_9264_cov_4.965196-abinit-gene-0.9-mRNA-1 1 468 +","match_part"]],"9264","match"]],"urlTemplate":"lf-{Chunk}.json"}}