{"featureCount":30,"formatVersion":1,"histograms":{"meta":[{"arrayParams":{"chunkSize":10000,"length":12,"urlTemplate":"hist-1000-{Chunk}.json"},"basesPerBin":"1000"}],"stats":[{"basesPerBin":"1000","max":24,"mean":3.91666666666667}]},"intervals":{"classes":[{"attributes":["Start","End","Strand","Id","Name","Score","Seq_id","Source","Subfeatures","Target_length","Type"],"isArrayAttr":{"Subfeatures":1}},{"attributes":["Start","End","Strand","Gap","Id","Score","Seq_id","Source","Target","Type"],"isArrayAttr":{}},{"attributes":["Start","End","Chunk"],"isArrayAttr":{"Sublist":1}}],"count":30,"lazyClass":2,"maxEnd":11164,"minStart":231,"nclist":[[0,231,922,1,"NODE_863_length_19555_cov_6.604950:hit:75263:3.2.0.0","TRINITY_DN748_c0_g3_i4",224,"NODE_863_length_19555_cov_6.604950","blastn",[[1,231,512,1,"M28 D2 M74 I1 M177","NODE_863_length_19555_cov_6.604950:hsp:387574:3.2.0.0",224,"NODE_863_length_19555_cov_6.604950","blastn","TRINITY_DN748_c0_g3_i4 30 309 +","match_part"],[1,552,649,1,"M97","NODE_863_length_19555_cov_6.604950:hsp:387575:3.2.0.0",97,"NODE_863_length_19555_cov_6.604950","blastn","TRINITY_DN748_c0_g3_i4 342 438 +","match_part"],[1,726,791,1,"M65","NODE_863_length_19555_cov_6.604950:hsp:387576:3.2.0.0",65,"NODE_863_length_19555_cov_6.604950","blastn","TRINITY_DN748_c0_g3_i4 438 502 +","match_part"],[1,888,922,1,"M34","NODE_863_length_19555_cov_6.604950:hsp:387577:3.2.0.0",34,"NODE_863_length_19555_cov_6.604950","blastn","TRINITY_DN748_c0_g3_i4 499 532 +","match_part"]],"532","expressed_sequence_match"],[0,231,922,1,"NODE_863_length_19555_cov_6.604950:hit:75264:3.2.0.0","TRINITY_DN748_c0_g3_i2",266,"NODE_863_length_19555_cov_6.604950","blastn",[[1,231,554,1,"M28 D2 M74 I1 M219","NODE_863_length_19555_cov_6.604950:hsp:387578:3.2.0.0",266,"NODE_863_length_19555_cov_6.604950","blastn","TRINITY_DN748_c0_g3_i2 30 351 +","match_part"],[1,552,649,1,"M97","NODE_863_length_19555_cov_6.604950:hsp:387579:3.2.0.0",97,"NODE_863_length_19555_cov_6.604950","blastn","TRINITY_DN748_c0_g3_i2 432 528 +","match_part"],[1,726,791,1,"M65","NODE_863_length_19555_cov_6.604950:hsp:387580:3.2.0.0",65,"NODE_863_length_19555_cov_6.604950","blastn","TRINITY_DN748_c0_g3_i2 528 592 +","match_part"],[1,888,922,1,"M34","NODE_863_length_19555_cov_6.604950:hsp:387581:3.2.0.0",34,"NODE_863_length_19555_cov_6.604950","blastn","TRINITY_DN748_c0_g3_i2 589 622 +","match_part"]],"622","expressed_sequence_match"],[0,231,922,1,"NODE_863_length_19555_cov_6.604950:hit:75265:3.2.0.0","TRINITY_DN748_c0_g3_i1",266,"NODE_863_length_19555_cov_6.604950","blastn",[[1,231,554,1,"M28 D2 M74 I1 M219","NODE_863_length_19555_cov_6.604950:hsp:387582:3.2.0.0",266,"NODE_863_length_19555_cov_6.604950","blastn","TRINITY_DN748_c0_g3_i1 30 351 +","match_part"],[1,552,649,1,"M97","NODE_863_length_19555_cov_6.604950:hsp:387583:3.2.0.0",97,"NODE_863_length_19555_cov_6.604950","blastn","TRINITY_DN748_c0_g3_i1 432 528 +","match_part"],[1,726,791,1,"M65","NODE_863_length_19555_cov_6.604950:hsp:387584:3.2.0.0",65,"NODE_863_length_19555_cov_6.604950","blastn","TRINITY_DN748_c0_g3_i1 528 592 +","match_part"],[1,888,922,1,"M34","NODE_863_length_19555_cov_6.604950:hsp:387585:3.2.0.0",34,"NODE_863_length_19555_cov_6.604950","blastn","TRINITY_DN748_c0_g3_i1 589 622 +","match_part"]],"622","expressed_sequence_match",{"Sublist":[[0,568,791,1,"NODE_863_length_19555_cov_6.604950:hit:75266:3.2.0.0","TRINITY_DN9273_c0_g1_i1",199,"NODE_863_length_19555_cov_6.604950","blastn",[[1,568,791,1,"M223","NODE_863_length_19555_cov_6.604950:hsp:387586:3.2.0.0",199,"NODE_863_length_19555_cov_6.604950","blastn","TRINITY_DN9273_c0_g1_i1 12 234 +","match_part"]],"255","expressed_sequence_match"]]}],[0,594,1589,1,"NODE_863_length_19555_cov_6.604950:hit:75267:3.2.0.0","TRINITY_DN748_c0_g2_i3",55,"NODE_863_length_19555_cov_6.604950","blastn",[[1,594,649,1,"M55","NODE_863_length_19555_cov_6.604950:hsp:387587:3.2.0.0",55,"NODE_863_length_19555_cov_6.604950","blastn","TRINITY_DN748_c0_g2_i3 1 55 +","match_part"],[1,726,791,1,"M65","NODE_863_length_19555_cov_6.604950:hsp:387588:3.2.0.0",65,"NODE_863_length_19555_cov_6.604950","blastn","TRINITY_DN748_c0_g2_i3 55 119 +","match_part"],[1,888,922,1,"M34","NODE_863_length_19555_cov_6.604950:hsp:387589:3.2.0.0",34,"NODE_863_length_19555_cov_6.604950","blastn","TRINITY_DN748_c0_g2_i3 116 149 +","match_part"],[1,995,1414,1,"M141 I4 M278","NODE_863_length_19555_cov_6.604950:hsp:387590:3.2.0.0",274,"NODE_863_length_19555_cov_6.604950","blastn","TRINITY_DN748_c0_g2_i3 151 573 +","match_part"],[1,1524,1589,1,"M65","NODE_863_length_19555_cov_6.604950:hsp:387591:3.2.0.0",65,"NODE_863_length_19555_cov_6.604950","blastn","TRINITY_DN748_c0_g2_i3 570 634 +","match_part"]],"648","expressed_sequence_match"],[0,594,1589,1,"NODE_863_length_19555_cov_6.604950:hit:75268:3.2.0.0","TRINITY_DN748_c0_g2_i2",55,"NODE_863_length_19555_cov_6.604950","blastn",[[1,594,649,1,"M55","NODE_863_length_19555_cov_6.604950:hsp:387592:3.2.0.0",55,"NODE_863_length_19555_cov_6.604950","blastn","TRINITY_DN748_c0_g2_i2 1 55 +","match_part"],[1,726,791,1,"M65","NODE_863_length_19555_cov_6.604950:hsp:387593:3.2.0.0",65,"NODE_863_length_19555_cov_6.604950","blastn","TRINITY_DN748_c0_g2_i2 55 119 +","match_part"],[1,888,922,1,"M34","NODE_863_length_19555_cov_6.604950:hsp:387594:3.2.0.0",34,"NODE_863_length_19555_cov_6.604950","blastn","TRINITY_DN748_c0_g2_i2 116 149 +","match_part"],[1,995,1222,1,"M143 D1 M83","NODE_863_length_19555_cov_6.604950:hsp:387595:3.2.0.0",192,"NODE_863_length_19555_cov_6.604950","blastn","TRINITY_DN748_c0_g2_i2 151 376 +","match_part"],[1,1314,1414,1,"M100","NODE_863_length_19555_cov_6.604950:hsp:387596:3.2.0.0",94,"NODE_863_length_19555_cov_6.604950","blastn","TRINITY_DN748_c0_g2_i2 376 475 +","match_part"],[1,1524,1589,1,"M65","NODE_863_length_19555_cov_6.604950:hsp:387597:3.2.0.0",65,"NODE_863_length_19555_cov_6.604950","blastn","TRINITY_DN748_c0_g2_i2 472 536 +","match_part"]],"550","expressed_sequence_match"],[0,594,1589,1,"NODE_863_length_19555_cov_6.604950:hit:75269:3.2.0.0","TRINITY_DN748_c0_g2_i5",55,"NODE_863_length_19555_cov_6.604950","blastn",[[1,594,649,1,"M55","NODE_863_length_19555_cov_6.604950:hsp:387598:3.2.0.0",55,"NODE_863_length_19555_cov_6.604950","blastn","TRINITY_DN748_c0_g2_i5 1 55 +","match_part"],[1,726,791,1,"M65","NODE_863_length_19555_cov_6.604950:hsp:387599:3.2.0.0",65,"NODE_863_length_19555_cov_6.604950","blastn","TRINITY_DN748_c0_g2_i5 55 119 +","match_part"],[1,888,922,1,"M34","NODE_863_length_19555_cov_6.604950:hsp:387600:3.2.0.0",34,"NODE_863_length_19555_cov_6.604950","blastn","TRINITY_DN748_c0_g2_i5 116 149 +","match_part"],[1,995,1074,1,"M79","NODE_863_length_19555_cov_6.604950:hsp:387601:3.2.0.0",79,"NODE_863_length_19555_cov_6.604950","blastn","TRINITY_DN748_c0_g2_i5 151 229 +","match_part"],[1,1181,1222,1,"M41","NODE_863_length_19555_cov_6.604950:hsp:387602:3.2.0.0",41,"NODE_863_length_19555_cov_6.604950","blastn","TRINITY_DN748_c0_g2_i5 229 269 +","match_part"],[1,1314,1414,1,"M100","NODE_863_length_19555_cov_6.604950:hsp:387603:3.2.0.0",94,"NODE_863_length_19555_cov_6.604950","blastn","TRINITY_DN748_c0_g2_i5 269 368 +","match_part"],[1,1524,1589,1,"M65","NODE_863_length_19555_cov_6.604950:hsp:387604:3.2.0.0",65,"NODE_863_length_19555_cov_6.604950","blastn","TRINITY_DN748_c0_g2_i5 365 429 +","match_part"]],