{"featureCount":5,"formatVersion":1,"histograms":{"meta":[{"arrayParams":{"chunkSize":10000,"length":2,"urlTemplate":"hist-10000-{Chunk}.json"},"basesPerBin":"10000"}],"stats":[{"basesPerBin":"10000","max":4,"mean":3}]},"intervals":{"classes":[{"attributes":["Start","End","Strand","Id","Name","Seq_id","Source","Subfeatures","Target_length","Type"],"isArrayAttr":{"Subfeatures":1}},{"attributes":["Start","End","Strand","Gap","Id","Seq_id","Source","Target","Type"],"isArrayAttr":{}},{"attributes":["Start","End","Strand","Id","Seq_id","Source","Target","Type"],"isArrayAttr":{}},{"attributes":["Start","End","Chunk"],"isArrayAttr":{"Sublist":1}}],"count":5,"lazyClass":3,"maxEnd":15144,"minStart":19,"nclist":[[0,19,1801,1,"NODE_1351_length_15154_cov_7.340853:hit:99146:4.5.0.0","genemark-NODE_1351_length_15154_cov_7.340853-abinit-gene-0.5-mRNA-1","NODE_1351_length_15154_cov_7.340853","genemark",[[1,19,1485,1,"M1466","NODE_1351_length_15154_cov_7.340853:hsp:500367:4.5.0.0","NODE_1351_length_15154_cov_7.340853","genemark","genemark-NODE_1351_length_15154_cov_7.340853-abinit-gene-0.5-mRNA-1 1 1466 +","match_part"],[1,1566,1801,1,"M235","NODE_1351_length_15154_cov_7.340853:hsp:500368:4.5.0.0","NODE_1351_length_15154_cov_7.340853","genemark","genemark-NODE_1351_length_15154_cov_7.340853-abinit-gene-0.5-mRNA-1 1467 1701 +","match_part"]],"15154","match"],[0,6588,7692,-1,"NODE_1351_length_15154_cov_7.340853:hit:99149:4.5.0.0","genemark-NODE_1351_length_15154_cov_7.340853-abinit-gene-0.8-mRNA-1","NODE_1351_length_15154_cov_7.340853","genemark",[[1,7494,7692,-1,"M198","NODE_1351_length_15154_cov_7.340853:hsp:500376:4.5.0.0","NODE_1351_length_15154_cov_7.340853","genemark","genemark-NODE_1351_length_15154_cov_7.340853-abinit-gene-0.8-mRNA-1 652 849 +","match_part"],[1,7152,7389,-1,"M237","NODE_1351_length_15154_cov_7.340853:hsp:500377:4.5.0.0","NODE_1351_length_15154_cov_7.340853","genemark","genemark-NODE_1351_length_15154_cov_7.340853-abinit-gene-0.8-mRNA-1 415 651 +","match_part"],[1,6721,7076,-1,"M355","NODE_1351_length_15154_cov_7.340853:hsp:500378:4.5.0.0","NODE_1351_length_15154_cov_7.340853","genemark","genemark-NODE_1351_length_15154_cov_7.340853-abinit-gene-0.8-mRNA-1 60 414 +","match_part"],[1,6588,6647,-1,"M59","NODE_1351_length_15154_cov_7.340853:hsp:500379:4.5.0.0","NODE_1351_length_15154_cov_7.340853","genemark","genemark-NODE_1351_length_15154_cov_7.340853-abinit-gene-0.8-mRNA-1 1 59 +","match_part"]],"15154","match"],[0,8052,8346,1,"NODE_1351_length_15154_cov_7.340853:hit:99152:4.5.0.0","genemark-NODE_1351_length_15154_cov_7.340853-abinit-gene-0.6-mRNA-1","NODE_1351_length_15154_cov_7.340853","genemark",[[1,8052,8346,1,"M294","NODE_1351_length_15154_cov_7.340853:hsp:500388:4.5.0.0","NODE_1351_length_15154_cov_7.340853","genemark","genemark-NODE_1351_length_15154_cov_7.340853-abinit-gene-0.6-mRNA-1 1 294 +","match_part"]],"15154","match"],[0,8837,14052,1,"NODE_1351_length_15154_cov_7.340853:hit:99155:4.5.0.0","genemark-NODE_1351_length_15154_cov_7.340853-abinit-gene-0.7-mRNA-1","NODE_1351_length_15154_cov_7.340853","genemark",[[1,8837,9042,1,"M205","NODE_1351_length_15154_cov_7.340853:hsp:500391:4.5.0.0","NODE_1351_length_15154_cov_7.340853","genemark","genemark-NODE_1351_length_15154_cov_7.340853-abinit-gene-0.7-mRNA-1 1 205 +","match_part"],[1,9213,9747,1,"M534","NODE_1351_length_15154_cov_7.340853:hsp:500392:4.5.0.0","NODE_1351_length_15154_cov_7.340853","genemark","genemark-NODE_1351_length_15154_cov_7.340853-abinit-gene-0.7-mRNA-1 206 739 +","match_part"],[1,9823,9960,1,"M137","NODE_1351_length_15154_cov_7.340853:hsp:500393:4.5.0.0","NODE_1351_length_15154_cov_7.340853","genemark","genemark-NODE_1351_length_15154_cov_7.340853-abinit-gene-0.7-mRNA-1 740 876 +","match_part"],[1,10028,10192,1,"M164","NODE_1351_length_15154_cov_7.340853:hsp:500394:4.5.0.0","NODE_1351_length_15154_cov_7.340853","genemark","genemark-NODE_1351_length_15154_cov_7.340853-abinit-gene-0.7-mRNA-1 877 1040 +","match_part"],[1,10288,10349,1,"M61","NODE_1351_length_15154_cov_7.340853:hsp:500395:4.5.0.0","NODE_1351_length_15154_cov_7.340853","genemark","genemark-NODE_1351_length_15154_cov_7.340853-abinit-gene-0.7-mRNA-1 1041 1101 +","match_part"],[1,10440,10537,1,"M97","NODE_1351_length_15154_cov_7.340853:hsp:500396:4.5.0.0","NODE_1351_length_15154_cov_7.340853","genemark","genemark-NODE_1351_length_15154_cov_7.340853-abinit-gene-0.7-mRNA-1 1102 1198 +","match_part"],[1,10609,10719,1,"M110","NODE_1351_length_15154_cov_7.340853:hsp:500397:4.5.0.0","NODE_1351_length_15154_cov_7.340853","genemark","genemark-NODE_1351_length_15154_cov_7.340853-abinit-gene-0.7-mRNA-1 1199 1308 +","match_part"],[1,10799,10871,1,"M72","NODE_1351_length_15154_cov_7.340853:hsp:500398:4.5.0.0","NODE_1351_length_15154_cov_7.340853","genemark","genemark-NODE_1351_length_15154_cov_7.340853-abinit-gene-0.7-mRNA-1 1309 1380 +","match_part"],[1,10953,11023,1,"M70","NODE_1351_length_15154_cov_7.340853:hsp:500399:4.5.0.0","NODE_1351_length_15154_cov_7.340853","genemark","genemark-NODE_1351_length_15154_cov_7.340853-abinit-gene-0.7-mRNA-1 1381 1450 +","match_part"],[1,11095,11156,1,"M61","NODE_1351_length_15154_cov_7.340853:hsp:500400:4.5.0.0","NODE_1351_length_15154_cov_7.340853","genemark","genemark-NODE_1351_length_15154_cov_7.340853-abinit-gene-0.7-mRNA-1 1451 1511 +","match_part"],[1,11232,11275,1,"M43","NODE_1351_length_15154_cov_7.340853:hsp:500401:4.5.0.0","NODE_1351_length_15154_cov_7.340853","genemark","genemark-NODE_1351_length_15154_cov_7.340853-abinit-gene-0.7-mRNA-1 1512 1554 +","match_part"],[1,12132,12309,1,"M177","NODE_1351_length_15154_cov_7.340853:hsp:500402:4.5.0.0","NODE_1351_length_15154_cov_7.340853","genemark","genemark-NODE_1351_length_15154_cov_7.340853-abinit-gene-0.7-mRNA-1 1555 1731 +","match_part"],[1,12710,12932,1,"M222","NODE_1351_length_15154_cov_7.340853:hsp:500403:4.5.0.0","NODE_1351_length_15154_cov_7.340853","genemark","genemark-NODE_1351_length_15154_cov_7.340853-abinit-gene-0.7-mRNA-1 1732 1953 +","match_part"],[1,13021,13126,1,"M105","NODE_1351_length_15154_cov_7.340853:hsp:500404:4.5.0.0","NODE_1351_length_15154_cov_7.340853","genemark","genemark-NODE_1351_length_15154_cov_7.340853-abinit-gene-0.7-mRNA-1 1954 2058 +","match_part"],[1,13211,13528,1,"M317","NODE_1351_length_15154_cov_7.340853:hsp:500405:4.5.0.0","NODE_1351_length_15154_cov_7.340853","genemark","genemark-NODE_1351_length_15154_cov_7.340853-abinit-gene-0.7-mRNA-1 2059 2375 +","match_part"],[1,13607,14052,1,"M445","NODE_1351_length_15154_cov_7.340853:hsp:500406:4.5.0.0","NODE_1351_length_15154_cov_7.340853","genemark","genemark-NODE_1351_length_15154_cov_7.340853-abinit-gene-0.7-mRNA-1 2376 2820 +","match_part"]],"15154","match"],[0,14331,15144,-1,"NODE_1351_length_15154_cov_7.340853:hit:99160:4.5.0.0","genemark-NODE_1351_length_15154_cov_7.340853-abinit-gene-0.9-mRNA-1","NODE_1351_length_15154_cov_7.340853","genemark",[[1,14842,15144,-1,"M302","NODE_1351_length_15154_cov_7.340853:hsp:500440:4.5.0.0","NODE_1351_length_15154_cov_7.340853","genemark","genemark-NODE_1351_length_15154_cov_7.340853-abinit-gene-0.9-mRNA-1 377 678 +","match_part"],[1,14677,14781,-1,"M104","NODE_1351_length_15154_cov_7.340853:hsp:500441:4.5.0.0","NODE_1351_length_15154_cov_7.340853","genemark","genemark-NODE_1351_length_15154_cov_7.340853-abinit-gene-0.9-mRNA-1 273 376 +","match_part"],[1,14331,14603,-1,"M272","NODE_1351_length_15154_cov_7.340853:hsp:500442:4.5.0.0","NODE_1351_length_15154_cov_7.340853","genemark","genemark-NODE_1351_length_15154_cov_7.340853-abinit-gene-0.9-mRNA-1 1 272 +","match_part"]],"15154","match"]],"urlTemplate":"lf-{Chunk}.json"}}