{"featureCount":4,"formatVersion":1,"histograms":{"meta":[{"arrayParams":{"chunkSize":10000,"length":1,"urlTemplate":"hist-10000-{Chunk}.json"},"basesPerBin":"10000"}],"stats":[{"basesPerBin":"10000","max":4,"mean":4}]},"intervals":{"classes":[{"attributes":["Start","End","Strand","Aligned_coverage","Aligned_identity","Id","Name","Score","Seq_id","Source","Subfeatures","Target_length","Type"],"isArrayAttr":{"Subfeatures":1}},{"attributes":["Start","End","Strand","Gap","Id","Score","Seq_id","Source","Target","Type"],"isArrayAttr":{}},{"attributes":["Start","End","Chunk"],"isArrayAttr":{"Sublist":1}}],"count":4,"lazyClass":2,"maxEnd":8142,"minStart":1726,"nclist":[[0,1726,1964,-1,"97.94","98.3","NODE_2986_length_8142_cov_7.810730:hit:24321:3.2.0.0","TRINITY_DN8367_c0_g1_i1",1154,"NODE_2986_length_8142_cov_7.810730","est2genome",[[1,1726,1964,-1,"M238","NODE_2986_length_8142_cov_7.810730:hsp:103905:3.2.0.0",1154,"NODE_2986_length_8142_cov_7.810730","est2genome","TRINITY_DN8367_c0_g1_i1 1 238 -","match_part"]],"243","expressed_sequence_match"],[0,4443,4863,1,"100","93.4","NODE_2986_length_8142_cov_7.810730:hit:24322:3.2.0.0","TRINITY_DN11132_c0_g1_i1",1867,"NODE_2986_length_8142_cov_7.810730","est2genome",[[1,4443,4863,1,"M37 D4 M289 I7 M90","NODE_2986_length_8142_cov_7.810730:hsp:103906:3.2.0.0",1867,"NODE_2986_length_8142_cov_7.810730","est2genome","TRINITY_DN11132_c0_g1_i1 1 423 +","match_part"]],"423","expressed_sequence_match"],[0,4959,5533,-1,"100","86.9","NODE_2986_length_8142_cov_7.810730:hit:24323:3.2.0.0","TRINITY_DN10193_c0_g1_i1",1401,"NODE_2986_length_8142_cov_7.810730","est2genome",[[1,5503,5533,-1,"M30","NODE_2986_length_8142_cov_7.810730:hsp:103907:3.2.0.0",1401,"NODE_2986_length_8142_cov_7.810730","est2genome","TRINITY_DN10193_c0_g1_i1 364 393 -","match_part"],[1,5260,5422,-1,"M162","NODE_2986_length_8142_cov_7.810730:hsp:103908:3.2.0.0",1401,"NODE_2986_length_8142_cov_7.810730","est2genome","TRINITY_DN10193_c0_g1_i1 202 363 -","match_part"],[1,4959,5165,-1,"M15 D5 M15 D1 M4 D1 M1 D1 M10 I2 M23 D2 M14 I1 M6 I2 M108","NODE_2986_length_8142_cov_7.810730:hsp:103909:3.2.0.0",1401,"NODE_2986_length_8142_cov_7.810730","est2genome","TRINITY_DN10193_c0_g1_i1 1 201 -","match_part"]],"393","expressed_sequence_match"],[0,7802,8142,-1,"85","97.8","NODE_2986_length_8142_cov_7.810730:hit:24324:3.2.0.0","TRINITY_DN4477_c0_g1_i5",1039,"NODE_2986_length_8142_cov_7.810730","est2genome",[[1,8026,8142,-1,"M77 D1 M38","NODE_2986_length_8142_cov_7.810730:hsp:103910:3.2.0.0",1039,"NODE_2986_length_8142_cov_7.810730","est2genome","TRINITY_DN4477_c0_g1_i5 40 154 +","match_part"],[1,7802,7909,-1,"M62 D1 M44","NODE_2986_length_8142_cov_7.810730:hsp:103911:3.2.0.0",1039,"NODE_2986_length_8142_cov_7.810730","est2genome","TRINITY_DN4477_c0_g1_i5 155 260 +","match_part"]],"260","expressed_sequence_match"]],"urlTemplate":"lf-{Chunk}.json"}}