{"featureCount":4,"formatVersion":1,"histograms":{"meta":[{"arrayParams":{"chunkSize":10000,"length":2,"urlTemplate":"hist-5000-{Chunk}.json"},"basesPerBin":"5000"}],"stats":[{"basesPerBin":"5000","max":2,"mean":2}]},"intervals":{"classes":[{"attributes":["Start","End","Strand","Id","Name","Seq_id","Source","Subfeatures","Target_length","Type"],"isArrayAttr":{"Subfeatures":1}},{"attributes":["Start","End","Strand","Gap","Id","Seq_id","Source","Target","Type"],"isArrayAttr":{}},{"attributes":["Start","End","Strand","Id","Seq_id","Source","Target","Type"],"isArrayAttr":{}},{"attributes":["Start","End","Chunk"],"isArrayAttr":{"Sublist":1}}],"count":4,"lazyClass":3,"maxEnd":6868,"minStart":780,"nclist":[[0,780,2160,-1,"NODE_3034_length_8009_cov_7.886831:hit:25189:4.5.0.0","genemark-NODE_3034_length_8009_cov_7.886831-abinit-gene-0.5-mRNA-1","NODE_3034_length_8009_cov_7.886831","genemark",[[1,2130,2160,-1,"M30","NODE_3034_length_8009_cov_7.886831:hsp:107503:4.5.0.0","NODE_3034_length_8009_cov_7.886831","genemark","genemark-NODE_3034_length_8009_cov_7.886831-abinit-gene-0.5-mRNA-1 985 1014 +","match_part"],[1,1698,2049,-1,"M351","NODE_3034_length_8009_cov_7.886831:hsp:107504:4.5.0.0","NODE_3034_length_8009_cov_7.886831","genemark","genemark-NODE_3034_length_8009_cov_7.886831-abinit-gene-0.5-mRNA-1 634 984 +","match_part"],[1,1425,1633,-1,"M208","NODE_3034_length_8009_cov_7.886831:hsp:107505:4.5.0.0","NODE_3034_length_8009_cov_7.886831","genemark","genemark-NODE_3034_length_8009_cov_7.886831-abinit-gene-0.5-mRNA-1 426 633 +","match_part"],[1,1264,1348,-1,"M84","NODE_3034_length_8009_cov_7.886831:hsp:107506:4.5.0.0","NODE_3034_length_8009_cov_7.886831","genemark","genemark-NODE_3034_length_8009_cov_7.886831-abinit-gene-0.5-mRNA-1 342 425 +","match_part"],[1,1015,1194,-1,"M179","NODE_3034_length_8009_cov_7.886831:hsp:107507:4.5.0.0","NODE_3034_length_8009_cov_7.886831","genemark","genemark-NODE_3034_length_8009_cov_7.886831-abinit-gene-0.5-mRNA-1 163 341 +","match_part"],[1,780,942,-1,"M162","NODE_3034_length_8009_cov_7.886831:hsp:107508:4.5.0.0","NODE_3034_length_8009_cov_7.886831","genemark","genemark-NODE_3034_length_8009_cov_7.886831-abinit-gene-0.5-mRNA-1 1 162 +","match_part"]],"8009","match"],[0,2761,4689,-1,"NODE_3034_length_8009_cov_7.886831:hit:25193:4.5.0.0","genemark-NODE_3034_length_8009_cov_7.886831-abinit-gene-0.6-mRNA-1","NODE_3034_length_8009_cov_7.886831","genemark",[[1,4383,4689,-1,"M306","NODE_3034_length_8009_cov_7.886831:hsp:107520:4.5.0.0","NODE_3034_length_8009_cov_7.886831","genemark","genemark-NODE_3034_length_8009_cov_7.886831-abinit-gene-0.6-mRNA-1 1411 1716 +","match_part"],[1,3755,4307,-1,"M552","NODE_3034_length_8009_cov_7.886831:hsp:107521:4.5.0.0","NODE_3034_length_8009_cov_7.886831","genemark","genemark-NODE_3034_length_8009_cov_7.886831-abinit-gene-0.6-mRNA-1 859 1410 +","match_part"],[1,2761,3619,-1,"M858","NODE_3034_length_8009_cov_7.886831:hsp:107522:4.5.0.0","NODE_3034_length_8009_cov_7.886831","genemark","genemark-NODE_3034_length_8009_cov_7.886831-abinit-gene-0.6-mRNA-1 1 858 +","match_part"]],"8009","match"],[0,5447,5834,1,"NODE_3034_length_8009_cov_7.886831:hit:25195:4.5.0.0","genemark-NODE_3034_length_8009_cov_7.886831-abinit-gene-0.3-mRNA-1","NODE_3034_length_8009_cov_7.886831","genemark",[[1,5447,5550,1,"M103","NODE_3034_length_8009_cov_7.886831:hsp:107526:4.5.0.0","NODE_3034_length_8009_cov_7.886831","genemark","genemark-NODE_3034_length_8009_cov_7.886831-abinit-gene-0.3-mRNA-1 1 103 +","match_part"],[1,5679,5834,1,"M155","NODE_3034_length_8009_cov_7.886831:hsp:107527:4.5.0.0","NODE_3034_length_8009_cov_7.886831","genemark","genemark-NODE_3034_length_8009_cov_7.886831-abinit-gene-0.3-mRNA-1 104 258 +","match_part"]],"8009","match"],[0,6225,6868,1,"NODE_3034_length_8009_cov_7.886831:hit:25197:4.5.0.0","genemark-NODE_3034_length_8009_cov_7.886831-abinit-gene-0.4-mRNA-1","NODE_3034_length_8009_cov_7.886831","genemark",[[1,6225,6376,1,"M151","NODE_3034_length_8009_cov_7.886831:hsp:107532:4.5.0.0","NODE_3034_length_8009_cov_7.886831","genemark","genemark-NODE_3034_length_8009_cov_7.886831-abinit-gene-0.4-mRNA-1 1 151 +","match_part"],[1,6477,6540,1,"M63","NODE_3034_length_8009_cov_7.886831:hsp:107533:4.5.0.0","NODE_3034_length_8009_cov_7.886831","genemark","genemark-NODE_3034_length_8009_cov_7.886831-abinit-gene-0.4-mRNA-1 152 214 +","match_part"],[1,6609,6693,1,"M84","NODE_3034_length_8009_cov_7.886831:hsp:107534:4.5.0.0","NODE_3034_length_8009_cov_7.886831","genemark","genemark-NODE_3034_length_8009_cov_7.886831-abinit-gene-0.4-mRNA-1 215 298 +","match_part"],[1,6800,6868,1,"M68","NODE_3034_length_8009_cov_7.886831:hsp:107535:4.5.0.0","NODE_3034_length_8009_cov_7.886831","genemark","genemark-NODE_3034_length_8009_cov_7.886831-abinit-gene-0.4-mRNA-1 299 366 +","match_part"]],"8009","match"]],"urlTemplate":"lf-{Chunk}.json"}}