{"featureCount":2,"formatVersion":1,"histograms":{"meta":[{"arrayParams":{"chunkSize":10000,"length":1,"urlTemplate":"hist-10000-{Chunk}.json"},"basesPerBin":"10000"}],"stats":[{"basesPerBin":"10000","max":2,"mean":2}]},"intervals":{"classes":[{"attributes":["Start","End","Strand","Id","Name","Score","Seq_id","Source","Subfeatures","Target_length","Type"],"isArrayAttr":{"Subfeatures":1}},{"attributes":["Start","End","Strand","Gap","Id","Score","Seq_id","Source","Target","Type"],"isArrayAttr":{}},{"attributes":["Start","End","Chunk"],"isArrayAttr":{"Sublist":1}}],"count":2,"lazyClass":2,"maxEnd":4278,"minStart":0,"nclist":[[0,0,1518,-1,"NODE_5785_length_4296_cov_8.164788:hit:18264:4.5.0.0","augustus-NODE_5785_length_4296_cov_8.164788-abinit-gene-0.7-mRNA-1",0.76,"NODE_5785_length_4296_cov_8.164788","augustus",[[1,656,1518,-1,"M862","NODE_5785_length_4296_cov_8.164788:hsp:63064:4.5.0.0",0.76,"NODE_5785_length_4296_cov_8.164788","augustus","augustus-NODE_5785_length_4296_cov_8.164788-abinit-gene-0.7-mRNA-1 462 1323 +","match_part"],[1,428,550,-1,"M122","NODE_5785_length_4296_cov_8.164788:hsp:63065:4.5.0.0",0.76,"NODE_5785_length_4296_cov_8.164788","augustus","augustus-NODE_5785_length_4296_cov_8.164788-abinit-gene-0.7-mRNA-1 340 461 +","match_part"],[1,0,339,-1,"M339","NODE_5785_length_4296_cov_8.164788:hsp:63066:4.5.0.0",0.76,"NODE_5785_length_4296_cov_8.164788","augustus","augustus-NODE_5785_length_4296_cov_8.164788-abinit-gene-0.7-mRNA-1 1 339 +","match_part"]],"4296","match"],[0,1942,4278,1,"NODE_5785_length_4296_cov_8.164788:hit:18267:4.5.0.0","augustus-NODE_5785_length_4296_cov_8.164788-abinit-gene-0.6-mRNA-1",0.5,"NODE_5785_length_4296_cov_8.164788","augustus",[[1,1942,2258,1,"M316","NODE_5785_length_4296_cov_8.164788:hsp:63073:4.5.0.0",0.5,"NODE_5785_length_4296_cov_8.164788","augustus","augustus-NODE_5785_length_4296_cov_8.164788-abinit-gene-0.6-mRNA-1 1 316 +","match_part"],[1,2326,2412,1,"M86","NODE_5785_length_4296_cov_8.164788:hsp:63074:4.5.0.0",0.5,"NODE_5785_length_4296_cov_8.164788","augustus","augustus-NODE_5785_length_4296_cov_8.164788-abinit-gene-0.6-mRNA-1 317 402 +","match_part"],[1,2482,2589,1,"M107","NODE_5785_length_4296_cov_8.164788:hsp:63075:4.5.0.0",0.5,"NODE_5785_length_4296_cov_8.164788","augustus","augustus-NODE_5785_length_4296_cov_8.164788-abinit-gene-0.6-mRNA-1 403 509 +","match_part"],[1,2671,2817,1,"M146","NODE_5785_length_4296_cov_8.164788:hsp:63076:4.5.0.0",0.5,"NODE_5785_length_4296_cov_8.164788","augustus","augustus-NODE_5785_length_4296_cov_8.164788-abinit-gene-0.6-mRNA-1 510 655 +","match_part"],[1,2900,3024,1,"M124","NODE_5785_length_4296_cov_8.164788:hsp:63077:4.5.0.0",0.5,"NODE_5785_length_4296_cov_8.164788","augustus","augustus-NODE_5785_length_4296_cov_8.164788-abinit-gene-0.6-mRNA-1 656 779 +","match_part"],[1,3103,3263,1,"M160","NODE_5785_length_4296_cov_8.164788:hsp:63078:4.5.0.0",0.5,"NODE_5785_length_4296_cov_8.164788","augustus","augustus-NODE_5785_length_4296_cov_8.164788-abinit-gene-0.6-mRNA-1 780 939 +","match_part"],[1,3374,3461,1,"M87","NODE_5785_length_4296_cov_8.164788:hsp:63079:4.5.0.0",0.5,"NODE_5785_length_4296_cov_8.164788","augustus","augustus-NODE_5785_length_4296_cov_8.164788-abinit-gene-0.6-mRNA-1 940 1026 +","match_part"],[1,3632,3864,1,"M232","NODE_5785_length_4296_cov_8.164788:hsp:63080:4.5.0.0",0.5,"NODE_5785_length_4296_cov_8.164788","augustus","augustus-NODE_5785_length_4296_cov_8.164788-abinit-gene-0.6-mRNA-1 1027 1258 +","match_part"],[1,3925,4278,1,"M353","NODE_5785_length_4296_cov_8.164788:hsp:63081:4.5.0.0",0.5,"NODE_5785_length_4296_cov_8.164788","augustus","augustus-NODE_5785_length_4296_cov_8.164788-abinit-gene-0.6-mRNA-1 1259 1611 +","match_part"]],"4296","match"]],"urlTemplate":"lf-{Chunk}.json"}}