{"featureCount":3,"formatVersion":1,"histograms":{"meta":[{"arrayParams":{"chunkSize":10000,"length":1,"urlTemplate":"hist-10000-{Chunk}.json"},"basesPerBin":"10000"}],"stats":[{"basesPerBin":"10000","max":3,"mean":3}]},"intervals":{"classes":[{"attributes":["Start","End","Strand","Id","Name","Score","Seq_id","Source","Subfeatures","Target_length","Type"],"isArrayAttr":{"Subfeatures":1}},{"attributes":["Start","End","Strand","Gap","Id","Score","Seq_id","Source","Target","Type"],"isArrayAttr":{}},{"attributes":["Start","End","Chunk"],"isArrayAttr":{"Sublist":1}}],"count":3,"lazyClass":2,"maxEnd":9281,"minStart":7,"nclist":[[0,7,442,-1,"NODE_2593_length_9281_cov_8.951606:hit:16294:4.5.0.0","augustus-NODE_2593_length_9281_cov_8.951606-abinit-gene-0.41-mRNA-1",0.63,"NODE_2593_length_9281_cov_8.951606","augustus",[[1,7,442,-1,"M435","NODE_2593_length_9281_cov_8.951606:hsp:70427:4.5.0.0",0.63,"NODE_2593_length_9281_cov_8.951606","augustus","augustus-NODE_2593_length_9281_cov_8.951606-abinit-gene-0.41-mRNA-1 1 435 +","match_part"]],"9281","match"],[0,826,5467,-1,"NODE_2593_length_9281_cov_8.951606:hit:16297:4.5.0.0","augustus-NODE_2593_length_9281_cov_8.951606-abinit-gene-0.42-mRNA-1",0.2,"NODE_2593_length_9281_cov_8.951606","augustus",[[1,5126,5467,-1,"M341","NODE_2593_length_9281_cov_8.951606:hsp:70443:4.5.0.0",0.2,"NODE_2593_length_9281_cov_8.951606","augustus","augustus-NODE_2593_length_9281_cov_8.951606-abinit-gene-0.42-mRNA-1 2948 3288 +","match_part"],[1,4516,5047,-1,"M531","NODE_2593_length_9281_cov_8.951606:hsp:70444:4.5.0.0",0.2,"NODE_2593_length_9281_cov_8.951606","augustus","augustus-NODE_2593_length_9281_cov_8.951606-abinit-gene-0.42-mRNA-1 2417 2947 +","match_part"],[1,4192,4416,-1,"M224","NODE_2593_length_9281_cov_8.951606:hsp:70445:4.5.0.0",0.2,"NODE_2593_length_9281_cov_8.951606","augustus","augustus-NODE_2593_length_9281_cov_8.951606-abinit-gene-0.42-mRNA-1 2193 2416 +","match_part"],[1,3832,4100,-1,"M268","NODE_2593_length_9281_cov_8.951606:hsp:70446:4.5.0.0",0.2,"NODE_2593_length_9281_cov_8.951606","augustus","augustus-NODE_2593_length_9281_cov_8.951606-abinit-gene-0.42-mRNA-1 1925 2192 +","match_part"],[1,3313,3719,-1,"M406","NODE_2593_length_9281_cov_8.951606:hsp:70447:4.5.0.0",0.2,"NODE_2593_length_9281_cov_8.951606","augustus","augustus-NODE_2593_length_9281_cov_8.951606-abinit-gene-0.42-mRNA-1 1519 1924 +","match_part"],[1,2936,3093,-1,"M157","NODE_2593_length_9281_cov_8.951606:hsp:70448:4.5.0.0",0.2,"NODE_2593_length_9281_cov_8.951606","augustus","augustus-NODE_2593_length_9281_cov_8.951606-abinit-gene-0.42-mRNA-1 1362 1518 +","match_part"],[1,2660,2857,-1,"M197","NODE_2593_length_9281_cov_8.951606:hsp:70449:4.5.0.0",0.2,"NODE_2593_length_9281_cov_8.951606","augustus","augustus-NODE_2593_length_9281_cov_8.951606-abinit-gene-0.42-mRNA-1 1165 1361 +","match_part"],[1,2436,2577,-1,"M141","NODE_2593_length_9281_cov_8.951606:hsp:70450:4.5.0.0",0.2,"NODE_2593_length_9281_cov_8.951606","augustus","augustus-NODE_2593_length_9281_cov_8.951606-abinit-gene-0.42-mRNA-1 1024 1164 +","match_part"],[1,2013,2343,-1,"M330","NODE_2593_length_9281_cov_8.951606:hsp:70451:4.5.0.0",0.2,"NODE_2593_length_9281_cov_8.951606","augustus","augustus-NODE_2593_length_9281_cov_8.951606-abinit-gene-0.42-mRNA-1 694 1023 +","match_part"],[1,1838,1922,-1,"M84","NODE_2593_length_9281_cov_8.951606:hsp:70452:4.5.0.0",0.2,"NODE_2593_length_9281_cov_8.951606","augustus","augustus-NODE_2593_length_9281_cov_8.951606-abinit-gene-0.42-mRNA-1 610 693 +","match_part"],[1,1503,1759,-1,"M256","NODE_2593_length_9281_cov_8.951606:hsp:70453:4.5.0.0",0.2,"NODE_2593_length_9281_cov_8.951606","augustus","augustus-NODE_2593_length_9281_cov_8.951606-abinit-gene-0.42-mRNA-1 354 609 +","match_part"],[1,1282,1415,-1,"M133","NODE_2593_length_9281_cov_8.951606:hsp:70454:4.5.0.0",0.2,"NODE_2593_length_9281_cov_8.951606","augustus","augustus-NODE_2593_length_9281_cov_8.951606-abinit-gene-0.42-mRNA-1 221 353 +","match_part"],[1,1011,1220,-1,"M209","NODE_2593_length_9281_cov_8.951606:hsp:70455:4.5.0.0",0.2,"NODE_2593_length_9281_cov_8.951606","augustus","augustus-NODE_2593_length_9281_cov_8.951606-abinit-gene-0.42-mRNA-1 12 220 +","match_part"],[1,826,837,-1,"M11","NODE_2593_length_9281_cov_8.951606:hsp:70456:4.5.0.0",0.2,"NODE_2593_length_9281_cov_8.951606","augustus","augustus-NODE_2593_length_9281_cov_8.951606-abinit-gene-0.42-mRNA-1 1 11 +","match_part"]],"9281","match"],[0,6353,9281,-1,"NODE_2593_length_9281_cov_8.951606:hit:16300:4.5.0.0","augustus-NODE_2593_length_9281_cov_8.951606-abinit-gene-0.43-mRNA-1",0.62,"NODE_2593_length_9281_cov_8.951606","augustus",[[1,8306,9281,-1,"M975","NODE_2593_length_9281_cov_8.951606:hsp:70471:4.5.0.0",0.62,"NODE_2593_length_9281_cov_8.951606","augustus","augustus-NODE_2593_length_9281_cov_8.951606-abinit-gene-0.43-mRNA-1 1870 2844 +","match_part"],[1,6353,8222,-1,"M1869","NODE_2593_length_9281_cov_8.951606:hsp:70472:4.5.0.0",0.62,"NODE_2593_length_9281_cov_8.951606","augustus","augustus-NODE_2593_length_9281_cov_8.951606-abinit-gene-0.43-mRNA-1 1 1869 +","match_part"]],"9281","match"]],"urlTemplate":"lf-{Chunk}.json"}}