{"featureCount":9,"formatVersion":1,"histograms":{"meta":[{"arrayParams":{"chunkSize":10000,"length":2,"urlTemplate":"hist-2000-{Chunk}.json"},"basesPerBin":"2000"}],"stats":[{"basesPerBin":"2000","max":9,"mean":8.5}]},"intervals":{"classes":[{"attributes":["Start","End","Strand","Id","Name","Score","Seq_id","Source","Subfeatures","Target_length","Type"],"isArrayAttr":{"Subfeatures":1}},{"attributes":["Start","End","Strand","Gap","Id","Score","Seq_id","Source","Target","Type"],"isArrayAttr":{}},{"attributes":["Start","End","Chunk"],"isArrayAttr":{"Sublist":1}}],"count":9,"lazyClass":2,"maxEnd":3734,"minStart":97,"nclist":[[0,97,2994,-1,"NODE_2275_length_10338_cov_7.943786:hit:7961:3.2.0.0","TRINITY_DN1273_c0_g1_i6",102,"NODE_2275_length_10338_cov_7.943786","blastn",[[1,2886,2994,-1,"M108","NODE_2275_length_10338_cov_7.943786:hsp:36357:3.2.0.0",102,"NODE_2275_length_10338_cov_7.943786","blastn","TRINITY_DN1273_c0_g1_i6 1 108 +","match_part"],[1,2694,2808,-1,"M114","NODE_2275_length_10338_cov_7.943786:hsp:36358:3.2.0.0",108,"NODE_2275_length_10338_cov_7.943786","blastn","TRINITY_DN1273_c0_g1_i6 109 222 +","match_part"],[1,97,2593,-1,"M205 I1 M44 D1 M39 I2 M329 D1 M66 I1 M31 D1 M121 I3 M293 D1 M398 D1 M5 D8 M952","NODE_2275_length_10338_cov_7.943786:hsp:36359:3.2.0.0",2141,"NODE_2275_length_10338_cov_7.943786","blastn","TRINITY_DN1273_c0_g1_i6 225 2714 +","match_part"]],"3406","expressed_sequence_match"],[0,97,2994,-1,"NODE_2275_length_10338_cov_7.943786:hit:7962:3.2.0.0","TRINITY_DN1273_c0_g1_i2",102,"NODE_2275_length_10338_cov_7.943786","blastn",[[1,2886,2994,-1,"M108","NODE_2275_length_10338_cov_7.943786:hsp:36360:3.2.0.0",102,"NODE_2275_length_10338_cov_7.943786","blastn","TRINITY_DN1273_c0_g1_i2 1 108 +","match_part"],[1,2694,2808,-1,"M114","NODE_2275_length_10338_cov_7.943786:hsp:36361:3.2.0.0",108,"NODE_2275_length_10338_cov_7.943786","blastn","TRINITY_DN1273_c0_g1_i2 109 222 +","match_part"],[1,2452,2593,-1,"M141","NODE_2275_length_10338_cov_7.943786:hsp:36362:3.2.0.0",129,"NODE_2275_length_10338_cov_7.943786","blastn","TRINITY_DN1273_c0_g1_i2 225 365 +","match_part"],[1,97,2292,-1,"M317 D1 M66 I1 M31 D1 M121 I3 M293 D1 M398 D1 M5 D8 M952","NODE_2275_length_10338_cov_7.943786:hsp:36363:3.2.0.0",1918,"NODE_2275_length_10338_cov_7.943786","blastn","TRINITY_DN1273_c0_g1_i2 370 2556 +","match_part"]],"3116","expressed_sequence_match"],[0,97,2994,-1,"NODE_2275_length_10338_cov_7.943786:hit:7963:3.2.0.0","TRINITY_DN1273_c0_g1_i3",102,"NODE_2275_length_10338_cov_7.943786","blastn",[[1,2886,2994,-1,"M108","NODE_2275_length_10338_cov_7.943786:hsp:36364:3.2.0.0",102,"NODE_2275_length_10338_cov_7.943786","blastn","TRINITY_DN1273_c0_g1_i3 1 108 +","match_part"],[1,2694,2808,-1,"M114","NODE_2275_length_10338_cov_7.943786:hsp:36365:3.2.0.0",108,"NODE_2275_length_10338_cov_7.943786","blastn","TRINITY_DN1273_c0_g1_i3 109 222 +","match_part"],[1,2452,2593,-1,"M141","NODE_2275_length_10338_cov_7.943786:hsp:36366:3.2.0.0",129,"NODE_2275_length_10338_cov_7.943786","blastn","TRINITY_DN1273_c0_g1_i3 225 365 +","match_part"],[1,97,2292,-1,"M317 D1 M66 I1 M31 D1 M121 I3 M293 D1 M398 D1 M5 D8 M100 D1 M85 I8 M766","NODE_2275_length_10338_cov_7.943786:hsp:36367:3.2.0.0",1814,"NODE_2275_length_10338_cov_7.943786","blastn","TRINITY_DN1273_c0_g1_i3 370 2563 +","match_part"]],"2746","expressed_sequence_match"],[0,97,2994,-1,"NODE_2275_length_10338_cov_7.943786:hit:7964:3.2.0.0","TRINITY_DN1273_c0_g1_i13",102,"NODE_2275_length_10338_cov_7.943786","blastn",[[1,2886,2994,-1,"M108","NODE_2275_length_10338_cov_7.943786:hsp:36368:3.2.0.0",102,"NODE_2275_length_10338_cov_7.943786","blastn","TRINITY_DN1273_c0_g1_i13 1 108 +","match_part"],[1,2694,2808,-1,"M114","NODE_2275_length_10338_cov_7.943786:hsp:36369:3.2.0.0",108,"NODE_2275_length_10338_cov_7.943786","blastn","TRINITY_DN1273_c0_g1_i13 109 222 +","match_part"],[1,97,2593,-1,"M205 I1 M44 D1 M39 I2 M329 D1 M66 I1 M31 D1 M121 I3 M293 D1 M398 D1 M5 D8 M952","NODE_2275_length_10338_cov_7.943786:hsp:36370:3.2.0.0",2141,"NODE_2275_length_10338_cov_7.943786","blastn","TRINITY_DN1273_c0_g1_i13 225 2714 +","match_part"]],"3274","expressed_sequence_match"],[0,97,2994,-1,"NODE_2275_length_10338_cov_7.943786:hit:7965:3.2.0.0","TRINITY_DN1273_c0_g1_i10",102,"NODE_2275_length_10338_cov_7.943786","blastn",[[1,2886,2994,-1,"M108","NODE_2275_length_10338_cov_7.943786:hsp:36371:3.2.0.0",102,"NODE_2275_length_10338_cov_7.943786","blastn","TRINITY_DN1273_c0_g1_i10 1 108 +","match_part"],[1,2694,2808,-1,"M114","NODE_2275_length_10338_cov_7.943786:hsp:36372:3.2.0.0",108,"NODE_2275_length_10338_cov_7.943786","blastn","TRINITY_DN1273_c0_g1_i10 109 222 +","match_part"],[1,2452,2593,-1,"M141","NODE_2275_length_10338_cov_7.943786:hsp:36373:3.2.0.0",129,"NODE_2275_length_10338_cov_7.943786","blastn","TRINITY_DN1273_c0_g1_i10 225 365 +","match_part"],[1,97,2292,-1,"M317 D1 M66 I1 M31 D1 M121 I3 M293 D1 M398 D1 M5 D8 M952","NODE_2275_length_10338_cov_7.943786:hsp:36374:3.2.0.0",1918,"NODE_2275_length_10338_cov_7.943786","blastn","TRINITY_DN1273_c0_g1_i10 370 2556 +","match_part"]],"3248","expressed_sequence_match",{"Sublist":[[0,1272,2292,-1,"NODE_2275_length_10338_cov_7.943786:hit:7966:3.2.0.0","TRINITY_DN1273_c0_g1_i1",768,"NODE_2275_length_10338_cov_7.943786","blastn",[[1,1272,2292,-1,"M319 D1 M64 I1 M31 D1 M67 I2 M1 I1 M53 I3 M293 D1 M70 I1 M14 D1 M3 D1 M100","NODE_2275_length_10338_cov_7.943786:hsp:36375:3.2.0.0",768,"NODE_2275_length_10338_cov_7.943786","blastn","TRINITY_DN1273_c0_g1_i1 1 1023 +","match_part"]],"1023","expressed_sequence_match"]]}],[0,1642,2994,-1,"NODE_2275_length_10338_cov_7.943786:hit:7967:3.2.0.0","TRINITY_DN1273_c0_g1_i8",102,"NODE_2275_length_10338_cov_7.943786","blastn",[[1,2886,2994,-1,"M108","NODE_2275_length_10338_cov_7.943786:hsp:36376:3.2.0.0",102,"NODE_2275_length_10338_cov_7.943786","blastn","TRINITY_DN1273_c0_g1_i8 1 108 +","match_part"],[1,2694,2808,-1,"M114","NODE_2275_length_10338_cov_7.943786:hsp:36377:3.2.0.0",108,"NODE_2275_length_10338_cov_7.943786","blastn","TRINITY_DN1273_c0_g1_i8 109 222 +","match_part"],[1,2452,2593,-1,"M141","NODE_2275_length_10338_cov_7.943786:hsp:36378:3.2.0.0",129,"NODE_2275_length_10338_cov_7.943786","blastn","TRINITY_DN1273_c0_g1_i8 225 365 +","match_part"],[1,1642,2292,-1,"M319 D1 M64 I1 M31 D1 M86 D1 M34 I3 M113","NODE_2275_length_10338_cov_7.943786:hsp:36379:3.2.0.0",527,"NODE_2275_length_10338_cov_7.943786","blastn","TRINITY_DN1273_c0_g1_i8 370 1020 +","match_part"]],"1020","expressed_sequence_match"],[0,1815,2994,-1,"NODE_2275_length_10338_cov_7.943786:hit:7968:3.2.0.0","TRINITY_DN1273_c0_g1_i4",102,"NODE_2275_length_10338_cov_7.943786","blastn",[[1,2886,2994,-1,"M108","NODE_2275_length_10338_cov_7.943786:hsp:36380:3.2.0.0",102,"NODE_2275_length_10338_cov_7.943786","blastn","TRINITY_DN1273_c0_g1_i4 1 108 +","match_part"],[1,2694,2808,-1,"M114","NODE_2275_length_10338_cov_7.943786:hsp:36381:3.2.0.0",108,"NODE_2275_length_10338_cov_7.943786","blastn","TRINITY_DN1273_c0_g1_i4 109 222 +","match_part"],[1,1815,2593,-1,"M205 I1 M44 D1 M39 I2 M331 D1 M95 D1 M61","NODE_2275_length_10338_cov_7.943786:hsp:36382:3.2.0.0",648,"NODE_2275_length_10338_cov_7.943786","blastn","TRINITY_DN1273_c0_g1_i4 225 1002 +","match_part"]],"1002","expressed_sequence_match"],[0,3166,3734,1,"NODE_2275_length_10338_cov_7.943786:hit:7969:3.2.0.0","TRINITY_DN10260_c0_g2_i1",235,"NODE_2275_length_10338_cov_7.943786","blastn",[[1,3166,3401,1,"M235","NODE_2275_length_10338_cov_7.943786:hsp:36383:3.2.0.0",235,"NODE_2275_length_10338_cov_7.943786","blastn","TRINITY_DN10260_c0_g2_i1 1 235 +","match_part"],[1,3487,3734,1,"M247","NODE_2275_length_10338_cov_7.943786:hsp:36384:3.2.0.0",217,"NODE_2275_length_10338_cov_7.943786","blastn","TRINITY_DN10260_c0_g2_i1 235 481 +","match_part"]],"481","expressed_sequence_match"]],"urlTemplate":"lf-{Chunk}.json"}}