{"featureCount":8,"formatVersion":1,"histograms":{"meta":[{"arrayParams":{"chunkSize":10000,"length":2,"urlTemplate":"hist-2000-{Chunk}.json"},"basesPerBin":"2000"}],"stats":[{"basesPerBin":"2000","max":8,"mean":8}]},"intervals":{"classes":[{"attributes":["Start","End","Strand","Aligned_coverage","Aligned_identity","Id","Name","Score","Seq_id","Source","Subfeatures","Target_length","Type"],"isArrayAttr":{"Subfeatures":1}},{"attributes":["Start","End","Strand","Gap","Id","Score","Seq_id","Source","Target","Type"],"isArrayAttr":{}},{"attributes":["Start","End","Chunk"],"isArrayAttr":{"Sublist":1}}],"count":8,"lazyClass":2,"maxEnd":3304,"minStart":127,"nclist":[[0,127,3304,-1,"86.08","99.6","NODE_6732_length_3420_cov_9.030064:hit:6098:3.2.0.0","TRINITY_DN3399_c0_g1_i13",12015,"NODE_6732_length_3420_cov_9.030064","est2genome",[[1,2488,3304,-1,"M641 I1 M170 I1 M5","NODE_6732_length_3420_cov_9.030064:hsp:19116:3.2.0.0",12015,"NODE_6732_length_3420_cov_9.030064","est2genome","TRINITY_DN3399_c0_g1_i13 1994 2811 -","match_part"],[1,1536,2424,-1,"M888","NODE_6732_length_3420_cov_9.030064:hsp:19117:3.2.0.0",12015,"NODE_6732_length_3420_cov_9.030064","est2genome","TRINITY_DN3399_c0_g1_i13 1106 1993 -","match_part"],[1,1437,1460,-1,"M23","NODE_6732_length_3420_cov_9.030064:hsp:19118:3.2.0.0",12015,"NODE_6732_length_3420_cov_9.030064","est2genome","TRINITY_DN3399_c0_g1_i13 1083 1105 -","match_part"],[1,1258,1325,-1,"M67","NODE_6732_length_3420_cov_9.030064:hsp:19119:3.2.0.0",12015,"NODE_6732_length_3420_cov_9.030064","est2genome","TRINITY_DN3399_c0_g1_i13 1016 1082 -","match_part"],[1,1156,1199,-1,"M43","NODE_6732_length_3420_cov_9.030064:hsp:19120:3.2.0.0",12015,"NODE_6732_length_3420_cov_9.030064","est2genome","TRINITY_DN3399_c0_g1_i13 973 1015 -","match_part"],[1,983,1017,-1,"M34","NODE_6732_length_3420_cov_9.030064:hsp:19121:3.2.0.0",12015,"NODE_6732_length_3420_cov_9.030064","est2genome","TRINITY_DN3399_c0_g1_i13 939 972 -","match_part"],[1,799,877,-1,"M78","NODE_6732_length_3420_cov_9.030064:hsp:19122:3.2.0.0",12015,"NODE_6732_length_3420_cov_9.030064","est2genome","TRINITY_DN3399_c0_g1_i13 861 938 -","match_part"],[1,639,729,-1,"M90","NODE_6732_length_3420_cov_9.030064:hsp:19123:3.2.0.0",12015,"NODE_6732_length_3420_cov_9.030064","est2genome","TRINITY_DN3399_c0_g1_i13 771 860 -","match_part"],[1,127,540,-1,"M138 I1 M275","NODE_6732_length_3420_cov_9.030064:hsp:19124:3.2.0.0",12015,"NODE_6732_length_3420_cov_9.030064","est2genome","TRINITY_DN3399_c0_g1_i13 357 770 -","match_part"]],"2852","expressed_sequence_match"],[0,127,3304,-1,"85.92","99.7","NODE_6732_length_3420_cov_9.030064:hit:6099:3.2.0.0","TRINITY_DN3399_c0_g1_i10",11887,"NODE_6732_length_3420_cov_9.030064","est2genome",[[1,2646,3304,-1,"M483 I1 M170 I1 M5","NODE_6732_length_3420_cov_9.030064:hsp:19125:3.2.0.0",11887,"NODE_6732_length_3420_cov_9.030064","est2genome","TRINITY_DN3399_c0_g1_i10 2119 2778 -","match_part"],[1,2488,2515,-1,"M27","NODE_6732_length_3420_cov_9.030064:hsp:19126:3.2.0.0",11887,"NODE_6732_length_3420_cov_9.030064","est2genome","TRINITY_DN3399_c0_g1_i10 2092 2118 -","match_part"],[1,1536,2424,-1,"M888","NODE_6732_length_3420_cov_9.030064:hsp:19127:3.2.0.0",11887,"NODE_6732_length_3420_cov_9.030064","est2genome","TRINITY_DN3399_c0_g1_i10 1204 2091 -","match_part"],[1,1437,1460,-1,"M23","NODE_6732_length_3420_cov_9.030064:hsp:19128:3.2.0.0",11887,"NODE_6732_length_3420_cov_9.030064","est2genome","TRINITY_DN3399_c0_g1_i10 1181 1203 -","match_part"],[1,1258,1325,-1,"M67","NODE_6732_length_3420_cov_9.030064:hsp:19129:3.2.0.0",11887,"NODE_6732_length_3420_cov_9.030064","est2genome","TRINITY_DN3399_c0_g1_i10 1114 1180 -","match_part"],[1,1156,1199,-1,"M43","NODE_6732_length_3420_cov_9.030064:hsp:19130:3.2.0.0",11887,"NODE_6732_length_3420_cov_9.030064","est2genome","TRINITY_DN3399_c0_g1_i10 1071 1113 -","match_part"],[1,983,1017,-1,"M34","NODE_6732_length_3420_cov_9.030064:hsp:19131:3.2.0.0",11887,"NODE_6732_length_3420_cov_9.030064","est2genome","TRINITY_DN3399_c0_g1_i10 1037 1070 -","match_part"],[1,799,877,-1,"M78","NODE_6732_length_3420_cov_9.030064:hsp:19132:3.2.0.0",11887,"NODE_6732_length_3420_cov_9.030064","est2genome","TRINITY_DN3399_c0_g1_i10 959 1036 -","match_part"],[1,127,729,-1,"M602","NODE_6732_length_3420_cov_9.030064:hsp:19133:3.2.0.0",11887,"NODE_6732_length_3420_cov_9.030064","est2genome","TRINITY_DN3399_c0_g1_i10 357 958 -","match_part"]],"2819","expressed_sequence_match"],[0,127,3304,-1,"85.41","99.7","NODE_6732_length_3420_cov_9.030064:hit:6100:3.2.0.0","TRINITY_DN3399_c0_g1_i5",11376,"NODE_6732_length_3420_cov_9.030064","est2genome",[[1,2646,3304,-1,"M483 I1 M170 I1 M5","NODE_6732_length_3420_cov_9.030064:hsp:19134:3.2.0.0",11376,"NODE_6732_length_3420_cov_9.030064","est2genome","TRINITY_DN3399_c0_g1_i5 2021 2680 -","match_part"],[1,2488,2515,-1,"M27","NODE_6732_length_3420_cov_9.030064:hsp:19135:3.2.0.0",11376,"NODE_6732_length_3420_cov_9.030064","est2genome","TRINITY_DN3399_c0_g1_i5 1994 2020 -","match_part"],[1,1536,2424,-1,"M888","NODE_6732_length_3420_cov_9.030064:hsp:19136:3.2.0.0",11376,"NODE_6732_length_3420_cov_9.030064","est2genome","TRINITY_DN3399_c0_g1_i5 1106 1993 -","match_part"],[1,1437,1460,-1,"M23","NODE_6732_length_3420_cov_9.030064:hsp:19137:3.2.0.0",11376,"NODE_6732_length_3420_cov_9.030064","est2genome","TRINITY_DN3399_c0_g1_i5 1083 1105 -","match_part"],[1,1258,1325,-1,"M67","NODE_6732_length_3420_cov_9.030064:hsp:19138:3.2.0.0",11376,"NODE_6732_length_3420_cov_9.030064","est2genome","TRINITY_DN3399_c0_g1_i5 1016 1082 -","match_part"],[1,1156,1199,-1,"M43","NODE_6732_length_3420_cov_9.030064:hsp:19139:3.2.0.0",11376,"NODE_6732_length_3420_cov_9.030064","est2genome","TRINITY_DN3399_c0_g1_i5 973 1015 -","match_part"],[1,983,1017,-1,"M34","NODE_6732_length_3420_cov_9.030064:hsp:19140:3.2.0.0",11376,"NODE_6732_length_3420_cov_9.030064","est2genome","TRINITY_DN3399_c0_g1_i5 939 972 -","match_part"],[1,799,877,-1,"M78","NODE_6732_length_3420_cov_9.030064:hsp:19141:3.2.0.0",11376,"NODE_6732_length_3420_cov_9.030064","est2genome","TRINITY_DN3399_c0_g1_i5 861 938 -","match_part"],[1,639,729,-1,"M90","NODE_6732_length_3420_cov_9.030064:hsp:19142:3.2.0.0",11376,"NODE_6732_length_3420_cov_9.030064","est2genome","TRINITY_DN3399_c0_g1_i5 771 860 -","match_part"],[1,127,540,-1,"M138 I1 M275","NODE_6732_length_3420_cov_9.030064:hsp:19143:3.2.0.0",11376,"NODE_6732_length_3420_cov_9.030064","est2genome","TRINITY_DN3399_c0_g1_i5 357 770 -","match_part"]],