{"featureCount":2,"formatVersion":1,"histograms":{"meta":[{"arrayParams":{"chunkSize":10000,"length":1,"urlTemplate":"hist-50000-{Chunk}.json"},"basesPerBin":"50000"}],"stats":[{"basesPerBin":"50000","max":2,"mean":2}]},"intervals":{"classes":[{"attributes":["Start","End","Strand","Aligned_coverage","Aligned_identity","Id","Name","Score","Seq_id","Source","Subfeatures","Target_length","Type"],"isArrayAttr":{"Subfeatures":1}},{"attributes":["Start","End","Strand","Gap","Id","Score","Seq_id","Source","Target","Type"],"isArrayAttr":{}},{"attributes":["Start","End","Chunk"],"isArrayAttr":{"Sublist":1}}],"count":2,"lazyClass":2,"maxEnd":16230,"minStart":15624,"nclist":[[0,15624,16230,-1,"92.92","47.6","NODE_15_length_66982_cov_6.942775:hit:2376:3.10.0.0","sp|P0CR68.1|SPT4_CRYNJ",266,"NODE_15_length_66982_cov_6.942775","protein2genome",[[1,16128,16230,-1,"M34","NODE_15_length_66982_cov_6.942775:hsp:11995:3.10.0.0",266,"NODE_15_length_66982_cov_6.942775","protein2genome","sp|P0CR68.1|SPT4_CRYNJ 5 38","match_part"],[1,15860,15950,-1,"M30","NODE_15_length_66982_cov_6.942775:hsp:11996:3.10.0.0",266,"NODE_15_length_66982_cov_6.942775","protein2genome","sp|P0CR68.1|SPT4_CRYNJ 39 68","match_part"],[1,15624,15747,-1,"M41","NODE_15_length_66982_cov_6.942775:hsp:11997:3.10.0.0",266,"NODE_15_length_66982_cov_6.942775","protein2genome","sp|P0CR68.1|SPT4_CRYNJ 69 109","match_part"]],"113","protein_match"],[0,15624,16230,-1,"92.92","47.6","NODE_15_length_66982_cov_6.942775:hit:2377:3.10.0.0","sp|P0CR69.1|SPT4_CRYNB",266,"NODE_15_length_66982_cov_6.942775","protein2genome",[[1,16128,16230,-1,"M34","NODE_15_length_66982_cov_6.942775:hsp:11998:3.10.0.0",266,"NODE_15_length_66982_cov_6.942775","protein2genome","sp|P0CR69.1|SPT4_CRYNB 5 38","match_part"],[1,15860,15950,-1,"M30","NODE_15_length_66982_cov_6.942775:hsp:11999:3.10.0.0",266,"NODE_15_length_66982_cov_6.942775","protein2genome","sp|P0CR69.1|SPT4_CRYNB 39 68","match_part"],[1,15624,15747,-1,"M41","NODE_15_length_66982_cov_6.942775:hsp:12000:3.10.0.0",266,"NODE_15_length_66982_cov_6.942775","protein2genome","sp|P0CR69.1|SPT4_CRYNB 69 109","match_part"]],"113","protein_match"]],"urlTemplate":"lf-{Chunk}.json"}}