{"featureCount":11,"formatVersion":1,"histograms":{"meta":[{"arrayParams":{"chunkSize":10000,"length":3,"urlTemplate":"hist-5000-{Chunk}.json"},"basesPerBin":"5000"}],"stats":[{"basesPerBin":"5000","max":7,"mean":3.66666666666667}]},"intervals":{"classes":[{"attributes":["Start","End","Strand","Id","Name","Score","Seq_id","Source","Subfeatures","Target_length","Type"],"isArrayAttr":{"Subfeatures":1}},{"attributes":["Start","End","Strand","Gap","Id","Score","Seq_id","Source","Target","Type"],"isArrayAttr":{}},{"attributes":["Start","End","Chunk"],"isArrayAttr":{"Sublist":1}}],"count":11,"lazyClass":2,"maxEnd":12916,"minStart":1488,"nclist":[[0,1488,3415,-1,"NODE_440_length_27093_cov_4.352518:hit:46068:3.2.0.0","TRINITY_DN1644_c0_g1_i5",128,"NODE_440_length_27093_cov_4.352518","blastn",[[1,3281,3415,-1,"M134","NODE_440_length_27093_cov_4.352518:hsp:242530:3.2.0.0",128,"NODE_440_length_27093_cov_4.352518","blastn","TRINITY_DN1644_c0_g1_i5 1 134 +","match_part"],[1,3185,3266,-1,"M81","NODE_440_length_27093_cov_4.352518:hsp:242531:3.2.0.0",81,"NODE_440_length_27093_cov_4.352518","blastn","TRINITY_DN1644_c0_g1_i5 134 214 +","match_part"],[1,2990,3067,-1,"M77","NODE_440_length_27093_cov_4.352518:hsp:242532:3.2.0.0",77,"NODE_440_length_27093_cov_4.352518","blastn","TRINITY_DN1644_c0_g1_i5 215 291 +","match_part"],[1,2401,2906,-1,"M505","NODE_440_length_27093_cov_4.352518:hsp:242533:3.2.0.0",463,"NODE_440_length_27093_cov_4.352518","blastn","TRINITY_DN1644_c0_g1_i5 290 794 +","match_part"],[1,2255,2305,-1,"M50","NODE_440_length_27093_cov_4.352518:hsp:242534:3.2.0.0",50,"NODE_440_length_27093_cov_4.352518","blastn","TRINITY_DN1644_c0_g1_i5 790 839 +","match_part"],[1,1488,2164,-1,"M348 I2 M9 I3 M319","NODE_440_length_27093_cov_4.352518:hsp:242535:3.2.0.0",581,"NODE_440_length_27093_cov_4.352518","blastn","TRINITY_DN1644_c0_g1_i5 844 1524 +","match_part"]],"1524","expressed_sequence_match"],[0,1488,3415,-1,"NODE_440_length_27093_cov_4.352518:hit:46069:3.2.0.0","TRINITY_DN1644_c0_g1_i6",224,"NODE_440_length_27093_cov_4.352518","blastn",[[1,3185,3415,-1,"M230","NODE_440_length_27093_cov_4.352518:hsp:242536:3.2.0.0",224,"NODE_440_length_27093_cov_4.352518","blastn","TRINITY_DN1644_c0_g1_i6 1 230 +","match_part"],[1,2990,3067,-1,"M77","NODE_440_length_27093_cov_4.352518:hsp:242537:3.2.0.0",77,"NODE_440_length_27093_cov_4.352518","blastn","TRINITY_DN1644_c0_g1_i6 231 307 +","match_part"],[1,2401,2906,-1,"M505","NODE_440_length_27093_cov_4.352518:hsp:242538:3.2.0.0",463,"NODE_440_length_27093_cov_4.352518","blastn","TRINITY_DN1644_c0_g1_i6 306 810 +","match_part"],[1,2255,2305,-1,"M50","NODE_440_length_27093_cov_4.352518:hsp:242539:3.2.0.0",50,"NODE_440_length_27093_cov_4.352518","blastn","TRINITY_DN1644_c0_g1_i6 806 855 +","match_part"],[1,1488,2164,-1,"M348 I2 M9 I3 M319","NODE_440_length_27093_cov_4.352518:hsp:242540:3.2.0.0",581,"NODE_440_length_27093_cov_4.352518","blastn","TRINITY_DN1644_c0_g1_i6 860 1540 +","match_part"]],"1540","expressed_sequence_match"],[0,1488,3415,-1,"NODE_440_length_27093_cov_4.352518:hit:46070:3.2.0.0","TRINITY_DN1644_c0_g1_i7",128,"NODE_440_length_27093_cov_4.352518","blastn",[[1,3281,3415,-1,"M134","NODE_440_length_27093_cov_4.352518:hsp:242541:3.2.0.0",128,"NODE_440_length_27093_cov_4.352518","blastn","TRINITY_DN1644_c0_g1_i7 1 134 +","match_part"],[1,3185,3266,-1,"M81","NODE_440_length_27093_cov_4.352518:hsp:242542:3.2.0.0",81,"NODE_440_length_27093_cov_4.352518","blastn","TRINITY_DN1644_c0_g1_i7 134 214 +","match_part"],[1,2990,3067,-1,"M77","NODE_440_length_27093_cov_4.352518:hsp:242543:3.2.0.0",77,"NODE_440_length_27093_cov_4.352518","blastn","TRINITY_DN1644_c0_g1_i7 215 291 +","match_part"],[1,2401,2906,-1,"M505","NODE_440_length_27093_cov_4.352518:hsp:242544:3.2.0.0",463,"NODE_440_length_27093_cov_4.352518","blastn","TRINITY_DN1644_c0_g1_i7 290 794 +","match_part"],[1,2255,2305,-1,"M50","NODE_440_length_27093_cov_4.352518:hsp:242545:3.2.0.0",50,"NODE_440_length_27093_cov_4.352518","blastn","TRINITY_DN1644_c0_g1_i7 790 839 +","match_part"],[1,1488,2164,-1,"M339 I2 M18 I3 M56 D1 M262","NODE_440_length_27093_cov_4.352518:hsp:242546:3.2.0.0",558,"NODE_440_length_27093_cov_4.352518","blastn","TRINITY_DN1644_c0_g1_i7 844 1523 +","match_part"]],"1523","expressed_sequence_match"],[0,1488,3415,-1,"NODE_440_length_27093_cov_4.352518:hit:46071:3.2.0.0","TRINITY_DN1644_c0_g1_i1",224,"NODE_440_length_27093_cov_4.352518","blastn",[[1,3185,3415,-1,"M230","NODE_440_length_27093_cov_4.352518:hsp:242547:3.2.0.0",224,"NODE_440_length_27093_cov_4.352518","blastn","TRINITY_DN1644_c0_g1_i1 1 230 +","match_part"],[1,2990,3067,-1,"M77","NODE_440_length_27093_cov_4.352518:hsp:242548:3.2.0.0",77,"NODE_440_length_27093_cov_4.352518","blastn","TRINITY_DN1644_c0_g1_i1 231 307 +","match_part"],[1,2401,2906,-1,"M505","NODE_440_length_27093_cov_4.352518:hsp:242549:3.2.0.0",463,"NODE_440_length_27093_cov_4.352518","blastn","TRINITY_DN1644_c0_g1_i1 306 810 +","match_part"],[1,2255,2305,-1,"M50","NODE_440_length_27093_cov_4.352518:hsp:242550:3.2.0.0",50,"NODE_440_length_27093_cov_4.352518","blastn","TRINITY_DN1644_c0_g1_i1 806 855 +","match_part"],[1,1488,2164,-1,"M339 I2 M18 I3 M56 D1 M262","NODE_440_length_27093_cov_4.352518:hsp:242551:3.2.0.0",558,"NODE_440_length_27093_cov_4.352518","blastn","TRINITY_DN1644_c0_g1_i1 860 1539 +","match_part"]],"1539","expressed_sequence_match",{"Sublist":[[0,1698,2739,-1,"NODE_440_length_27093_cov_4.352518:hit:46072:3.2.0.0","TRINITY_DN1644_c0_g1_i2",314,"NODE_440_length_27093_cov_4.352518","blastn",[[1,2401,2739,-1,"M338","NODE_440_length_27093_cov_4.352518:hsp:242552:3.2.0.0",314,"NODE_440_length_27093_cov_4.352518","blastn","TRINITY_DN1644_c0_g1_i2 1 338 +","match_part"],[1,2255,2305,-1,"M50","NODE_440_length_27093_cov_4.352518:hsp:242553:3.2.0.0",50,"NODE_440_length_27093_cov_4.352518","blastn","TRINITY_DN1644_c0_g1_i2 334 383 +","match_part"],[1,1698,2164,-1,"M224 I2 M115 I2 M18 I3 M109","NODE_440_length_27093_cov_4.352518:hsp:242554:3.2.0.0",338,"NODE_440_length_27093_cov_4.352518","blastn","TRINITY_DN1644_c0_g1_i2 388 860 +","match_part"]],"860","expressed_sequence_match"]]}],[0,1751,3415,-1,"NODE_440_length_27093_cov_4.352518:hit:46073:3.2.0.0","TRINITY_DN1644_c0_g1_i4",128,"NODE_440_length_27093_cov_4.352518","blastn",[[1,3281,3415,-1,"M134","NODE_440_length_27093_cov_4.352518:hsp:242555:3.2.0.0",128,"NODE_440_length_27093_cov_4.352518","blastn","TRINITY_DN1644_c0_g1_i4 1 134 +","match_part"],[1,3185,3266,-1,"M81","NODE_440_length_27093_cov_4.352518:hsp:242556:3.2.0.0",81,"NODE_440_length_27093_cov_4.352518","blastn","TRINITY_DN1644_c0_g1_i4 134 214 +","match_part"],[1,2990,3067,-1,"M77","NODE_440_length_27093_cov_4.352518:hsp:242557:3.2.0.0",77,"NODE_440_length_27093_cov_4.352518","blastn","TRINITY_DN1644_c0_g1_i4 215 291 +","match_part"],[1,2401,2906,-1,"M505","NODE_440_length_27093_cov_4.352518:hsp:242558:3.2.0.0",439,"NODE_440_length_27093_cov_4.352518","blastn","TRINITY_DN1644_c0_g1_i4 290 794 +","match_part"],[1,2255,2305,-1,"M50","NODE_440_length_27093_cov_4.352518:hsp:242559:3.2.0.0",50,"NODE_440_length_27093_cov_4.352518","blastn","TRINITY_DN1644_c0_g1_i4 790 839 +","match_part"],[1,1751,2164,-1,"M339 I2 M18 I3 M56","NODE_440_length_27093_cov_4.352518:hsp:242560:3.2.0.0",324,"NODE_440_length_27093_cov_4.352518","blastn","TRINITY_DN1644_c0_g1_i4 844 1261 +","match_part"]],"1267","expressed_sequence_match"],[0,3456,3984,-1,"NODE_440_length_27093_cov_4.352518:hit:46074:3.2.0.0","TRINITY_DN13996_c0_g1_i1",474,"NODE_440_length_27093_cov_4.352518","blastn",[[1,3456,3984,-1,"M528","NODE_440_length_27093_cov_4.352518:hsp:242561:3.2.0.0",474,"NODE_440_length_27093_cov_4.352518","blastn","TRINITY_DN13996_c0_g1_i1 1 528 +","match_part"]],