{"featureCount":3,"formatVersion":1,"histograms":{"meta":[{"arrayParams":{"chunkSize":10000,"length":2,"urlTemplate":"hist-10000-{Chunk}.json"},"basesPerBin":"10000"}],"stats":[{"basesPerBin":"10000","max":3,"mean":2}]},"intervals":{"classes":[{"attributes":["Start","End","Strand","Id","Name","Score","Seq_id","Source","Subfeatures","Target_length","Type"],"isArrayAttr":{"Subfeatures":1}},{"attributes":["Start","End","Strand","Gap","Id","Score","Seq_id","Source","Target","Type"],"isArrayAttr":{}},{"attributes":["Start","End","Chunk"],"isArrayAttr":{"Sublist":1}}],"count":3,"lazyClass":2,"maxEnd":10795,"minStart":1059,"nclist":[[0,1059,2401,1,"NODE_2068_length_11201_cov_5.811919:hit:2105:4.5.0.0","augustus-NODE_2068_length_11201_cov_5.811919-abinit-gene-0.10-mRNA-1",0.44,"NODE_2068_length_11201_cov_5.811919","augustus",[[1,1059,1227,1,"M168","NODE_2068_length_11201_cov_5.811919:hsp:10002:4.5.0.0",0.44,"NODE_2068_length_11201_cov_5.811919","augustus","augustus-NODE_2068_length_11201_cov_5.811919-abinit-gene-0.10-mRNA-1 1 168 +","match_part"],[1,1296,1933,1,"M637","NODE_2068_length_11201_cov_5.811919:hsp:10003:4.5.0.0",0.44,"NODE_2068_length_11201_cov_5.811919","augustus","augustus-NODE_2068_length_11201_cov_5.811919-abinit-gene-0.10-mRNA-1 169 805 +","match_part"],[1,2015,2401,1,"M386","NODE_2068_length_11201_cov_5.811919:hsp:10004:4.5.0.0",0.44,"NODE_2068_length_11201_cov_5.811919","augustus","augustus-NODE_2068_length_11201_cov_5.811919-abinit-gene-0.10-mRNA-1 806 1191 +","match_part"]],"11201","match"],[0,4647,6081,-1,"NODE_2068_length_11201_cov_5.811919:hit:2110:4.5.0.0","augustus-NODE_2068_length_11201_cov_5.811919-abinit-gene-0.11-mRNA-1",1,"NODE_2068_length_11201_cov_5.811919","augustus",[[1,4647,6081,-1,"M1434","NODE_2068_length_11201_cov_5.811919:hsp:10019:4.5.0.0",1,"NODE_2068_length_11201_cov_5.811919","augustus","augustus-NODE_2068_length_11201_cov_5.811919-abinit-gene-0.11-mRNA-1 1 1434 +","match_part"]],"11201","match"],[0,8520,10795,-1,"NODE_2068_length_11201_cov_5.811919:hit:2113:4.5.0.0","augustus-NODE_2068_length_11201_cov_5.811919-abinit-gene-0.12-mRNA-1",0.57,"NODE_2068_length_11201_cov_5.811919","augustus",[[1,9692,10795,-1,"M1103","NODE_2068_length_11201_cov_5.811919:hsp:10022:4.5.0.0",0.57,"NODE_2068_length_11201_cov_5.811919","augustus","augustus-NODE_2068_length_11201_cov_5.811919-abinit-gene-0.12-mRNA-1 1034 2136 +","match_part"],[1,9011,9620,-1,"M609","NODE_2068_length_11201_cov_5.811919:hsp:10023:4.5.0.0",0.57,"NODE_2068_length_11201_cov_5.811919","augustus","augustus-NODE_2068_length_11201_cov_5.811919-abinit-gene-0.12-mRNA-1 425 1033 +","match_part"],[1,8520,8944,-1,"M424","NODE_2068_length_11201_cov_5.811919:hsp:10024:4.5.0.0",0.57,"NODE_2068_length_11201_cov_5.811919","augustus","augustus-NODE_2068_length_11201_cov_5.811919-abinit-gene-0.12-mRNA-1 1 424 +","match_part"]],"11201","match"]],"urlTemplate":"lf-{Chunk}.json"}}