{"featureCount":3,"formatVersion":1,"histograms":{"meta":[{"arrayParams":{"chunkSize":10000,"length":2,"urlTemplate":"hist-10000-{Chunk}.json"},"basesPerBin":"10000"}],"stats":[{"basesPerBin":"10000","max":3,"mean":2}]},"intervals":{"classes":[{"attributes":["Start","End","Strand","Id","Name","Score","Seq_id","Source","Subfeatures","Target_length","Type"],"isArrayAttr":{"Subfeatures":1}},{"attributes":["Start","End","Strand","Gap","Id","Score","Seq_id","Source","Target","Type"],"isArrayAttr":{}},{"attributes":["Start","End","Chunk"],"isArrayAttr":{"Sublist":1}}],"count":3,"lazyClass":2,"maxEnd":10856,"minStart":2,"nclist":[[0,2,1211,1,"NODE_1645_length_13281_cov_8.178563:hit:111042:4.5.0.0","augustus-NODE_1645_length_13281_cov_8.178563-abinit-gene-0.0-mRNA-1",0.15,"NODE_1645_length_13281_cov_8.178563","augustus",[[1,2,330,1,"M328","NODE_1645_length_13281_cov_8.178563:hsp:553448:4.5.0.0",0.15,"NODE_1645_length_13281_cov_8.178563","augustus","augustus-NODE_1645_length_13281_cov_8.178563-abinit-gene-0.0-mRNA-1 1 328 +","match_part"],[1,546,649,1,"M103","NODE_1645_length_13281_cov_8.178563:hsp:553449:4.5.0.0",0.15,"NODE_1645_length_13281_cov_8.178563","augustus","augustus-NODE_1645_length_13281_cov_8.178563-abinit-gene-0.0-mRNA-1 329 431 +","match_part"],[1,737,857,1,"M120","NODE_1645_length_13281_cov_8.178563:hsp:553450:4.5.0.0",0.15,"NODE_1645_length_13281_cov_8.178563","augustus","augustus-NODE_1645_length_13281_cov_8.178563-abinit-gene-0.0-mRNA-1 432 551 +","match_part"],[1,1051,1211,1,"M160","NODE_1645_length_13281_cov_8.178563:hsp:553451:4.5.0.0",0.15,"NODE_1645_length_13281_cov_8.178563","augustus","augustus-NODE_1645_length_13281_cov_8.178563-abinit-gene-0.0-mRNA-1 552 711 +","match_part"]],"13281","match"],[0,4538,6420,1,"NODE_1645_length_13281_cov_8.178563:hit:111047:4.5.0.0","augustus-NODE_1645_length_13281_cov_8.178563-abinit-gene-0.1-mRNA-1",0.29,"NODE_1645_length_13281_cov_8.178563","augustus",[[1,4538,4696,1,"M158","NODE_1645_length_13281_cov_8.178563:hsp:553465:4.5.0.0",0.29,"NODE_1645_length_13281_cov_8.178563","augustus","augustus-NODE_1645_length_13281_cov_8.178563-abinit-gene-0.1-mRNA-1 1 158 +","match_part"],[1,4829,5693,1,"M864","NODE_1645_length_13281_cov_8.178563:hsp:553466:4.5.0.0",0.29,"NODE_1645_length_13281_cov_8.178563","augustus","augustus-NODE_1645_length_13281_cov_8.178563-abinit-gene-0.1-mRNA-1 159 1022 +","match_part"],[1,5803,6215,1,"M412","NODE_1645_length_13281_cov_8.178563:hsp:553467:4.5.0.0",0.29,"NODE_1645_length_13281_cov_8.178563","augustus","augustus-NODE_1645_length_13281_cov_8.178563-abinit-gene-0.1-mRNA-1 1023 1434 +","match_part"],[1,6354,6420,1,"M66","NODE_1645_length_13281_cov_8.178563:hsp:553468:4.5.0.0",0.29,"NODE_1645_length_13281_cov_8.178563","augustus","augustus-NODE_1645_length_13281_cov_8.178563-abinit-gene-0.1-mRNA-1 1435 1500 +","match_part"]],"13281","match"],[0,8203,10856,-1,"NODE_1645_length_13281_cov_8.178563:hit:111050:4.5.0.0","augustus-NODE_1645_length_13281_cov_8.178563-abinit-gene-0.2-mRNA-1",0.81,"NODE_1645_length_13281_cov_8.178563","augustus",[[1,9673,10856,-1,"M1183","NODE_1645_length_13281_cov_8.178563:hsp:553478:4.5.0.0",0.81,"NODE_1645_length_13281_cov_8.178563","augustus","augustus-NODE_1645_length_13281_cov_8.178563-abinit-gene-0.2-mRNA-1 1146 2328 +","match_part"],[1,9134,9562,-1,"M428","NODE_1645_length_13281_cov_8.178563:hsp:553479:4.5.0.0",0.81,"NODE_1645_length_13281_cov_8.178563","augustus","augustus-NODE_1645_length_13281_cov_8.178563-abinit-gene-0.2-mRNA-1 718 1145 +","match_part"],[1,8942,9015,-1,"M73","NODE_1645_length_13281_cov_8.178563:hsp:553480:4.5.0.0",0.81,"NODE_1645_length_13281_cov_8.178563","augustus","augustus-NODE_1645_length_13281_cov_8.178563-abinit-gene-0.2-mRNA-1 645 717 +","match_part"],[1,8203,8847,-1,"M644","NODE_1645_length_13281_cov_8.178563:hsp:553481:4.5.0.0",0.81,"NODE_1645_length_13281_cov_8.178563","augustus","augustus-NODE_1645_length_13281_cov_8.178563-abinit-gene-0.2-mRNA-1 1 644 +","match_part"]],"13281","match"]],"urlTemplate":"lf-{Chunk}.json"}}