{"featureCount":5,"formatVersion":1,"histograms":{"meta":[{"arrayParams":{"chunkSize":10000,"length":2,"urlTemplate":"hist-10000-{Chunk}.json"},"basesPerBin":"10000"}],"stats":[{"basesPerBin":"10000","max":3,"mean":3}]},"intervals":{"classes":[{"attributes":["Start","End","Strand","Id","Name","Seq_id","Source","Subfeatures","Target_length","Type"],"isArrayAttr":{"Subfeatures":1}},{"attributes":["Start","End","Strand","Gap","Id","Seq_id","Source","Target","Type"],"isArrayAttr":{}},{"attributes":["Start","End","Strand","Id","Seq_id","Source","Target","Type"],"isArrayAttr":{}},{"attributes":["Start","End","Chunk"],"isArrayAttr":{"Sublist":1}}],"count":5,"lazyClass":3,"maxEnd":15060,"minStart":21,"nclist":[[0,21,3643,-1,"NODE_1181_length_16356_cov_4.171360:hit:91365:4.5.0.0","genemark-NODE_1181_length_16356_cov_4.171360-abinit-gene-0.7-mRNA-1","NODE_1181_length_16356_cov_4.171360","genemark",[[1,3633,3643,-1,"M10","NODE_1181_length_16356_cov_4.171360:hsp:464051:4.5.0.0","NODE_1181_length_16356_cov_4.171360","genemark","genemark-NODE_1181_length_16356_cov_4.171360-abinit-gene-0.7-mRNA-1 2670 2679 +","match_part"],[1,3079,3519,-1,"M440","NODE_1181_length_16356_cov_4.171360:hsp:464052:4.5.0.0","NODE_1181_length_16356_cov_4.171360","genemark","genemark-NODE_1181_length_16356_cov_4.171360-abinit-gene-0.7-mRNA-1 2230 2669 +","match_part"],[1,2866,2992,-1,"M126","NODE_1181_length_16356_cov_4.171360:hsp:464053:4.5.0.0","NODE_1181_length_16356_cov_4.171360","genemark","genemark-NODE_1181_length_16356_cov_4.171360-abinit-gene-0.7-mRNA-1 2104 2229 +","match_part"],[1,2432,2777,-1,"M345","NODE_1181_length_16356_cov_4.171360:hsp:464054:4.5.0.0","NODE_1181_length_16356_cov_4.171360","genemark","genemark-NODE_1181_length_16356_cov_4.171360-abinit-gene-0.7-mRNA-1 1759 2103 +","match_part"],[1,2133,2370,-1,"M237","NODE_1181_length_16356_cov_4.171360:hsp:464055:4.5.0.0","NODE_1181_length_16356_cov_4.171360","genemark","genemark-NODE_1181_length_16356_cov_4.171360-abinit-gene-0.7-mRNA-1 1522 1758 +","match_part"],[1,1932,2061,-1,"M129","NODE_1181_length_16356_cov_4.171360:hsp:464056:4.5.0.0","NODE_1181_length_16356_cov_4.171360","genemark","genemark-NODE_1181_length_16356_cov_4.171360-abinit-gene-0.7-mRNA-1 1393 1521 +","match_part"],[1,1484,1850,-1,"M366","NODE_1181_length_16356_cov_4.171360:hsp:464057:4.5.0.0","NODE_1181_length_16356_cov_4.171360","genemark","genemark-NODE_1181_length_16356_cov_4.171360-abinit-gene-0.7-mRNA-1 1027 1392 +","match_part"],[1,1020,1107,-1,"M87","NODE_1181_length_16356_cov_4.171360:hsp:464058:4.5.0.0","NODE_1181_length_16356_cov_4.171360","genemark","genemark-NODE_1181_length_16356_cov_4.171360-abinit-gene-0.7-mRNA-1 940 1026 +","match_part"],[1,21,960,-1,"M939","NODE_1181_length_16356_cov_4.171360:hsp:464059:4.5.0.0","NODE_1181_length_16356_cov_4.171360","genemark","genemark-NODE_1181_length_16356_cov_4.171360-abinit-gene-0.7-mRNA-1 1 939 +","match_part"]],"16356","match"],[0,4338,5491,-1,"NODE_1181_length_16356_cov_4.171360:hit:91370:4.5.0.0","genemark-NODE_1181_length_16356_cov_4.171360-abinit-gene-0.8-mRNA-1","NODE_1181_length_16356_cov_4.171360","genemark",[[1,5095,5491,-1,"M396","NODE_1181_length_16356_cov_4.171360:hsp:464079:4.5.0.0","NODE_1181_length_16356_cov_4.171360","genemark","genemark-NODE_1181_length_16356_cov_4.171360-abinit-gene-0.8-mRNA-1 493 888 +","match_part"],[1,4951,5029,-1,"M78","NODE_1181_length_16356_cov_4.171360:hsp:464080:4.5.0.0","NODE_1181_length_16356_cov_4.171360","genemark","genemark-NODE_1181_length_16356_cov_4.171360-abinit-gene-0.8-mRNA-1 415 492 +","match_part"],[1,4787,4883,-1,"M96","NODE_1181_length_16356_cov_4.171360:hsp:464081:4.5.0.0","NODE_1181_length_16356_cov_4.171360","genemark","genemark-NODE_1181_length_16356_cov_4.171360-abinit-gene-0.8-mRNA-1 319 414 +","match_part"],[1,4607,4726,-1,"M119","NODE_1181_length_16356_cov_4.171360:hsp:464082:4.5.0.0","NODE_1181_length_16356_cov_4.171360","genemark","genemark-NODE_1181_length_16356_cov_4.171360-abinit-gene-0.8-mRNA-1 200 318 +","match_part"],[1,4338,4537,-1,"M199","NODE_1181_length_16356_cov_4.171360:hsp:464083:4.5.0.0","NODE_1181_length_16356_cov_4.171360","genemark","genemark-NODE_1181_length_16356_cov_4.171360-abinit-gene-0.8-mRNA-1 1 199 +","match_part"]],"16356","match"],[0,6107,10621,-1,"NODE_1181_length_16356_cov_4.171360:hit:91373:4.5.0.0","genemark-NODE_1181_length_16356_cov_4.171360-abinit-gene-0.9-mRNA-1","NODE_1181_length_16356_cov_4.171360","genemark",[[1,10593,10621,-1,"M28","NODE_1181_length_16356_cov_4.171360:hsp:464099:4.5.0.0","NODE_1181_length_16356_cov_4.171360","genemark","genemark-NODE_1181_length_16356_cov_4.171360-abinit-gene-0.9-mRNA-1 3645 3672 +","match_part"],[1,9922,10506,-1,"M584","NODE_1181_length_16356_cov_4.171360:hsp:464100:4.5.0.0","NODE_1181_length_16356_cov_4.171360","genemark","genemark-NODE_1181_length_16356_cov_4.171360-abinit-gene-0.9-mRNA-1 3061 3644 +","match_part"],[1,9596,9827,-1,"M231","NODE_1181_length_16356_cov_4.171360:hsp:464101:4.5.0.0","NODE_1181_length_16356_cov_4.171360","genemark","genemark-NODE_1181_length_16356_cov_4.171360-abinit-gene-0.9-mRNA-1 2830 3060 +","match_part"],[1,9057,9493,-1,"M436","NODE_1181_length_16356_cov_4.171360:hsp:464102:4.5.0.0","NODE_1181_length_16356_cov_4.171360","genemark","genemark-NODE_1181_length_16356_cov_4.171360-abinit-gene-0.9-mRNA-1 2394 2829 +","match_part"],[1,8722,8999,-1,"M277","NODE_1181_length_16356_cov_4.171360:hsp:464103:4.5.0.0","NODE_1181_length_16356_cov_4.171360","genemark","genemark-NODE_1181_length_16356_cov_4.171360-abinit-gene-0.9-mRNA-1 2117 2393 +","match_part"],[1,8389,8633,-1,"M244","NODE_1181_length_16356_cov_4.171360:hsp:464104:4.5.0.0","NODE_1181_length_16356_cov_4.171360","genemark","genemark-NODE_1181_length_16356_cov_4.171360-abinit-gene-0.9-mRNA-1 1873 2116 +","match_part"],[1,8022,8290,-1,"M268","NODE_1181_length_16356_cov_4.171360:hsp:464105:4.5.0.0","NODE_1181_length_16356_cov_4.171360","genemark","genemark-NODE_1181_length_16356_cov_4.171360-abinit-gene-0.9-mRNA-1 1605 1872 +","match_part"],[1,7168,7963,-1,"M795","NODE_1181_length_16356_cov_4.171360:hsp:464106:4.5.0.0","NODE_1181_length_16356_cov_4.171360","genemark","genemark-NODE_1181_length_16356_cov_4.171360-abinit-gene-0.9-mRNA-1 810 1604 +","match_part"],[1,6948,7079,-1,"M131","NODE_1181_length_16356_cov_4.171360:hsp:464107:4.5.0.0","NODE_1181_length_16356_cov_4.171360","genemark","genemark-NODE_1181_length_16356_cov_4.171360-abinit-gene-0.9-mRNA-1 679 809 +","match_part"],[1,6672,6861,-1,"M189","NODE_1181_length_16356_cov_4.171360:hsp:464108:4.5.0.0","NODE_1181_length_16356_cov_4.171360","genemark","genemark-NODE_1181_length_16356_cov_4.171360-abinit-gene-0.9-mRNA-1 490 678 +","match_part"],[1,6107,6596,-1,"M489","NODE_1181_length_16356_cov_4.171360:hsp:464109:4.5.0.0","NODE_1181_length_16356_cov_4.171360","genemark","genemark-NODE_1181_length_16356_cov_4.171360-abinit-gene-0.9-mRNA-1 1 489 +","match_part"]],"16356","match"],[0,10700,11146,1,"NODE_1181_length_16356_cov_4.171360:hit:91375:4.5.0.0","genemark-NODE_1181_length_16356_cov_4.171360-abinit-gene-0.5-mRNA-1","NODE_1181_length_16356_cov_4.171360","genemark",[[1,10700,10847,1,"M147","NODE_1181_length_16356_cov_4.171360:hsp:464117:4.5.0.0","NODE_1181_length_16356_cov_4.171360","genemark","genemark-NODE_1181_length_16356_cov_4.171360-abinit-gene-0.5-mRNA-1 1 147 +","match_part"],[1,10888,11146,1,"M258","NODE_1181_length_16356_cov_4.171360:hsp:464118:4.5.0.0","NODE_1181_length_16356_cov_4.171360","genemark","genemark-NODE_1181_length_16356_cov_4.171360-abinit-gene-0.5-mRNA-1 148 405 +","match_part"]],