{"featureCount":2,"formatVersion":1,"histograms":{"meta":[{"arrayParams":{"chunkSize":10000,"length":1,"urlTemplate":"hist-20000-{Chunk}.json"},"basesPerBin":"20000"}],"stats":[{"basesPerBin":"20000","max":2,"mean":2}]},"intervals":{"classes":[{"attributes":["Start","End","Strand","Id","Name","Score","Seq_id","Source","Subfeatures","Target_length","Type"],"isArrayAttr":{"Subfeatures":1}},{"attributes":["Start","End","Strand","Gap","Id","Score","Seq_id","Source","Target","Type"],"isArrayAttr":{}},{"attributes":["Start","End","Chunk"],"isArrayAttr":{"Sublist":1}}],"count":2,"lazyClass":2,"maxEnd":8047,"minStart":3171,"nclist":[[0,3171,4827,-1,"NODE_1536_length_13966_cov_8.391590:hit:106634:4.5.0.0","augustus-NODE_1536_length_13966_cov_8.391590-abinit-gene-0.21-mRNA-1",0.4,"NODE_1536_length_13966_cov_8.391590","augustus",[[1,3171,4827,-1,"M1656","NODE_1536_length_13966_cov_8.391590:hsp:533743:4.5.0.0",0.4,"NODE_1536_length_13966_cov_8.391590","augustus","augustus-NODE_1536_length_13966_cov_8.391590-abinit-gene-0.21-mRNA-1 1 1656 +","match_part"]],"13966","match"],[0,6854,8047,-1,"NODE_1536_length_13966_cov_8.391590:hit:106638:4.5.0.0","augustus-NODE_1536_length_13966_cov_8.391590-abinit-gene-0.22-mRNA-1",0.08,"NODE_1536_length_13966_cov_8.391590","augustus",[[1,8027,8047,-1,"M20","NODE_1536_length_13966_cov_8.391590:hsp:533758:4.5.0.0",0.08,"NODE_1536_length_13966_cov_8.391590","augustus","augustus-NODE_1536_length_13966_cov_8.391590-abinit-gene-0.22-mRNA-1 641 660 +","match_part"],[1,7905,7923,-1,"M18","NODE_1536_length_13966_cov_8.391590:hsp:533759:4.5.0.0",0.08,"NODE_1536_length_13966_cov_8.391590","augustus","augustus-NODE_1536_length_13966_cov_8.391590-abinit-gene-0.22-mRNA-1 623 640 +","match_part"],[1,7682,7828,-1,"M146","NODE_1536_length_13966_cov_8.391590:hsp:533760:4.5.0.0",0.08,"NODE_1536_length_13966_cov_8.391590","augustus","augustus-NODE_1536_length_13966_cov_8.391590-abinit-gene-0.22-mRNA-1 477 622 +","match_part"],[1,7509,7619,-1,"M110","NODE_1536_length_13966_cov_8.391590:hsp:533761:4.5.0.0",0.08,"NODE_1536_length_13966_cov_8.391590","augustus","augustus-NODE_1536_length_13966_cov_8.391590-abinit-gene-0.22-mRNA-1 367 476 +","match_part"],[1,7336,7431,-1,"M95","NODE_1536_length_13966_cov_8.391590:hsp:533762:4.5.0.0",0.08,"NODE_1536_length_13966_cov_8.391590","augustus","augustus-NODE_1536_length_13966_cov_8.391590-abinit-gene-0.22-mRNA-1 272 366 +","match_part"],[1,7211,7277,-1,"M66","NODE_1536_length_13966_cov_8.391590:hsp:533763:4.5.0.0",0.08,"NODE_1536_length_13966_cov_8.391590","augustus","augustus-NODE_1536_length_13966_cov_8.391590-abinit-gene-0.22-mRNA-1 206 271 +","match_part"],[1,7078,7154,-1,"M76","NODE_1536_length_13966_cov_8.391590:hsp:533764:4.5.0.0",0.08,"NODE_1536_length_13966_cov_8.391590","augustus","augustus-NODE_1536_length_13966_cov_8.391590-abinit-gene-0.22-mRNA-1 130 205 +","match_part"],[1,6854,6983,-1,"M129","NODE_1536_length_13966_cov_8.391590:hsp:533765:4.5.0.0",0.08,"NODE_1536_length_13966_cov_8.391590","augustus","augustus-NODE_1536_length_13966_cov_8.391590-abinit-gene-0.22-mRNA-1 1 129 +","match_part"]],"13966","match"]],"urlTemplate":"lf-{Chunk}.json"}}