{"featureCount":5,"formatVersion":1,"histograms":{"meta":[{"arrayParams":{"chunkSize":10000,"length":2,"urlTemplate":"hist-5000-{Chunk}.json"},"basesPerBin":"5000"}],"stats":[{"basesPerBin":"5000","max":4,"mean":2.5}]},"intervals":{"classes":[{"attributes":["Start","End","Strand","Id","Name","Score","Seq_id","Source","Subfeatures","Target_length","Type"],"isArrayAttr":{"Subfeatures":1}},{"attributes":["Start","End","Strand","Gap","Id","Score","Seq_id","Source","Target","Type"],"isArrayAttr":{}},{"attributes":["Start","End","Chunk"],"isArrayAttr":{"Sublist":1}}],"count":5,"lazyClass":2,"maxEnd":7311,"minStart":1260,"nclist":[[0,1260,1967,-1,"NODE_2397_length_9941_cov_6.265539:hit:11428:3.2.0.0","TRINITY_DN4648_c0_g1_i4",134,"NODE_2397_length_9941_cov_6.265539","blastn",[[1,1767,1967,-1,"M200","NODE_2397_length_9941_cov_6.265539:hsp:49965:3.2.0.0",134,"NODE_2397_length_9941_cov_6.265539","blastn","TRINITY_DN4648_c0_g1_i4 8 207 +","match_part"],[1,1295,1603,-1,"M239 I1 M35 D3 M31","NODE_2397_length_9941_cov_6.265539:hsp:49966:3.2.0.0",173,"NODE_2397_length_9941_cov_6.265539","blastn","TRINITY_DN4648_c0_g1_i4 304 609 +","match_part"],[1,1295,1363,-1,"M68","NODE_2397_length_9941_cov_6.265539:hsp:49967:3.2.0.0",38,"NODE_2397_length_9941_cov_6.265539","blastn","TRINITY_DN4648_c0_g1_i4 614 681 +","match_part"],[1,1260,1363,-1,"M103","NODE_2397_length_9941_cov_6.265539:hsp:49968:3.2.0.0",73,"NODE_2397_length_9941_cov_6.265539","blastn","TRINITY_DN4648_c0_g1_i4 287 389 +","match_part"],[1,1295,1336,-1,"M41","NODE_2397_length_9941_cov_6.265539:hsp:49969:3.2.0.0",35,"NODE_2397_length_9941_cov_6.265539","blastn","TRINITY_DN4648_c0_g1_i4 242 282 +","match_part"]],"727","expressed_sequence_match",{"Sublist":[[0,1260,1586,-1,"NODE_2397_length_9941_cov_6.265539:hit:11427:3.2.0.0","TRINITY_DN4648_c0_g1_i3",132,"NODE_2397_length_9941_cov_6.265539","blastn",[[1,1406,1586,-1,"M180","NODE_2397_length_9941_cov_6.265539:hsp:49963:3.2.0.0",132,"NODE_2397_length_9941_cov_6.265539","blastn","TRINITY_DN4648_c0_g1_i3 3 182 +","match_part"],[1,1260,1331,-1,"M71","NODE_2397_length_9941_cov_6.265539:hsp:49964:3.2.0.0",59,"NODE_2397_length_9941_cov_6.265539","blastn","TRINITY_DN4648_c0_g1_i3 1 71 +","match_part"]],"199","expressed_sequence_match"]]}],[0,1293,1967,-1,"NODE_2397_length_9941_cov_6.265539:hit:11429:3.2.0.0","TRINITY_DN4648_c0_g1_i6",134,"NODE_2397_length_9941_cov_6.265539","blastn",[[1,1767,1967,-1,"M200","NODE_2397_length_9941_cov_6.265539:hsp:49970:3.2.0.0",134,"NODE_2397_length_9941_cov_6.265539","blastn","TRINITY_DN4648_c0_g1_i6 8 207 +","match_part"],[1,1295,1363,-1,"M68","NODE_2397_length_9941_cov_6.265539:hsp:49971:3.2.0.0",44,"NODE_2397_length_9941_cov_6.265539","blastn","TRINITY_DN4648_c0_g1_i6 359 426 +","match_part"],[1,1293,1363,-1,"M70","NODE_2397_length_9941_cov_6.265539:hsp:49972:3.2.0.0",46,"NODE_2397_length_9941_cov_6.265539","blastn","TRINITY_DN4648_c0_g1_i6 287 356 +","match_part"],[1,1293,1336,-1,"M43","NODE_2397_length_9941_cov_6.265539:hsp:49973:3.2.0.0",37,"NODE_2397_length_9941_cov_6.265539","blastn","TRINITY_DN4648_c0_g1_i6 242 284 +","match_part"]],"426","expressed_sequence_match"],[0,1295,1967,-1,"NODE_2397_length_9941_cov_6.265539:hit:11430:3.2.0.0","TRINITY_DN4648_c0_g1_i7",134,"NODE_2397_length_9941_cov_6.265539","blastn",[[1,1767,1967,-1,"M200","NODE_2397_length_9941_cov_6.265539:hsp:49974:3.2.0.0",134,"NODE_2397_length_9941_cov_6.265539","blastn","TRINITY_DN4648_c0_g1_i7 8 207 +","match_part"],[1,1295,1363,-1,"M68","NODE_2397_length_9941_cov_6.265539:hsp:49975:3.2.0.0",38,"NODE_2397_length_9941_cov_6.265539","blastn","TRINITY_DN4648_c0_g1_i7 354 421 +","match_part"],[1,1295,1336,-1,"M41","NODE_2397_length_9941_cov_6.265539:hsp:49976:3.2.0.0",35,"NODE_2397_length_9941_cov_6.265539","blastn","TRINITY_DN4648_c0_g1_i7 242 282 +","match_part"],[1,1295,1326,-1,"M31","NODE_2397_length_9941_cov_6.265539:hsp:49977:3.2.0.0",31,"NODE_2397_length_9941_cov_6.265539","blastn","TRINITY_DN4648_c0_g1_i7 319 349 +","match_part"]],"421","expressed_sequence_match"],[0,7057,7311,1,"NODE_2397_length_9941_cov_6.265539:hit:11431:3.2.0.0","TRINITY_DN19058_c0_g1_i1",143,"NODE_2397_length_9941_cov_6.265539","blastn",[[1,7057,7311,1,"M131 D3 M31 I1 M89","NODE_2397_length_9941_cov_6.265539:hsp:49978:3.2.0.0",143,"NODE_2397_length_9941_cov_6.265539","blastn","TRINITY_DN19058_c0_g1_i1 4 255 +","match_part"]],"255","expressed_sequence_match"]],"urlTemplate":"lf-{Chunk}.json"}}