{"featureCount":5,"formatVersion":1,"histograms":{"meta":[{"arrayParams":{"chunkSize":10000,"length":2,"urlTemplate":"hist-10000-{Chunk}.json"},"basesPerBin":"10000"}],"stats":[{"basesPerBin":"10000","max":3,"mean":3}]},"intervals":{"classes":[{"attributes":["Start","End","Strand","Id","Name","Seq_id","Source","Subfeatures","Target_length","Type"],"isArrayAttr":{"Subfeatures":1}},{"attributes":["Start","End","Strand","Gap","Id","Seq_id","Source","Target","Type"],"isArrayAttr":{}},{"attributes":["Start","End","Strand","Id","Seq_id","Source","Target","Type"],"isArrayAttr":{}},{"attributes":["Start","End","Chunk"],"isArrayAttr":{"Sublist":1}}],"count":5,"lazyClass":3,"maxEnd":16319,"minStart":1738,"nclist":[[0,1738,5884,-1,"NODE_763_length_20816_cov_8.439799:hit:68831:4.5.0.0","genemark-NODE_763_length_20816_cov_8.439799-abinit-gene-0.51-mRNA-1","NODE_763_length_20816_cov_8.439799","genemark",[[1,5754,5884,-1,"M130","NODE_763_length_20816_cov_8.439799:hsp:355357:4.5.0.0","NODE_763_length_20816_cov_8.439799","genemark","genemark-NODE_763_length_20816_cov_8.439799-abinit-gene-0.51-mRNA-1 2709 2838 +","match_part"],[1,5591,5686,-1,"M95","NODE_763_length_20816_cov_8.439799:hsp:355358:4.5.0.0","NODE_763_length_20816_cov_8.439799","genemark","genemark-NODE_763_length_20816_cov_8.439799-abinit-gene-0.51-mRNA-1 2614 2708 +","match_part"],[1,5396,5496,-1,"M100","NODE_763_length_20816_cov_8.439799:hsp:355359:4.5.0.0","NODE_763_length_20816_cov_8.439799","genemark","genemark-NODE_763_length_20816_cov_8.439799-abinit-gene-0.51-mRNA-1 2514 2613 +","match_part"],[1,5083,5321,-1,"M238","NODE_763_length_20816_cov_8.439799:hsp:355360:4.5.0.0","NODE_763_length_20816_cov_8.439799","genemark","genemark-NODE_763_length_20816_cov_8.439799-abinit-gene-0.51-mRNA-1 2276 2513 +","match_part"],[1,4953,5016,-1,"M63","NODE_763_length_20816_cov_8.439799:hsp:355361:4.5.0.0","NODE_763_length_20816_cov_8.439799","genemark","genemark-NODE_763_length_20816_cov_8.439799-abinit-gene-0.51-mRNA-1 2213 2275 +","match_part"],[1,4809,4880,-1,"M71","NODE_763_length_20816_cov_8.439799:hsp:355362:4.5.0.0","NODE_763_length_20816_cov_8.439799","genemark","genemark-NODE_763_length_20816_cov_8.439799-abinit-gene-0.51-mRNA-1 2142 2212 +","match_part"],[1,4581,4692,-1,"M111","NODE_763_length_20816_cov_8.439799:hsp:355363:4.5.0.0","NODE_763_length_20816_cov_8.439799","genemark","genemark-NODE_763_length_20816_cov_8.439799-abinit-gene-0.51-mRNA-1 2031 2141 +","match_part"],[1,4396,4486,-1,"M90","NODE_763_length_20816_cov_8.439799:hsp:355364:4.5.0.0","NODE_763_length_20816_cov_8.439799","genemark","genemark-NODE_763_length_20816_cov_8.439799-abinit-gene-0.51-mRNA-1 1941 2030 +","match_part"],[1,4040,4312,-1,"M272","NODE_763_length_20816_cov_8.439799:hsp:355365:4.5.0.0","NODE_763_length_20816_cov_8.439799","genemark","genemark-NODE_763_length_20816_cov_8.439799-abinit-gene-0.51-mRNA-1 1669 1940 +","match_part"],[1,3881,3975,-1,"M94","NODE_763_length_20816_cov_8.439799:hsp:355366:4.5.0.0","NODE_763_length_20816_cov_8.439799","genemark","genemark-NODE_763_length_20816_cov_8.439799-abinit-gene-0.51-mRNA-1 1575 1668 +","match_part"],[1,3637,3813,-1,"M176","NODE_763_length_20816_cov_8.439799:hsp:355367:4.5.0.0","NODE_763_length_20816_cov_8.439799","genemark","genemark-NODE_763_length_20816_cov_8.439799-abinit-gene-0.51-mRNA-1 1399 1574 +","match_part"],[1,3439,3559,-1,"M120","NODE_763_length_20816_cov_8.439799:hsp:355368:4.5.0.0","NODE_763_length_20816_cov_8.439799","genemark","genemark-NODE_763_length_20816_cov_8.439799-abinit-gene-0.51-mRNA-1 1279 1398 +","match_part"],[1,3240,3365,-1,"M125","NODE_763_length_20816_cov_8.439799:hsp:355369:4.5.0.0","NODE_763_length_20816_cov_8.439799","genemark","genemark-NODE_763_length_20816_cov_8.439799-abinit-gene-0.51-mRNA-1 1154 1278 +","match_part"],[1,2990,3172,-1,"M182","NODE_763_length_20816_cov_8.439799:hsp:355370:4.5.0.0","NODE_763_length_20816_cov_8.439799","genemark","genemark-NODE_763_length_20816_cov_8.439799-abinit-gene-0.51-mRNA-1 972 1153 +","match_part"],[1,2846,2907,-1,"M61","NODE_763_length_20816_cov_8.439799:hsp:355371:4.5.0.0","NODE_763_length_20816_cov_8.439799","genemark","genemark-NODE_763_length_20816_cov_8.439799-abinit-gene-0.51-mRNA-1 911 971 +","match_part"],[1,2704,2781,-1,"M77","NODE_763_length_20816_cov_8.439799:hsp:355372:4.5.0.0","NODE_763_length_20816_cov_8.439799","genemark","genemark-NODE_763_length_20816_cov_8.439799-abinit-gene-0.51-mRNA-1 834 910 +","match_part"],[1,2433,2632,-1,"M199","NODE_763_length_20816_cov_8.439799:hsp:355373:4.5.0.0","NODE_763_length_20816_cov_8.439799","genemark","genemark-NODE_763_length_20816_cov_8.439799-abinit-gene-0.51-mRNA-1 635 833 +","match_part"],[1,1738,2372,-1,"M634","NODE_763_length_20816_cov_8.439799:hsp:355374:4.5.0.0","NODE_763_length_20816_cov_8.439799","genemark","genemark-NODE_763_length_20816_cov_8.439799-abinit-gene-0.51-mRNA-1 1 634 +","match_part"]],"20816","match"],[0,6134,7925,1,"NODE_763_length_20816_cov_8.439799:hit:68835:4.5.0.0","genemark-NODE_763_length_20816_cov_8.439799-abinit-gene-0.50-mRNA-1","NODE_763_length_20816_cov_8.439799","genemark",[[1,6134,6148,1,"M14","NODE_763_length_20816_cov_8.439799:hsp:355400:4.5.0.0","NODE_763_length_20816_cov_8.439799","genemark","genemark-NODE_763_length_20816_cov_8.439799-abinit-gene-0.50-mRNA-1 1 14 +","match_part"],[1,6227,6475,1,"M248","NODE_763_length_20816_cov_8.439799:hsp:355401:4.5.0.0","NODE_763_length_20816_cov_8.439799","genemark","genemark-NODE_763_length_20816_cov_8.439799-abinit-gene-0.50-mRNA-1 15 262 +","match_part"],[1,6554,6840,1,"M286","NODE_763_length_20816_cov_8.439799:hsp:355402:4.5.0.0","NODE_763_length_20816_cov_8.439799","genemark","genemark-NODE_763_length_20816_cov_8.439799-abinit-gene-0.50-mRNA-1 263 548 +","match_part"],[1,6916,7172,1,"M256","NODE_763_length_20816_cov_8.439799:hsp:355403:4.5.0.0","NODE_763_length_20816_cov_8.439799","genemark","genemark-NODE_763_length_20816_cov_8.439799-abinit-gene-0.50-mRNA-1 549 804 +","match_part"],[1,7241,7442,1,"M201","NODE_763_length_20816_cov_8.439799:hsp:355404:4.5.0.0","NODE_763_length_20816_cov_8.439799","genemark","genemark-NODE_763_length_20816_cov_8.439799-abinit-gene-0.50-mRNA-1 805 1005 +","match_part"],[1,7534,7696,1,"M162","NODE_763_length_20816_cov_8.439799:hsp:355405:4.5.0.0","NODE_763_length_20816_cov_8.439799","genemark","genemark-NODE_763_length_20816_cov_8.439799-abinit-gene-0.50-mRNA-1 1006 1167 +","match_part"],[1,7772,7925,1,"M153","NODE_763_length_20816_cov_8.439799:hsp:355406:4.5.0.0","NODE_763_length_20816_cov_8.439799","genemark","genemark-NODE_763_length_20816_cov_8.439799-abinit-gene-0.50-mRNA-1 1168 1320 +","match_part"]],