{"featureCount":10,"formatVersion":1,"histograms":{"meta":[{"arrayParams":{"chunkSize":10000,"length":3,"urlTemplate":"hist-20000-{Chunk}.json"},"basesPerBin":"20000"}],"stats":[{"basesPerBin":"20000","max":4,"mean":3.33333333333333}]},"intervals":{"classes":[{"attributes":["Start","End","Strand","Id","Name","Seq_id","Source","Subfeatures","Target_length","Type"],"isArrayAttr":{"Subfeatures":1}},{"attributes":["Start","End","Strand","Gap","Id","Seq_id","Source","Target","Type"],"isArrayAttr":{}},{"attributes":["Start","End","Strand","Id","Seq_id","Source","Target","Type"],"isArrayAttr":{}},{"attributes":["Start","End","Chunk"],"isArrayAttr":{"Sublist":1}}],"count":10,"lazyClass":3,"maxEnd":53799,"minStart":2073,"nclist":[[0,2073,2881,-1,"NODE_54_length_53825_cov_9.131476:hit:7469:4.5.0.0","genemark-NODE_54_length_53825_cov_9.131476-abinit-gene-0.59-mRNA-1","NODE_54_length_53825_cov_9.131476","genemark",[[1,2507,2881,-1,"M374","NODE_54_length_53825_cov_9.131476:hsp:38338:4.5.0.0","NODE_54_length_53825_cov_9.131476","genemark","genemark-NODE_54_length_53825_cov_9.131476-abinit-gene-0.59-mRNA-1 338 711 +","match_part"],[1,2073,2410,-1,"M337","NODE_54_length_53825_cov_9.131476:hsp:38339:4.5.0.0","NODE_54_length_53825_cov_9.131476","genemark","genemark-NODE_54_length_53825_cov_9.131476-abinit-gene-0.59-mRNA-1 1 337 +","match_part"]],"53825","match"],[0,5695,9146,1,"NODE_54_length_53825_cov_9.131476:hit:7472:4.5.0.0","genemark-NODE_54_length_53825_cov_9.131476-abinit-gene-0.55-mRNA-1","NODE_54_length_53825_cov_9.131476","genemark",[[1,5695,6000,1,"M305","NODE_54_length_53825_cov_9.131476:hsp:38359:4.5.0.0","NODE_54_length_53825_cov_9.131476","genemark","genemark-NODE_54_length_53825_cov_9.131476-abinit-gene-0.55-mRNA-1 1 305 +","match_part"],[1,6057,6242,1,"M185","NODE_54_length_53825_cov_9.131476:hsp:38360:4.5.0.0","NODE_54_length_53825_cov_9.131476","genemark","genemark-NODE_54_length_53825_cov_9.131476-abinit-gene-0.55-mRNA-1 306 490 +","match_part"],[1,6323,7198,1,"M875","NODE_54_length_53825_cov_9.131476:hsp:38361:4.5.0.0","NODE_54_length_53825_cov_9.131476","genemark","genemark-NODE_54_length_53825_cov_9.131476-abinit-gene-0.55-mRNA-1 491 1365 +","match_part"],[1,7271,7421,1,"M150","NODE_54_length_53825_cov_9.131476:hsp:38362:4.5.0.0","NODE_54_length_53825_cov_9.131476","genemark","genemark-NODE_54_length_53825_cov_9.131476-abinit-gene-0.55-mRNA-1 1366 1515 +","match_part"],[1,7498,8848,1,"M1350","NODE_54_length_53825_cov_9.131476:hsp:38363:4.5.0.0","NODE_54_length_53825_cov_9.131476","genemark","genemark-NODE_54_length_53825_cov_9.131476-abinit-gene-0.55-mRNA-1 1516 2865 +","match_part"],[1,8938,9024,1,"M86","NODE_54_length_53825_cov_9.131476:hsp:38364:4.5.0.0","NODE_54_length_53825_cov_9.131476","genemark","genemark-NODE_54_length_53825_cov_9.131476-abinit-gene-0.55-mRNA-1 2866 2951 +","match_part"],[1,9115,9146,1,"M31","NODE_54_length_53825_cov_9.131476:hsp:38365:4.5.0.0","NODE_54_length_53825_cov_9.131476","genemark","genemark-NODE_54_length_53825_cov_9.131476-abinit-gene-0.55-mRNA-1 2952 2982 +","match_part"]],"53825","match"],[0,14250,15682,-1,"NODE_54_length_53825_cov_9.131476:hit:7474:4.5.0.0","genemark-NODE_54_length_53825_cov_9.131476-abinit-gene-0.60-mRNA-1","NODE_54_length_53825_cov_9.131476","genemark",[[1,15465,15682,-1,"M217","NODE_54_length_53825_cov_9.131476:hsp:38374:4.5.0.0","NODE_54_length_53825_cov_9.131476","genemark","genemark-NODE_54_length_53825_cov_9.131476-abinit-gene-0.60-mRNA-1 771 987 +","match_part"],[1,15291,15397,-1,"M106","NODE_54_length_53825_cov_9.131476:hsp:38375:4.5.0.0","NODE_54_length_53825_cov_9.131476","genemark","genemark-NODE_54_length_53825_cov_9.131476-abinit-gene-0.60-mRNA-1 665 770 +","match_part"],[1,15144,15216,-1,"M72","NODE_54_length_53825_cov_9.131476:hsp:38376:4.5.0.0","NODE_54_length_53825_cov_9.131476","genemark","genemark-NODE_54_length_53825_cov_9.131476-abinit-gene-0.60-mRNA-1 593 664 +","match_part"],[1,14862,15083,-1,"M221","NODE_54_length_53825_cov_9.131476:hsp:38377:4.5.0.0","NODE_54_length_53825_cov_9.131476","genemark","genemark-NODE_54_length_53825_cov_9.131476-abinit-gene-0.60-mRNA-1 372 592 +","match_part"],[1,14741,14810,-1,"M69","NODE_54_length_53825_cov_9.131476:hsp:38378:4.5.0.0","NODE_54_length_53825_cov_9.131476","genemark","genemark-NODE_54_length_53825_cov_9.131476-abinit-gene-0.60-mRNA-1 303 371 +","match_part"],[1,14619,14691,-1,"M72","NODE_54_length_53825_cov_9.131476:hsp:38379:4.5.0.0","NODE_54_length_53825_cov_9.131476","genemark","genemark-NODE_54_length_53825_cov_9.131476-abinit-gene-0.60-mRNA-1 231 302 +","match_part"],[1,14489,14539,-1,"M50","NODE_54_length_53825_cov_9.131476:hsp:38380:4.5.0.0","NODE_54_length_53825_cov_9.131476","genemark","genemark-NODE_54_length_53825_cov_9.131476-abinit-gene-0.60-mRNA-1 181 230 +","match_part"],[1,14250,14430,-1,"M180","NODE_54_length_53825_cov_9.131476:hsp:38381:4.5.0.0","NODE_54_length_53825_cov_9.131476","genemark","genemark-NODE_54_length_53825_cov_9.131476-abinit-gene-0.60-mRNA-1 1 180 +","match_part"]],"53825","match"],[0,24283,26026,-1,"NODE_54_length_53825_cov_9.131476:hit:7477:4.5.0.0","genemark-NODE_54_length_53825_cov_9.131476-abinit-gene-0.61-mRNA-1","NODE_54_length_53825_cov_9.131476","genemark",[[1,25959,26026,-1,"M67","NODE_54_length_53825_cov_9.131476:hsp:38393:4.5.0.0","NODE_54_length_53825_cov_9.131476","genemark","genemark-NODE_54_length_53825_cov_9.131476-abinit-gene-0.61-mRNA-1 867 933 +","match_part"],[1,25850,25883,-1,"M33","NODE_54_length_53825_cov_9.131476:hsp:38394:4.5.0.0","NODE_54_length_53825_cov_9.131476","genemark","genemark-NODE_54_length_53825_cov_9.131476-abinit-gene-0.61-mRNA-1 834 866 +","match_part"],[1,25721,25762,-1,"M41","NODE_54_length_53825_cov_9.131476:hsp:38395:4.5.0.0","NODE_54_length_53825_cov_9.131476","genemark","genemark-NODE_54_length_53825_cov_9.131476-abinit-gene-0.61-mRNA-1 793 833 +","match_part"],[1,25480,25616,-1,"M136","NODE_54_length_53825_cov_9.131476:hsp:38396:4.5.0.0","NODE_54_length_53825_cov_9.131476","genemark","genemark-NODE_54_length_53825_cov_9.131476-abinit-gene-0.61-mRNA-1 657 792 +","match_part"],[1,25282,25395,-1,"M113","NODE_54_length_53825_cov_9.131476:hsp:38397:4.5.0.0","NODE_54_length_53825_cov_9.131476","genemark","genemark-NODE_54_length_53825_cov_9.131476-abinit-gene-0.61-mRNA-1 544 656 +","match_part"],[1,25140,25209,-1,"M69","NODE_54_length_53825_cov_9.131476:hsp:38398:4.5.0.0","NODE_54_length_53825_cov_9.131476","genemark","genemark-NODE_54_length_53825_cov_9.131476-abinit-gene-0.61-mRNA-1 475 543 +","match_part"],[1,24994,25058,-1,"M64","NODE_54_length_53825_cov_9.131476:hsp:38399:4.5.0.0","NODE_54_length_53825_cov_9.131476","genemark","genemark-NODE_54_length_53825_cov_9.131476-abinit-gene-0.61-mRNA-1 411 474 +","match_part"],[1,24815,24901,-1,"M86","NODE_54_length_53825_cov_9.131476:hsp:38400:4.5.0.0","NODE_54_length_53825_cov_9.131476","genemark","genemark-NODE_54_length_53825_cov_9.131476-abinit-gene-0.61-mRNA-1 325 410 +","match_part"],[1,24465,24706,-1,"M241","NODE_54_length_53825_cov_9.131476:hsp:38401:4.5.0.0","NODE_54_length_53825_cov_9.131476","genemark","genemark-NODE_54_length_53825_cov_9.131476-abinit-gene-0.61-mRNA-1 84 324 +","match_part"],[1,24283,24366,-1,"M83","NODE_54_length_53825_cov_9.131476:hsp:38402:4.5.0.0","NODE_54_length_53825_cov_9.131476","genemark","genemark-NODE_54_length_53825_cov_9.131476-abinit-gene-0.61-mRNA-1 1 83 +","match_part"]],