{"featureCount":5,"formatVersion":1,"histograms":{"meta":[{"arrayParams":{"chunkSize":10000,"length":2,"urlTemplate":"hist-5000-{Chunk}.json"},"basesPerBin":"5000"}],"stats":[{"basesPerBin":"5000","max":3,"mean":2.5}]},"intervals":{"classes":[{"attributes":["Start","End","Strand","Id","Name","Score","Seq_id","Source","Subfeatures","Target_length","Type"],"isArrayAttr":{"Subfeatures":1}},{"attributes":["Start","End","Strand","Gap","Id","Score","Seq_id","Source","Target","Type"],"isArrayAttr":{}},{"attributes":["Start","End","Chunk"],"isArrayAttr":{"Sublist":1}}],"count":5,"lazyClass":2,"maxEnd":8412,"minStart":2065,"nclist":[[0,2065,3554,-1,"NODE_1298_length_15559_cov_4.818541:hit:96866:3.10.0.0","sp|Q4PEQ5.1|MCA1_USTMA",134,"NODE_1298_length_15559_cov_4.818541","blastx",[[1,3038,3554,-1,"M16 D24 M22 D27 M17 D1 M30 D25 M10","NODE_1298_length_15559_cov_4.818541:hsp:489696:3.10.0.0",179,"NODE_1298_length_15559_cov_4.818541","blastx","sp|Q4PEQ5.1|MCA1_USTMA 103 197","match_part"],[1,2824,2980,-1,"M52","NODE_1298_length_15559_cov_4.818541:hsp:489697:3.10.0.0",181,"NODE_1298_length_15559_cov_4.818541","blastx","sp|Q4PEQ5.1|MCA1_USTMA 196 247","match_part"],[1,2295,2742,-1,"M14 D47 M88","NODE_1298_length_15559_cov_4.818541:hsp:489698:3.10.0.0",186,"NODE_1298_length_15559_cov_4.818541","blastx","sp|Q4PEQ5.1|MCA1_USTMA 248 349","match_part"],[1,2065,2200,-1,"M45","NODE_1298_length_15559_cov_4.818541:hsp:489699:3.10.0.0",134,"NODE_1298_length_15559_cov_4.818541","blastx","sp|Q4PEQ5.1|MCA1_USTMA 348 392","match_part"]],"402","protein_match"],[0,2065,3554,-1,"NODE_1298_length_15559_cov_4.818541:hit:96867:3.10.0.0","sp|P0CM58.1|MCA1_CRYNJ",152,"NODE_1298_length_15559_cov_4.818541","blastx",[[1,3038,3554,-1,"M16 D24 M23 D26 M16 D1 M31 D25 M10","NODE_1298_length_15559_cov_4.818541:hsp:489700:3.10.0.0",262,"NODE_1298_length_15559_cov_4.818541","blastx","sp|P0CM58.1|MCA1_CRYNJ 156 251","match_part"],[1,2824,2953,-1,"M24 I6 M19","NODE_1298_length_15559_cov_4.818541:hsp:489701:3.10.0.0",121,"NODE_1298_length_15559_cov_4.818541","blastx","sp|P0CM58.1|MCA1_CRYNJ 259 307","match_part"],[1,2214,2571,-1,"M14 I1 M40 I1 M45 D2 M18","NODE_1298_length_15559_cov_4.818541:hsp:489702:3.10.0.0",272,"NODE_1298_length_15559_cov_4.818541","blastx","sp|P0CM58.1|MCA1_CRYNJ 317 435","match_part"],[1,2065,2260,-1,"M20 I5 M45","NODE_1298_length_15559_cov_4.818541:hsp:489703:3.10.0.0",152,"NODE_1298_length_15559_cov_4.818541","blastx","sp|P0CM58.1|MCA1_CRYNJ 384 453","match_part"]],"463","protein_match"],[0,2065,3554,-1,"NODE_1298_length_15559_cov_4.818541:hit:96868:3.10.0.0","sp|P0CM59.1|MCA1_CRYNB",152,"NODE_1298_length_15559_cov_4.818541","blastx",[[1,3038,3554,-1,"M16 D24 M23 D26 M16 D1 M31 D25 M10","NODE_1298_length_15559_cov_4.818541:hsp:489704:3.10.0.0",262,"NODE_1298_length_15559_cov_4.818541","blastx","sp|P0CM59.1|MCA1_CRYNB 156 251","match_part"],[1,2824,2953,-1,"M24 I6 M19","NODE_1298_length_15559_cov_4.818541:hsp:489705:3.10.0.0",121,"NODE_1298_length_15559_cov_4.818541","blastx","sp|P0CM59.1|MCA1_CRYNB 259 307","match_part"],[1,2214,2571,-1,"M14 I1 M40 I1 M45 D2 M18","NODE_1298_length_15559_cov_4.818541:hsp:489706:3.10.0.0",272,"NODE_1298_length_15559_cov_4.818541","blastx","sp|P0CM59.1|MCA1_CRYNB 317 435","match_part"],[1,2065,2260,-1,"M20 I5 M45","NODE_1298_length_15559_cov_4.818541:hsp:489707:3.10.0.0",152,"NODE_1298_length_15559_cov_4.818541","blastx","sp|P0CM59.1|MCA1_CRYNB 384 453","match_part"]],"463","protein_match"],[0,7385,8412,1,"NODE_1298_length_15559_cov_4.818541:hit:96869:3.10.0.0","sp|A8PZS4.1|EIF3F_MALGO",113,"NODE_1298_length_15559_cov_4.818541","blastx",[[1,7385,7556,1,"M9 I3 M40 D2 M6","NODE_1298_length_15559_cov_4.818541:hsp:489708:3.10.0.0",113,"NODE_1298_length_15559_cov_4.818541","blastx","sp|A8PZS4.1|EIF3F_MALGO 15 72","match_part"],[1,7609,7738,1,"M15 I2 M28","NODE_1298_length_15559_cov_4.818541:hsp:489709:3.10.0.0",108,"NODE_1298_length_15559_cov_4.818541","blastx","sp|A8PZS4.1|EIF3F_MALGO 71 115","match_part"],[1,7821,8412,1,"M32 I5 M4 I1 M12 D1 M33 D15 M16 D13 M59 I11 M12","NODE_1298_length_15559_cov_4.818541:hsp:489710:3.10.0.0",206,"NODE_1298_length_15559_cov_4.818541","blastx","sp|A8PZS4.1|EIF3F_MALGO 116 300","match_part"]],"300","protein_match",{"Sublist":[[0,7412,8325,1,"NODE_1298_length_15559_cov_4.818541:hit:96870:3.10.0.0","sp|Q4PI88.1|EIF3F_USTMA",108,"NODE_1298_length_15559_cov_4.818541","blastx",[[1,7412,7556,1,"M40 D2 M6","NODE_1298_length_15559_cov_4.818541:hsp:489711:3.10.0.0",108,"NODE_1298_length_15559_cov_4.818541","blastx","sp|Q4PI88.1|EIF3F_USTMA 26 71","match_part"],[1,7606,7738,1,"M17 I2 M27","NODE_1298_length_15559_cov_4.818541:hsp:489712:3.10.0.0",100,"NODE_1298_length_15559_cov_4.818541","blastx","sp|Q4PI88.1|EIF3F_USTMA 69 114","match_part"],[1,7821,8325,1,"M33 I7 M15 D1 M39 D6 M9 D21 M44","NODE_1298_length_15559_cov_4.818541:hsp:489713:3.10.0.0",257,"NODE_1298_length_15559_cov_4.818541","blastx","sp|Q4PI88.1|EIF3F_USTMA 115 261","match_part"]],"301","protein_match"]]}]],"urlTemplate":"lf-{Chunk}.json"}}