{"featureCount":10,"formatVersion":1,"histograms":{"meta":[{"arrayParams":{"chunkSize":10000,"length":4,"urlTemplate":"hist-500-{Chunk}.json"},"basesPerBin":"500"}],"stats":[{"basesPerBin":"500","max":10,"mean":5.75}]},"intervals":{"classes":[{"attributes":["Start","End","Strand","Aligned_coverage","Aligned_identity","Id","Name","Score","Seq_id","Source","Subfeatures","Target_length","Type"],"isArrayAttr":{"Subfeatures":1}},{"attributes":["Start","End","Strand","Gap","Id","Score","Seq_id","Source","Target","Type"],"isArrayAttr":{}},{"attributes":["Start","End","Chunk"],"isArrayAttr":{"Sublist":1}}],"count":10,"lazyClass":2,"maxEnd":1502,"minStart":37,"nclist":[[0,37,1502,-1,"85.02","96.9","NODE_12005_length_1505_cov_2.831762:hit:31:3.2.0.0","TRINITY_DN1632_c0_g1_i24",6119,"NODE_12005_length_1505_cov_2.831762","est2genome",[[1,981,1502,-1,"M124 D3 M149 I6 M20 I3 M104 I1 M36 D1 M84","NODE_12005_length_1505_cov_2.831762:hsp:88:3.2.0.0",6119,"NODE_12005_length_1505_cov_2.831762","est2genome","TRINITY_DN1632_c0_g1_i24 233 759 +","match_part"],[1,152,895,-1,"M330 I1 M385 I1 M28","NODE_12005_length_1505_cov_2.831762:hsp:89:3.2.0.0",6119,"NODE_12005_length_1505_cov_2.831762","est2genome","TRINITY_DN1632_c0_g1_i24 760 1504 +","match_part"],[1,37,82,-1,"M45","NODE_12005_length_1505_cov_2.831762:hsp:90:3.2.0.0",6119,"NODE_12005_length_1505_cov_2.831762","est2genome","TRINITY_DN1632_c0_g1_i24 1505 1549 +","match_part"]],"1549","expressed_sequence_match",{"Sublist":[[0,44,773,1,"99.5","87.8","NODE_12005_length_1505_cov_2.831762:hit:32:3.2.0.0","TRINITY_DN10368_c0_g1_i1",2249,"NODE_12005_length_1505_cov_2.831762","est2genome",[[1,44,76,1,"M32","NODE_12005_length_1505_cov_2.831762:hsp:91:3.2.0.0",2249,"NODE_12005_length_1505_cov_2.831762","est2genome","TRINITY_DN10368_c0_g1_i1 4 35 +","match_part"],[1,147,316,1,"M6 I1 M35 D3 M125","NODE_12005_length_1505_cov_2.831762:hsp:92:3.2.0.0",2249,"NODE_12005_length_1505_cov_2.831762","est2genome","TRINITY_DN10368_c0_g1_i1 36 202 +","match_part"],[1,383,773,1,"M31 D1 M1 D3 M50 D9 M35 I10 M48 D2 M1 D1 M45 I3 M3 I4 M9 I4 M4 I9 M72 D2 M73","NODE_12005_length_1505_cov_2.831762:hsp:93:3.2.0.0",2249,"NODE_12005_length_1505_cov_2.831762","est2genome","TRINITY_DN10368_c0_g1_i1 203 604 +","match_part"]],"604","expressed_sequence_match"],[0,44,773,1,"99.43","89","NODE_12005_length_1505_cov_2.831762:hit:33:3.2.0.0","TRINITY_DN10368_c0_g1_i2",1969,"NODE_12005_length_1505_cov_2.831762","est2genome",[[1,44,76,1,"M32","NODE_12005_length_1505_cov_2.831762:hsp:94:3.2.0.0",1969,"NODE_12005_length_1505_cov_2.831762","est2genome","TRINITY_DN10368_c0_g1_i2 4 35 +","match_part"],[1,147,316,1,"M6 I1 M35 D3 M125","NODE_12005_length_1505_cov_2.831762:hsp:95:3.2.0.0",1969,"NODE_12005_length_1505_cov_2.831762","est2genome","TRINITY_DN10368_c0_g1_i2 36 202 +","match_part"],[1,383,500,1,"M31 D1 M1 D3 M72 D1 M8","NODE_12005_length_1505_cov_2.831762:hsp:96:3.2.0.0",1969,"NODE_12005_length_1505_cov_2.831762","est2genome","TRINITY_DN10368_c0_g1_i2 203 314 +","match_part"],[1,576,773,1,"M34 I3 M3 I4 M9 I4 M4 I9 M72 D2 M73","NODE_12005_length_1505_cov_2.831762:hsp:97:3.2.0.0",1969,"NODE_12005_length_1505_cov_2.831762","est2genome","TRINITY_DN10368_c0_g1_i2 315 529 +","match_part"]],"529","expressed_sequence_match"],[0,297,773,1,"100","88.5","NODE_12005_length_1505_cov_2.831762:hit:34:3.2.0.0","TRINITY_DN10368_c0_g1_i3",1920,"NODE_12005_length_1505_cov_2.831762","est2genome",[[1,297,773,1,"M54 I4 M21 D4 M38 D1 M1 D3 M94 I10 M48 D2 M1 D1 M17 I1 M28 I3 M3 I4 M9 I4 M4 I9 M72 D2 M73","NODE_12005_length_1505_cov_2.831762:hsp:98:3.2.0.0",1920,"NODE_12005_length_1505_cov_2.831762","est2genome","TRINITY_DN10368_c0_g1_i3 1 498 +","match_part"]],"498","expressed_sequence_match"],[0,297,773,1,"100","86.7","NODE_12005_length_1505_cov_2.831762:hit:35:3.2.0.0","TRINITY_DN10368_c0_g1_i4",1834,"NODE_12005_length_1505_cov_2.831762","est2genome",[[1,297,773,1,"M54 I4 M21 D4 M38 D1 M1 D3 M50 D9 M35 I10 M48 D2 M1 D1 M45 I3 M3 I4 M9 I4 M4 I9 M72 D2 M73","NODE_12005_length_1505_cov_2.831762:hsp:99:3.2.0.0",1834,"NODE_12005_length_1505_cov_2.831762","est2genome","TRINITY_DN10368_c0_g1_i4 1 488 +","match_part"]],"488","expressed_sequence_match"],[0,631,1181,-1,"100","94.9","NODE_12005_length_1505_cov_2.831762:hit:36:3.2.0.0","TRINITY_DN9031_c0_g1_i5",1881,"NODE_12005_length_1505_cov_2.831762","est2genome",[[1,981,1181,-1,"M79 I1 M34 D2 M1 D1 M52 D7 M24","NODE_12005_length_1505_cov_2.831762:hsp:100:3.2.0.0",1881,"NODE_12005_length_1505_cov_2.831762","est2genome","TRINITY_DN9031_c0_g1_i5 1 191 +","match_part"],[1,631,859,-1,"M131 I1 M97","NODE_12005_length_1505_cov_2.831762:hsp:101:3.2.0.0",1881,"NODE_12005_length_1505_cov_2.831762","est2genome","TRINITY_DN9031_c0_g1_i5 192 420 +","match_part"]],"420","expressed_sequence_match"],[0,631,1181,1,"100","97","NODE_12005_length_1505_cov_2.831762:hit:37:3.2.0.0","TRINITY_DN9031_c0_g1_i2",2151,"NODE_12005_length_1505_cov_2.831762","est2genome",[[1,631,897,1,"M169 I1 M97","NODE_12005_length_1505_cov_2.831762:hsp:102:3.2.0.0",2151,"NODE_12005_length_1505_cov_2.831762","est2genome","TRINITY_DN9031_c0_g1_i2 197 463 -","match_part"],[1,983,1181,1,"M79 I1 M34 D3 M82","NODE_12005_length_1505_cov_2.831762:hsp:103:3.2.0.0",2151,"NODE_12005_length_1505_cov_2.831762","est2genome","TRINITY_DN9031_c0_g1_i2 1 196 -","match_part"]],"463","expressed_sequence_match",{"Sublist":[[0,631,1110,1,"99.79","98.7","NODE_12005_length_1505_cov_2.831762:hit:38:3.2.0.0","TRINITY_DN9031_c0_g1_i3",2317,"NODE_12005_length_1505_cov_2.831762","est2genome",[[1,631,1110,1,"M8 I1 M374 I1 M97","NODE_12005_length_1505_cov_2.831762:hsp:104:3.2.0.0",2317,"NODE_12005_length_1505_cov_2.831762","est2genome","TRINITY_DN9031_c0_g1_i3 2 482 -","match_part"]],"482","expressed_sequence_match"]]}]]}],[0,720,1502,1,"80.06","94.6","NODE_12005_length_1505_cov_2.831762:hit:39:3.2.0.0","TRINITY_DN1632_c0_g1_i12",3352,"NODE_12005_length_1505_cov_2.831762","est2genome",[[1,720,1502,1,"M124 D3 M149 I6 M20 I3 M104 I1 M36 D1 M105 I1 M28 I1 M9 I5 M4 I5 M124 I3 M75","NODE_12005_length_1505_cov_2.831762:hsp:105:3.2.0.0",3352,"NODE_12005_length_1505_cov_2.831762","est2genome","TRINITY_DN1632_c0_g1_i12 198 1000 -","match_part"]],"1003","expressed_sequence_match",{"Sublist":[[0,981,1181,1,"98.96","90","NODE_12005_length_1505_cov_2.831762:hit:40:3.2.0.0","TRINITY_DN9031_c0_g1_i4",776,"NODE_12005_length_1505_cov_2.831762","est2genome",[[1,981,1181,1,"M79 I1 M36 D1 M8 D1 M15 D1 M28 D7 M24","NODE_12005_length_1505_cov_2.831762:hsp:106:3.2.0.0",776,"NODE_12005_length_1505_cov_2.831762","est2genome","TRINITY_DN9031_c0_g1_i4 1 191 -","match_part"]],"193","expressed_sequence_match"]]}]],"urlTemplate":"lf-{Chunk}.json"}}