{"featureCount":4,"formatVersion":1,"histograms":{"meta":[{"arrayParams":{"chunkSize":10000,"length":1,"urlTemplate":"hist-500-{Chunk}.json"},"basesPerBin":"500"}],"stats":[{"basesPerBin":"500","max":4,"mean":4}]},"intervals":{"classes":[{"attributes":["Start","End","Strand","Aligned_coverage","Aligned_identity","Id","Name","Score","Seq_id","Source","Subfeatures","Target_length","Type"],"isArrayAttr":{"Subfeatures":1}},{"attributes":["Start","End","Strand","Gap","Id","Score","Seq_id","Source","Target","Type"],"isArrayAttr":{}},{"attributes":["Start","End","Chunk"],"isArrayAttr":{"Sublist":1}}],"count":4,"lazyClass":2,"maxEnd":464,"minStart":0,"nclist":[[0,0,425,-1,"85.54","96.5","NODE_9954_length_1927_cov_5.972222:hit:8619:3.2.0.0","TRINITY_DN2730_c0_g1_i1",1954,"NODE_9954_length_1927_cov_5.972222","est2genome",[[1,0,425,-1,"M84 D2 M149 I1 M25 I2 M165","NODE_9954_length_1927_cov_5.972222:hsp:20133:3.2.0.0",1954,"NODE_9954_length_1927_cov_5.972222","est2genome","TRINITY_DN2730_c0_g1_i1 73 498 -","match_part"]],"498","expressed_sequence_match",{"Sublist":[[0,0,369,-1,"83.6","97","NODE_9954_length_1927_cov_5.972222:hit:8620:3.2.0.0","TRINITY_DN2730_c0_g1_i8",1738,"NODE_9954_length_1927_cov_5.972222","est2genome",[[1,0,369,-1,"M84 D2 M283","NODE_9954_length_1927_cov_5.972222:hsp:20134:3.2.0.0",1738,"NODE_9954_length_1927_cov_5.972222","est2genome","TRINITY_DN2730_c0_g1_i8 73 439 -","match_part"]],"439","expressed_sequence_match"]]}],[0,158,464,-1,"98.39","95.8","NODE_9954_length_1927_cov_5.972222:hit:8622:3.2.0.0","TRINITY_DN2730_c0_g1_i5",1413,"NODE_9954_length_1927_cov_5.972222","est2genome",[[1,158,464,-1,"M306","NODE_9954_length_1927_cov_5.972222:hsp:20136:3.2.0.0",1413,"NODE_9954_length_1927_cov_5.972222","est2genome","TRINITY_DN2730_c0_g1_i5 1 306 -","match_part"]],"311","expressed_sequence_match",{"Sublist":[[0,158,425,-1,"100","96.3","NODE_9954_length_1927_cov_5.972222:hit:8621:3.2.0.0","TRINITY_DN2730_c0_g1_i7",1245,"NODE_9954_length_1927_cov_5.972222","est2genome",[[1,158,425,-1,"M267","NODE_9954_length_1927_cov_5.972222:hsp:20135:3.2.0.0",1245,"NODE_9954_length_1927_cov_5.972222","est2genome","TRINITY_DN2730_c0_g1_i7 1 267 -","match_part"]],"267","expressed_sequence_match"]]}]],"urlTemplate":"lf-{Chunk}.json"}}