{"featureCount":4,"formatVersion":1,"histograms":{"meta":[{"arrayParams":{"chunkSize":10000,"length":2,"urlTemplate":"hist-2000-{Chunk}.json"},"basesPerBin":"2000"}],"stats":[{"basesPerBin":"2000","max":4,"mean":2.5}]},"intervals":{"classes":[{"attributes":["Start","End","Strand","Id","Name","Score","Seq_id","Source","Subfeatures","Target_length","Type"],"isArrayAttr":{"Subfeatures":1}},{"attributes":["Start","End","Strand","Gap","Id","Score","Seq_id","Source","Target","Type"],"isArrayAttr":{}},{"attributes":["Start","End","Chunk"],"isArrayAttr":{"Sublist":1}}],"count":4,"lazyClass":2,"maxEnd":2207,"minStart":8,"nclist":[[0,8,1079,1,"NODE_6172_length_3915_cov_8.000792:hit:2125:3.2.0.0","TRINITY_DN4980_c0_g1_i3",59,"NODE_6172_length_3915_cov_8.000792","blastn",[[1,8,67,1,"M59","NODE_6172_length_3915_cov_8.000792:hsp:6197:3.2.0.0",59,"NODE_6172_length_3915_cov_8.000792","blastn","TRINITY_DN4980_c0_g1_i3 108 166 +","match_part"],[1,141,200,1,"M59","NODE_6172_length_3915_cov_8.000792:hsp:6198:3.2.0.0",59,"NODE_6172_length_3915_cov_8.000792","blastn","TRINITY_DN4980_c0_g1_i3 166 224 +","match_part"],[1,270,1079,1,"M809","NODE_6172_length_3915_cov_8.000792:hsp:6199:3.2.0.0",797,"NODE_6172_length_3915_cov_8.000792","blastn","TRINITY_DN4980_c0_g1_i3 225 1033 +","match_part"]],"1039","expressed_sequence_match",{"Sublist":[[0,8,982,1,"NODE_6172_length_3915_cov_8.000792:hit:2124:3.2.0.0","TRINITY_DN4980_c0_g1_i6",59,"NODE_6172_length_3915_cov_8.000792","blastn",[[1,8,67,1,"M59","NODE_6172_length_3915_cov_8.000792:hsp:6194:3.2.0.0",59,"NODE_6172_length_3915_cov_8.000792","blastn","TRINITY_DN4980_c0_g1_i6 108 166 +","match_part"],[1,141,200,1,"M59","NODE_6172_length_3915_cov_8.000792:hsp:6195:3.2.0.0",59,"NODE_6172_length_3915_cov_8.000792","blastn","TRINITY_DN4980_c0_g1_i6 166 224 +","match_part"],[1,270,982,1,"M712","NODE_6172_length_3915_cov_8.000792:hsp:6196:3.2.0.0",694,"NODE_6172_length_3915_cov_8.000792","blastn","TRINITY_DN4980_c0_g1_i6 225 936 +","match_part"]],"1064","expressed_sequence_match",{"Sublist":[[0,8,970,1,"NODE_6172_length_3915_cov_8.000792:hit:2126:3.2.0.0","TRINITY_DN4980_c0_g1_i5",59,"NODE_6172_length_3915_cov_8.000792","blastn",[[1,8,67,1,"M59","NODE_6172_length_3915_cov_8.000792:hsp:6200:3.2.0.0",59,"NODE_6172_length_3915_cov_8.000792","blastn","TRINITY_DN4980_c0_g1_i5 108 166 +","match_part"],[1,141,200,1,"M59","NODE_6172_length_3915_cov_8.000792:hsp:6201:3.2.0.0",59,"NODE_6172_length_3915_cov_8.000792","blastn","TRINITY_DN4980_c0_g1_i5 166 224 +","match_part"],[1,270,347,1,"M77","NODE_6172_length_3915_cov_8.000792:hsp:6202:3.2.0.0",77,"NODE_6172_length_3915_cov_8.000792","blastn","TRINITY_DN4980_c0_g1_i5 225 301 +","match_part"],[1,411,970,1,"M559","NODE_6172_length_3915_cov_8.000792:hsp:6203:3.2.0.0",547,"NODE_6172_length_3915_cov_8.000792","blastn","TRINITY_DN4980_c0_g1_i5 301 859 +","match_part"]],"859","expressed_sequence_match"]]}]]}],[0,1514,2207,-1,"NODE_6172_length_3915_cov_8.000792:hit:2127:3.2.0.0","TRINITY_DN15605_c0_g1_i1",302,"NODE_6172_length_3915_cov_8.000792","blastn",[[1,1845,2207,-1,"M362","NODE_6172_length_3915_cov_8.000792:hsp:6204:3.2.0.0",302,"NODE_6172_length_3915_cov_8.000792","blastn","TRINITY_DN15605_c0_g1_i1 20 381 +","match_part"],[1,1514,1862,-1,"M348","NODE_6172_length_3915_cov_8.000792:hsp:6205:3.2.0.0",306,"NODE_6172_length_3915_cov_8.000792","blastn","TRINITY_DN15605_c0_g1_i1 377 724 +","match_part"]],"724","expressed_sequence_match"]],"urlTemplate":"lf-{Chunk}.json"}}