{"featureCount":1,"formatVersion":1,"histograms":{"meta":[{"arrayParams":{"chunkSize":10000,"length":1,"urlTemplate":"hist-20000-{Chunk}.json"},"basesPerBin":"20000"}],"stats":[{"basesPerBin":"20000","max":1,"mean":1}]},"intervals":{"classes":[{"attributes":["Start","End","Strand","Id","Name","Seq_id","Source","Subfeatures","Target_length","Type"],"isArrayAttr":{"Subfeatures":1}},{"attributes":["Start","End","Strand","Gap","Id","Seq_id","Source","Target","Type"],"isArrayAttr":{}},{"attributes":["Start","End","Strand","Id","Seq_id","Source","Target","Type"],"isArrayAttr":{}},{"attributes":["Start","End","Chunk"],"isArrayAttr":{"Sublist":1}}],"count":1,"lazyClass":3,"maxEnd":5678,"minStart":213,"nclist":[[0,213,5678,-1,"NODE_4429_length_5762_cov_1.320142:hit:4951:4.5.0.0","genemark-NODE_4429_length_5762_cov_1.320142-abinit-gene-0.5-mRNA-1","NODE_4429_length_5762_cov_1.320142","genemark",[[1,3973,5678,-1,"M1705","NODE_4429_length_5762_cov_1.320142:hsp:17433:4.5.0.0","NODE_4429_length_5762_cov_1.320142","genemark","genemark-NODE_4429_length_5762_cov_1.320142-abinit-gene-0.5-mRNA-1 3126 4830 +","match_part"],[1,2835,3930,-1,"M1095","NODE_4429_length_5762_cov_1.320142:hsp:17434:4.5.0.0","NODE_4429_length_5762_cov_1.320142","genemark","genemark-NODE_4429_length_5762_cov_1.320142-abinit-gene-0.5-mRNA-1 2031 3125 +","match_part"],[1,2595,2711,-1,"M116","NODE_4429_length_5762_cov_1.320142:hsp:17435:4.5.0.0","NODE_4429_length_5762_cov_1.320142","genemark","genemark-NODE_4429_length_5762_cov_1.320142-abinit-gene-0.5-mRNA-1 1915 2030 +","match_part"],[1,2347,2446,-1,"M99","NODE_4429_length_5762_cov_1.320142:hsp:17436:4.5.0.0","NODE_4429_length_5762_cov_1.320142","genemark","genemark-NODE_4429_length_5762_cov_1.320142-abinit-gene-0.5-mRNA-1 1816 1914 +","match_part"],[1,540,2213,-1,"M1673","NODE_4429_length_5762_cov_1.320142:hsp:17437:4.5.0.0","NODE_4429_length_5762_cov_1.320142","genemark","genemark-NODE_4429_length_5762_cov_1.320142-abinit-gene-0.5-mRNA-1 143 1815 +","match_part"],[1,403,432,-1,"M29","NODE_4429_length_5762_cov_1.320142:hsp:17438:4.5.0.0","NODE_4429_length_5762_cov_1.320142","genemark","genemark-NODE_4429_length_5762_cov_1.320142-abinit-gene-0.5-mRNA-1 114 142 +","match_part"],[1,213,326,-1,"M113","NODE_4429_length_5762_cov_1.320142:hsp:17439:4.5.0.0","NODE_4429_length_5762_cov_1.320142","genemark","genemark-NODE_4429_length_5762_cov_1.320142-abinit-gene-0.5-mRNA-1 1 113 +","match_part"]],"5762","match"]],"urlTemplate":"lf-{Chunk}.json"}}