{"featureCount":16,"formatVersion":1,"histograms":{"meta":[{"arrayParams":{"chunkSize":10000,"length":6,"urlTemplate":"hist-1000-{Chunk}.json"},"basesPerBin":"1000"}],"stats":[{"basesPerBin":"1000","max":13,"mean":3.83333333333333}]},"intervals":{"classes":[{"attributes":["Start","End","Strand","Aligned_coverage","Aligned_identity","Id","Name","Score","Seq_id","Source","Subfeatures","Target_length","Type"],"isArrayAttr":{"Subfeatures":1}},{"attributes":["Start","End","Strand","Gap","Id","Score","Seq_id","Source","Target","Type"],"isArrayAttr":{}},{"attributes":["Start","End","Chunk"],"isArrayAttr":{"Sublist":1}}],"count":16,"lazyClass":2,"maxEnd":5808,"minStart":1225,"nclist":[[0,1225,1716,1,"100","95","NODE_3565_length_6889_cov_7.303756:hit:35032:3.2.0.0","TRINITY_DN9840_c1_g1_i1",1678,"NODE_3565_length_6889_cov_7.303756","est2genome",[[1,1225,1493,1,"M237 I2 M1 I3 M6 I1 M24","NODE_3565_length_6889_cov_7.303756:hsp:144899:3.2.0.0",1678,"NODE_3565_length_6889_cov_7.303756","est2genome","TRINITY_DN9840_c1_g1_i1 1 274 +","match_part"],[1,1612,1716,1,"M104","NODE_3565_length_6889_cov_7.303756:hsp:144900:3.2.0.0",1678,"NODE_3565_length_6889_cov_7.303756","est2genome","TRINITY_DN9840_c1_g1_i1 275 378 +","match_part"]],"378","expressed_sequence_match"],[0,1431,2491,1,"99.46","96","NODE_3565_length_6889_cov_7.303756:hit:35033:3.2.0.0","TRINITY_DN4385_c0_g2_i1",4151,"NODE_3565_length_6889_cov_7.303756","est2genome",[[1,1431,1752,1,"M202 I3 M3 D2 M3 D2 M63 I7 M46","NODE_3565_length_6889_cov_7.303756:hsp:144901:3.2.0.0",4151,"NODE_3565_length_6889_cov_7.303756","est2genome","TRINITY_DN4385_c0_g2_i1 595 921 -","match_part"],[1,1820,1920,1,"M100","NODE_3565_length_6889_cov_7.303756:hsp:144902:3.2.0.0",4151,"NODE_3565_length_6889_cov_7.303756","est2genome","TRINITY_DN4385_c0_g2_i1 495 594 -","match_part"],[1,1991,2491,1,"M159 D1 M1 D2 M186 D3 M148","NODE_3565_length_6889_cov_7.303756:hsp:144903:3.2.0.0",4151,"NODE_3565_length_6889_cov_7.303756","est2genome","TRINITY_DN4385_c0_g2_i1 1 494 -","match_part"]],"926","expressed_sequence_match"],[0,1497,2491,1,"100","96.6","NODE_3565_length_6889_cov_7.303756:hit:35034:3.2.0.0","TRINITY_DN4385_c0_g2_i3",3909,"NODE_3565_length_6889_cov_7.303756","est2genome",[[1,1497,1752,1,"M217 I1 M3 I2 M4 I5 M31","NODE_3565_length_6889_cov_7.303756:hsp:144904:3.2.0.0",3909,"NODE_3565_length_6889_cov_7.303756","est2genome","TRINITY_DN4385_c0_g2_i3 595 857 -","match_part"],[1,1820,1920,1,"M100","NODE_3565_length_6889_cov_7.303756:hsp:144905:3.2.0.0",3909,"NODE_3565_length_6889_cov_7.303756","est2genome","TRINITY_DN4385_c0_g2_i3 495 594 -","match_part"],[1,1991,2491,1,"M159 D1 M1 D2 M186 D3 M148","NODE_3565_length_6889_cov_7.303756:hsp:144906:3.2.0.0",3909,"NODE_3565_length_6889_cov_7.303756","est2genome","TRINITY_DN4385_c0_g2_i3 1 494 -","match_part"]],"857","expressed_sequence_match"],[0,1497,2491,1,"100","96.8","NODE_3565_length_6889_cov_7.303756:hit:35035:3.2.0.0","TRINITY_DN4385_c0_g2_i2",3927,"NODE_3565_length_6889_cov_7.303756","est2genome",[[1,1497,1752,1,"M217 I1 M3 I2 M4 I5 M31","NODE_3565_length_6889_cov_7.303756:hsp:144907:3.2.0.0",3927,"NODE_3565_length_6889_cov_7.303756","est2genome","TRINITY_DN4385_c0_g2_i2 595 857 -","match_part"],[1,1820,1920,1,"M100","NODE_3565_length_6889_cov_7.303756:hsp:144908:3.2.0.0",3927,"NODE_3565_length_6889_cov_7.303756","est2genome","TRINITY_DN4385_c0_g2_i2 495 594 -","match_part"],[1,1991,2491,1,"M159 D1 M1 D2 M186 D3 M148","NODE_3565_length_6889_cov_7.303756:hsp:144909:3.2.0.0",3927,"NODE_3565_length_6889_cov_7.303756","est2genome","TRINITY_DN4385_c0_g2_i2 1 494 -","match_part"]],"857","expressed_sequence_match"],[0,2270,2513,1,"100","93.4","NODE_3565_length_6889_cov_7.303756:hit:35036:3.2.0.0","TRINITY_DN18344_c0_g1_i1",1063,"NODE_3565_length_6889_cov_7.303756","est2genome",[[1,2270,2513,1,"M63 D3 M177","NODE_3565_length_6889_cov_7.303756:hsp:144910:3.2.0.0",1063,"NODE_3565_length_6889_cov_7.303756","est2genome","TRINITY_DN18344_c0_g1_i1 1 240 +","match_part"]],"240","expressed_sequence_match"],[0,2431,2861,1,"100","87.4","NODE_3565_length_6889_cov_7.303756:hit:35037:3.2.0.0","TRINITY_DN4385_c0_g1_i6",1584,"NODE_3565_length_6889_cov_7.303756","est2genome",[[1,2431,2861,1,"M226 D6 M71 I6 M37 I6 M72 D6 M12","NODE_3565_length_6889_cov_7.303756:hsp:144911:3.2.0.0",1584,"NODE_3565_length_6889_cov_7.303756","est2genome","TRINITY_DN4385_c0_g1_i6 1 430 -","match_part"]],"430","expressed_sequence_match"],[0,2457,2861,-1,"100","89.4","NODE_3565_length_6889_cov_7.303756:hit:35038:3.2.0.0","TRINITY_DN4385_c0_g1_i4",1335,"NODE_3565_length_6889_cov_7.303756","est2genome",[[1,2588,2861,-1,"M259 D3 M11","NODE_3565_length_6889_cov_7.303756:hsp:144912:3.2.0.0",1335,"NODE_3565_length_6889_cov_7.303756","est2genome","TRINITY_DN4385_c0_g1_i4 1 270 +","match_part"],[1,2457,2525,-1,"M68","NODE_3565_length_6889_cov_7.303756:hsp:144913:3.2.0.0",1335,"NODE_3565_length_6889_cov_7.303756","est2genome","TRINITY_DN4385_c0_g1_i4 271 338 +","match_part"]],"338","expressed_sequence_match"],[0,2473,2861,-1,"100","96.6","NODE_3565_length_6889_cov_7.303756:hit:35039:3.2.0.0","TRINITY_DN4385_c0_g1_i2",1077,"NODE_3565_length_6889_cov_7.303756","est2genome",[[1,2730,2861,-1,"M131","NODE_3565_length_6889_cov_7.303756:hsp:144914:3.2.0.0",1077,"NODE_3565_length_6889_cov_7.303756","est2genome","TRINITY_DN4385_c0_g1_i2 1 131 +","match_part"],[1,2473,2580,-1,"M107","NODE_3565_length_6889_cov_7.303756:hsp:144915:3.2.0.0",1077,"NODE_3565_length_6889_cov_7.303756","est2genome","TRINITY_DN4385_c0_g1_i2 132 238 +","match_part"]],"238","expressed_sequence_match"],[0,2509,2861,-1,"100","97.5","NODE_3565_length_6889_cov_7.303756:hit:35040:3.2.0.0","TRINITY_DN4385_c0_g1_i5",1096,"NODE_3565_length_6889_cov_7.303756","est2genome",[[1,2730,2861,-1,"M131","NODE_3565_length_6889_cov_7.303756:hsp:144916:3.2.0.0",1096,"NODE_3565_length_6889_cov_7.303756","est2genome","TRINITY_DN4385_c0_g1_i5 1 131 +","match_part"],[1,2509,2616,-1,"M107","NODE_3565_length_6889_cov_7.303756:hsp:144917:3.2.0.0",1096,"NODE_3565_length_6889_cov_7.303756","est2genome","TRINITY_DN4385_c0_g1_i5 132 238 +","match_part"]],"238","expressed_sequence_match",{"Sublist":[[0,2545,2833,-1,"100","81.3","NODE_3565_length_6889_cov_7.303756:hit:35041:3.2.0.0","TRINITY_DN4385_c0_g1_i3",803,"NODE_3565_length_6889_cov_7.303756","est2genome",[[1,2779,2833,-1,"M9 I1 M12 I3 M5 D1 M9 I2 M18","NODE_3565_length_6889_cov_7.303756:hsp:144918:3.2.0.0",803,"NODE_3565_length_6889_cov_7.303756","est2genome","TRINITY_DN4385_c0_g1_i3 1 59 +","match_part"],[1,2545,2747,-1,"M15 D7 M46 I6 M134","NODE_3565_length_6889_cov_7.303756:hsp:144919:3.2.0.0",803,"NODE_3565_length_6889_cov_7.303756","est2genome","TRINITY_DN4385_c0_g1_i3 60 260 +","match_part"]],"260","expressed_sequence_match"]]}],[0,2547,3368,1,"99.86","94.3","NODE_3565_length_6889_cov_7.303756:hit:35042:3.2.0.0","TRINITY_DN749_c0_g1_i2",3060,"NODE_3565_length_6889_cov_7.303756","est2genome",[[1,2547,2621,1,"M74","NODE_3565_length_6889_cov_7.303756:hsp:144920:3.2.0.0",3060,"NODE_3565_length_6889_cov_7.303756","est2genome","TRINITY_DN749_c0_g1_i2 1 74 +","match_part"],[1,2735,3133,1,"M180 I9 M216 I2 M2","NODE_3565_length_6889_cov_7.303756:hsp:144921:3.2.0.0",3060,"NODE_3565_length_6889_cov_7.303756","est2genome","TRINITY_DN749_c0_g1_i2 75 483 +","match_part"],[1,3153,3368,1,"M28 D6 M63 I6 M118","NODE_3565_length_6889_cov_7.303756:hsp:144922:3.2.0.0",3060,"NODE_3565_length_6889_cov_7.303756","est2genome","TRINITY_DN749_c0_g1_i2 484 698 +","match_part"]],