{"featureCount":6,"formatVersion":1,"histograms":{"meta":[{"arrayParams":{"chunkSize":10000,"length":2,"urlTemplate":"hist-20000-{Chunk}.json"},"basesPerBin":"20000"}],"stats":[{"basesPerBin":"20000","max":3,"mean":3}]},"intervals":{"classes":[{"attributes":["Start","End","Strand","Id","Name","Score","Seq_id","Source","Subfeatures","Target_length","Type"],"isArrayAttr":{"Subfeatures":1}},{"attributes":["Start","End","Strand","Gap","Id","Score","Seq_id","Source","Target","Type"],"isArrayAttr":{}},{"attributes":["Start","End","Chunk"],"isArrayAttr":{"Sublist":1}}],"count":6,"lazyClass":2,"maxEnd":30109,"minStart":4743,"nclist":[[0,4743,8816,1,"NODE_251_length_33508_cov_7.341591:hit:29742:4.5.0.0","augustus-NODE_251_length_33508_cov_7.341591-abinit-gene-0.27-mRNA-1",0.46,"NODE_251_length_33508_cov_7.341591","augustus",[[1,4743,5633,1,"M890","NODE_251_length_33508_cov_7.341591:hsp:154106:4.5.0.0",0.46,"NODE_251_length_33508_cov_7.341591","augustus","augustus-NODE_251_length_33508_cov_7.341591-abinit-gene-0.27-mRNA-1 1 890 +","match_part"],[1,5717,6917,1,"M1200","NODE_251_length_33508_cov_7.341591:hsp:154107:4.5.0.0",0.46,"NODE_251_length_33508_cov_7.341591","augustus","augustus-NODE_251_length_33508_cov_7.341591-abinit-gene-0.27-mRNA-1 891 2090 +","match_part"],[1,7018,7362,1,"M344","NODE_251_length_33508_cov_7.341591:hsp:154108:4.5.0.0",0.46,"NODE_251_length_33508_cov_7.341591","augustus","augustus-NODE_251_length_33508_cov_7.341591-abinit-gene-0.27-mRNA-1 2091 2434 +","match_part"],[1,7448,8102,1,"M654","NODE_251_length_33508_cov_7.341591:hsp:154109:4.5.0.0",0.46,"NODE_251_length_33508_cov_7.341591","augustus","augustus-NODE_251_length_33508_cov_7.341591-abinit-gene-0.27-mRNA-1 2435 3088 +","match_part"],[1,8205,8816,1,"M611","NODE_251_length_33508_cov_7.341591:hsp:154110:4.5.0.0",0.46,"NODE_251_length_33508_cov_7.341591","augustus","augustus-NODE_251_length_33508_cov_7.341591-abinit-gene-0.27-mRNA-1 3089 3699 +","match_part"]],"33508","match"],[0,10208,17263,-1,"NODE_251_length_33508_cov_7.341591:hit:29745:4.5.0.0","augustus-NODE_251_length_33508_cov_7.341591-abinit-gene-0.31-mRNA-1",0.13,"NODE_251_length_33508_cov_7.341591","augustus",[[1,16896,17263,-1,"M367","NODE_251_length_33508_cov_7.341591:hsp:154131:4.5.0.0",0.13,"NODE_251_length_33508_cov_7.341591","augustus","augustus-NODE_251_length_33508_cov_7.341591-abinit-gene-0.31-mRNA-1 4053 4419 +","match_part"],[1,15684,16780,-1,"M1096","NODE_251_length_33508_cov_7.341591:hsp:154132:4.5.0.0",0.13,"NODE_251_length_33508_cov_7.341591","augustus","augustus-NODE_251_length_33508_cov_7.341591-abinit-gene-0.31-mRNA-1 2957 4052 +","match_part"],[1,13845,15476,-1,"M1631","NODE_251_length_33508_cov_7.341591:hsp:154133:4.5.0.0",0.13,"NODE_251_length_33508_cov_7.341591","augustus","augustus-NODE_251_length_33508_cov_7.341591-abinit-gene-0.31-mRNA-1 1326 2956 +","match_part"],[1,13081,13340,-1,"M259","NODE_251_length_33508_cov_7.341591:hsp:154134:4.5.0.0",0.13,"NODE_251_length_33508_cov_7.341591","augustus","augustus-NODE_251_length_33508_cov_7.341591-abinit-gene-0.31-mRNA-1 1067 1325 +","match_part"],[1,11640,12009,-1,"M369","NODE_251_length_33508_cov_7.341591:hsp:154135:4.5.0.0",0.13,"NODE_251_length_33508_cov_7.341591","augustus","augustus-NODE_251_length_33508_cov_7.341591-abinit-gene-0.31-mRNA-1 698 1066 +","match_part"],[1,11519,11560,-1,"M41","NODE_251_length_33508_cov_7.341591:hsp:154136:4.5.0.0",0.13,"NODE_251_length_33508_cov_7.341591","augustus","augustus-NODE_251_length_33508_cov_7.341591-abinit-gene-0.31-mRNA-1 657 697 +","match_part"],[1,11346,11427,-1,"M81","NODE_251_length_33508_cov_7.341591:hsp:154137:4.5.0.0",0.13,"NODE_251_length_33508_cov_7.341591","augustus","augustus-NODE_251_length_33508_cov_7.341591-abinit-gene-0.31-mRNA-1 576 656 +","match_part"],[1,11214,11269,-1,"M55","NODE_251_length_33508_cov_7.341591:hsp:154138:4.5.0.0",0.13,"NODE_251_length_33508_cov_7.341591","augustus","augustus-NODE_251_length_33508_cov_7.341591-abinit-gene-0.31-mRNA-1 521 575 +","match_part"],[1,11045,11103,-1,"M58","NODE_251_length_33508_cov_7.341591:hsp:154139:4.5.0.0",0.13,"NODE_251_length_33508_cov_7.341591","augustus","augustus-NODE_251_length_33508_cov_7.341591-abinit-gene-0.31-mRNA-1 463 520 +","match_part"],[1,10940,10976,-1,"M36","NODE_251_length_33508_cov_7.341591:hsp:154140:4.5.0.0",0.13,"NODE_251_length_33508_cov_7.341591","augustus","augustus-NODE_251_length_33508_cov_7.341591-abinit-gene-0.31-mRNA-1 427 462 +","match_part"],[1,10758,10876,-1,"M118","NODE_251_length_33508_cov_7.341591:hsp:154141:4.5.0.0",0.13,"NODE_251_length_33508_cov_7.341591","augustus","augustus-NODE_251_length_33508_cov_7.341591-abinit-gene-0.31-mRNA-1 309 426 +","match_part"],[1,10540,10657,-1,"M117","NODE_251_length_33508_cov_7.341591:hsp:154142:4.5.0.0",0.13,"NODE_251_length_33508_cov_7.341591","augustus","augustus-NODE_251_length_33508_cov_7.341591-abinit-gene-0.31-mRNA-1 192 308 +","match_part"],[1,10356,10480,-1,"M124","NODE_251_length_33508_cov_7.341591:hsp:154143:4.5.0.0",0.13,"NODE_251_length_33508_cov_7.341591","augustus","augustus-NODE_251_length_33508_cov_7.341591-abinit-gene-0.31-mRNA-1 68 191 +","match_part"],[1,10208,10275,-1,"M67","NODE_251_length_33508_cov_7.341591:hsp:154144:4.5.0.0",0.13,"NODE_251_length_33508_cov_7.341591","augustus","augustus-NODE_251_length_33508_cov_7.341591-abinit-gene-0.31-mRNA-1 1 67 +","match_part"]],"33508","match"],[0,18783,19356,1,"NODE_251_length_33508_cov_7.341591:hit:29750:4.5.0.0","augustus-NODE_251_length_33508_cov_7.341591-abinit-gene-0.28-mRNA-1",0.75,"NODE_251_length_33508_cov_7.341591","augustus",[[1,18783,19356,1,"M573","NODE_251_length_33508_cov_7.341591:hsp:154154:4.5.0.0",0.75,"NODE_251_length_33508_cov_7.341591","augustus","augustus-NODE_251_length_33508_cov_7.341591-abinit-gene-0.28-mRNA-1 1 573 +","match_part"]],"33508","match"],[0,20277,22427,-1,"NODE_251_length_33508_cov_7.341591:hit:29753:4.5.0.0","augustus-NODE_251_length_33508_cov_7.341591-abinit-gene-0.32-mRNA-1",0.3,"NODE_251_length_33508_cov_7.341591","augustus",[[1,21891,22427,-1,"M536","NODE_251_length_33508_cov_7.341591:hsp:154162:4.5.0.0",0.3,"NODE_251_length_33508_cov_7.341591","augustus","augustus-NODE_251_length_33508_cov_7.341591-abinit-gene-0.32-mRNA-1 1142 1677 +","match_part"],[1,21806,21826,-1,"M20","NODE_251_length_33508_cov_7.341591:hsp:154163:4.5.0.0",0.3,"NODE_251_length_33508_cov_7.341591","augustus","augustus-NODE_251_length_33508_cov_7.341591-abinit-gene-0.32-mRNA-1 1122 1141 +","match_part"],[1,21262,21549,-1,"M287","NODE_251_length_33508_cov_7.341591:hsp:154164:4.5.0.0",0.3,"NODE_251_length_33508_cov_7.341591","augustus","augustus-NODE_251_length_33508_cov_7.341591-abinit-gene-0.32-mRNA-1 835 1121 +","match_part"],[1,20931,21187,-1,"M256","NODE_251_length_33508_cov_7.341591:hsp:154165:4.5.0.0",0.3,"NODE_251_length_33508_cov_7.341591","augustus","augustus-NODE_251_length_33508_cov_7.341591-abinit-gene-0.32-mRNA-1 579 834 +","match_part"],[1,20277,20855,-1,"M578","NODE_251_length_33508_cov_7.341591:hsp:154166:4.5.0.0",0.3,"NODE_251_length_33508_cov_7.341591","augustus","augustus-NODE_251_length_33508_cov_7.341591-abinit-gene-0.32-mRNA-1 1 578 +","match_part"]],