{"featureCount":3,"formatVersion":1,"histograms":{"meta":[{"arrayParams":{"chunkSize":10000,"length":1,"urlTemplate":"hist-2000-{Chunk}.json"},"basesPerBin":"2000"}],"stats":[{"basesPerBin":"2000","max":3,"mean":3}]},"intervals":{"classes":[{"attributes":["Start","End","Strand","Aligned_coverage","Aligned_identity","Id","Name","Score","Seq_id","Source","Subfeatures","Target_length","Type"],"isArrayAttr":{"Subfeatures":1}},{"attributes":["Start","End","Strand","Gap","Id","Score","Seq_id","Source","Target","Type"],"isArrayAttr":{}},{"attributes":["Start","End","Chunk"],"isArrayAttr":{"Sublist":1}}],"count":3,"lazyClass":2,"maxEnd":1731,"minStart":254,"nclist":[[0,254,1187,1,"100","86.6","NODE_10817_length_1731_cov_2.529302:hit:2892:3.2.0.0","TRINITY_DN7994_c0_g2_i1",2743,"NODE_10817_length_1731_cov_2.529302","est2genome",[[1,254,775,1,"M91 I4 M6 I4 M14 I1 M9 I1 M6 I1 M11 I1 M11 D3 M8 D2 M1 D1 M21 I2 M3 D2 M6 D2 M7 D2 M8 D6 M9 D3 M7 D1 M4 D2 M2 D1 M10 D2 M13 D1 M95 D2 M13 D1 M20 I2 M42 D2 M71","NODE_10817_length_1731_cov_2.529302:hsp:6351:3.2.0.0",2743,"NODE_10817_length_1731_cov_2.529302","est2genome","TRINITY_DN7994_c0_g2_i1 281 784 -","match_part"],[1,831,1088,1,"M257","NODE_10817_length_1731_cov_2.529302:hsp:6352:3.2.0.0",2743,"NODE_10817_length_1731_cov_2.529302","est2genome","TRINITY_DN7994_c0_g2_i1 24 280 -","match_part"],[1,1164,1187,1,"M23","NODE_10817_length_1731_cov_2.529302:hsp:6353:3.2.0.0",2743,"NODE_10817_length_1731_cov_2.529302","est2genome","TRINITY_DN7994_c0_g2_i1 1 23 -","match_part"]],"784","expressed_sequence_match"],[0,254,1187,1,"100","87.3","NODE_10817_length_1731_cov_2.529302:hit:2893:3.2.0.0","TRINITY_DN7994_c0_g2_i2",2997,"NODE_10817_length_1731_cov_2.529302","est2genome",[[1,254,1088,1,"M290 I3 M114 I4 M6 I4 M14 I1 M9 I1 M6 I1 M11 I1 M11 D3 M8 D2 M1 D1 M21 I2 M3 D2 M6 D2 M7 D2 M8 D6 M9 D3 M7 D1 M4 D2 M2 D1 M10 D2 M13 D1 M95 D2 M13 D1 M20 I2 M42 D2 M71","NODE_10817_length_1731_cov_2.529302:hsp:6354:3.2.0.0",2997,"NODE_10817_length_1731_cov_2.529302","est2genome","TRINITY_DN7994_c0_g2_i2 24 843 -","match_part"],[1,1164,1187,1,"M23","NODE_10817_length_1731_cov_2.529302:hsp:6355:3.2.0.0",2997,"NODE_10817_length_1731_cov_2.529302","est2genome","TRINITY_DN7994_c0_g2_i2 1 23 -","match_part"]],"843","expressed_sequence_match"],[0,886,1731,1,"81.81","98.4","NODE_10817_length_1731_cov_2.529302:hit:2894:3.2.0.0","TRINITY_DN7994_c0_g1_i2",3706,"NODE_10817_length_1731_cov_2.529302","est2genome",[[1,886,1088,1,"M202","NODE_10817_length_1731_cov_2.529302:hsp:6356:3.2.0.0",3706,"NODE_10817_length_1731_cov_2.529302","est2genome","TRINITY_DN7994_c0_g1_i2 739 940 -","match_part"],[1,1164,1731,1,"M567","NODE_10817_length_1731_cov_2.529302:hsp:6357:3.2.0.0",3706,"NODE_10817_length_1731_cov_2.529302","est2genome","TRINITY_DN7994_c0_g1_i2 172 738 -","match_part"]],"940","expressed_sequence_match"]],"urlTemplate":"lf-{Chunk}.json"}}