{"featureCount":2,"formatVersion":1,"histograms":{"meta":[{"arrayParams":{"chunkSize":10000,"length":1,"urlTemplate":"hist-5000-{Chunk}.json"},"basesPerBin":"5000"}],"stats":[{"basesPerBin":"5000","max":2,"mean":2}]},"intervals":{"classes":[{"attributes":["Start","End","Strand","Id","Name","Seq_id","Source","Subfeatures","Target_length","Type"],"isArrayAttr":{"Subfeatures":1}},{"attributes":["Start","End","Strand","Gap","Id","Seq_id","Source","Target","Type"],"isArrayAttr":{}},{"attributes":["Start","End","Strand","Id","Seq_id","Source","Target","Type"],"isArrayAttr":{}},{"attributes":["Start","End","Chunk"],"isArrayAttr":{"Sublist":1}}],"count":2,"lazyClass":3,"maxEnd":3433,"minStart":52,"nclist":[[0,52,1570,1,"NODE_6703_length_3441_cov_16.315631:hit:5817:4.5.0.0","genemark-NODE_6703_length_3441_cov_16.315631-abinit-gene-0.2-mRNA-1","NODE_6703_length_3441_cov_16.315631","genemark",[[1,52,480,1,"M428","NODE_6703_length_3441_cov_16.315631:hsp:17840:4.5.0.0","NODE_6703_length_3441_cov_16.315631","genemark","genemark-NODE_6703_length_3441_cov_16.315631-abinit-gene-0.2-mRNA-1 1 428 +","match_part"],[1,544,897,1,"M353","NODE_6703_length_3441_cov_16.315631:hsp:17841:4.5.0.0","NODE_6703_length_3441_cov_16.315631","genemark","genemark-NODE_6703_length_3441_cov_16.315631-abinit-gene-0.2-mRNA-1 429 781 +","match_part"],[1,971,1065,1,"M94","NODE_6703_length_3441_cov_16.315631:hsp:17842:4.5.0.0","NODE_6703_length_3441_cov_16.315631","genemark","genemark-NODE_6703_length_3441_cov_16.315631-abinit-gene-0.2-mRNA-1 782 875 +","match_part"],[1,1128,1570,1,"M442","NODE_6703_length_3441_cov_16.315631:hsp:17843:4.5.0.0","NODE_6703_length_3441_cov_16.315631","genemark","genemark-NODE_6703_length_3441_cov_16.315631-abinit-gene-0.2-mRNA-1 876 1317 +","match_part"]],"3441","match"],[0,1895,3433,-1,"NODE_6703_length_3441_cov_16.315631:hit:5820:4.5.0.0","genemark-NODE_6703_length_3441_cov_16.315631-abinit-gene-0.3-mRNA-1","NODE_6703_length_3441_cov_16.315631","genemark",[[1,3230,3433,-1,"M203","NODE_6703_length_3441_cov_16.315631:hsp:17852:4.5.0.0","NODE_6703_length_3441_cov_16.315631","genemark","genemark-NODE_6703_length_3441_cov_16.315631-abinit-gene-0.3-mRNA-1 1022 1224 +","match_part"],[1,2876,3147,-1,"M271","NODE_6703_length_3441_cov_16.315631:hsp:17853:4.5.0.0","NODE_6703_length_3441_cov_16.315631","genemark","genemark-NODE_6703_length_3441_cov_16.315631-abinit-gene-0.3-mRNA-1 751 1021 +","match_part"],[1,2666,2786,-1,"M120","NODE_6703_length_3441_cov_16.315631:hsp:17854:4.5.0.0","NODE_6703_length_3441_cov_16.315631","genemark","genemark-NODE_6703_length_3441_cov_16.315631-abinit-gene-0.3-mRNA-1 631 750 +","match_part"],[1,1986,2602,-1,"M616","NODE_6703_length_3441_cov_16.315631:hsp:17855:4.5.0.0","NODE_6703_length_3441_cov_16.315631","genemark","genemark-NODE_6703_length_3441_cov_16.315631-abinit-gene-0.3-mRNA-1 15 630 +","match_part"],[1,1895,1909,-1,"M14","NODE_6703_length_3441_cov_16.315631:hsp:17856:4.5.0.0","NODE_6703_length_3441_cov_16.315631","genemark","genemark-NODE_6703_length_3441_cov_16.315631-abinit-gene-0.3-mRNA-1 1 14 +","match_part"]],"3441","match"]],"urlTemplate":"lf-{Chunk}.json"}}