{"featureCount":2,"formatVersion":1,"histograms":{"meta":[{"arrayParams":{"chunkSize":10000,"length":1,"urlTemplate":"hist-10000-{Chunk}.json"},"basesPerBin":"10000"}],"stats":[{"basesPerBin":"10000","max":2,"mean":2}]},"intervals":{"classes":[{"attributes":["Start","End","Strand","Id","Name","Score","Seq_id","Source","Subfeatures","Target_length","Type"],"isArrayAttr":{"Subfeatures":1}},{"attributes":["Start","End","Strand","Gap","Id","Score","Seq_id","Source","Target","Type"],"isArrayAttr":{}},{"attributes":["Start","End","Chunk"],"isArrayAttr":{"Sublist":1}}],"count":2,"lazyClass":2,"maxEnd":4295,"minStart":297,"nclist":[[0,297,2154,1,"NODE_5507_length_4577_cov_2.719775:hit:15835:4.5.0.0","augustus-NODE_5507_length_4577_cov_2.719775-abinit-gene-0.8-mRNA-1",0.75,"NODE_5507_length_4577_cov_2.719775","augustus",[[1,297,1017,1,"M720","NODE_5507_length_4577_cov_2.719775:hsp:54692:4.5.0.0",0.75,"NODE_5507_length_4577_cov_2.719775","augustus","augustus-NODE_5507_length_4577_cov_2.719775-abinit-gene-0.8-mRNA-1 1 720 +","match_part"],[1,1079,1296,1,"M217","NODE_5507_length_4577_cov_2.719775:hsp:54693:4.5.0.0",0.75,"NODE_5507_length_4577_cov_2.719775","augustus","augustus-NODE_5507_length_4577_cov_2.719775-abinit-gene-0.8-mRNA-1 721 937 +","match_part"],[1,1360,1675,1,"M315","NODE_5507_length_4577_cov_2.719775:hsp:54694:4.5.0.0",0.75,"NODE_5507_length_4577_cov_2.719775","augustus","augustus-NODE_5507_length_4577_cov_2.719775-abinit-gene-0.8-mRNA-1 938 1252 +","match_part"],[1,1756,2154,1,"M398","NODE_5507_length_4577_cov_2.719775:hsp:54695:4.5.0.0",0.75,"NODE_5507_length_4577_cov_2.719775","augustus","augustus-NODE_5507_length_4577_cov_2.719775-abinit-gene-0.8-mRNA-1 1253 1650 +","match_part"]],"4577","match"],[0,2648,4295,-1,"NODE_5507_length_4577_cov_2.719775:hit:15838:4.5.0.0","augustus-NODE_5507_length_4577_cov_2.719775-abinit-gene-0.9-mRNA-1",0.53,"NODE_5507_length_4577_cov_2.719775","augustus",[[1,3848,4295,-1,"M447","NODE_5507_length_4577_cov_2.719775:hsp:54704:4.5.0.0",0.53,"NODE_5507_length_4577_cov_2.719775","augustus","augustus-NODE_5507_length_4577_cov_2.719775-abinit-gene-0.9-mRNA-1 988 1434 +","match_part"],[1,3587,3774,-1,"M187","NODE_5507_length_4577_cov_2.719775:hsp:54705:4.5.0.0",0.53,"NODE_5507_length_4577_cov_2.719775","augustus","augustus-NODE_5507_length_4577_cov_2.719775-abinit-gene-0.9-mRNA-1 801 987 +","match_part"],[1,3185,3517,-1,"M332","NODE_5507_length_4577_cov_2.719775:hsp:54706:4.5.0.0",0.53,"NODE_5507_length_4577_cov_2.719775","augustus","augustus-NODE_5507_length_4577_cov_2.719775-abinit-gene-0.9-mRNA-1 469 800 +","match_part"],[1,2648,3116,-1,"M468","NODE_5507_length_4577_cov_2.719775:hsp:54707:4.5.0.0",0.53,"NODE_5507_length_4577_cov_2.719775","augustus","augustus-NODE_5507_length_4577_cov_2.719775-abinit-gene-0.9-mRNA-1 1 468 +","match_part"]],"4577","match"]],"urlTemplate":"lf-{Chunk}.json"}}