{"featureCount":5,"formatVersion":1,"histograms":{"meta":[{"arrayParams":{"chunkSize":10000,"length":2,"urlTemplate":"hist-2000-{Chunk}.json"},"basesPerBin":"2000"}],"stats":[{"basesPerBin":"2000","max":5,"mean":4.5}]},"intervals":{"classes":[{"attributes":["Start","End","Strand","Id","Name","Score","Seq_id","Source","Subfeatures","Target_length","Type"],"isArrayAttr":{"Subfeatures":1}},{"attributes":["Start","End","Strand","Gap","Id","Score","Seq_id","Source","Target","Type"],"isArrayAttr":{}},{"attributes":["Start","End","Chunk"],"isArrayAttr":{"Sublist":1}}],"count":5,"lazyClass":2,"maxEnd":2667,"minStart":1176,"nclist":[[0,1176,2245,-1,"NODE_7881_length_2667_cov_10.338583:hit:13548:3.2.0.0","TRINITY_DN2088_c0_g1_i5",84,"NODE_7881_length_2667_cov_10.338583","blastn",[[1,2155,2245,-1,"M90","NODE_7881_length_2667_cov_10.338583:hsp:39698:3.2.0.0",84,"NODE_7881_length_2667_cov_10.338583","blastn","TRINITY_DN2088_c0_g1_i5 1 90 +","match_part"],[1,1536,2079,-1,"M543","NODE_7881_length_2667_cov_10.338583:hsp:39699:3.2.0.0",501,"NODE_7881_length_2667_cov_10.338583","blastn","TRINITY_DN2088_c0_g1_i5 91 633 +","match_part"],[1,1176,1443,-1,"M173 D1 M93","NODE_7881_length_2667_cov_10.338583:hsp:39700:3.2.0.0",244,"NODE_7881_length_2667_cov_10.338583","blastn","TRINITY_DN2088_c0_g1_i5 634 899 +","match_part"]],"899","expressed_sequence_match"],[0,1176,2245,-1,"NODE_7881_length_2667_cov_10.338583:hit:13549:3.2.0.0","TRINITY_DN2088_c0_g1_i1",84,"NODE_7881_length_2667_cov_10.338583","blastn",[[1,2155,2245,-1,"M90","NODE_7881_length_2667_cov_10.338583:hsp:39701:3.2.0.0",84,"NODE_7881_length_2667_cov_10.338583","blastn","TRINITY_DN2088_c0_g1_i1 1 90 +","match_part"],[1,1536,2079,-1,"M543","NODE_7881_length_2667_cov_10.338583:hsp:39702:3.2.0.0",537,"NODE_7881_length_2667_cov_10.338583","blastn","TRINITY_DN2088_c0_g1_i1 91 633 +","match_part"],[1,1176,1443,-1,"M173 D1 M93","NODE_7881_length_2667_cov_10.338583:hsp:39703:3.2.0.0",244,"NODE_7881_length_2667_cov_10.338583","blastn","TRINITY_DN2088_c0_g1_i1 634 899 +","match_part"]],"899","expressed_sequence_match"],[0,1176,2245,-1,"NODE_7881_length_2667_cov_10.338583:hit:13550:3.2.0.0","TRINITY_DN2088_c0_g1_i2",84,"NODE_7881_length_2667_cov_10.338583","blastn",[[1,2155,2245,-1,"M90","NODE_7881_length_2667_cov_10.338583:hsp:39704:3.2.0.0",84,"NODE_7881_length_2667_cov_10.338583","blastn","TRINITY_DN2088_c0_g1_i2 1 90 +","match_part"],[1,1846,2079,-1,"M233","NODE_7881_length_2667_cov_10.338583:hsp:39705:3.2.0.0",227,"NODE_7881_length_2667_cov_10.338583","blastn","TRINITY_DN2088_c0_g1_i2 91 323 +","match_part"],[1,1536,1750,-1,"M214","NODE_7881_length_2667_cov_10.338583:hsp:39706:3.2.0.0",214,"NODE_7881_length_2667_cov_10.338583","blastn","TRINITY_DN2088_c0_g1_i2 323 536 +","match_part"],[1,1176,1443,-1,"M173 D1 M93","NODE_7881_length_2667_cov_10.338583:hsp:39707:3.2.0.0",244,"NODE_7881_length_2667_cov_10.338583","blastn","TRINITY_DN2088_c0_g1_i2 537 802 +","match_part"]],"802","expressed_sequence_match"],[0,1176,2245,-1,"NODE_7881_length_2667_cov_10.338583:hit:13551:3.2.0.0","TRINITY_DN2088_c0_g1_i3",84,"NODE_7881_length_2667_cov_10.338583","blastn",[[1,2155,2245,-1,"M90","NODE_7881_length_2667_cov_10.338583:hsp:39708:3.2.0.0",84,"NODE_7881_length_2667_cov_10.338583","blastn","TRINITY_DN2088_c0_g1_i3 1 90 +","match_part"],[1,1846,2079,-1,"M233","NODE_7881_length_2667_cov_10.338583:hsp:39709:3.2.0.0",191,"NODE_7881_length_2667_cov_10.338583","blastn","TRINITY_DN2088_c0_g1_i3 91 323 +","match_part"],[1,1536,1750,-1,"M214","NODE_7881_length_2667_cov_10.338583:hsp:39710:3.2.0.0",214,"NODE_7881_length_2667_cov_10.338583","blastn","TRINITY_DN2088_c0_g1_i3 323 536 +","match_part"],[1,1176,1443,-1,"M173 D1 M93","NODE_7881_length_2667_cov_10.338583:hsp:39711:3.2.0.0",244,"NODE_7881_length_2667_cov_10.338583","blastn","TRINITY_DN2088_c0_g1_i3 537 802 +","match_part"]],"802","expressed_sequence_match"],[0,2429,2667,1,"NODE_7881_length_2667_cov_10.338583:hit:13552:3.2.0.0","TRINITY_DN40312_c0_g1_i1",213,"NODE_7881_length_2667_cov_10.338583","blastn",[[1,2429,2667,1,"M44 I4 M194","NODE_7881_length_2667_cov_10.338583:hsp:39712:3.2.0.0",213,"NODE_7881_length_2667_cov_10.338583","blastn","TRINITY_DN40312_c0_g1_i1 1 242 +","match_part"]],"261","expressed_sequence_match"]],"urlTemplate":"lf-{Chunk}.json"}}