{"featureCount":2,"formatVersion":1,"histograms":{"meta":[{"arrayParams":{"chunkSize":10000,"length":1,"urlTemplate":"hist-50000-{Chunk}.json"},"basesPerBin":"50000"}],"stats":[{"basesPerBin":"50000","max":2,"mean":2}]},"intervals":{"classes":[{"attributes":["Start","End","Strand","Id","Name","Score","Seq_id","Source","Subfeatures","Target_length","Type"],"isArrayAttr":{"Subfeatures":1}},{"attributes":["Start","End","Strand","Gap","Id","Score","Seq_id","Source","Target","Type"],"isArrayAttr":{}},{"attributes":["Start","End","Chunk"],"isArrayAttr":{"Sublist":1}}],"count":2,"lazyClass":2,"maxEnd":19831,"minStart":6487,"nclist":[[0,6487,8602,-1,"NODE_828_length_19973_cov_4.094106:hit:73201:4.5.0.0","augustus-NODE_828_length_19973_cov_4.094106-abinit-gene-0.23-mRNA-1",0.9,"NODE_828_length_19973_cov_4.094106","augustus",[[1,8562,8602,-1,"M40","NODE_828_length_19973_cov_4.094106:hsp:376100:4.5.0.0",0.9,"NODE_828_length_19973_cov_4.094106","augustus","augustus-NODE_828_length_19973_cov_4.094106-abinit-gene-0.23-mRNA-1 1263 1302 +","match_part"],[1,8371,8455,-1,"M84","NODE_828_length_19973_cov_4.094106:hsp:376101:4.5.0.0",0.9,"NODE_828_length_19973_cov_4.094106","augustus","augustus-NODE_828_length_19973_cov_4.094106-abinit-gene-0.23-mRNA-1 1179 1262 +","match_part"],[1,8179,8274,-1,"M95","NODE_828_length_19973_cov_4.094106:hsp:376102:4.5.0.0",0.9,"NODE_828_length_19973_cov_4.094106","augustus","augustus-NODE_828_length_19973_cov_4.094106-abinit-gene-0.23-mRNA-1 1084 1178 +","match_part"],[1,7964,8070,-1,"M106","NODE_828_length_19973_cov_4.094106:hsp:376103:4.5.0.0",0.9,"NODE_828_length_19973_cov_4.094106","augustus","augustus-NODE_828_length_19973_cov_4.094106-abinit-gene-0.23-mRNA-1 978 1083 +","match_part"],[1,7644,7861,-1,"M217","NODE_828_length_19973_cov_4.094106:hsp:376104:4.5.0.0",0.9,"NODE_828_length_19973_cov_4.094106","augustus","augustus-NODE_828_length_19973_cov_4.094106-abinit-gene-0.23-mRNA-1 761 977 +","match_part"],[1,7427,7545,-1,"M118","NODE_828_length_19973_cov_4.094106:hsp:376105:4.5.0.0",0.9,"NODE_828_length_19973_cov_4.094106","augustus","augustus-NODE_828_length_19973_cov_4.094106-abinit-gene-0.23-mRNA-1 643 760 +","match_part"],[1,7254,7353,-1,"M99","NODE_828_length_19973_cov_4.094106:hsp:376106:4.5.0.0",0.9,"NODE_828_length_19973_cov_4.094106","augustus","augustus-NODE_828_length_19973_cov_4.094106-abinit-gene-0.23-mRNA-1 544 642 +","match_part"],[1,6905,7174,-1,"M269","NODE_828_length_19973_cov_4.094106:hsp:376107:4.5.0.0",0.9,"NODE_828_length_19973_cov_4.094106","augustus","augustus-NODE_828_length_19973_cov_4.094106-abinit-gene-0.23-mRNA-1 275 543 +","match_part"],[1,6657,6837,-1,"M180","NODE_828_length_19973_cov_4.094106:hsp:376108:4.5.0.0",0.9,"NODE_828_length_19973_cov_4.094106","augustus","augustus-NODE_828_length_19973_cov_4.094106-abinit-gene-0.23-mRNA-1 95 274 +","match_part"],[1,6487,6581,-1,"M94","NODE_828_length_19973_cov_4.094106:hsp:376109:4.5.0.0",0.9,"NODE_828_length_19973_cov_4.094106","augustus","augustus-NODE_828_length_19973_cov_4.094106-abinit-gene-0.23-mRNA-1 1 94 +","match_part"]],"19973","match"],[0,12828,19831,-1,"NODE_828_length_19973_cov_4.094106:hit:73205:4.5.0.0","augustus-NODE_828_length_19973_cov_4.094106-abinit-gene-0.24-mRNA-1",0.03,"NODE_828_length_19973_cov_4.094106","augustus",[[1,19669,19831,-1,"M162","NODE_828_length_19973_cov_4.094106:hsp:376133:4.5.0.0",0.03,"NODE_828_length_19973_cov_4.094106","augustus","augustus-NODE_828_length_19973_cov_4.094106-abinit-gene-0.24-mRNA-1 4837 4998 +","match_part"],[1,19037,19118,-1,"M81","NODE_828_length_19973_cov_4.094106:hsp:376134:4.5.0.0",0.03,"NODE_828_length_19973_cov_4.094106","augustus","augustus-NODE_828_length_19973_cov_4.094106-abinit-gene-0.24-mRNA-1 4756 4836 +","match_part"],[1,18297,18808,-1,"M511","NODE_828_length_19973_cov_4.094106:hsp:376135:4.5.0.0",0.03,"NODE_828_length_19973_cov_4.094106","augustus","augustus-NODE_828_length_19973_cov_4.094106-abinit-gene-0.24-mRNA-1 4245 4755 +","match_part"],[1,16323,17686,-1,"M1363","NODE_828_length_19973_cov_4.094106:hsp:376136:4.5.0.0",0.03,"NODE_828_length_19973_cov_4.094106","augustus","augustus-NODE_828_length_19973_cov_4.094106-abinit-gene-0.24-mRNA-1 2882 4244 +","match_part"],[1,14879,16112,-1,"M1233","NODE_828_length_19973_cov_4.094106:hsp:376137:4.5.0.0",0.03,"NODE_828_length_19973_cov_4.094106","augustus","augustus-NODE_828_length_19973_cov_4.094106-abinit-gene-0.24-mRNA-1 1649 2881 +","match_part"],[1,14718,14795,-1,"M77","NODE_828_length_19973_cov_4.094106:hsp:376138:4.5.0.0",0.03,"NODE_828_length_19973_cov_4.094106","augustus","augustus-NODE_828_length_19973_cov_4.094106-abinit-gene-0.24-mRNA-1 1572 1648 +","match_part"],[1,14410,14631,-1,"M221","NODE_828_length_19973_cov_4.094106:hsp:376139:4.5.0.0",0.03,"NODE_828_length_19973_cov_4.094106","augustus","augustus-NODE_828_length_19973_cov_4.094106-abinit-gene-0.24-mRNA-1 1351 1571 +","match_part"],[1,14238,14321,-1,"M83","NODE_828_length_19973_cov_4.094106:hsp:376140:4.5.0.0",0.03,"NODE_828_length_19973_cov_4.094106","augustus","augustus-NODE_828_length_19973_cov_4.094106-abinit-gene-0.24-mRNA-1 1268 1350 +","match_part"],[1,12828,14095,-1,"M1267","NODE_828_length_19973_cov_4.094106:hsp:376141:4.5.0.0",0.03,"NODE_828_length_19973_cov_4.094106","augustus","augustus-NODE_828_length_19973_cov_4.094106-abinit-gene-0.24-mRNA-1 1 1267 +","match_part"]],"19973","match"]],"urlTemplate":"lf-{Chunk}.json"}}