{"featureCount":8,"formatVersion":1,"histograms":{"meta":[{"arrayParams":{"chunkSize":10000,"length":4,"urlTemplate":"hist-1000-{Chunk}.json"},"basesPerBin":"1000"}],"stats":[{"basesPerBin":"1000","max":8,"mean":4}]},"intervals":{"classes":[{"attributes":["Start","End","Strand","Aligned_coverage","Aligned_identity","Id","Name","Score","Seq_id","Source","Subfeatures","Target_length","Type"],"isArrayAttr":{"Subfeatures":1}},{"attributes":["Start","End","Strand","Gap","Id","Score","Seq_id","Source","Target","Type"],"isArrayAttr":{}},{"attributes":["Start","End","Chunk"],"isArrayAttr":{"Sublist":1}}],"count":8,"lazyClass":2,"maxEnd":3152,"minStart":2383,"nclist":[[0,2383,3152,-1,"100","90.6","NODE_6023_length_4056_cov_2.961098:hit:252:3.2.0.0","TRINITY_DN10842_c0_g1_i6",2657,"NODE_6023_length_4056_cov_2.961098","est2genome",[[1,2919,3152,-1,"M83 I4 M8 I3 M31 I8 M34 D7 M70","NODE_6023_length_4056_cov_2.961098:hsp:901:3.2.0.0",2657,"NODE_6023_length_4056_cov_2.961098","est2genome","TRINITY_DN10842_c0_g1_i6 1 241 +","match_part"],[1,2383,2779,-1,"M17 I5 M79 I6 M142 I3 M150 I1 M8","NODE_6023_length_4056_cov_2.961098:hsp:902:3.2.0.0",2657,"NODE_6023_length_4056_cov_2.961098","est2genome","TRINITY_DN10842_c0_g1_i6 242 652 +","match_part"]],"652","expressed_sequence_match"],[0,2383,3152,-1,"100","95.7","NODE_6023_length_4056_cov_2.961098:hit:253:3.2.0.0","TRINITY_DN10842_c0_g1_i7",3581,"NODE_6023_length_4056_cov_2.961098","est2genome",[[1,2383,3152,-1,"M82 D3 M36 I2 M1 I6 M347 I6 M142 I3 M150 I1 M8","NODE_6023_length_4056_cov_2.961098:hsp:903:3.2.0.0",3581,"NODE_6023_length_4056_cov_2.961098","est2genome","TRINITY_DN10842_c0_g1_i7 1 784 +","match_part"]],"784","expressed_sequence_match"],[0,2383,3152,-1,"100","90.6","NODE_6023_length_4056_cov_2.961098:hit:254:3.2.0.0","TRINITY_DN10842_c0_g1_i1",2657,"NODE_6023_length_4056_cov_2.961098","est2genome",[[1,2919,3152,-1,"M83 I4 M8 I3 M31 I8 M34 D7 M70","NODE_6023_length_4056_cov_2.961098:hsp:904:3.2.0.0",2657,"NODE_6023_length_4056_cov_2.961098","est2genome","TRINITY_DN10842_c0_g1_i1 1 241 +","match_part"],[1,2383,2779,-1,"M17 I5 M79 I6 M142 I3 M150 I1 M8","NODE_6023_length_4056_cov_2.961098:hsp:905:3.2.0.0",2657,"NODE_6023_length_4056_cov_2.961098","est2genome","TRINITY_DN10842_c0_g1_i1 242 652 +","match_part"]],"652","expressed_sequence_match"],[0,2383,3152,-1,"100","91.3","NODE_6023_length_4056_cov_2.961098:hit:255:3.2.0.0","TRINITY_DN10842_c0_g1_i8",2723,"NODE_6023_length_4056_cov_2.961098","est2genome",[[1,2919,3152,-1,"M83 I4 M8 I3 M31 I8 M111","NODE_6023_length_4056_cov_2.961098:hsp:906:3.2.0.0",2723,"NODE_6023_length_4056_cov_2.961098","est2genome","TRINITY_DN10842_c0_g1_i8 1 248 +","match_part"],[1,2383,2779,-1,"M17 I5 M79 I6 M6 I6 M136 I3 M150 I1 M8","NODE_6023_length_4056_cov_2.961098:hsp:907:3.2.0.0",2723,"NODE_6023_length_4056_cov_2.961098","est2genome","TRINITY_DN10842_c0_g1_i8 249 665 +","match_part"]],"665","expressed_sequence_match"],[0,2383,3152,-1,"100","92.1","NODE_6023_length_4056_cov_2.961098:hit:256:3.2.0.0","TRINITY_DN10842_c0_g1_i4",2755,"NODE_6023_length_4056_cov_2.961098","est2genome",[[1,2919,3152,-1,"M83 I4 M8 I3 M31 I8 M111","NODE_6023_length_4056_cov_2.961098:hsp:908:3.2.0.0",2755,"NODE_6023_length_4056_cov_2.961098","est2genome","TRINITY_DN10842_c0_g1_i4 1 248 +","match_part"],[1,2383,2779,-1,"M17 I5 M79 I6 M142 I3 M150 I1 M8","NODE_6023_length_4056_cov_2.961098:hsp:909:3.2.0.0",2755,"NODE_6023_length_4056_cov_2.961098","est2genome","TRINITY_DN10842_c0_g1_i4 249 659 +","match_part"]],"659","expressed_sequence_match",{"Sublist":[[0,2383,3073,-1,"99.83","95.1","NODE_6023_length_4056_cov_2.961098:hit:257:3.2.0.0","TRINITY_DN10842_c0_g1_i5",2551,"NODE_6023_length_4056_cov_2.961098","est2genome",[[1,2914,3073,-1,"M42 I2 M1 I6 M116","NODE_6023_length_4056_cov_2.961098:hsp:910:3.2.0.0",2551,"NODE_6023_length_4056_cov_2.961098","est2genome","TRINITY_DN10842_c0_g1_i5 2 168 +","match_part"],[1,2383,2779,-1,"M96 I6 M142 I3 M150 I1 M8","NODE_6023_length_4056_cov_2.961098:hsp:911:3.2.0.0",2551,"NODE_6023_length_4056_cov_2.961098","est2genome","TRINITY_DN10842_c0_g1_i5 169 574 +","match_part"]],"574","expressed_sequence_match"],[0,2674,3076,-1,"99.05","88.7","NODE_6023_length_4056_cov_2.961098:hit:258:3.2.0.0","TRINITY_DN10842_c0_g1_i2",1645,"NODE_6023_length_4056_cov_2.961098","est2genome",[[1,2674,3076,-1,"M7 I1 M8 I3 M31 I8 M34 D7 M227 I5 M79 I6 M9","NODE_6023_length_4056_cov_2.961098:hsp:912:3.2.0.0",1645,"NODE_6023_length_4056_cov_2.961098","est2genome","TRINITY_DN10842_c0_g1_i2 5 422 +","match_part"]],"422","expressed_sequence_match"]]}],[0,2778,3152,-1,"100","91","NODE_6023_length_4056_cov_2.961098:hit:259:3.2.0.0","TRINITY_DN10842_c0_g1_i9",1598,"NODE_6023_length_4056_cov_2.961098","est2genome",[[1,2778,3152,-1,"M83 I4 M8 I3 M31 I8 M34 D7 M211","NODE_6023_length_4056_cov_2.961098:hsp:913:3.2.0.0",1598,"NODE_6023_length_4056_cov_2.961098","est2genome","TRINITY_DN10842_c0_g1_i9 1 382 +","match_part"]],"382","expressed_sequence_match"]],"urlTemplate":"lf-{Chunk}.json"}}