{"featureCount":7,"formatVersion":1,"histograms":{"meta":[{"arrayParams":{"chunkSize":10000,"length":2,"urlTemplate":"hist-10000-{Chunk}.json"},"basesPerBin":"10000"}],"stats":[{"basesPerBin":"10000","max":6,"mean":3.5}]},"intervals":{"classes":[{"attributes":["Start","End","Strand","Id","Name","Score","Seq_id","Source","Subfeatures","Target_length","Type"],"isArrayAttr":{"Subfeatures":1}},{"attributes":["Start","End","Strand","Gap","Id","Score","Seq_id","Source","Target","Type"],"isArrayAttr":{}},{"attributes":["Start","End","Chunk"],"isArrayAttr":{"Sublist":1}}],"count":7,"lazyClass":2,"maxEnd":18348,"minStart":128,"nclist":[[0,128,6421,-1,"NODE_923_length_18870_cov_7.937363:hit:78964:3.2.0.0","TRINITY_DN263_c0_g1_i6",219,"NODE_923_length_18870_cov_7.937363","blastn",[[1,6114,6421,-1,"M124 D1 M95 D4 M83","NODE_923_length_18870_cov_7.937363:hsp:405362:3.2.0.0",219,"NODE_923_length_18870_cov_7.937363","blastn","TRINITY_DN263_c0_g1_i6 1 302 +","match_part"],[1,5912,6012,-1,"M100","NODE_923_length_18870_cov_7.937363:hsp:405363:3.2.0.0",100,"NODE_923_length_18870_cov_7.937363","blastn","TRINITY_DN263_c0_g1_i6 299 398 +","match_part"],[1,5685,5822,-1,"M137","NODE_923_length_18870_cov_7.937363:hsp:405364:3.2.0.0",137,"NODE_923_length_18870_cov_7.937363","blastn","TRINITY_DN263_c0_g1_i6 398 534 +","match_part"],[1,5515,5605,-1,"M90","NODE_923_length_18870_cov_7.937363:hsp:405365:3.2.0.0",90,"NODE_923_length_18870_cov_7.937363","blastn","TRINITY_DN263_c0_g1_i6 534 623 +","match_part"],[1,5219,5409,-1,"M190","NODE_923_length_18870_cov_7.937363:hsp:405366:3.2.0.0",190,"NODE_923_length_18870_cov_7.937363","blastn","TRINITY_DN263_c0_g1_i6 623 812 +","match_part"],[1,5069,5133,-1,"M64","NODE_923_length_18870_cov_7.937363:hsp:405367:3.2.0.0",64,"NODE_923_length_18870_cov_7.937363","blastn","TRINITY_DN263_c0_g1_i6 813 876 +","match_part"],[1,4923,4994,-1,"M71","NODE_923_length_18870_cov_7.937363:hsp:405368:3.2.0.0",71,"NODE_923_length_18870_cov_7.937363","blastn","TRINITY_DN263_c0_g1_i6 873 943 +","match_part"],[1,4666,4832,-1,"M166","NODE_923_length_18870_cov_7.937363:hsp:405369:3.2.0.0",166,"NODE_923_length_18870_cov_7.937363","blastn","TRINITY_DN263_c0_g1_i6 942 1107 +","match_part"],[1,4337,4577,-1,"M240","NODE_923_length_18870_cov_7.937363:hsp:405370:3.2.0.0",240,"NODE_923_length_18870_cov_7.937363","blastn","TRINITY_DN263_c0_g1_i6 1104 1343 +","match_part"],[1,4163,4213,-1,"M50","NODE_923_length_18870_cov_7.937363:hsp:405371:3.2.0.0",50,"NODE_923_length_18870_cov_7.937363","blastn","TRINITY_DN263_c0_g1_i6 1340 1389 +","match_part"],[1,4020,4064,-1,"M44","NODE_923_length_18870_cov_7.937363:hsp:405372:3.2.0.0",44,"NODE_923_length_18870_cov_7.937363","blastn","TRINITY_DN263_c0_g1_i6 1389 1432 +","match_part"],[1,1617,3930,-1,"M2313","NODE_923_length_18870_cov_7.937363:hsp:405373:3.2.0.0",2277,"NODE_923_length_18870_cov_7.937363","blastn","TRINITY_DN263_c0_g1_i6 1431 3743 +","match_part"],[1,980,1521,-1,"M541","NODE_923_length_18870_cov_7.937363:hsp:405374:3.2.0.0",535,"NODE_923_length_18870_cov_7.937363","blastn","TRINITY_DN263_c0_g1_i6 3743 4283 +","match_part"],[1,418,911,-1,"M493","NODE_923_length_18870_cov_7.937363:hsp:405375:3.2.0.0",475,"NODE_923_length_18870_cov_7.937363","blastn","TRINITY_DN263_c0_g1_i6 4282 4774 +","match_part"],[1,128,348,-1,"M220","NODE_923_length_18870_cov_7.937363:hsp:405376:3.2.0.0",214,"NODE_923_length_18870_cov_7.937363","blastn","TRINITY_DN263_c0_g1_i6 4774 4993 +","match_part"]],"5031","expressed_sequence_match"],[0,128,6421,-1,"NODE_923_length_18870_cov_7.937363:hit:78965:3.2.0.0","TRINITY_DN263_c0_g1_i7",219,"NODE_923_length_18870_cov_7.937363","blastn",[[1,6114,6421,-1,"M124 D1 M95 D4 M83","NODE_923_length_18870_cov_7.937363:hsp:405377:3.2.0.0",219,"NODE_923_length_18870_cov_7.937363","blastn","TRINITY_DN263_c0_g1_i7 1 302 +","match_part"],[1,5912,6012,-1,"M100","NODE_923_length_18870_cov_7.937363:hsp:405378:3.2.0.0",100,"NODE_923_length_18870_cov_7.937363","blastn","TRINITY_DN263_c0_g1_i7 299 398 +","match_part"],[1,5685,5822,-1,"M137","NODE_923_length_18870_cov_7.937363:hsp:405379:3.2.0.0",137,"NODE_923_length_18870_cov_7.937363","blastn","TRINITY_DN263_c0_g1_i7 398 534 +","match_part"],[1,5515,5605,-1,"M90","NODE_923_length_18870_cov_7.937363:hsp:405380:3.2.0.0",90,"NODE_923_length_18870_cov_7.937363","blastn","TRINITY_DN263_c0_g1_i7 534 623 +","match_part"],[1,5219,5409,-1,"M190","NODE_923_length_18870_cov_7.937363:hsp:405381:3.2.0.0",190,"NODE_923_length_18870_cov_7.937363","blastn","TRINITY_DN263_c0_g1_i7 623 812 +","match_part"],[1,5069,5133,-1,"M64","NODE_923_length_18870_cov_7.937363:hsp:405382:3.2.0.0",64,"NODE_923_length_18870_cov_7.937363","blastn","TRINITY_DN263_c0_g1_i7 813 876 +","match_part"],[1,4923,4994,-1,"M71","NODE_923_length_18870_cov_7.937363:hsp:405383:3.2.0.0",71,"NODE_923_length_18870_cov_7.937363","blastn","TRINITY_DN263_c0_g1_i7 873 943 +","match_part"],[1,4666,4832,-1,"M166","NODE_923_length_18870_cov_7.937363:hsp:405384:3.2.0.0",166,"NODE_923_length_18870_cov_7.937363","blastn","TRINITY_DN263_c0_g1_i7 942 1107 +","match_part"],[1,4337,4577,-1,"M240","NODE_923_length_18870_cov_7.937363:hsp:405385:3.2.0.0",240,"NODE_923_length_18870_cov_7.937363","blastn","TRINITY_DN263_c0_g1_i7 1104 1343 +","match_part"],[1,4163,4213,-1,"M50","NODE_923_length_18870_cov_7.937363:hsp:405386:3.2.0.0",50,"NODE_923_length_18870_cov_7.937363","blastn","TRINITY_DN263_c0_g1_i7 1340 1389 +","match_part"],[1,2363,4064,-1,"M1701","NODE_923_length_18870_cov_7.937363:hsp:405387:3.2.0.0",1635,"NODE_923_length_18870_cov_7.937363","blastn","TRINITY_DN263_c0_g1_i7 1389 3089 +","match_part"],[1,1857,2264,-1,"M407","NODE_923_length_18870_cov_7.937363:hsp:405388:3.2.0.0",407,"NODE_923_length_18870_cov_7.937363","blastn","TRINITY_DN263_c0_g1_i7 3090 3496 +","match_part"],[1,1617,1783,-1,"M166","NODE_923_length_18870_cov_7.937363:hsp:405389:3.2.0.0",160,"NODE_923_length_18870_cov_7.937363","blastn","TRINITY_DN263_c0_g1_i7 3496 3661 +","match_part"],[1,980,1521,-1,"M541","NODE_923_length_18870_cov_7.937363:hsp:405390:3.2.0.0",535,"NODE_923_length_18870_cov_7.937363","blastn","TRINITY_DN263_c0_g1_i7 3661 4201 +","match_part"],[1,754,911,-1,"M157","NODE_923_length_18870_cov_7.937363:hsp:405391:3.2.0.0",151,"NODE_923_length_18870_cov_7.937363","blastn","TRINITY_DN263_c0_g1_i7 4200 4356 +","match_part"],[1,418,665,-1,"M247","NODE_923_length_18870_cov_7.937363:hsp:405392:3.2.0.0",241,"NODE_923_length_18870_cov_7.937363","blastn","TRINITY_DN263_c0_g1_i7 4356 4602 +","match_part"],[1,128,348,-1,"M220","NODE_923_length_18870_cov_7.937363:hsp:405393:3.2.0.0",214,"NODE_923_length_18870_cov_7.937363","blastn","TRINITY_DN263_c0_g1_i7 4602 4821 +","match_part"]],