{"featureCount":7,"formatVersion":1,"histograms":{"meta":[{"arrayParams":{"chunkSize":10000,"length":2,"urlTemplate":"hist-500-{Chunk}.json"},"basesPerBin":"500"}],"stats":[{"basesPerBin":"500","max":7,"mean":6.5}]},"intervals":{"classes":[{"attributes":["Start","End","Strand","Aligned_coverage","Aligned_identity","Id","Name","Score","Seq_id","Source","Subfeatures","Target_length","Type"],"isArrayAttr":{"Subfeatures":1}},{"attributes":["Start","End","Strand","Gap","Id","Score","Seq_id","Source","Target","Type"],"isArrayAttr":{}},{"attributes":["Start","End","Chunk"],"isArrayAttr":{"Sublist":1}}],"count":7,"lazyClass":2,"maxEnd":654,"minStart":223,"nclist":[[0,223,529,-1,"100","95.8","NODE_12652_length_1409_cov_2.419657:hit:1861:3.2.0.0","TRINITY_DN13218_c0_g1_i3",1413,"NODE_12652_length_1409_cov_2.419657","est2genome",[[1,223,529,-1,"M306","NODE_12652_length_1409_cov_2.419657:hsp:3888:3.2.0.0",1413,"NODE_12652_length_1409_cov_2.419657","est2genome","TRINITY_DN13218_c0_g1_i3 1 306 +","match_part"]],"306","expressed_sequence_match",{"Sublist":[[0,223,463,-1,"99.17","97.1","NODE_12652_length_1409_cov_2.419657:hit:1860:3.2.0.0","TRINITY_DN13218_c0_g1_i6",1137,"NODE_12652_length_1409_cov_2.419657","est2genome",[[1,223,463,-1,"M240","NODE_12652_length_1409_cov_2.419657:hsp:3887:3.2.0.0",1137,"NODE_12652_length_1409_cov_2.419657","est2genome","TRINITY_DN13218_c0_g1_i6 3 242 +","match_part"]],"242","expressed_sequence_match"]]}],[0,284,654,-1,"100","94.1","NODE_12652_length_1409_cov_2.419657:hit:1862:3.2.0.0","TRINITY_DN13218_c0_g1_i1",1652,"NODE_12652_length_1409_cov_2.419657","est2genome",[[1,284,654,-1,"M370","NODE_12652_length_1409_cov_2.419657:hsp:3889:3.2.0.0",1652,"NODE_12652_length_1409_cov_2.419657","est2genome","TRINITY_DN13218_c0_g1_i1 1 370 +","match_part"]],"370","expressed_sequence_match"],[0,284,654,-1,"100","94.1","NODE_12652_length_1409_cov_2.419657:hit:1863:3.2.0.0","TRINITY_DN13218_c0_g1_i8",1652,"NODE_12652_length_1409_cov_2.419657","est2genome",[[1,284,654,-1,"M370","NODE_12652_length_1409_cov_2.419657:hsp:3890:3.2.0.0",1652,"NODE_12652_length_1409_cov_2.419657","est2genome","TRINITY_DN13218_c0_g1_i8 1 370 +","match_part"]],"370","expressed_sequence_match"],[0,284,654,-1,"100","94.1","NODE_12652_length_1409_cov_2.419657:hit:1864:3.2.0.0","TRINITY_DN13218_c0_g1_i9",1652,"NODE_12652_length_1409_cov_2.419657","est2genome",[[1,284,654,-1,"M370","NODE_12652_length_1409_cov_2.419657:hsp:3891:3.2.0.0",1652,"NODE_12652_length_1409_cov_2.419657","est2genome","TRINITY_DN13218_c0_g1_i9 1 370 +","match_part"]],"370","expressed_sequence_match"],[0,285,654,-1,"100","94.3","NODE_12652_length_1409_cov_2.419657:hit:1865:3.2.0.0","TRINITY_DN13218_c0_g1_i5",1656,"NODE_12652_length_1409_cov_2.419657","est2genome",[[1,285,654,-1,"M369","NODE_12652_length_1409_cov_2.419657:hsp:3892:3.2.0.0",1656,"NODE_12652_length_1409_cov_2.419657","est2genome","TRINITY_DN13218_c0_g1_i5 1 369 +","match_part"]],"369","expressed_sequence_match"],[0,312,654,-1,"100","93.6","NODE_12652_length_1409_cov_2.419657:hit:1866:3.2.0.0","TRINITY_DN13218_c0_g1_i10",1512,"NODE_12652_length_1409_cov_2.419657","est2genome",[[1,312,654,-1,"M342","NODE_12652_length_1409_cov_2.419657:hsp:3893:3.2.0.0",1512,"NODE_12652_length_1409_cov_2.419657","est2genome","TRINITY_DN13218_c0_g1_i10 1 342 +","match_part"]],"342","expressed_sequence_match"]],"urlTemplate":"lf-{Chunk}.json"}}