{"featureCount":1,"formatVersion":1,"histograms":{"meta":[{"arrayParams":{"chunkSize":10000,"length":1,"urlTemplate":"hist-50000-{Chunk}.json"},"basesPerBin":"50000"}],"stats":[{"basesPerBin":"50000","max":1,"mean":1}]},"intervals":{"classes":[{"attributes":["Start","End","Strand","Id","Name","Seq_id","Source","Subfeatures","Target_length","Type"],"isArrayAttr":{"Subfeatures":1}},{"attributes":["Start","End","Strand","Gap","Id","Seq_id","Source","Target","Type"],"isArrayAttr":{}},{"attributes":["Start","End","Strand","Id","Seq_id","Source","Target","Type"],"isArrayAttr":{}},{"attributes":["Start","End","Chunk"],"isArrayAttr":{"Sublist":1}}],"count":1,"lazyClass":3,"maxEnd":8365,"minStart":3510,"nclist":[[0,3510,8365,1,"NODE_2907_length_8375_cov_7.217386:hit:22779:4.5.0.0","genemark-NODE_2907_length_8375_cov_7.217386-abinit-gene-0.1-mRNA-1","NODE_2907_length_8375_cov_7.217386","genemark",[[1,3510,4241,1,"M731","NODE_2907_length_8375_cov_7.217386:hsp:98118:4.5.0.0","NODE_2907_length_8375_cov_7.217386","genemark","genemark-NODE_2907_length_8375_cov_7.217386-abinit-gene-0.1-mRNA-1 1 731 +","match_part"],[1,4310,4539,1,"M229","NODE_2907_length_8375_cov_7.217386:hsp:98119:4.5.0.0","NODE_2907_length_8375_cov_7.217386","genemark","genemark-NODE_2907_length_8375_cov_7.217386-abinit-gene-0.1-mRNA-1 732 960 +","match_part"],[1,4597,4782,1,"M185","NODE_2907_length_8375_cov_7.217386:hsp:98120:4.5.0.0","NODE_2907_length_8375_cov_7.217386","genemark","genemark-NODE_2907_length_8375_cov_7.217386-abinit-gene-0.1-mRNA-1 961 1145 +","match_part"],[1,4850,5361,1,"M511","NODE_2907_length_8375_cov_7.217386:hsp:98121:4.5.0.0","NODE_2907_length_8375_cov_7.217386","genemark","genemark-NODE_2907_length_8375_cov_7.217386-abinit-gene-0.1-mRNA-1 1146 1656 +","match_part"],[1,5437,5697,1,"M260","NODE_2907_length_8375_cov_7.217386:hsp:98122:4.5.0.0","NODE_2907_length_8375_cov_7.217386","genemark","genemark-NODE_2907_length_8375_cov_7.217386-abinit-gene-0.1-mRNA-1 1657 1916 +","match_part"],[1,5769,7415,1,"M1646","NODE_2907_length_8375_cov_7.217386:hsp:98123:4.5.0.0","NODE_2907_length_8375_cov_7.217386","genemark","genemark-NODE_2907_length_8375_cov_7.217386-abinit-gene-0.1-mRNA-1 1917 3562 +","match_part"],[1,7484,7672,1,"M188","NODE_2907_length_8375_cov_7.217386:hsp:98124:4.5.0.0","NODE_2907_length_8375_cov_7.217386","genemark","genemark-NODE_2907_length_8375_cov_7.217386-abinit-gene-0.1-mRNA-1 3563 3750 +","match_part"],[1,8165,8216,1,"M51","NODE_2907_length_8375_cov_7.217386:hsp:98125:4.5.0.0","NODE_2907_length_8375_cov_7.217386","genemark","genemark-NODE_2907_length_8375_cov_7.217386-abinit-gene-0.1-mRNA-1 3751 3801 +","match_part"],[1,8287,8365,1,"M78","NODE_2907_length_8375_cov_7.217386:hsp:98126:4.5.0.0","NODE_2907_length_8375_cov_7.217386","genemark","genemark-NODE_2907_length_8375_cov_7.217386-abinit-gene-0.1-mRNA-1 3802 3879 +","match_part"]],"8375","match"]],"urlTemplate":"lf-{Chunk}.json"}}