{"featureCount":2,"formatVersion":1,"histograms":{"meta":[{"arrayParams":{"chunkSize":10000,"length":1,"urlTemplate":"hist-10000-{Chunk}.json"},"basesPerBin":"10000"}],"stats":[{"basesPerBin":"10000","max":2,"mean":2}]},"intervals":{"classes":[{"attributes":["Start","End","Strand","Id","Name","Score","Seq_id","Source","Subfeatures","Target_length","Type"],"isArrayAttr":{"Subfeatures":1}},{"attributes":["Start","End","Strand","Gap","Id","Score","Seq_id","Source","Target","Type"],"isArrayAttr":{}},{"attributes":["Start","End","Chunk"],"isArrayAttr":{"Sublist":1}}],"count":2,"lazyClass":2,"maxEnd":4104,"minStart":409,"nclist":[[0,409,1861,1,"NODE_3551_length_6908_cov_6.311753:hit:34754:4.5.0.0","augustus-NODE_3551_length_6908_cov_6.311753-abinit-gene-0.0-mRNA-1",0.06,"NODE_3551_length_6908_cov_6.311753","augustus",[[1,409,552,1,"M143","NODE_3551_length_6908_cov_6.311753:hsp:143762:4.5.0.0",0.06,"NODE_3551_length_6908_cov_6.311753","augustus","augustus-NODE_3551_length_6908_cov_6.311753-abinit-gene-0.0-mRNA-1 1 143 +","match_part"],[1,620,1073,1,"M453","NODE_3551_length_6908_cov_6.311753:hsp:143763:4.5.0.0",0.06,"NODE_3551_length_6908_cov_6.311753","augustus","augustus-NODE_3551_length_6908_cov_6.311753-abinit-gene-0.0-mRNA-1 144 596 +","match_part"],[1,1191,1433,1,"M242","NODE_3551_length_6908_cov_6.311753:hsp:143764:4.5.0.0",0.06,"NODE_3551_length_6908_cov_6.311753","augustus","augustus-NODE_3551_length_6908_cov_6.311753-abinit-gene-0.0-mRNA-1 597 838 +","match_part"],[1,1499,1582,1,"M83","NODE_3551_length_6908_cov_6.311753:hsp:143765:4.5.0.0",0.06,"NODE_3551_length_6908_cov_6.311753","augustus","augustus-NODE_3551_length_6908_cov_6.311753-abinit-gene-0.0-mRNA-1 839 921 +","match_part"],[1,1771,1861,1,"M90","NODE_3551_length_6908_cov_6.311753:hsp:143766:4.5.0.0",0.06,"NODE_3551_length_6908_cov_6.311753","augustus","augustus-NODE_3551_length_6908_cov_6.311753-abinit-gene-0.0-mRNA-1 922 1011 +","match_part"]],"6908","match"],[0,2810,4104,1,"NODE_3551_length_6908_cov_6.311753:hit:34758:4.5.0.0","augustus-NODE_3551_length_6908_cov_6.311753-abinit-gene-0.1-mRNA-1",0.74,"NODE_3551_length_6908_cov_6.311753","augustus",[[1,2810,3819,1,"M1009","NODE_3551_length_6908_cov_6.311753:hsp:143774:4.5.0.0",0.74,"NODE_3551_length_6908_cov_6.311753","augustus","augustus-NODE_3551_length_6908_cov_6.311753-abinit-gene-0.1-mRNA-1 1 1009 +","match_part"],[1,3916,4104,1,"M188","NODE_3551_length_6908_cov_6.311753:hsp:143775:4.5.0.0",0.74,"NODE_3551_length_6908_cov_6.311753","augustus","augustus-NODE_3551_length_6908_cov_6.311753-abinit-gene-0.1-mRNA-1 1010 1197 +","match_part"]],"6908","match"]],"urlTemplate":"lf-{Chunk}.json"}}