{"featureCount":7,"formatVersion":1,"histograms":{"meta":[{"arrayParams":{"chunkSize":10000,"length":3,"urlTemplate":"hist-10000-{Chunk}.json"},"basesPerBin":"10000"}],"stats":[{"basesPerBin":"10000","max":4,"mean":3}]},"intervals":{"classes":[{"attributes":["Start","End","Strand","Id","Name","Seq_id","Source","Subfeatures","Target_length","Type"],"isArrayAttr":{"Subfeatures":1}},{"attributes":["Start","End","Strand","Gap","Id","Seq_id","Source","Target","Type"],"isArrayAttr":{}},{"attributes":["Start","End","Strand","Id","Seq_id","Source","Target","Type"],"isArrayAttr":{}},{"attributes":["Start","End","Chunk"],"isArrayAttr":{"Sublist":1}}],"count":7,"lazyClass":3,"maxEnd":23525,"minStart":378,"nclist":[[0,378,3731,1,"NODE_411_length_27739_cov_8.064168:hit:43844:4.5.0.0","genemark-NODE_411_length_27739_cov_8.064168-abinit-gene-0.85-mRNA-1","NODE_411_length_27739_cov_8.064168","genemark",[[1,378,441,1,"M63","NODE_411_length_27739_cov_8.064168:hsp:229452:4.5.0.0","NODE_411_length_27739_cov_8.064168","genemark","genemark-NODE_411_length_27739_cov_8.064168-abinit-gene-0.85-mRNA-1 1 63 +","match_part"],[1,543,666,1,"M123","NODE_411_length_27739_cov_8.064168:hsp:229453:4.5.0.0","NODE_411_length_27739_cov_8.064168","genemark","genemark-NODE_411_length_27739_cov_8.064168-abinit-gene-0.85-mRNA-1 64 186 +","match_part"],[1,745,825,1,"M80","NODE_411_length_27739_cov_8.064168:hsp:229454:4.5.0.0","NODE_411_length_27739_cov_8.064168","genemark","genemark-NODE_411_length_27739_cov_8.064168-abinit-gene-0.85-mRNA-1 187 266 +","match_part"],[1,899,994,1,"M95","NODE_411_length_27739_cov_8.064168:hsp:229455:4.5.0.0","NODE_411_length_27739_cov_8.064168","genemark","genemark-NODE_411_length_27739_cov_8.064168-abinit-gene-0.85-mRNA-1 267 361 +","match_part"],[1,1071,1202,1,"M131","NODE_411_length_27739_cov_8.064168:hsp:229456:4.5.0.0","NODE_411_length_27739_cov_8.064168","genemark","genemark-NODE_411_length_27739_cov_8.064168-abinit-gene-0.85-mRNA-1 362 492 +","match_part"],[1,1272,1465,1,"M193","NODE_411_length_27739_cov_8.064168:hsp:229457:4.5.0.0","NODE_411_length_27739_cov_8.064168","genemark","genemark-NODE_411_length_27739_cov_8.064168-abinit-gene-0.85-mRNA-1 493 685 +","match_part"],[1,1541,3531,1,"M1990","NODE_411_length_27739_cov_8.064168:hsp:229458:4.5.0.0","NODE_411_length_27739_cov_8.064168","genemark","genemark-NODE_411_length_27739_cov_8.064168-abinit-gene-0.85-mRNA-1 686 2675 +","match_part"],[1,3622,3731,1,"M109","NODE_411_length_27739_cov_8.064168:hsp:229459:4.5.0.0","NODE_411_length_27739_cov_8.064168","genemark","genemark-NODE_411_length_27739_cov_8.064168-abinit-gene-0.85-mRNA-1 2676 2784 +","match_part"]],"27739","match"],[0,4370,6623,1,"NODE_411_length_27739_cov_8.064168:hit:43848:4.5.0.0","genemark-NODE_411_length_27739_cov_8.064168-abinit-gene-0.86-mRNA-1","NODE_411_length_27739_cov_8.064168","genemark",[[1,4370,4627,1,"M257","NODE_411_length_27739_cov_8.064168:hsp:229473:4.5.0.0","NODE_411_length_27739_cov_8.064168","genemark","genemark-NODE_411_length_27739_cov_8.064168-abinit-gene-0.86-mRNA-1 1 257 +","match_part"],[1,4699,4905,1,"M206","NODE_411_length_27739_cov_8.064168:hsp:229474:4.5.0.0","NODE_411_length_27739_cov_8.064168","genemark","genemark-NODE_411_length_27739_cov_8.064168-abinit-gene-0.86-mRNA-1 258 463 +","match_part"],[1,5009,6265,1,"M1256","NODE_411_length_27739_cov_8.064168:hsp:229475:4.5.0.0","NODE_411_length_27739_cov_8.064168","genemark","genemark-NODE_411_length_27739_cov_8.064168-abinit-gene-0.86-mRNA-1 464 1719 +","match_part"],[1,6362,6623,1,"M261","NODE_411_length_27739_cov_8.064168:hsp:229476:4.5.0.0","NODE_411_length_27739_cov_8.064168","genemark","genemark-NODE_411_length_27739_cov_8.064168-abinit-gene-0.86-mRNA-1 1720 1980 +","match_part"]],"27739","match"],[0,7905,9774,1,"NODE_411_length_27739_cov_8.064168:hit:43851:4.5.0.0","genemark-NODE_411_length_27739_cov_8.064168-abinit-gene-0.87-mRNA-1","NODE_411_length_27739_cov_8.064168","genemark",[[1,7905,8096,1,"M191","NODE_411_length_27739_cov_8.064168:hsp:229485:4.5.0.0","NODE_411_length_27739_cov_8.064168","genemark","genemark-NODE_411_length_27739_cov_8.064168-abinit-gene-0.87-mRNA-1 1 191 +","match_part"],[1,8233,8329,1,"M96","NODE_411_length_27739_cov_8.064168:hsp:229486:4.5.0.0","NODE_411_length_27739_cov_8.064168","genemark","genemark-NODE_411_length_27739_cov_8.064168-abinit-gene-0.87-mRNA-1 192 287 +","match_part"],[1,8409,8551,1,"M142","NODE_411_length_27739_cov_8.064168:hsp:229487:4.5.0.0","NODE_411_length_27739_cov_8.064168","genemark","genemark-NODE_411_length_27739_cov_8.064168-abinit-gene-0.87-mRNA-1 288 429 +","match_part"],[1,8625,8864,1,"M239","NODE_411_length_27739_cov_8.064168:hsp:229488:4.5.0.0","NODE_411_length_27739_cov_8.064168","genemark","genemark-NODE_411_length_27739_cov_8.064168-abinit-gene-0.87-mRNA-1 430 668 +","match_part"],[1,8939,9663,1,"M724","NODE_411_length_27739_cov_8.064168:hsp:229489:4.5.0.0","NODE_411_length_27739_cov_8.064168","genemark","genemark-NODE_411_length_27739_cov_8.064168-abinit-gene-0.87-mRNA-1 669 1392 +","match_part"],[1,9729,9774,1,"M45","NODE_411_length_27739_cov_8.064168:hsp:229490:4.5.0.0","NODE_411_length_27739_cov_8.064168","genemark","genemark-NODE_411_length_27739_cov_8.064168-abinit-gene-0.87-mRNA-1 1393 1437 +","match_part"]],"27739","match"],[0,9875,13849,1,"NODE_411_length_27739_cov_8.064168:hit:43854:4.5.0.0","genemark-NODE_411_length_27739_cov_8.064168-abinit-gene-0.88-mRNA-1","NODE_411_length_27739_cov_8.064168","genemark",[[1,9875,9965,1,"M90","NODE_411_length_27739_cov_8.064168:hsp:229505:4.5.0.0","NODE_411_length_27739_cov_8.064168","genemark","genemark-NODE_411_length_27739_cov_8.064168-abinit-gene-0.88-mRNA-1 1 90 +","match_part"],[1,10709,10904,1,"M195","NODE_411_length_27739_cov_8.064168:hsp:229506:4.5.0.0","NODE_411_length_27739_cov_8.064168","genemark","genemark-NODE_411_length_27739_cov_8.064168-abinit-gene-0.88-mRNA-1 91 285 +","match_part"],[1,10991,11315,1,"M324","NODE_411_length_27739_cov_8.064168:hsp:229507:4.5.0.0","NODE_411_length_27739_cov_8.064168","genemark","genemark-NODE_411_length_27739_cov_8.064168-abinit-gene-0.88-mRNA-1 286 609 +","match_part"],[1,11408,11760,1,"M352","NODE_411_length_27739_cov_8.064168:hsp:229508:4.5.0.0","NODE_411_length_27739_cov_8.064168","genemark","genemark-NODE_411_length_27739_cov_8.064168-abinit-gene-0.88-mRNA-1 610 961 +","match_part"],[1,11871,11934,1,"M63","NODE_411_length_27739_cov_8.064168:hsp:229509:4.5.0.0","NODE_411_length_27739_cov_8.064168","genemark","genemark-NODE_411_length_27739_cov_8.064168-abinit-gene-0.88-mRNA-1 962 1024 +","match_part"],[1,13431,13657,1,"M226","NODE_411_length_27739_cov_8.064168:hsp:229510:4.5.0.0","NODE_411_length_27739_cov_8.064168","genemark","genemark-NODE_411_length_27739_cov_8.064168-abinit-gene-0.88-mRNA-1 1025 1250 +","match_part"],[1,13776,13849,1,"M73","NODE_411_length_27739_cov_8.064168:hsp:229511:4.5.0.0","NODE_411_length_27739_cov_8.064168","genemark","genemark-NODE_411_length_27739_cov_8.064168-abinit-gene-0.88-mRNA-1 1251 1323 +","match_part"]],