{"featureCount":16,"formatVersion":1,"histograms":{"meta":[{"arrayParams":{"chunkSize":10000,"length":5,"urlTemplate":"hist-2000-{Chunk}.json"},"basesPerBin":"2000"}],"stats":[{"basesPerBin":"2000","max":9,"mean":4}]},"intervals":{"classes":[{"attributes":["Start","End","Strand","Id","Name","Score","Seq_id","Source","Subfeatures","Target_length","Type"],"isArrayAttr":{"Subfeatures":1}},{"attributes":["Start","End","Strand","Gap","Id","Score","Seq_id","Source","Target","Type"],"isArrayAttr":{}},{"attributes":["Start","End","Chunk"],"isArrayAttr":{"Sublist":1}}],"count":16,"lazyClass":2,"maxEnd":9695,"minStart":4824,"nclist":[[0,4824,5168,-1,"NODE_2378_length_9993_cov_7.339371:hit:10945:3.2.0.0","TRINITY_DN15383_c1_g1_i1",249,"NODE_2378_length_9993_cov_7.339371","blastn",[[1,4824,5168,-1,"M253 D6 M85","NODE_2378_length_9993_cov_7.339371:hsp:48169:3.2.0.0",249,"NODE_2378_length_9993_cov_7.339371","blastn","TRINITY_DN15383_c1_g1_i1 1 338 +","match_part"]],"357","expressed_sequence_match"],[0,5175,5605,-1,"NODE_2378_length_9993_cov_7.339371:hit:10946:3.2.0.0","TRINITY_DN958_c1_g1_i13",162,"NODE_2378_length_9993_cov_7.339371","blastn",[[1,5389,5605,-1,"M216","NODE_2378_length_9993_cov_7.339371:hsp:48170:3.2.0.0",162,"NODE_2378_length_9993_cov_7.339371","blastn","TRINITY_DN958_c1_g1_i13 6 221 +","match_part"],[1,5272,5313,-1,"M41","NODE_2378_length_9993_cov_7.339371:hsp:48171:3.2.0.0",35,"NODE_2378_length_9993_cov_7.339371","blastn","TRINITY_DN958_c1_g1_i13 312 352 +","match_part"],[1,5175,5247,-1,"M72","NODE_2378_length_9993_cov_7.339371:hsp:48172:3.2.0.0",72,"NODE_2378_length_9993_cov_7.339371","blastn","TRINITY_DN958_c1_g1_i13 385 456 +","match_part"]],"457","expressed_sequence_match"],[0,5175,5605,-1,"NODE_2378_length_9993_cov_7.339371:hit:10947:3.2.0.0","TRINITY_DN958_c1_g1_i11",151,"NODE_2378_length_9993_cov_7.339371","blastn",[[1,5400,5605,-1,"M205","NODE_2378_length_9993_cov_7.339371:hsp:48173:3.2.0.0",151,"NODE_2378_length_9993_cov_7.339371","blastn","TRINITY_DN958_c1_g1_i11 6 210 +","match_part"],[1,5175,5247,-1,"M72","NODE_2378_length_9993_cov_7.339371:hsp:48174:3.2.0.0",72,"NODE_2378_length_9993_cov_7.339371","blastn","TRINITY_DN958_c1_g1_i11 271 342 +","match_part"]],"343","expressed_sequence_match",{"Sublist":[[0,5272,5465,-1,"NODE_2378_length_9993_cov_7.339371:hit:10948:3.2.0.0","TRINITY_DN9142_c0_g1_i1",129,"NODE_2378_length_9993_cov_7.339371","blastn",[[1,5272,5465,-1,"M76 D1 M73 D1 M42","NODE_2378_length_9993_cov_7.339371:hsp:48175:3.2.0.0",129,"NODE_2378_length_9993_cov_7.339371","blastn","TRINITY_DN9142_c0_g1_i1 6 196 +","match_part"]],"250","expressed_sequence_match"]]}],[0,5463,5698,1,"NODE_2378_length_9993_cov_7.339371:hit:10949:3.2.0.0","TRINITY_DN12106_c0_g1_i1",125,"NODE_2378_length_9993_cov_7.339371","blastn",[[1,5463,5698,1,"M109 I3 M126","NODE_2378_length_9993_cov_7.339371:hsp:48176:3.2.0.0",125,"NODE_2378_length_9993_cov_7.339371","blastn","TRINITY_DN12106_c0_g1_i1 5 242 +","match_part"]],"242","expressed_sequence_match"],[0,5466,7133,-1,"NODE_2378_length_9993_cov_7.339371:hit:10950:3.2.0.0","TRINITY_DN3127_c0_g1_i4",1434,"NODE_2378_length_9993_cov_7.339371","blastn",[[1,5466,7133,-1,"M1583 D3 M81","NODE_2378_length_9993_cov_7.339371:hsp:48177:3.2.0.0",1434,"NODE_2378_length_9993_cov_7.339371","blastn","TRINITY_DN3127_c0_g1_i4 1 1664 +","match_part"]],"1664","expressed_sequence_match"],[0,5582,7133,-1,"NODE_2378_length_9993_cov_7.339371:hit:10951:3.2.0.0","TRINITY_DN3127_c0_g1_i7",1407,"NODE_2378_length_9993_cov_7.339371","blastn",[[1,5582,7133,-1,"M1551","NODE_2378_length_9993_cov_7.339371:hsp:48178:3.2.0.0",1407,"NODE_2378_length_9993_cov_7.339371","blastn","TRINITY_DN3127_c0_g1_i7 1 1551 +","match_part"]],"1551","expressed_sequence_match"],[0,5617,7133,-1,"NODE_2378_length_9993_cov_7.339371:hit:10952:3.2.0.0","TRINITY_DN3127_c0_g1_i5",1372,"NODE_2378_length_9993_cov_7.339371","blastn",[[1,5617,7133,-1,"M1516","NODE_2378_length_9993_cov_7.339371:hsp:48179:3.2.0.0",1372,"NODE_2378_length_9993_cov_7.339371","blastn","TRINITY_DN3127_c0_g1_i5 1 1516 +","match_part"]],"1516","expressed_sequence_match"],[0,5739,7133,-1,"NODE_2378_length_9993_cov_7.339371:hit:10953:3.2.0.0","TRINITY_DN3127_c0_g1_i6",359,"NODE_2378_length_9993_cov_7.339371","blastn",[[1,6732,7133,-1,"M401","NODE_2378_length_9993_cov_7.339371:hsp:48180:3.2.0.0",359,"NODE_2378_length_9993_cov_7.339371","blastn","TRINITY_DN3127_c0_g1_i6 1 401 +","match_part"],[1,5739,6680,-1,"M941","NODE_2378_length_9993_cov_7.339371:hsp:48181:3.2.0.0",887,"NODE_2378_length_9993_cov_7.339371","blastn","TRINITY_DN3127_c0_g1_i6 451 1391 +","match_part"]],"1391","expressed_sequence_match"],[0,8944,9145,1,"NODE_2378_length_9993_cov_7.339371:hit:10954:3.2.0.0","TRINITY_DN25331_c0_g1_i1",113,"NODE_2378_length_9993_cov_7.339371","blastn",[[1,8944,9145,1,"M152 I7 M49","NODE_2378_length_9993_cov_7.339371:hsp:48182:3.2.0.0",113,"NODE_2378_length_9993_cov_7.339371","blastn","TRINITY_DN25331_c0_g1_i1 103 310 +","match_part"]],"314","expressed_sequence_match"],[0,9086,9441,1,"NODE_2378_length_9993_cov_7.339371:hit:10955:3.2.0.0","TRINITY_DN4763_c0_g1_i12",85,"NODE_2378_length_9993_cov_7.339371","blastn",[[1,9086,9189,1,"M103","NODE_2378_length_9993_cov_7.339371:hsp:48183:3.2.0.0",85,"NODE_2378_length_9993_cov_7.339371","blastn","TRINITY_DN4763_c0_g1_i12 10 112 +","match_part"],[1,9220,9270,1,"M50","NODE_2378_length_9993_cov_7.339371:hsp:48184:3.2.0.0",50,"NODE_2378_length_9993_cov_7.339371","blastn","TRINITY_DN4763_c0_g1_i12 155 204 +","match_part"],[1,9397,9441,1,"M44","NODE_2378_length_9993_cov_7.339371:hsp:48185:3.2.0.0",32,"NODE_2378_length_9993_cov_7.339371","blastn","TRINITY_DN4763_c0_g1_i12 337 380 +","match_part"]],"380","expressed_sequence_match"],[0,9086,9441,1,"NODE_2378_length_9993_cov_7.339371:hit:10956:3.2.0.0","TRINITY_DN4763_c0_g1_i4",95,"NODE_2378_length_9993_cov_7.339371","blastn",[[1,9086,9205,1,"M119","NODE_2378_length_9993_cov_7.339371:hsp:48186:3.2.0.0",95,"NODE_2378_length_9993_cov_7.339371","blastn","TRINITY_DN4763_c0_g1_i4 10 128 +","match_part"],[1,9397,9441,1,"M44","NODE_2378_length_9993_cov_7.339371:hsp:48187:3.2.0.0",32,"NODE_2378_length_9993_cov_7.339371","blastn","TRINITY_DN4763_c0_g1_i4 338 381 +","match_part"]],"381","expressed_sequence_match"],[0,9086,9441,1,"NODE_2378_length_9993_cov_7.339371:hit:10957:3.2.0.0","TRINITY_DN4763_c0_g1_i7",140,"NODE_2378_length_9993_cov_7.339371","blastn",[[1,9086,9270,1,"M122 I1 M6 I1 M56","NODE_2378_length_9993_cov_7.339371:hsp:48188:3.2.0.0",140,"NODE_2378_length_9993_cov_7.339371","blastn","TRINITY_DN4763_c0_g1_i7 10 195 +","match_part"],[1,9397,9441,1,"M44","NODE_2378_length_9993_cov_7.339371:hsp:48189:3.2.0.0",32,"NODE_2378_length_9993_cov_7.339371","blastn","TRINITY_DN4763_c0_g1_i7 328 371 +","match_part"]],"371","expressed_sequence_match"],[0,9147,9441,1,"NODE_2378_length_9993_cov_7.339371:hit:10958:3.2.0.0","TRINITY_DN4763_c0_g1_i2",79,"NODE_2378_length_9993_cov_7.339371","blastn",[[1,9147,9270,1,"M61 I1 M6 I1 M56","NODE_2378_length_9993_cov_7.339371:hsp:48190:3.2.0.0",79,"NODE_2378_length_9993_cov_7.339371","blastn","TRINITY_DN4763_c0_g1_i2 3 127 +","match_part"],[1,9397,9441,1,"M44","NODE_2378_length_9993_cov_7.339371:hsp:48191:3.2.0.0",32,"NODE_2378_length_9993_cov_7.339371","blastn","TRINITY_DN4763_c0_g1_i2 260 303 +","match_part"]],"303","expressed_sequence_match"],[0,9397,9695,1,"NODE_2378_length_9993_cov_7.339371:hit:10959:3.2.0.0","TRINITY_DN4763_c0_g1_i5",32,"NODE_2378_length_9993_cov_7.339371","blastn",[[1,9397,9441,1,"M44","NODE_2378_length_9993_cov_7.339371:hsp:48192:3.2.0.0",32,"NODE_2378_length_9993_cov_7.339371","blastn","TRINITY_DN4763_c0_g1_i5 115 158 +","match_part"],[1,9436,9695,1,"M88 D1 M94 I1 M22 I3 M54","NODE_2378_length_9993_cov_7.339371:hsp:48193:3.2.0.0",158,"NODE_2378_length_9993_cov_7.339371","blastn","TRINITY_DN4763_c0_g1_i5 142 403 +","match_part"]],