{"featureCount":6,"formatVersion":1,"histograms":{"meta":[{"arrayParams":{"chunkSize":10000,"length":2,"urlTemplate":"hist-1000-{Chunk}.json"},"basesPerBin":"1000"}],"stats":[{"basesPerBin":"1000","max":4,"mean":3}]},"intervals":{"classes":[{"attributes":["Start","End","Strand","Id","Name","Score","Seq_id","Source","Subfeatures","Target_length","Type"],"isArrayAttr":{"Subfeatures":1}},{"attributes":["Start","End","Strand","Gap","Id","Score","Seq_id","Source","Target","Type"],"isArrayAttr":{}},{"attributes":["Start","End","Chunk"],"isArrayAttr":{"Sublist":1}}],"count":6,"lazyClass":2,"maxEnd":1467,"minStart":79,"nclist":[[0,79,295,1,"NODE_11419_length_1610_cov_1.266352:hit:4852:3.2.0.0","TRINITY_DN5537_c0_g1_i1",130,"NODE_11419_length_1610_cov_1.266352","blastn",[[1,79,295,1,"M150 I3 M66","NODE_11419_length_1610_cov_1.266352:hsp:10675:3.2.0.0",130,"NODE_11419_length_1610_cov_1.266352","blastn","TRINITY_DN5537_c0_g1_i1 1 219 +","match_part"]],"226","expressed_sequence_match"],[0,79,295,1,"NODE_11419_length_1610_cov_1.266352:hit:4853:3.2.0.0","TRINITY_DN5537_c0_g1_i2",150,"NODE_11419_length_1610_cov_1.266352","blastn",[[1,79,295,1,"M131 I2 M19 I2 M66","NODE_11419_length_1610_cov_1.266352:hsp:10676:3.2.0.0",150,"NODE_11419_length_1610_cov_1.266352","blastn","TRINITY_DN5537_c0_g1_i2 1 220 +","match_part"]],"227","expressed_sequence_match"],[0,388,600,1,"NODE_11419_length_1610_cov_1.266352:hit:4854:3.2.0.0","TRINITY_DN11182_c0_g1_i2",142,"NODE_11419_length_1610_cov_1.266352","blastn",[[1,388,600,1,"M44 D2 M81 D1 M84","NODE_11419_length_1610_cov_1.266352:hsp:10677:3.2.0.0",142,"NODE_11419_length_1610_cov_1.266352","blastn","TRINITY_DN11182_c0_g1_i2 33 241 +","match_part"]],"254","expressed_sequence_match"],[0,434,600,1,"NODE_11419_length_1610_cov_1.266352:hit:4855:3.2.0.0","TRINITY_DN11182_c0_g1_i1",119,"NODE_11419_length_1610_cov_1.266352","blastn",[[1,434,600,1,"M81 D1 M84","NODE_11419_length_1610_cov_1.266352:hsp:10678:3.2.0.0",119,"NODE_11419_length_1610_cov_1.266352","blastn","TRINITY_DN11182_c0_g1_i1 55 219 +","match_part"]],"232","expressed_sequence_match"],[0,1155,1269,-1,"NODE_11419_length_1610_cov_1.266352:hit:4856:3.2.0.0","TRINITY_DN8374_c0_g1_i1",104,"NODE_11419_length_1610_cov_1.266352","blastn",[[1,1155,1269,-1,"M85 I1 M29","NODE_11419_length_1610_cov_1.266352:hsp:10679:3.2.0.0",104,"NODE_11419_length_1610_cov_1.266352","blastn","TRINITY_DN8374_c0_g1_i1 1 115 +","match_part"]],"249","expressed_sequence_match"],[0,1188,1467,-1,"NODE_11419_length_1610_cov_1.266352:hit:4857:3.2.0.0","TRINITY_DN2822_c1_g1_i6",255,"NODE_11419_length_1610_cov_1.266352","blastn",[[1,1188,1467,-1,"M279","NODE_11419_length_1610_cov_1.266352:hsp:10680:3.2.0.0",255,"NODE_11419_length_1610_cov_1.266352","blastn","TRINITY_DN2822_c1_g1_i6 34 312 +","match_part"]],"312","expressed_sequence_match"]],"urlTemplate":"lf-{Chunk}.json"}}