{"featureCount":5,"formatVersion":1,"histograms":{"meta":[{"arrayParams":{"chunkSize":10000,"length":2,"urlTemplate":"hist-1000-{Chunk}.json"},"basesPerBin":"1000"}],"stats":[{"basesPerBin":"1000","max":3,"mean":2.5}]},"intervals":{"classes":[{"attributes":["Start","End","Strand","Id","Name","Score","Seq_id","Source","Subfeatures","Target_length","Type"],"isArrayAttr":{"Subfeatures":1}},{"attributes":["Start","End","Strand","Gap","Id","Score","Seq_id","Source","Target","Type"],"isArrayAttr":{}},{"attributes":["Start","End","Chunk"],"isArrayAttr":{"Sublist":1}}],"count":5,"lazyClass":2,"maxEnd":1356,"minStart":219,"nclist":[[0,219,620,1,"NODE_313_length_30898_cov_8.612700:hit:34906:3.2.0.0","TRINITY_DN6591_c0_g1_i1",43,"NODE_313_length_30898_cov_8.612700","blastn",[[1,219,268,1,"M49","NODE_313_length_30898_cov_8.612700:hsp:179544:3.2.0.0",43,"NODE_313_length_30898_cov_8.612700","blastn","TRINITY_DN6591_c0_g1_i1 1 49 +","match_part"],[1,481,620,1,"M139","NODE_313_length_30898_cov_8.612700:hsp:179545:3.2.0.0",121,"NODE_313_length_30898_cov_8.612700","blastn","TRINITY_DN6591_c0_g1_i1 75 213 +","match_part"]],"213","expressed_sequence_match"],[0,383,620,1,"NODE_313_length_30898_cov_8.612700:hit:34907:3.2.0.0","TRINITY_DN6591_c0_g1_i2",207,"NODE_313_length_30898_cov_8.612700","blastn",[[1,383,620,1,"M237","NODE_313_length_30898_cov_8.612700:hsp:179546:3.2.0.0",207,"NODE_313_length_30898_cov_8.612700","blastn","TRINITY_DN6591_c0_g1_i2 1 237 +","match_part"]],"237","expressed_sequence_match"],[0,1023,1356,1,"NODE_313_length_30898_cov_8.612700:hit:34908:3.2.0.0","TRINITY_DN3954_c1_g1_i3",285,"NODE_313_length_30898_cov_8.612700","blastn",[[1,1023,1356,1,"M333","NODE_313_length_30898_cov_8.612700:hsp:179547:3.2.0.0",285,"NODE_313_length_30898_cov_8.612700","blastn","TRINITY_DN3954_c1_g1_i3 1 333 +","match_part"]],"343","expressed_sequence_match"],[0,1023,1356,1,"NODE_313_length_30898_cov_8.612700:hit:34909:3.2.0.0","TRINITY_DN3954_c1_g1_i4",280,"NODE_313_length_30898_cov_8.612700","blastn",[[1,1023,1356,1,"M191 D1 M141","NODE_313_length_30898_cov_8.612700:hsp:179548:3.2.0.0",280,"NODE_313_length_30898_cov_8.612700","blastn","TRINITY_DN3954_c1_g1_i4 1 332 +","match_part"]],"342","expressed_sequence_match"],[0,1126,1356,-1,"NODE_313_length_30898_cov_8.612700:hit:34910:3.2.0.0","TRINITY_DN44104_c0_g1_i1",70,"NODE_313_length_30898_cov_8.612700","blastn",[[1,1126,1356,-1,"M133 I1 M97","NODE_313_length_30898_cov_8.612700:hsp:179549:3.2.0.0",70,"NODE_313_length_30898_cov_8.612700","blastn","TRINITY_DN44104_c0_g1_i1 33 263 +","match_part"]],"274","expressed_sequence_match"]],"urlTemplate":"lf-{Chunk}.json"}}