{"featureCount":28,"formatVersion":1,"histograms":{"meta":[{"arrayParams":{"chunkSize":10000,"length":8,"urlTemplate":"hist-1000-{Chunk}.json"},"basesPerBin":"1000"}],"stats":[{"basesPerBin":"1000","max":19,"mean":9}]},"intervals":{"classes":[{"attributes":["Start","End","Strand","Aligned_coverage","Aligned_identity","Id","Name","Score","Seq_id","Source","Subfeatures","Target_length","Type"],"isArrayAttr":{"Subfeatures":1}},{"attributes":["Start","End","Strand","Gap","Id","Score","Seq_id","Source","Target","Type"],"isArrayAttr":{}},{"attributes":["Start","End","Chunk"],"isArrayAttr":{"Sublist":1}}],"count":28,"lazyClass":2,"maxEnd":7809,"minStart":517,"nclist":[[0,517,2073,-1,"100","99.3","NODE_2409_length_9863_cov_7.797884:hit:11679:3.2.0.0","TRINITY_DN557_c1_g2_i2",6298,"NODE_2409_length_9863_cov_7.797884","est2genome",[[1,1972,2073,-1,"M101","NODE_2409_length_9863_cov_7.797884:hsp:50882:3.2.0.0",6298,"NODE_2409_length_9863_cov_7.797884","est2genome","TRINITY_DN557_c1_g2_i2 1184 1284 -","match_part"],[1,1485,1885,-1,"M400","NODE_2409_length_9863_cov_7.797884:hsp:50883:3.2.0.0",6298,"NODE_2409_length_9863_cov_7.797884","est2genome","TRINITY_DN557_c1_g2_i2 784 1183 -","match_part"],[1,1237,1429,-1,"M192","NODE_2409_length_9863_cov_7.797884:hsp:50884:3.2.0.0",6298,"NODE_2409_length_9863_cov_7.797884","est2genome","TRINITY_DN557_c1_g2_i2 592 783 -","match_part"],[1,517,1108,-1,"M591","NODE_2409_length_9863_cov_7.797884:hsp:50885:3.2.0.0",6298,"NODE_2409_length_9863_cov_7.797884","est2genome","TRINITY_DN557_c1_g2_i2 1 591 -","match_part"]],"1284","expressed_sequence_match"],[0,517,2073,-1,"100","99.4","NODE_2409_length_9863_cov_7.797884:hit:11680:3.2.0.0","TRINITY_DN557_c1_g2_i1",6955,"NODE_2409_length_9863_cov_7.797884","est2genome",[[1,1972,2073,-1,"M101","NODE_2409_length_9863_cov_7.797884:hsp:50886:3.2.0.0",6955,"NODE_2409_length_9863_cov_7.797884","est2genome","TRINITY_DN557_c1_g2_i1 1313 1413 -","match_part"],[1,1485,1885,-1,"M400","NODE_2409_length_9863_cov_7.797884:hsp:50887:3.2.0.0",6955,"NODE_2409_length_9863_cov_7.797884","est2genome","TRINITY_DN557_c1_g2_i1 913 1312 -","match_part"],[1,517,1429,-1,"M912","NODE_2409_length_9863_cov_7.797884:hsp:50888:3.2.0.0",6955,"NODE_2409_length_9863_cov_7.797884","est2genome","TRINITY_DN557_c1_g2_i1 1 912 -","match_part"]],"1413","expressed_sequence_match"],[0,2094,5075,-1,"100","97.1","NODE_2409_length_9863_cov_7.797884:hit:11681:3.2.0.0","TRINITY_DN863_c0_g1_i15",12502,"NODE_2409_length_9863_cov_7.797884","est2genome",[[1,4843,5075,-1,"M232","NODE_2409_length_9863_cov_7.797884:hsp:50889:3.2.0.0",12502,"NODE_2409_length_9863_cov_7.797884","est2genome","TRINITY_DN863_c0_g1_i15 1 232 +","match_part"],[1,2997,4776,-1,"M51 D1 M185 D7 M265 D1 M107 D1 M1161","NODE_2409_length_9863_cov_7.797884:hsp:50890:3.2.0.0",12502,"NODE_2409_length_9863_cov_7.797884","est2genome","TRINITY_DN863_c0_g1_i15 233 2001 +","match_part"],[1,2703,2826,-1,"M123","NODE_2409_length_9863_cov_7.797884:hsp:50891:3.2.0.0",12502,"NODE_2409_length_9863_cov_7.797884","est2genome","TRINITY_DN863_c0_g1_i15 2002 2124 +","match_part"],[1,2094,2628,-1,"M534","NODE_2409_length_9863_cov_7.797884:hsp:50892:3.2.0.0",12502,"NODE_2409_length_9863_cov_7.797884","est2genome","TRINITY_DN863_c0_g1_i15 2125 2658 +","match_part"]],"2658","expressed_sequence_match"],[0,2094,5075,-1,"100","95.9","NODE_2409_length_9863_cov_7.797884:hit:11682:3.2.0.0","TRINITY_DN863_c0_g1_i1",13108,"NODE_2409_length_9863_cov_7.797884","est2genome",[[1,4843,5075,-1,"M232","NODE_2409_length_9863_cov_7.797884:hsp:50893:3.2.0.0",13108,"NODE_2409_length_9863_cov_7.797884","est2genome","TRINITY_DN863_c0_g1_i1 1 232 +","match_part"],[1,2703,4776,-1,"M51 D1 M185 D7 M265 I2 M17 D1 M150 I2 M3 I10 M6 I1 M3 I2 M1384","NODE_2409_length_9863_cov_7.797884:hsp:50894:3.2.0.0",13108,"NODE_2409_length_9863_cov_7.797884","est2genome","TRINITY_DN863_c0_g1_i1 233 2313 +","match_part"],[1,2094,2628,-1,"M534","NODE_2409_length_9863_cov_7.797884:hsp:50895:3.2.0.0",13108,"NODE_2409_length_9863_cov_7.797884","est2genome","TRINITY_DN863_c0_g1_i1 2314 2847 +","match_part"]],"2847","expressed_sequence_match"],[0,2094,5075,-1,"100","97.1","NODE_2409_length_9863_cov_7.797884:hit:11683:3.2.0.0","TRINITY_DN863_c0_g1_i3",13370,"NODE_2409_length_9863_cov_7.797884","est2genome",[[1,4843,5075,-1,"M232","NODE_2409_length_9863_cov_7.797884:hsp:50896:3.2.0.0",13370,"NODE_2409_length_9863_cov_7.797884","est2genome","TRINITY_DN863_c0_g1_i3 1 232 +","match_part"],[1,2703,4776,-1,"M51 D1 M185 D7 M265 D1 M107 D1 M1455","NODE_2409_length_9863_cov_7.797884:hsp:50897:3.2.0.0",13370,"NODE_2409_length_9863_cov_7.797884","est2genome","TRINITY_DN863_c0_g1_i3 233 2295 +","match_part"],[1,2094,2628,-1,"M534","NODE_2409_length_9863_cov_7.797884:hsp:50898:3.2.0.0",13370,"NODE_2409_length_9863_cov_7.797884","est2genome","TRINITY_DN863_c0_g1_i3 2296 2829 +","match_part"]],"2829","expressed_sequence_match"],[0,2094,5075,-1,"100","95.8","NODE_2409_length_9863_cov_7.797884:hit:11684:3.2.0.0","TRINITY_DN863_c0_g1_i8",12240,"NODE_2409_length_9863_cov_7.797884","est2genome",[[1,4843,5075,-1,"M232","NODE_2409_length_9863_cov_7.797884:hsp:50899:3.2.0.0",12240,"NODE_2409_length_9863_cov_7.797884","est2genome","TRINITY_DN863_c0_g1_i8 1 232 +","match_part"],[1,2997,4776,-1,"M51 D1 M185 D7 M265 I2 M17 D1 M150 I2 M3 I10 M6 I1 M3 I2 M1090","NODE_2409_length_9863_cov_7.797884:hsp:50900:3.2.0.0",12240,"NODE_2409_length_9863_cov_7.797884","est2genome","TRINITY_DN863_c0_g1_i8 233 2019 +","match_part"],[1,2703,2826,-1,"M123","NODE_2409_length_9863_cov_7.797884:hsp:50901:3.2.0.0",12240,"NODE_2409_length_9863_cov_7.797884","est2genome","TRINITY_DN863_c0_g1_i8 2020 2142 +","match_part"],[1,2094,2628,-1,"M534","NODE_2409_length_9863_cov_7.797884:hsp:50902:3.2.0.0",12240,"NODE_2409_length_9863_cov_7.797884","est2genome","TRINITY_DN863_c0_g1_i8 2143 2676 +","match_part"]],"2676","expressed_sequence_match"],[0,2997,5075,-1,"100","95.5","NODE_2409_length_9863_cov_7.797884:hit:11685:3.2.0.0","TRINITY_DN863_c0_g1_i5",9234,"NODE_2409_length_9863_cov_7.797884","est2genome",[[1,4843,5075,-1,"M232","NODE_2409_length_9863_cov_7.797884:hsp:50903:3.2.0.0",9234,"NODE_2409_length_9863_cov_7.797884","est2genome","TRINITY_DN863_c0_g1_i5 1 232 +","match_part"],[1,2997,4776,-1,"M51 D1 M185 D7 M265 I2 M17 D1 M150 I2 M3 I10 M6 I1 M3 I2 M1090","NODE_2409_length_9863_cov_7.797884:hsp:50904:3.2.0.0",9234,"NODE_2409_length_9863_cov_7.797884","est2genome","TRINITY_DN863_c0_g1_i5 233 2019 +","match_part"]],"2019","expressed_sequence_match",{"Sublist":[[0,3248,3524,1,"100","97.1","NODE_2409_length_9863_cov_7.797884:hit:11686:3.2.0.0","TRINITY_DN21772_c0_g1_i1",1308,"NODE_2409_length_9863_cov_7.797884","est2genome",[[1,3248,3524,1,"M276","NODE_2409_length_9863_cov_7.797884:hsp:50905:3.2.0.0",1308,"NODE_2409_length_9863_cov_7.797884","est2genome","TRINITY_DN21772_c0_g1_i1 1 276 -","match_part"]],"276","expressed_sequence_match"]]}],[0,3368,5075,-1,"100","95","NODE_2409_length_9863_cov_7.797884:hit:11687:3.2.0.0","TRINITY_DN863_c0_g1_i12",7465,"NODE_2409_length_9863_cov_7.797884","est2genome",[[1,4843,5075,-1,"M232","NODE_2409_length_9863_cov_7.797884:hsp:50906:3.2.0.0",7465,"NODE_2409_length_9863_cov_7.797884","est2genome","TRINITY_DN863_c0_g1_i12 1 232 +","match_part"],[1,3368,4776,-1,"M51 D1 M275 I1 M182 I2 M17 D1 M150 I2 M3 I10 M6 I1 M3 I2 M719","NODE_2409_length_9863_cov_7.797884:hsp:50907:3.2.0.0",7465,"NODE_2409_length_9863_cov_7.797884","est2genome","TRINITY_DN863_c0_g1_i12 233 1656 +","match_part"]],