{"featureCount":2,"formatVersion":1,"histograms":{"meta":[{"arrayParams":{"chunkSize":10000,"length":1,"urlTemplate":"hist-20000-{Chunk}.json"},"basesPerBin":"20000"}],"stats":[{"basesPerBin":"20000","max":2,"mean":2}]},"intervals":{"classes":[{"attributes":["Start","End","Strand","Id","Name","Seq_id","Source","Subfeatures","Target_length","Type"],"isArrayAttr":{"Subfeatures":1}},{"attributes":["Start","End","Strand","Gap","Id","Seq_id","Source","Target","Type"],"isArrayAttr":{}},{"attributes":["Start","End","Strand","Id","Seq_id","Source","Target","Type"],"isArrayAttr":{}},{"attributes":["Start","End","Chunk"],"isArrayAttr":{"Sublist":1}}],"count":2,"lazyClass":3,"maxEnd":8493,"minStart":4636,"nclist":[[0,4636,7624,1,"NODE_2826_length_8540_cov_8.146202:hit:21024:4.5.0.0","genemark-NODE_2826_length_8540_cov_8.146202-abinit-gene-0.9-mRNA-1","NODE_2826_length_8540_cov_8.146202","genemark",[[1,4636,5944,1,"M1308","NODE_2826_length_8540_cov_8.146202:hsp:90176:4.5.0.0","NODE_2826_length_8540_cov_8.146202","genemark","genemark-NODE_2826_length_8540_cov_8.146202-abinit-gene-0.9-mRNA-1 1 1308 +","match_part"],[1,6004,7624,1,"M1620","NODE_2826_length_8540_cov_8.146202:hsp:90177:4.5.0.0","NODE_2826_length_8540_cov_8.146202","genemark","genemark-NODE_2826_length_8540_cov_8.146202-abinit-gene-0.9-mRNA-1 1309 2928 +","match_part"]],"8540","match"],[0,7980,8493,1,"NODE_2826_length_8540_cov_8.146202:hit:21027:4.5.0.0","genemark-NODE_2826_length_8540_cov_8.146202-abinit-gene-0.10-mRNA-1","NODE_2826_length_8540_cov_8.146202","genemark",[[1,7980,8073,1,"M93","NODE_2826_length_8540_cov_8.146202:hsp:90182:4.5.0.0","NODE_2826_length_8540_cov_8.146202","genemark","genemark-NODE_2826_length_8540_cov_8.146202-abinit-gene-0.10-mRNA-1 1 93 +","match_part"],[1,8146,8271,1,"M125","NODE_2826_length_8540_cov_8.146202:hsp:90183:4.5.0.0","NODE_2826_length_8540_cov_8.146202","genemark","genemark-NODE_2826_length_8540_cov_8.146202-abinit-gene-0.10-mRNA-1 94 218 +","match_part"],[1,8327,8493,1,"M166","NODE_2826_length_8540_cov_8.146202:hsp:90184:4.5.0.0","NODE_2826_length_8540_cov_8.146202","genemark","genemark-NODE_2826_length_8540_cov_8.146202-abinit-gene-0.10-mRNA-1 219 384 +","match_part"]],"8540","match"]],"urlTemplate":"lf-{Chunk}.json"}}