{"featureCount":3,"formatVersion":1,"histograms":{"meta":[{"arrayParams":{"chunkSize":10000,"length":1,"urlTemplate":"hist-2000-{Chunk}.json"},"basesPerBin":"2000"}],"stats":[{"basesPerBin":"2000","max":3,"mean":3}]},"intervals":{"classes":[{"attributes":["Start","End","Strand","Id","Name","Score","Seq_id","Source","Subfeatures","Target_length","Type"],"isArrayAttr":{"Subfeatures":1}},{"attributes":["Start","End","Strand","Gap","Id","Score","Seq_id","Source","Target","Type"],"isArrayAttr":{}},{"attributes":["Start","End","Chunk"],"isArrayAttr":{"Sublist":1}}],"count":3,"lazyClass":2,"maxEnd":1736,"minStart":0,"nclist":[[0,0,283,-1,"NODE_10010_length_1913_cov_2.224524:hit:72:3.2.0.0","TRINITY_DN17795_c0_g1_i2",82,"NODE_10010_length_1913_cov_2.224524","blastn",[[1,201,283,-1,"M82","NODE_10010_length_1913_cov_2.224524:hsp:188:3.2.0.0",82,"NODE_10010_length_1913_cov_2.224524","blastn","TRINITY_DN17795_c0_g1_i2 4 85 +","match_part"],[1,0,105,-1,"M105","NODE_10010_length_1913_cov_2.224524:hsp:189:3.2.0.0",87,"NODE_10010_length_1913_cov_2.224524","blastn","TRINITY_DN17795_c0_g1_i2 100 204 +","match_part"]],"217","expressed_sequence_match",{"Sublist":[[0,0,219,-1,"NODE_10010_length_1913_cov_2.224524:hit:71:3.2.0.0","TRINITY_DN17795_c0_g1_i1",166,"NODE_10010_length_1913_cov_2.224524","blastn",[[1,0,219,-1,"M79 D1 M139","NODE_10010_length_1913_cov_2.224524:hsp:187:3.2.0.0",166,"NODE_10010_length_1913_cov_2.224524","blastn","TRINITY_DN17795_c0_g1_i1 1 218 +","match_part"]],"231","expressed_sequence_match"]]}],[0,1425,1736,-1,"NODE_10010_length_1913_cov_2.224524:hit:73:3.2.0.0","TRINITY_DN5684_c0_g1_i1",148,"NODE_10010_length_1913_cov_2.224524","blastn",[[1,1538,1736,-1,"M91 D1 M67 I2 M39","NODE_10010_length_1913_cov_2.224524:hsp:190:3.2.0.0",148,"NODE_10010_length_1913_cov_2.224524","blastn","TRINITY_DN5684_c0_g1_i1 1 199 +","match_part"],[1,1425,1476,-1,"M51","NODE_10010_length_1913_cov_2.224524:hsp:191:3.2.0.0",51,"NODE_10010_length_1913_cov_2.224524","blastn","TRINITY_DN5684_c0_g1_i1 258 308 +","match_part"]],"331","expressed_sequence_match"]],"urlTemplate":"lf-{Chunk}.json"}}