{"featureCount":2,"formatVersion":1,"histograms":{"meta":[{"arrayParams":{"chunkSize":10000,"length":1,"urlTemplate":"hist-5000-{Chunk}.json"},"basesPerBin":"5000"}],"stats":[{"basesPerBin":"5000","max":2,"mean":2}]},"intervals":{"classes":[{"attributes":["Start","End","Strand","Id","Name","Score","Seq_id","Source","Subfeatures","Target_length","Type"],"isArrayAttr":{"Subfeatures":1}},{"attributes":["Start","End","Strand","Gap","Id","Score","Seq_id","Source","Target","Type"],"isArrayAttr":{}},{"attributes":["Start","End","Chunk"],"isArrayAttr":{"Sublist":1}}],"count":2,"lazyClass":2,"maxEnd":3962,"minStart":598,"nclist":[[0,598,2178,1,"NODE_5723_length_4342_cov_2.180783:hit:17755:4.5.0.0","augustus-NODE_5723_length_4342_cov_2.180783-abinit-gene-0.3-mRNA-1",0.08,"NODE_5723_length_4342_cov_2.180783","augustus",[[1,598,826,1,"M228","NODE_5723_length_4342_cov_2.180783:hsp:61344:4.5.0.0",0.08,"NODE_5723_length_4342_cov_2.180783","augustus","augustus-NODE_5723_length_4342_cov_2.180783-abinit-gene-0.3-mRNA-1 1 228 +","match_part"],[1,920,995,1,"M75","NODE_5723_length_4342_cov_2.180783:hsp:61345:4.5.0.0",0.08,"NODE_5723_length_4342_cov_2.180783","augustus","augustus-NODE_5723_length_4342_cov_2.180783-abinit-gene-0.3-mRNA-1 229 303 +","match_part"],[1,1056,1138,1,"M82","NODE_5723_length_4342_cov_2.180783:hsp:61346:4.5.0.0",0.08,"NODE_5723_length_4342_cov_2.180783","augustus","augustus-NODE_5723_length_4342_cov_2.180783-abinit-gene-0.3-mRNA-1 304 385 +","match_part"],[1,1235,1384,1,"M149","NODE_5723_length_4342_cov_2.180783:hsp:61347:4.5.0.0",0.08,"NODE_5723_length_4342_cov_2.180783","augustus","augustus-NODE_5723_length_4342_cov_2.180783-abinit-gene-0.3-mRNA-1 386 534 +","match_part"],[1,1743,1978,1,"M235","NODE_5723_length_4342_cov_2.180783:hsp:61348:4.5.0.0",0.08,"NODE_5723_length_4342_cov_2.180783","augustus","augustus-NODE_5723_length_4342_cov_2.180783-abinit-gene-0.3-mRNA-1 535 769 +","match_part"],[1,2044,2178,1,"M134","NODE_5723_length_4342_cov_2.180783:hsp:61349:4.5.0.0",0.08,"NODE_5723_length_4342_cov_2.180783","augustus","augustus-NODE_5723_length_4342_cov_2.180783-abinit-gene-0.3-mRNA-1 770 903 +","match_part"]],"4342","match"],[0,3053,3962,-1,"NODE_5723_length_4342_cov_2.180783:hit:17759:4.5.0.0","augustus-NODE_5723_length_4342_cov_2.180783-abinit-gene-0.4-mRNA-1",0.27,"NODE_5723_length_4342_cov_2.180783","augustus",[[1,3904,3962,-1,"M58","NODE_5723_length_4342_cov_2.180783:hsp:61364:4.5.0.0",0.27,"NODE_5723_length_4342_cov_2.180783","augustus","augustus-NODE_5723_length_4342_cov_2.180783-abinit-gene-0.4-mRNA-1 525 582 +","match_part"],[1,3671,3774,-1,"M103","NODE_5723_length_4342_cov_2.180783:hsp:61365:4.5.0.0",0.27,"NODE_5723_length_4342_cov_2.180783","augustus","augustus-NODE_5723_length_4342_cov_2.180783-abinit-gene-0.4-mRNA-1 422 524 +","match_part"],[1,3289,3555,-1,"M266","NODE_5723_length_4342_cov_2.180783:hsp:61366:4.5.0.0",0.27,"NODE_5723_length_4342_cov_2.180783","augustus","augustus-NODE_5723_length_4342_cov_2.180783-abinit-gene-0.4-mRNA-1 156 421 +","match_part"],[1,3053,3208,-1,"M155","NODE_5723_length_4342_cov_2.180783:hsp:61367:4.5.0.0",0.27,"NODE_5723_length_4342_cov_2.180783","augustus","augustus-NODE_5723_length_4342_cov_2.180783-abinit-gene-0.4-mRNA-1 1 155 +","match_part"]],"4342","match"]],"urlTemplate":"lf-{Chunk}.json"}}