{"featureCount":13,"formatVersion":1,"histograms":{"meta":[{"arrayParams":{"chunkSize":10000,"length":4,"urlTemplate":"hist-2000-{Chunk}.json"},"basesPerBin":"2000"}],"stats":[{"basesPerBin":"2000","max":10,"mean":4.75}]},"intervals":{"classes":[{"attributes":["Start","End","Strand","Aligned_coverage","Aligned_identity","Id","Name","Score","Seq_id","Source","Subfeatures","Target_length","Type"],"isArrayAttr":{"Subfeatures":1}},{"attributes":["Start","End","Strand","Gap","Id","Score","Seq_id","Source","Target","Type"],"isArrayAttr":{}},{"attributes":["Start","End","Chunk"],"isArrayAttr":{"Sublist":1}}],"count":13,"lazyClass":2,"maxEnd":6672,"minStart":1599,"nclist":[[0,1599,1931,1,"91.01","80.4","NODE_3681_length_6703_cov_5.928984:hit:36744:3.2.0.0","TRINITY_DN21765_c0_g1_i1",999,"NODE_3681_length_6703_cov_5.928984","est2genome",[[1,1599,1931,1,"M27 I1 M223 I1 M18 I1 M30 I2 M8 D1 M5 D1 M2 D1 M16","NODE_3681_length_6703_cov_5.928984:hsp:151233:3.2.0.0",999,"NODE_3681_length_6703_cov_5.928984","est2genome","TRINITY_DN21765_c0_g1_i1 1 334 -","match_part"]],"367","expressed_sequence_match"],[0,1780,2421,-1,"100","93.1","NODE_3681_length_6703_cov_5.928984:hit:36745:3.2.0.0","TRINITY_DN9355_c0_g1_i1",1850,"NODE_3681_length_6703_cov_5.928984","est2genome",[[1,2249,2421,-1,"M170 D1 M1","NODE_3681_length_6703_cov_5.928984:hsp:151234:3.2.0.0",1850,"NODE_3681_length_6703_cov_5.928984","est2genome","TRINITY_DN9355_c0_g1_i1 1 171 +","match_part"],[1,1780,2041,-1,"M261","NODE_3681_length_6703_cov_5.928984:hsp:151235:3.2.0.0",1850,"NODE_3681_length_6703_cov_5.928984","est2genome","TRINITY_DN9355_c0_g1_i1 172 432 +","match_part"]],"432","expressed_sequence_match"],[0,1780,2421,-1,"100","92.6","NODE_3681_length_6703_cov_5.928984:hit:36746:3.2.0.0","TRINITY_DN9355_c0_g1_i2",1829,"NODE_3681_length_6703_cov_5.928984","est2genome",[[1,2249,2421,-1,"M170 D1 M1","NODE_3681_length_6703_cov_5.928984:hsp:151236:3.2.0.0",1829,"NODE_3681_length_6703_cov_5.928984","est2genome","TRINITY_DN9355_c0_g1_i2 1 171 +","match_part"],[1,1780,2041,-1,"M137 I1 M124","NODE_3681_length_6703_cov_5.928984:hsp:151237:3.2.0.0",1829,"NODE_3681_length_6703_cov_5.928984","est2genome","TRINITY_DN9355_c0_g1_i2 172 433 +","match_part"]],"433","expressed_sequence_match"],[0,3200,4814,-1,"99.91","95.6","NODE_3681_length_6703_cov_5.928984:hit:36747:3.2.0.0","TRINITY_DN4856_c0_g1_i1",4832,"NODE_3681_length_6703_cov_5.928984","est2genome",[[1,4777,4814,-1,"M37","NODE_3681_length_6703_cov_5.928984:hsp:151238:3.2.0.0",4832,"NODE_3681_length_6703_cov_5.928984","est2genome","TRINITY_DN4856_c0_g1_i1 1055 1091 -","match_part"],[1,4298,4706,-1,"M408","NODE_3681_length_6703_cov_5.928984:hsp:151239:3.2.0.0",4832,"NODE_3681_length_6703_cov_5.928984","est2genome","TRINITY_DN4856_c0_g1_i1 647 1054 -","match_part"],[1,4143,4197,-1,"M54","NODE_3681_length_6703_cov_5.928984:hsp:151240:3.2.0.0",4832,"NODE_3681_length_6703_cov_5.928984","est2genome","TRINITY_DN4856_c0_g1_i1 593 646 -","match_part"],[1,3963,4059,-1,"M96","NODE_3681_length_6703_cov_5.928984:hsp:151241:3.2.0.0",4832,"NODE_3681_length_6703_cov_5.928984","est2genome","TRINITY_DN4856_c0_g1_i1 497 592 -","match_part"],[1,3758,3848,-1,"M90","NODE_3681_length_6703_cov_5.928984:hsp:151242:3.2.0.0",4832,"NODE_3681_length_6703_cov_5.928984","est2genome","TRINITY_DN4856_c0_g1_i1 407 496 -","match_part"],[1,3650,3686,-1,"M36","NODE_3681_length_6703_cov_5.928984:hsp:151243:3.2.0.0",4832,"NODE_3681_length_6703_cov_5.928984","est2genome","TRINITY_DN4856_c0_g1_i1 371 406 -","match_part"],[1,3200,3565,-1,"M173 I1 M1 I3 M41 I1 M150","NODE_3681_length_6703_cov_5.928984:hsp:151244:3.2.0.0",4832,"NODE_3681_length_6703_cov_5.928984","est2genome","TRINITY_DN4856_c0_g1_i1 1 370 -","match_part"]],"1092","expressed_sequence_match"],[0,3200,4814,-1,"99.91","97.3","NODE_3681_length_6703_cov_5.928984:hit:36748:3.2.0.0","TRINITY_DN4856_c0_g1_i2",5035,"NODE_3681_length_6703_cov_5.928984","est2genome",[[1,4777,4814,-1,"M37","NODE_3681_length_6703_cov_5.928984:hsp:151245:3.2.0.0",5035,"NODE_3681_length_6703_cov_5.928984","est2genome","TRINITY_DN4856_c0_g1_i2 1051 1087 -","match_part"],[1,4298,4706,-1,"M408","NODE_3681_length_6703_cov_5.928984:hsp:151246:3.2.0.0",5035,"NODE_3681_length_6703_cov_5.928984","est2genome","TRINITY_DN4856_c0_g1_i2 643 1050 -","match_part"],[1,4143,4197,-1,"M54","NODE_3681_length_6703_cov_5.928984:hsp:151247:3.2.0.0",5035,"NODE_3681_length_6703_cov_5.928984","est2genome","TRINITY_DN4856_c0_g1_i2 589 642 -","match_part"],[1,3963,4059,-1,"M96","NODE_3681_length_6703_cov_5.928984:hsp:151248:3.2.0.0",5035,"NODE_3681_length_6703_cov_5.928984","est2genome","TRINITY_DN4856_c0_g1_i2 493 588 -","match_part"],[1,3758,3848,-1,"M90","NODE_3681_length_6703_cov_5.928984:hsp:151249:3.2.0.0",5035,"NODE_3681_length_6703_cov_5.928984","est2genome","TRINITY_DN4856_c0_g1_i2 403 492 -","match_part"],[1,3650,3686,-1,"M36","NODE_3681_length_6703_cov_5.928984:hsp:151250:3.2.0.0",5035,"NODE_3681_length_6703_cov_5.928984","est2genome","TRINITY_DN4856_c0_g1_i2 367 402 -","match_part"],[1,3200,3565,-1,"M215 I1 M150","NODE_3681_length_6703_cov_5.928984:hsp:151251:3.2.0.0",5035,"NODE_3681_length_6703_cov_5.928984","est2genome","TRINITY_DN4856_c0_g1_i2 1 366 -","match_part"]],"1088","expressed_sequence_match"],[0,4824,5986,-1,"100","98.1","NODE_3681_length_6703_cov_5.928984:hit:36750:3.2.0.0","TRINITY_DN4421_c0_g1_i3",4604,"NODE_3681_length_6703_cov_5.928984","est2genome",[[1,5696,5986,-1,"M290","NODE_3681_length_6703_cov_5.928984:hsp:151253:3.2.0.0",4604,"NODE_3681_length_6703_cov_5.928984","est2genome","TRINITY_DN4421_c0_g1_i3 1 290 +","match_part"],[1,5464,5589,-1,"M125","NODE_3681_length_6703_cov_5.928984:hsp:151254:3.2.0.0",4604,"NODE_3681_length_6703_cov_5.928984","est2genome","TRINITY_DN4421_c0_g1_i3 291 415 +","match_part"],[1,4824,5369,-1,"M299 D2 M45 I2 M2 I2 M197","NODE_3681_length_6703_cov_5.928984:hsp:151255:3.2.0.0",4604,"NODE_3681_length_6703_cov_5.928984","est2genome","TRINITY_DN4421_c0_g1_i3 416 962 +","match_part"]],"962","expressed_sequence_match",{"Sublist":[[0,4824,5369,-1,"100","98.9","NODE_3681_length_6703_cov_5.928984:hit:36749:3.2.0.0","TRINITY_DN4421_c0_g1_i5",2678,"NODE_3681_length_6703_cov_5.928984","est2genome",[[1,4824,5369,-1,"M201 I3 M344","NODE_3681_length_6703_cov_5.928984:hsp:151252:3.2.0.0",2678,"NODE_3681_length_6703_cov_5.928984","est2genome","TRINITY_DN4421_c0_g1_i5 1 548 +","match_part"]],"548","expressed_sequence_match"],[0,4824,5369,-1,"100","97.3","NODE_3681_length_6703_cov_5.928984:hit:36751:3.2.0.0","TRINITY_DN4421_c0_g1_i8",2586,"NODE_3681_length_6703_cov_5.928984","est2genome",[[1,4824,5369,-1,"M299 D2 M45 I2 M2 I2 M197","NODE_3681_length_6703_cov_5.928984:hsp:151256:3.2.0.0",2586,"NODE_3681_length_6703_cov_5.928984","est2genome","TRINITY_DN4421_c0_g1_i8 1 547 +","match_part"]],"547","expressed_sequence_match"]]}],[0,5163,5986,-1,"100","95.8","NODE_3681_length_6703_cov_5.928984:hit:36752:3.2.0.0","TRINITY_DN4421_c0_g1_i7",3262,"NODE_3681_length_6703_cov_5.928984","est2genome",[[1,5696,5986,-1,"M290","NODE_3681_length_6703_cov_5.928984:hsp:151257:3.2.0.0",3262,"NODE_3681_length_6703_cov_5.928984","est2genome","TRINITY_DN4421_c0_g1_i7 1 290 +","match_part"],[1,5163,5589,-1,"M139 D1 M2 D1 M1 D4 M9 D5 M19 D1 M244","NODE_3681_length_6703_cov_5.928984:hsp:151258:3.2.0.0",3262,"NODE_3681_length_6703_cov_5.928984","est2genome","TRINITY_DN4421_c0_g1_i7 291 704 +","match_part"]],