{"featureCount":14,"formatVersion":1,"histograms":{"meta":[{"arrayParams":{"chunkSize":10000,"length":6,"urlTemplate":"hist-500-{Chunk}.json"},"basesPerBin":"500"}],"stats":[{"basesPerBin":"500","max":7,"mean":4.33333333333333}]},"intervals":{"classes":[{"attributes":["Start","End","Strand","Aligned_coverage","Aligned_identity","Id","Name","Score","Seq_id","Source","Subfeatures","Target_length","Type"],"isArrayAttr":{"Subfeatures":1}},{"attributes":["Start","End","Strand","Gap","Id","Score","Seq_id","Source","Target","Type"],"isArrayAttr":{}},{"attributes":["Start","End","Chunk"],"isArrayAttr":{"Sublist":1}}],"count":14,"lazyClass":2,"maxEnd":2752,"minStart":614,"nclist":[[0,614,1063,-1,"88.11","78.4","NODE_7705_length_2753_cov_10.018279:hit:12636:3.2.0.0","TRINITY_DN7725_c0_g1_i2",1319,"NODE_7705_length_2753_cov_10.018279","est2genome",[[1,614,1063,-1,"M273 D3 M19 I1 M21 I1 M54 D1 M4 D1 M6 D1 M11 I3 M8 I1 M29 I2 M1 I1 M17","NODE_7705_length_2753_cov_10.018279:hsp:36920:3.2.0.0",1319,"NODE_7705_length_2753_cov_10.018279","est2genome","TRINITY_DN7725_c0_g1_i2 1 452 +","match_part"]],"513","expressed_sequence_match"],[0,917,1765,-1,"100","98.7","NODE_7705_length_2753_cov_10.018279:hit:12637:3.2.0.0","TRINITY_DN901_c0_g1_i1",3671,"NODE_7705_length_2753_cov_10.018279","est2genome",[[1,1449,1765,-1,"M316","NODE_7705_length_2753_cov_10.018279:hsp:36921:3.2.0.0",3671,"NODE_7705_length_2753_cov_10.018279","est2genome","TRINITY_DN901_c0_g1_i1 1 316 +","match_part"],[1,917,1354,-1,"M437","NODE_7705_length_2753_cov_10.018279:hsp:36922:3.2.0.0",3671,"NODE_7705_length_2753_cov_10.018279","est2genome","TRINITY_DN901_c0_g1_i1 317 753 +","match_part"]],"753","expressed_sequence_match",{"Sublist":[[0,956,1341,-1,"100","98.2","NODE_7705_length_2753_cov_10.018279:hit:12638:3.2.0.0","TRINITY_DN7374_c0_g1_i2",1862,"NODE_7705_length_2753_cov_10.018279","est2genome",[[1,956,1341,-1,"M385","NODE_7705_length_2753_cov_10.018279:hsp:36923:3.2.0.0",1862,"NODE_7705_length_2753_cov_10.018279","est2genome","TRINITY_DN7374_c0_g1_i2 1 385 +","match_part"]],"385","expressed_sequence_match"],[0,1043,1593,-1,"100","94.7","NODE_7705_length_2753_cov_10.018279:hit:12639:3.2.0.0","TRINITY_DN7374_c0_g1_i3",2039,"NODE_7705_length_2753_cov_10.018279","est2genome",[[1,1449,1593,-1,"M144","NODE_7705_length_2753_cov_10.018279:hsp:36924:3.2.0.0",2039,"NODE_7705_length_2753_cov_10.018279","est2genome","TRINITY_DN7374_c0_g1_i3 1 144 +","match_part"],[1,1043,1354,-1,"M163 D4 M20 D4 M120","NODE_7705_length_2753_cov_10.018279:hsp:36925:3.2.0.0",2039,"NODE_7705_length_2753_cov_10.018279","est2genome","TRINITY_DN7374_c0_g1_i3 145 447 +","match_part"]],"447","expressed_sequence_match",{"Sublist":[[0,1075,1341,-1,"100","93.6","NODE_7705_length_2753_cov_10.018279:hit:12640:3.2.0.0","TRINITY_DN7374_c0_g1_i1",1161,"NODE_7705_length_2753_cov_10.018279","est2genome",[[1,1075,1341,-1,"M150 D4 M20 D4 M88","NODE_7705_length_2753_cov_10.018279:hsp:36926:3.2.0.0",1161,"NODE_7705_length_2753_cov_10.018279","est2genome","TRINITY_DN7374_c0_g1_i1 1 258 +","match_part"]],"258","expressed_sequence_match"],[0,1291,1519,1,"100","93.4","NODE_7705_length_2753_cov_10.018279:hit:12641:3.2.0.0","TRINITY_DN12513_c0_g1_i1",965,"NODE_7705_length_2753_cov_10.018279","est2genome",[[1,1291,1519,1,"M75 I8 M153","NODE_7705_length_2753_cov_10.018279:hsp:36927:3.2.0.0",965,"NODE_7705_length_2753_cov_10.018279","est2genome","TRINITY_DN12513_c0_g1_i1 1 236 -","match_part"]],"236","expressed_sequence_match"],[0,1291,1519,1,"100","94.7","NODE_7705_length_2753_cov_10.018279:hit:12642:3.2.0.0","TRINITY_DN12513_c0_g1_i2",992,"NODE_7705_length_2753_cov_10.018279","est2genome",[[1,1291,1519,1,"M75 I8 M153","NODE_7705_length_2753_cov_10.018279:hsp:36928:3.2.0.0",992,"NODE_7705_length_2753_cov_10.018279","est2genome","TRINITY_DN12513_c0_g1_i2 1 236 -","match_part"]],"236","expressed_sequence_match"]]}]]}],[0,1573,1884,-1,"99.68","95.2","NODE_7705_length_2753_cov_10.018279:hit:12643:3.2.0.0","TRINITY_DN13612_c0_g1_i1",1420,"NODE_7705_length_2753_cov_10.018279","est2genome",[[1,1573,1884,-1,"M311","NODE_7705_length_2753_cov_10.018279:hsp:36929:3.2.0.0",1420,"NODE_7705_length_2753_cov_10.018279","est2genome","TRINITY_DN13612_c0_g1_i1 1 311 +","match_part"]],"312","expressed_sequence_match",{"Sublist":[[0,1584,1861,-1,"100","93.5","NODE_7705_length_2753_cov_10.018279:hit:12644:3.2.0.0","TRINITY_DN901_c0_g1_i10",1223,"NODE_7705_length_2753_cov_10.018279","est2genome",[[1,1584,1861,-1,"M277","NODE_7705_length_2753_cov_10.018279:hsp:36930:3.2.0.0",1223,"NODE_7705_length_2753_cov_10.018279","est2genome","TRINITY_DN901_c0_g1_i10 1 277 +","match_part"]],"277","expressed_sequence_match"]]}],[0,2344,2752,-1,"100","94.6","NODE_7705_length_2753_cov_10.018279:hit:12645:3.2.0.0","TRINITY_DN9956_c0_g1_i2",1831,"NODE_7705_length_2753_cov_10.018279","est2genome",[[1,2344,2752,-1,"M108 I1 M55 D4 M241","NODE_7705_length_2753_cov_10.018279:hsp:36931:3.2.0.0",1831,"NODE_7705_length_2753_cov_10.018279","est2genome","TRINITY_DN9956_c0_g1_i2 1 405 +","match_part"]],"405","expressed_sequence_match"],[0,2344,2752,-1,"100","95.6","NODE_7705_length_2753_cov_10.018279:hit:12646:3.2.0.0","TRINITY_DN9956_c0_g1_i3",1875,"NODE_7705_length_2753_cov_10.018279","est2genome",[[1,2344,2752,-1,"M110 I1 M298","NODE_7705_length_2753_cov_10.018279:hsp:36932:3.2.0.0",1875,"NODE_7705_length_2753_cov_10.018279","est2genome","TRINITY_DN9956_c0_g1_i3 1 409 +","match_part"]],"409","expressed_sequence_match"],[0,2344,2752,-1,"100","97.3","NODE_7705_length_2753_cov_10.018279:hit:12647:3.2.0.0","TRINITY_DN9956_c0_g1_i4",1941,"NODE_7705_length_2753_cov_10.018279","est2genome",[[1,2344,2752,-1,"M408","NODE_7705_length_2753_cov_10.018279:hsp:36933:3.2.0.0",1941,"NODE_7705_length_2753_cov_10.018279","est2genome","TRINITY_DN9956_c0_g1_i4 1 408 +","match_part"]],"408","expressed_sequence_match"],[0,2344,2752,-1,"100","96.7","NODE_7705_length_2753_cov_10.018279:hit:12648:3.2.0.0","TRINITY_DN9956_c0_g1_i5",1136,"NODE_7705_length_2753_cov_10.018279","est2genome",[[1,2663,2752,-1,"M89","NODE_7705_length_2753_cov_10.018279:hsp:36934:3.2.0.0",1136,"NODE_7705_length_2753_cov_10.018279","est2genome","TRINITY_DN9956_c0_g1_i5 1 89 +","match_part"],[1,2344,2499,-1,"M155","NODE_7705_length_2753_cov_10.018279:hsp:36935:3.2.0.0",1136,"NODE_7705_length_2753_cov_10.018279","est2genome","TRINITY_DN9956_c0_g1_i5 90 244 +","match_part"]],"244","expressed_sequence_match"],[0,2344,2752,-1,"100","95.1","NODE_7705_length_2753_cov_10.018279:hit:12649:3.2.0.0","TRINITY_DN9956_c0_g1_i6",1849,"NODE_7705_length_2753_cov_10.018279","est2genome",[[1,2344,2752,-1,"M110 I1 M53 D4 M241","NODE_7705_length_2753_cov_10.018279:hsp:36936:3.2.0.0",1849,"NODE_7705_length_2753_cov_10.018279","est2genome","TRINITY_DN9956_c0_g1_i6 1 405 +","match_part"]],"405","expressed_sequence_match"]],"urlTemplate":"lf-{Chunk}.json"}}