{"featureCount":8,"formatVersion":1,"histograms":{"meta":[{"arrayParams":{"chunkSize":10000,"length":3,"urlTemplate":"hist-2000-{Chunk}.json"},"basesPerBin":"2000"}],"stats":[{"basesPerBin":"2000","max":6,"mean":5.33333333333333}]},"intervals":{"classes":[{"attributes":["Start","End","Strand","Aligned_coverage","Aligned_identity","Id","Name","Score","Seq_id","Source","Subfeatures","Target_length","Type"],"isArrayAttr":{"Subfeatures":1}},{"attributes":["Start","End","Strand","Gap","Id","Score","Seq_id","Source","Target","Type"],"isArrayAttr":{}},{"attributes":["Start","End","Chunk"],"isArrayAttr":{"Sublist":1}}],"count":8,"lazyClass":2,"maxEnd":5656,"minStart":0,"nclist":[[0,0,5656,-1,"95.45","97.9","NODE_4543_length_5656_cov_6.702659:hit:6122:3.2.0.0","TRINITY_DN1722_c0_g3_i3",18476,"NODE_4543_length_5656_cov_6.702659","est2genome",[[1,5426,5656,-1,"M230","NODE_4543_length_5656_cov_6.702659:hsp:21504:3.2.0.0",18476,"NODE_4543_length_5656_cov_6.702659","est2genome","TRINITY_DN1722_c0_g3_i3 3803 4032 -","match_part"],[1,5286,5332,-1,"M46","NODE_4543_length_5656_cov_6.702659:hsp:21505:3.2.0.0",18476,"NODE_4543_length_5656_cov_6.702659","est2genome","TRINITY_DN1722_c0_g3_i3 3757 3802 -","match_part"],[1,5149,5214,-1,"M65","NODE_4543_length_5656_cov_6.702659:hsp:21506:3.2.0.0",18476,"NODE_4543_length_5656_cov_6.702659","est2genome","TRINITY_DN1722_c0_g3_i3 3692 3756 -","match_part"],[1,4868,5067,-1,"M199","NODE_4543_length_5656_cov_6.702659:hsp:21507:3.2.0.0",18476,"NODE_4543_length_5656_cov_6.702659","est2genome","TRINITY_DN1722_c0_g3_i3 3493 3691 -","match_part"],[1,4565,4690,-1,"M125","NODE_4543_length_5656_cov_6.702659:hsp:21508:3.2.0.0",18476,"NODE_4543_length_5656_cov_6.702659","est2genome","TRINITY_DN1722_c0_g3_i3 3368 3492 -","match_part"],[1,4074,4507,-1,"M433","NODE_4543_length_5656_cov_6.702659:hsp:21509:3.2.0.0",18476,"NODE_4543_length_5656_cov_6.702659","est2genome","TRINITY_DN1722_c0_g3_i3 2935 3367 -","match_part"],[1,3784,4015,-1,"M231","NODE_4543_length_5656_cov_6.702659:hsp:21510:3.2.0.0",18476,"NODE_4543_length_5656_cov_6.702659","est2genome","TRINITY_DN1722_c0_g3_i3 2704 2934 -","match_part"],[1,3619,3703,-1,"M84","NODE_4543_length_5656_cov_6.702659:hsp:21511:3.2.0.0",18476,"NODE_4543_length_5656_cov_6.702659","est2genome","TRINITY_DN1722_c0_g3_i3 2620 2703 -","match_part"],[1,3483,3526,-1,"M43","NODE_4543_length_5656_cov_6.702659:hsp:21512:3.2.0.0",18476,"NODE_4543_length_5656_cov_6.702659","est2genome","TRINITY_DN1722_c0_g3_i3 2577 2619 -","match_part"],[1,2269,3168,-1,"M8 I2 M4 D1 M596 D6 M57 I1 M11 D1 M18 D3 M3 D1 M5 D4 M3 I1 M141 D8 M29","NODE_4543_length_5656_cov_6.702659:hsp:21513:3.2.0.0",18476,"NODE_4543_length_5656_cov_6.702659","est2genome","TRINITY_DN1722_c0_g3_i3 1698 2576 -","match_part"],[1,2158,2235,-1,"M77","NODE_4543_length_5656_cov_6.702659:hsp:21514:3.2.0.0",18476,"NODE_4543_length_5656_cov_6.702659","est2genome","TRINITY_DN1722_c0_g3_i3 1621 1697 -","match_part"],[1,1516,1956,-1,"M440","NODE_4543_length_5656_cov_6.702659:hsp:21515:3.2.0.0",18476,"NODE_4543_length_5656_cov_6.702659","est2genome","TRINITY_DN1722_c0_g3_i3 1181 1620 -","match_part"],[1,1279,1402,-1,"M123","NODE_4543_length_5656_cov_6.702659:hsp:21516:3.2.0.0",18476,"NODE_4543_length_5656_cov_6.702659","est2genome","TRINITY_DN1722_c0_g3_i3 1058 1180 -","match_part"],[1,965,1168,-1,"M203","NODE_4543_length_5656_cov_6.702659:hsp:21517:3.2.0.0",18476,"NODE_4543_length_5656_cov_6.702659","est2genome","TRINITY_DN1722_c0_g3_i3 855 1057 -","match_part"],[1,501,862,-1,"M277 D3 M81","NODE_4543_length_5656_cov_6.702659:hsp:21518:3.2.0.0",18476,"NODE_4543_length_5656_cov_6.702659","est2genome","TRINITY_DN1722_c0_g3_i3 497 854 -","match_part"],[1,288,430,-1,"M142","NODE_4543_length_5656_cov_6.702659:hsp:21519:3.2.0.0",18476,"NODE_4543_length_5656_cov_6.702659","est2genome","TRINITY_DN1722_c0_g3_i3 355 496 -","match_part"],[1,0,225,-1,"M225","NODE_4543_length_5656_cov_6.702659:hsp:21520:3.2.0.0",18476,"NODE_4543_length_5656_cov_6.702659","est2genome","TRINITY_DN1722_c0_g3_i3 130 354 -","match_part"]],"4089","expressed_sequence_match"],[0,0,5656,-1,"95.78","97.7","NODE_4543_length_5656_cov_6.702659:hit:6124:3.2.0.0","TRINITY_DN1722_c0_g3_i4",19826,"NODE_4543_length_5656_cov_6.702659","est2genome",[[1,5426,5656,-1,"M230","NODE_4543_length_5656_cov_6.702659:hsp:21531:3.2.0.0",19826,"NODE_4543_length_5656_cov_6.702659","est2genome","TRINITY_DN1722_c0_g3_i4 4124 4353 -","match_part"],[1,5286,5332,-1,"M46","NODE_4543_length_5656_cov_6.702659:hsp:21532:3.2.0.0",19826,"NODE_4543_length_5656_cov_6.702659","est2genome","TRINITY_DN1722_c0_g3_i4 4078 4123 -","match_part"],[1,5149,5214,-1,"M65","NODE_4543_length_5656_cov_6.702659:hsp:21533:3.2.0.0",19826,"NODE_4543_length_5656_cov_6.702659","est2genome","TRINITY_DN1722_c0_g3_i4 4013 4077 -","match_part"],[1,4868,5067,-1,"M199","NODE_4543_length_5656_cov_6.702659:hsp:21534:3.2.0.0",19826,"NODE_4543_length_5656_cov_6.702659","est2genome","TRINITY_DN1722_c0_g3_i4 3814 4012 -","match_part"],[1,4565,4690,-1,"M125","NODE_4543_length_5656_cov_6.702659:hsp:21535:3.2.0.0",19826,"NODE_4543_length_5656_cov_6.702659","est2genome","TRINITY_DN1722_c0_g3_i4 3689 3813 -","match_part"],[1,4074,4507,-1,"M433","NODE_4543_length_5656_cov_6.702659:hsp:21536:3.2.0.0",19826,"NODE_4543_length_5656_cov_6.702659","est2genome","TRINITY_DN1722_c0_g3_i4 3256 3688 -","match_part"],[1,3784,4015,-1,"M231","NODE_4543_length_5656_cov_6.702659:hsp:21537:3.2.0.0",19826,"NODE_4543_length_5656_cov_6.702659","est2genome","TRINITY_DN1722_c0_g3_i4 3025 3255 -","match_part"],[1,3619,3703,-1,"M84","NODE_4543_length_5656_cov_6.702659:hsp:21538:3.2.0.0",19826,"NODE_4543_length_5656_cov_6.702659","est2genome","TRINITY_DN1722_c0_g3_i4 2941 3024 -","match_part"],[1,2269,3526,-1,"M8 I2 M4 D1 M596 D6 M57 I1 M11 D1 M18 D3 M3 D1 M5 D4 M3 I1 M141 D8 M152 D1 M63 D7 M19 I1 M15 I10 M3 I2 M41 I1 M86","NODE_4543_length_5656_cov_6.702659:hsp:21539:3.2.0.0",19826,"NODE_4543_length_5656_cov_6.702659","est2genome","TRINITY_DN1722_c0_g3_i4 1698 2940 -","match_part"],[1,2158,2235,-1,"M77","NODE_4543_length_5656_cov_6.702659:hsp:21540:3.2.0.0",19826,"NODE_4543_length_5656_cov_6.702659","est2genome","TRINITY_DN1722_c0_g3_i4 1621 1697 -","match_part"],[1,1516,1956,-1,"M440","NODE_4543_length_5656_cov_6.702659:hsp:21541:3.2.0.0",19826,"NODE_4543_length_5656_cov_6.702659","est2genome","TRINITY_DN1722_c0_g3_i4 1181 1620 -","match_part"],[1,1279,1402,-1,"M123","NODE_4543_length_5656_cov_6.702659:hsp:21542:3.2.0.0",19826,"NODE_4543_length_5656_cov_6.702659","est2genome","TRINITY_DN1722_c0_g3_i4 1058 1180 -","match_part"],[1,965,1168,-1,"M203","NODE_4543_length_5656_cov_6.702659:hsp:21543:3.2.0.0",19826,"NODE_4543_length_5656_cov_6.702659","est2genome","TRINITY_DN1722_c0_g3_i4 855 1057 -","match_part"],[1,501,862,-1,"M277 D3 M81","NODE_4543_length_5656_cov_6.702659:hsp:21544:3.2.0.0",19826,"NODE_4543_length_5656_cov_6.702659","est2genome","TRINITY_DN1722_c0_g3_i4 497 854 -","match_part"],[1,288,430,-1,"M142","NODE_4543_length_5656_cov_6.702659:hsp:21545:3.2.0.0",19826,"NODE_4543_length_5656_cov_6.702659","est2genome","TRINITY_DN1722_c0_g3_i4 355 496 -","match_part"],[1,0,225,-1,"M225","NODE_4543_length_5656_cov_6.702659:hsp:21546:3.2.0.0",19826,"NODE_4543_length_5656_cov_6.702659","est2genome","TRINITY_DN1722_c0_g3_i4 130 354 -","match_part"]],