{"featureCount":5,"formatVersion":1,"histograms":{"meta":[{"arrayParams":{"chunkSize":10000,"length":2,"urlTemplate":"hist-10000-{Chunk}.json"},"basesPerBin":"10000"}],"stats":[{"basesPerBin":"10000","max":4,"mean":3}]},"intervals":{"classes":[{"attributes":["Start","End","Strand","Id","Name","Score","Seq_id","Source","Subfeatures","Target_length","Type"],"isArrayAttr":{"Subfeatures":1}},{"attributes":["Start","End","Strand","Gap","Id","Score","Seq_id","Source","Target","Type"],"isArrayAttr":{}},{"attributes":["Start","End","Chunk"],"isArrayAttr":{"Sublist":1}}],"count":5,"lazyClass":2,"maxEnd":12867,"minStart":168,"nclist":[[0,168,2282,-1,"NODE_1146_length_16620_cov_7.556418:hit:89531:4.5.0.0","augustus-NODE_1146_length_16620_cov_7.556418-abinit-gene-0.3-mRNA-1",0.11,"NODE_1146_length_16620_cov_7.556418","augustus",[[1,2193,2282,-1,"M89","NODE_1146_length_16620_cov_7.556418:hsp:455398:4.5.0.0",0.11,"NODE_1146_length_16620_cov_7.556418","augustus","augustus-NODE_1146_length_16620_cov_7.556418-abinit-gene-0.3-mRNA-1 1259 1347 +","match_part"],[1,1279,1676,-1,"M397","NODE_1146_length_16620_cov_7.556418:hsp:455399:4.5.0.0",0.11,"NODE_1146_length_16620_cov_7.556418","augustus","augustus-NODE_1146_length_16620_cov_7.556418-abinit-gene-0.3-mRNA-1 862 1258 +","match_part"],[1,1025,1178,-1,"M153","NODE_1146_length_16620_cov_7.556418:hsp:455400:4.5.0.0",0.11,"NODE_1146_length_16620_cov_7.556418","augustus","augustus-NODE_1146_length_16620_cov_7.556418-abinit-gene-0.3-mRNA-1 709 861 +","match_part"],[1,475,940,-1,"M465","NODE_1146_length_16620_cov_7.556418:hsp:455401:4.5.0.0",0.11,"NODE_1146_length_16620_cov_7.556418","augustus","augustus-NODE_1146_length_16620_cov_7.556418-abinit-gene-0.3-mRNA-1 244 708 +","match_part"],[1,168,411,-1,"M243","NODE_1146_length_16620_cov_7.556418:hsp:455402:4.5.0.0",0.11,"NODE_1146_length_16620_cov_7.556418","augustus","augustus-NODE_1146_length_16620_cov_7.556418-abinit-gene-0.3-mRNA-1 1 243 +","match_part"]],"16620","match"],[0,3239,5820,1,"NODE_1146_length_16620_cov_7.556418:hit:89534:4.5.0.0","augustus-NODE_1146_length_16620_cov_7.556418-abinit-gene-0.0-mRNA-1",0.18,"NODE_1146_length_16620_cov_7.556418","augustus",[[1,3239,3259,1,"M20","NODE_1146_length_16620_cov_7.556418:hsp:455411:4.5.0.0",0.18,"NODE_1146_length_16620_cov_7.556418","augustus","augustus-NODE_1146_length_16620_cov_7.556418-abinit-gene-0.0-mRNA-1 1 20 +","match_part"],[1,3475,3744,1,"M269","NODE_1146_length_16620_cov_7.556418:hsp:455412:4.5.0.0",0.18,"NODE_1146_length_16620_cov_7.556418","augustus","augustus-NODE_1146_length_16620_cov_7.556418-abinit-gene-0.0-mRNA-1 21 289 +","match_part"],[1,4114,4210,1,"M96","NODE_1146_length_16620_cov_7.556418:hsp:455413:4.5.0.0",0.18,"NODE_1146_length_16620_cov_7.556418","augustus","augustus-NODE_1146_length_16620_cov_7.556418-abinit-gene-0.0-mRNA-1 290 385 +","match_part"],[1,4358,4386,1,"M28","NODE_1146_length_16620_cov_7.556418:hsp:455414:4.5.0.0",0.18,"NODE_1146_length_16620_cov_7.556418","augustus","augustus-NODE_1146_length_16620_cov_7.556418-abinit-gene-0.0-mRNA-1 386 413 +","match_part"],[1,4483,4703,1,"M220","NODE_1146_length_16620_cov_7.556418:hsp:455415:4.5.0.0",0.18,"NODE_1146_length_16620_cov_7.556418","augustus","augustus-NODE_1146_length_16620_cov_7.556418-abinit-gene-0.0-mRNA-1 414 633 +","match_part"],[1,4768,5002,1,"M234","NODE_1146_length_16620_cov_7.556418:hsp:455416:4.5.0.0",0.18,"NODE_1146_length_16620_cov_7.556418","augustus","augustus-NODE_1146_length_16620_cov_7.556418-abinit-gene-0.0-mRNA-1 634 867 +","match_part"],[1,5095,5119,1,"M24","NODE_1146_length_16620_cov_7.556418:hsp:455417:4.5.0.0",0.18,"NODE_1146_length_16620_cov_7.556418","augustus","augustus-NODE_1146_length_16620_cov_7.556418-abinit-gene-0.0-mRNA-1 868 891 +","match_part"],[1,5190,5270,1,"M80","NODE_1146_length_16620_cov_7.556418:hsp:455418:4.5.0.0",0.18,"NODE_1146_length_16620_cov_7.556418","augustus","augustus-NODE_1146_length_16620_cov_7.556418-abinit-gene-0.0-mRNA-1 892 971 +","match_part"],[1,5341,5506,1,"M165","NODE_1146_length_16620_cov_7.556418:hsp:455419:4.5.0.0",0.18,"NODE_1146_length_16620_cov_7.556418","augustus","augustus-NODE_1146_length_16620_cov_7.556418-abinit-gene-0.0-mRNA-1 972 1136 +","match_part"],[1,5566,5634,1,"M68","NODE_1146_length_16620_cov_7.556418:hsp:455420:4.5.0.0",0.18,"NODE_1146_length_16620_cov_7.556418","augustus","augustus-NODE_1146_length_16620_cov_7.556418-abinit-gene-0.0-mRNA-1 1137 1204 +","match_part"],[1,5746,5820,1,"M74","NODE_1146_length_16620_cov_7.556418:hsp:455421:4.5.0.0",0.18,"NODE_1146_length_16620_cov_7.556418","augustus","augustus-NODE_1146_length_16620_cov_7.556418-abinit-gene-0.0-mRNA-1 1205 1278 +","match_part"]],"16620","match"],[0,7682,8292,1,"NODE_1146_length_16620_cov_7.556418:hit:89540:4.5.0.0","augustus-NODE_1146_length_16620_cov_7.556418-abinit-gene-0.1-mRNA-1",0.76,"NODE_1146_length_16620_cov_7.556418","augustus",[[1,7682,7720,1,"M38","NODE_1146_length_16620_cov_7.556418:hsp:455448:4.5.0.0",0.76,"NODE_1146_length_16620_cov_7.556418","augustus","augustus-NODE_1146_length_16620_cov_7.556418-abinit-gene-0.1-mRNA-1 1 38 +","match_part"],[1,7940,7998,1,"M58","NODE_1146_length_16620_cov_7.556418:hsp:455449:4.5.0.0",0.76,"NODE_1146_length_16620_cov_7.556418","augustus","augustus-NODE_1146_length_16620_cov_7.556418-abinit-gene-0.1-mRNA-1 39 96 +","match_part"],[1,8070,8292,1,"M222","NODE_1146_length_16620_cov_7.556418:hsp:455450:4.5.0.0",0.76,"NODE_1146_length_16620_cov_7.556418","augustus","augustus-NODE_1146_length_16620_cov_7.556418-abinit-gene-0.1-mRNA-1 97 318 +","match_part"]],"16620","match"],[0,9986,10489,-1,"NODE_1146_length_16620_cov_7.556418:hit:89543:4.5.0.0","augustus-NODE_1146_length_16620_cov_7.556418-abinit-gene-0.4-mRNA-1",0.42,"NODE_1146_length_16620_cov_7.556418","augustus",[[1,10291,10489,-1,"M198","NODE_1146_length_16620_cov_7.556418:hsp:455456:4.5.0.0",0.42,"NODE_1146_length_16620_cov_7.556418","augustus","augustus-NODE_1146_length_16620_cov_7.556418-abinit-gene-0.4-mRNA-1 151 348 +","match_part"],[1,10078,10219,-1,"M141","NODE_1146_length_16620_cov_7.556418:hsp:455457:4.5.0.0",0.42,"NODE_1146_length_16620_cov_7.556418","augustus","augustus-NODE_1146_length_16620_cov_7.556418-abinit-gene-0.4-mRNA-1 10 150 +","match_part"],[1,9986,9995,-1,"M9","NODE_1146_length_16620_cov_7.556418:hsp:455458:4.5.0.0",0.42,"NODE_1146_length_16620_cov_7.556418","augustus","augustus-NODE_1146_length_16620_cov_7.556418-abinit-gene-0.4-mRNA-1 1 9 +","match_part"]],