{"featureCount":3,"formatVersion":1,"histograms":{"meta":[{"arrayParams":{"chunkSize":10000,"length":1,"urlTemplate":"hist-2000-{Chunk}.json"},"basesPerBin":"2000"}],"stats":[{"basesPerBin":"2000","max":3,"mean":3}]},"intervals":{"classes":[{"attributes":["Start","End","Strand","Aligned_coverage","Aligned_identity","Id","Name","Score","Seq_id","Source","Subfeatures","Target_length","Type"],"isArrayAttr":{"Subfeatures":1}},{"attributes":["Start","End","Strand","Gap","Id","Score","Seq_id","Source","Target","Type"],"isArrayAttr":{}},{"attributes":["Start","End","Chunk"],"isArrayAttr":{"Sublist":1}}],"count":3,"lazyClass":2,"maxEnd":1332,"minStart":115,"nclist":[[0,115,555,1,"100","95.1","NODE_12945_length_1370_cov_2.113435:hit:2682:3.2.0.0","TRINITY_DN17755_c0_g1_i1",1495,"NODE_12945_length_1370_cov_2.113435","est2genome",[[1,115,134,1,"M19","NODE_12945_length_1370_cov_2.113435:hsp:5524:3.2.0.0",1495,"NODE_12945_length_1370_cov_2.113435","est2genome","TRINITY_DN17755_c0_g1_i1 1 19 +","match_part"],[1,245,555,1,"M310","NODE_12945_length_1370_cov_2.113435:hsp:5525:3.2.0.0",1495,"NODE_12945_length_1370_cov_2.113435","est2genome","TRINITY_DN17755_c0_g1_i1 20 329 +","match_part"]],"329","expressed_sequence_match"],[0,1038,1332,-1,"84.47","94.5","NODE_12945_length_1370_cov_2.113435:hit:2684:3.2.0.0","TRINITY_DN6841_c0_g1_i2",912,"NODE_12945_length_1370_cov_2.113435","est2genome",[[1,1287,1332,-1,"M26 I1 M4 I1 M3 I2 M12","NODE_12945_length_1370_cov_2.113435:hsp:5527:3.2.0.0",912,"NODE_12945_length_1370_cov_2.113435","est2genome","TRINITY_DN6841_c0_g1_i2 177 225 -","match_part"],[1,1038,1211,-1,"M87 I1 M86","NODE_12945_length_1370_cov_2.113435:hsp:5528:3.2.0.0",912,"NODE_12945_length_1370_cov_2.113435","est2genome","TRINITY_DN6841_c0_g1_i2 3 176 -","match_part"]],"264","expressed_sequence_match",{"Sublist":[[0,1038,1242,1,"98.56","96.6","NODE_12945_length_1370_cov_2.113435:hit:2683:3.2.0.0","TRINITY_DN6841_c0_g1_i1",954,"NODE_12945_length_1370_cov_2.113435","est2genome",[[1,1038,1242,1,"M87 I1 M117","NODE_12945_length_1370_cov_2.113435:hsp:5526:3.2.0.0",954,"NODE_12945_length_1370_cov_2.113435","est2genome","TRINITY_DN6841_c0_g1_i1 3 207 +","match_part"]],"208","expressed_sequence_match"]]}]],"urlTemplate":"lf-{Chunk}.json"}}