{"featureCount":2,"formatVersion":1,"histograms":{"meta":[{"arrayParams":{"chunkSize":10000,"length":1,"urlTemplate":"hist-10000-{Chunk}.json"},"basesPerBin":"10000"}],"stats":[{"basesPerBin":"10000","max":2,"mean":2}]},"intervals":{"classes":[{"attributes":["Start","End","Strand","Id","Name","Score","Seq_id","Source","Subfeatures","Target_length","Type"],"isArrayAttr":{"Subfeatures":1}},{"attributes":["Start","End","Strand","Gap","Id","Score","Seq_id","Source","Target","Type"],"isArrayAttr":{}},{"attributes":["Start","End","Chunk"],"isArrayAttr":{"Sublist":1}}],"count":2,"lazyClass":2,"maxEnd":4475,"minStart":1717,"nclist":[[0,1717,3818,-1,"NODE_3744_length_6599_cov_9.226514:hit:37643:4.5.0.0","augustus-NODE_3744_length_6599_cov_9.226514-abinit-gene-0.9-mRNA-1",0.41,"NODE_3744_length_6599_cov_9.226514","augustus",[[1,3462,3818,-1,"M356","NODE_3744_length_6599_cov_9.226514:hsp:154360:4.5.0.0",0.41,"NODE_3744_length_6599_cov_9.226514","augustus","augustus-NODE_3744_length_6599_cov_9.226514-abinit-gene-0.9-mRNA-1 1481 1836 +","match_part"],[1,2046,3351,-1,"M1305","NODE_3744_length_6599_cov_9.226514:hsp:154361:4.5.0.0",0.41,"NODE_3744_length_6599_cov_9.226514","augustus","augustus-NODE_3744_length_6599_cov_9.226514-abinit-gene-0.9-mRNA-1 176 1480 +","match_part"],[1,1849,1965,-1,"M116","NODE_3744_length_6599_cov_9.226514:hsp:154362:4.5.0.0",0.41,"NODE_3744_length_6599_cov_9.226514","augustus","augustus-NODE_3744_length_6599_cov_9.226514-abinit-gene-0.9-mRNA-1 60 175 +","match_part"],[1,1717,1776,-1,"M59","NODE_3744_length_6599_cov_9.226514:hsp:154363:4.5.0.0",0.41,"NODE_3744_length_6599_cov_9.226514","augustus","augustus-NODE_3744_length_6599_cov_9.226514-abinit-gene-0.9-mRNA-1 1 59 +","match_part"]],"6599","match"],[0,4166,4475,1,"NODE_3744_length_6599_cov_9.226514:hit:37648:4.5.0.0","augustus-NODE_3744_length_6599_cov_9.226514-abinit-gene-0.8-mRNA-1",0.87,"NODE_3744_length_6599_cov_9.226514","augustus",[[1,4166,4475,1,"M309","NODE_3744_length_6599_cov_9.226514:hsp:154371:4.5.0.0",0.87,"NODE_3744_length_6599_cov_9.226514","augustus","augustus-NODE_3744_length_6599_cov_9.226514-abinit-gene-0.8-mRNA-1 1 309 +","match_part"]],"6599","match"]],"urlTemplate":"lf-{Chunk}.json"}}