{"featureCount":5,"formatVersion":1,"histograms":{"meta":[{"arrayParams":{"chunkSize":10000,"length":2,"urlTemplate":"hist-10000-{Chunk}.json"},"basesPerBin":"10000"}],"stats":[{"basesPerBin":"10000","max":3,"mean":2.5}]},"intervals":{"classes":[{"attributes":["Start","End","Strand","Id","Name","Ontology_term","Seq_id","Source","Subfeatures","Type"],"isArrayAttr":{"Subfeatures":1}},{"attributes":["Start","End","Strand","Id","Name","Seq_id","Source","Target","Type"],"isArrayAttr":{}},{"attributes":["Start","End","Strand","Id","Name","Seq_id","Source","Subfeatures","Type"],"isArrayAttr":{"Subfeatures":1}},{"attributes":["Start","End","Chunk"],"isArrayAttr":{"Sublist":1}}],"count":5,"lazyClass":3,"maxEnd":13131,"minStart":5811,"nclist":[[0,5811,6030,1,"match:15821","IPR002496 Phosphoribosyl-AMP cyclohydrolase domain","GO:0000105","NODE_781_length_20595_cov_8.574772","iprscan",[[1,5811,6030,1,"match_part:15822","IPR002496:match_part:15822","NODE_781_length_20595_cov_8.574772","iprscan","IPR002496 691 909 +","match_part"]],"match"],[2,6072,6294,1,"match:15823","IPR021130 Phosphoribosyl-ATP pyrophosphohydrolase-like","NODE_781_length_20595_cov_8.574772","iprscan",[[1,6072,6294,1,"match_part:15824","IPR021130:match_part:15824","NODE_781_length_20595_cov_8.574772","iprscan","IPR021130 952 1173 +","match_part"]],"match"],[0,6549,7874,1,"match:15825","IPR012131 Histidinol dehydrogenase","GO:0016616","NODE_781_length_20595_cov_8.574772","iprscan",[[1,6549,7616,1,"match_part:15826","IPR012131:match_part:15826","NODE_781_length_20595_cov_8.574772","iprscan","IPR012131 1429 2495 +","match_part"],[1,7693,7874,1,"match_part:15827","IPR012131:match_part:15827","NODE_781_length_20595_cov_8.574772","iprscan","IPR012131 2496 2676 +","match_part"]],"match"],[2,11415,11768,-1,"match:14319","IPR001623 DnaJ domain","NODE_781_length_20595_cov_8.574772","iprscan",[[1,11415,11454,-1,"match_part:14320","IPR001623:match_part:14320","NODE_781_length_20595_cov_8.574772","iprscan","IPR001623 154 192 +","match_part"],[1,11564,11612,-1,"match_part:14321","IPR001623:match_part:14321","NODE_781_length_20595_cov_8.574772","iprscan","IPR001623 193 240 +","match_part"],[1,11678,11768,-1,"match_part:14322","IPR001623:match_part:14322","NODE_781_length_20595_cov_8.574772","iprscan","IPR001623 241 330 +","match_part"]],"match"],[0,12820,13131,-1,"match:14316","IPR019734 Tetratricopeptide repeat","GO:0005515","NODE_781_length_20595_cov_8.574772","iprscan",[[1,12820,12835,-1,"match_part:14317","IPR019734:match_part:14317","NODE_781_length_20595_cov_8.574772","iprscan","IPR019734 1309 1323 +","match_part"],[1,13062,13131,-1,"match_part:14318","IPR019734:match_part:14318","NODE_781_length_20595_cov_8.574772","iprscan","IPR019734 1324 1392 +","match_part"]],"match"]],"urlTemplate":"lf-{Chunk}.json"}}