{"featureCount":17,"formatVersion":1,"histograms":{"meta":[{"arrayParams":{"chunkSize":10000,"length":6,"urlTemplate":"hist-1000-{Chunk}.json"},"basesPerBin":"1000"}],"stats":[{"basesPerBin":"1000","max":16,"mean":8.16666666666667}]},"intervals":{"classes":[{"attributes":["Start","End","Strand","Id","Name","Score","Seq_id","Source","Subfeatures","Target_length","Type"],"isArrayAttr":{"Subfeatures":1}},{"attributes":["Start","End","Strand","Gap","Id","Score","Seq_id","Source","Target","Type"],"isArrayAttr":{}},{"attributes":["Start","End","Chunk"],"isArrayAttr":{"Sublist":1}}],"count":17,"lazyClass":2,"maxEnd":5783,"minStart":0,"nclist":[[0,0,2123,1,"NODE_2293_length_10275_cov_6.429641:hit:8419:3.2.0.0","TRINITY_DN3476_c0_g2_i1",719,"NODE_2293_length_10275_cov_6.429641","blastn",[[1,0,725,1,"M725","NODE_2293_length_10275_cov_6.429641:hsp:38237:3.2.0.0",719,"NODE_2293_length_10275_cov_6.429641","blastn","TRINITY_DN3476_c0_g2_i1 85 809 +","match_part"],[1,816,905,1,"M89","NODE_2293_length_10275_cov_6.429641:hsp:38238:3.2.0.0",83,"NODE_2293_length_10275_cov_6.429641","blastn","TRINITY_DN3476_c0_g2_i1 808 896 +","match_part"],[1,987,1316,1,"M329","NODE_2293_length_10275_cov_6.429641:hsp:38239:3.2.0.0",323,"NODE_2293_length_10275_cov_6.429641","blastn","TRINITY_DN3476_c0_g2_i1 897 1225 +","match_part"],[1,1388,1674,1,"M286","NODE_2293_length_10275_cov_6.429641:hsp:38240:3.2.0.0",280,"NODE_2293_length_10275_cov_6.429641","blastn","TRINITY_DN3476_c0_g2_i1 1223 1508 +","match_part"],[1,1777,2123,1,"M346","NODE_2293_length_10275_cov_6.429641:hsp:38241:3.2.0.0",346,"NODE_2293_length_10275_cov_6.429641","blastn","TRINITY_DN3476_c0_g2_i1 1509 1854 +","match_part"]],"1854","expressed_sequence_match"],[0,3074,5783,-1,"NODE_2293_length_10275_cov_6.429641:hit:8421:3.2.0.0","TRINITY_DN4573_c0_g1_i17",90,"NODE_2293_length_10275_cov_6.429641","blastn",[[1,5693,5783,-1,"M90","NODE_2293_length_10275_cov_6.429641:hsp:38246:3.2.0.0",90,"NODE_2293_length_10275_cov_6.429641","blastn","TRINITY_DN4573_c0_g1_i17 1 90 +","match_part"],[1,4520,5008,-1,"M488","NODE_2293_length_10275_cov_6.429641:hsp:38247:3.2.0.0",488,"NODE_2293_length_10275_cov_6.429641","blastn","TRINITY_DN4573_c0_g1_i17 230 717 +","match_part"],[1,3809,4435,-1,"M626","NODE_2293_length_10275_cov_6.429641:hsp:38248:3.2.0.0",602,"NODE_2293_length_10275_cov_6.429641","blastn","TRINITY_DN4573_c0_g1_i17 718 1343 +","match_part"],[1,3520,3716,-1,"M196","NODE_2293_length_10275_cov_6.429641:hsp:38249:3.2.0.0",196,"NODE_2293_length_10275_cov_6.429641","blastn","TRINITY_DN4573_c0_g1_i17 1344 1539 +","match_part"],[1,3257,3440,-1,"M159 I3 M24","NODE_2293_length_10275_cov_6.429641:hsp:38250:3.2.0.0",163,"NODE_2293_length_10275_cov_6.429641","blastn","TRINITY_DN4573_c0_g1_i17 1538 1723 +","match_part"],[1,3074,3286,-1,"M212","NODE_2293_length_10275_cov_6.429641:hsp:38251:3.2.0.0",212,"NODE_2293_length_10275_cov_6.429641","blastn","TRINITY_DN4573_c0_g1_i17 1722 1933 +","match_part"]],"1933","expressed_sequence_match"],[0,3074,5783,-1,"NODE_2293_length_10275_cov_6.429641:hit:8423:3.2.0.0","TRINITY_DN4573_c0_g1_i14",90,"NODE_2293_length_10275_cov_6.429641","blastn",[[1,5693,5783,-1,"M90","NODE_2293_length_10275_cov_6.429641:hsp:38257:3.2.0.0",90,"NODE_2293_length_10275_cov_6.429641","blastn","TRINITY_DN4573_c0_g1_i14 1 90 +","match_part"],[1,4520,5008,-1,"M488","NODE_2293_length_10275_cov_6.429641:hsp:38258:3.2.0.0",488,"NODE_2293_length_10275_cov_6.429641","blastn","TRINITY_DN4573_c0_g1_i14 230 717 +","match_part"],[1,3809,4435,-1,"M626","NODE_2293_length_10275_cov_6.429641:hsp:38259:3.2.0.0",602,"NODE_2293_length_10275_cov_6.429641","blastn","TRINITY_DN4573_c0_g1_i14 718 1343 +","match_part"],[1,3519,3716,-1,"M197","NODE_2293_length_10275_cov_6.429641:hsp:38260:3.2.0.0",197,"NODE_2293_length_10275_cov_6.429641","blastn","TRINITY_DN4573_c0_g1_i14 1344 1540 +","match_part"],[1,3074,3286,-1,"M76 I1 M136","NODE_2293_length_10275_cov_6.429641:hsp:38261:3.2.0.0",202,"NODE_2293_length_10275_cov_6.429641","blastn","TRINITY_DN4573_c0_g1_i14 1592 1804 +","match_part"]],"1804","expressed_sequence_match"],[0,3074,5783,-1,"NODE_2293_length_10275_cov_6.429641:hit:8424:3.2.0.0","TRINITY_DN4573_c0_g1_i15",90,"NODE_2293_length_10275_cov_6.429641","blastn",[[1,5693,5783,-1,"M90","NODE_2293_length_10275_cov_6.429641:hsp:38262:3.2.0.0",90,"NODE_2293_length_10275_cov_6.429641","blastn","TRINITY_DN4573_c0_g1_i15 1 90 +","match_part"],[1,4520,5044,-1,"M524","NODE_2293_length_10275_cov_6.429641:hsp:38263:3.2.0.0",524,"NODE_2293_length_10275_cov_6.429641","blastn","TRINITY_DN4573_c0_g1_i15 285 808 +","match_part"],[1,3809,4435,-1,"M626","NODE_2293_length_10275_cov_6.429641:hsp:38264:3.2.0.0",602,"NODE_2293_length_10275_cov_6.429641","blastn","TRINITY_DN4573_c0_g1_i15 809 1434 +","match_part"],[1,3519,3716,-1,"M197","NODE_2293_length_10275_cov_6.429641:hsp:38265:3.2.0.0",197,"NODE_2293_length_10275_cov_6.429641","blastn","TRINITY_DN4573_c0_g1_i15 1435 1631 +","match_part"],[1,3074,3281,-1,"M71 I1 M136","NODE_2293_length_10275_cov_6.429641:hsp:38266:3.2.0.0",197,"NODE_2293_length_10275_cov_6.429641","blastn","TRINITY_DN4573_c0_g1_i15 1679 1886 +","match_part"]],"1886","expressed_sequence_match"],[0,3074,5783,-1,"NODE_2293_length_10275_cov_6.429641:hit:8425:3.2.0.0","TRINITY_DN4573_c0_g1_i7",90,"NODE_2293_length_10275_cov_6.429641","blastn",[[1,5693,5783,-1,"M90","NODE_2293_length_10275_cov_6.429641:hsp:38267:3.2.0.0",90,"NODE_2293_length_10275_cov_6.429641","blastn","TRINITY_DN4573_c0_g1_i7 1 90 +","match_part"],[1,4520,5008,-1,"M488","NODE_2293_length_10275_cov_6.429641:hsp:38268:3.2.0.0",488,"NODE_2293_length_10275_cov_6.429641","blastn","TRINITY_DN4573_c0_g1_i7 230 717 +","match_part"],[1,3809,4435,-1,"M626","NODE_2293_length_10275_cov_6.429641:hsp:38269:3.2.0.0",602,"NODE_2293_length_10275_cov_6.429641","blastn","TRINITY_DN4573_c0_g1_i7 718 1343 +","match_part"],[1,3520,3716,-1,"M196","NODE_2293_length_10275_cov_6.429641:hsp:38270:3.2.0.0",196,"NODE_2293_length_10275_cov_6.429641","blastn","TRINITY_DN4573_c0_g1_i7 1344 1539 +","match_part"],[1,3074,3440,-1,"M230 I1 M136","NODE_2293_length_10275_cov_6.429641:hsp:38271:3.2.0.0",356,"NODE_2293_length_10275_cov_6.429641","blastn","TRINITY_DN4573_c0_g1_i7 1538 1904 +","match_part"]],"1904","expressed_sequence_match"],[0,3074,5783,-1,"NODE_2293_length_10275_cov_6.429641:hit:8427:3.2.0.0","TRINITY_DN4573_c0_g1_i12",90,"NODE_2293_length_10275_cov_6.429641","blastn",[[1,5693,5783,-1,"M90","NODE_2293_length_10275_cov_6.429641:hsp:38276:3.2.0.0",90,"NODE_2293_length_10275_cov_6.429641","blastn","TRINITY_DN4573_c0_g1_i12 1 90 +","match_part"],[1,4520,5044,-1,"M524","NODE_2293_length_10275_cov_6.429641:hsp:38277:3.2.0.0",524,"NODE_2293_length_10275_cov_6.429641","blastn","TRINITY_DN4573_c0_g1_i12 285 808 +","match_part"],[1,3809,4435,-1,"M626","NODE_2293_length_10275_cov_6.429641:hsp:38278:3.2.0.0",602,"NODE_2293_length_10275_cov_6.429641","blastn","TRINITY_DN4573_c0_g1_i12 809 1434 +","match_part"],[1,3519,3716,-1,"M197","NODE_2293_length_10275_cov_6.429641:hsp:38279:3.2.0.0",197,"NODE_2293_length_10275_cov_6.429641","blastn","TRINITY_DN4573_c0_g1_i12 1435 1631 +","match_part"],[1,3074,3286,-1,"M76 I1 M136","NODE_2293_length_10275_cov_6.429641:hsp:38280:3.2.0.0",202,"NODE_2293_length_10275_cov_6.429641","blastn","TRINITY_DN4573_c0_g1_i12 1683 1895 +","match_part"]],