{"featureCount":1,"formatVersion":1,"histograms":{"meta":[{"arrayParams":{"chunkSize":10000,"length":1,"urlTemplate":"hist-10000-{Chunk}.json"},"basesPerBin":"10000"}],"stats":[{"basesPerBin":"10000","max":1,"mean":1}]},"intervals":{"classes":[{"attributes":["Start","End","Strand","Id","Name","Score","Seq_id","Source","Subfeatures","Target_length","Type"],"isArrayAttr":{"Subfeatures":1}},{"attributes":["Start","End","Strand","Gap","Id","Score","Seq_id","Source","Target","Type"],"isArrayAttr":{}},{"attributes":["Start","End","Chunk"],"isArrayAttr":{"Sublist":1}}],"count":1,"lazyClass":2,"maxEnd":3027,"minStart":389,"nclist":[[0,389,3027,1,"NODE_4470_length_5725_cov_4.152019:hit:5395:4.5.0.0","augustus-NODE_4470_length_5725_cov_4.152019-abinit-gene-0.11-mRNA-1",0.07,"NODE_4470_length_5725_cov_4.152019","augustus",[[1,389,582,1,"M193","NODE_4470_length_5725_cov_4.152019:hsp:19047:4.5.0.0",0.07,"NODE_4470_length_5725_cov_4.152019","augustus","augustus-NODE_4470_length_5725_cov_4.152019-abinit-gene-0.11-mRNA-1 1 193 +","match_part"],[1,741,1062,1,"M321","NODE_4470_length_5725_cov_4.152019:hsp:19048:4.5.0.0",0.07,"NODE_4470_length_5725_cov_4.152019","augustus","augustus-NODE_4470_length_5725_cov_4.152019-abinit-gene-0.11-mRNA-1 194 514 +","match_part"],[1,1133,1409,1,"M276","NODE_4470_length_5725_cov_4.152019:hsp:19049:4.5.0.0",0.07,"NODE_4470_length_5725_cov_4.152019","augustus","augustus-NODE_4470_length_5725_cov_4.152019-abinit-gene-0.11-mRNA-1 515 790 +","match_part"],[1,1503,1763,1,"M260","NODE_4470_length_5725_cov_4.152019:hsp:19050:4.5.0.0",0.07,"NODE_4470_length_5725_cov_4.152019","augustus","augustus-NODE_4470_length_5725_cov_4.152019-abinit-gene-0.11-mRNA-1 791 1050 +","match_part"],[1,1892,2538,1,"M646","NODE_4470_length_5725_cov_4.152019:hsp:19051:4.5.0.0",0.07,"NODE_4470_length_5725_cov_4.152019","augustus","augustus-NODE_4470_length_5725_cov_4.152019-abinit-gene-0.11-mRNA-1 1051 1696 +","match_part"],[1,2830,3027,1,"M197","NODE_4470_length_5725_cov_4.152019:hsp:19052:4.5.0.0",0.07,"NODE_4470_length_5725_cov_4.152019","augustus","augustus-NODE_4470_length_5725_cov_4.152019-abinit-gene-0.11-mRNA-1 1697 1893 +","match_part"]],"5725","match"]],"urlTemplate":"lf-{Chunk}.json"}}