{"featureCount":3,"formatVersion":1,"histograms":{"meta":[{"arrayParams":{"chunkSize":10000,"length":1,"urlTemplate":"hist-1000-{Chunk}.json"},"basesPerBin":"1000"}],"stats":[{"basesPerBin":"1000","max":3,"mean":3}]},"intervals":{"classes":[{"attributes":["Start","End","Strand","Aligned_coverage","Aligned_identity","Id","Name","Score","Seq_id","Source","Subfeatures","Target_length","Type"],"isArrayAttr":{"Subfeatures":1}},{"attributes":["Start","End","Strand","Gap","Id","Score","Seq_id","Source","Target","Type"],"isArrayAttr":{}},{"attributes":["Start","End","Chunk"],"isArrayAttr":{"Sublist":1}}],"count":3,"lazyClass":2,"maxEnd":710,"minStart":139,"nclist":[[0,139,492,1,"99.72","97.5","NODE_19690_length_756_cov_1.990461:hit:3117:3.2.0.0","TRINITY_DN21160_c2_g1_i1",1684,"NODE_19690_length_756_cov_1.990461","est2genome",[[1,139,492,1,"M353","NODE_19690_length_756_cov_1.990461:hsp:5746:3.2.0.0",1684,"NODE_19690_length_756_cov_1.990461","est2genome","TRINITY_DN21160_c2_g1_i1 2 354 -","match_part"]],"354","expressed_sequence_match"],[0,297,710,-1,"100","94.2","NODE_19690_length_756_cov_1.990461:hit:3118:3.2.0.0","TRINITY_DN180_c1_g1_i1",1916,"NODE_19690_length_756_cov_1.990461","est2genome",[[1,297,710,-1,"M83 I3 M186 I10 M48 I7 M96","NODE_19690_length_756_cov_1.990461:hsp:5747:3.2.0.0",1916,"NODE_19690_length_756_cov_1.990461","est2genome","TRINITY_DN180_c1_g1_i1 1 433 +","match_part"]],"433","expressed_sequence_match"],[0,297,710,-1,"100","92.4","NODE_19690_length_756_cov_1.990461:hit:3119:3.2.0.0","TRINITY_DN180_c1_g1_i2",1211,"NODE_19690_length_756_cov_1.990461","est2genome",[[1,629,710,-1,"M63 I1 M18","NODE_19690_length_756_cov_1.990461:hsp:5748:3.2.0.0",1211,"NODE_19690_length_756_cov_1.990461","est2genome","TRINITY_DN180_c1_g1_i2 1 82 +","match_part"],[1,297,489,-1,"M48 I10 M48 I7 M96","NODE_19690_length_756_cov_1.990461:hsp:5749:3.2.0.0",1211,"NODE_19690_length_756_cov_1.990461","est2genome","TRINITY_DN180_c1_g1_i2 83 291 +","match_part"]],"291","expressed_sequence_match"]],"urlTemplate":"lf-{Chunk}.json"}}