{"featureCount":2,"formatVersion":1,"histograms":{"meta":[{"arrayParams":{"chunkSize":10000,"length":1,"urlTemplate":"hist-10000-{Chunk}.json"},"basesPerBin":"10000"}],"stats":[{"basesPerBin":"10000","max":2,"mean":2}]},"intervals":{"classes":[{"attributes":["Start","End","Strand","Id","Name","Seq_id","Source","Subfeatures","Target_length","Type"],"isArrayAttr":{"Subfeatures":1}},{"attributes":["Start","End","Strand","Gap","Id","Seq_id","Source","Target","Type"],"isArrayAttr":{}},{"attributes":["Start","End","Strand","Id","Seq_id","Source","Target","Type"],"isArrayAttr":{}},{"attributes":["Start","End","Chunk"],"isArrayAttr":{"Sublist":1}}],"count":2,"lazyClass":3,"maxEnd":4163,"minStart":1295,"nclist":[[0,1295,3021,1,"NODE_4940_length_5167_cov_7.427778:hit:10696:4.5.0.0","genemark-NODE_4940_length_5167_cov_7.427778-abinit-gene-0.6-mRNA-1","NODE_4940_length_5167_cov_7.427778","genemark",[[1,1295,1397,1,"M102","NODE_4940_length_5167_cov_7.427778:hsp:37261:4.5.0.0","NODE_4940_length_5167_cov_7.427778","genemark","genemark-NODE_4940_length_5167_cov_7.427778-abinit-gene-0.6-mRNA-1 1 102 +","match_part"],[1,1670,1836,1,"M166","NODE_4940_length_5167_cov_7.427778:hsp:37262:4.5.0.0","NODE_4940_length_5167_cov_7.427778","genemark","genemark-NODE_4940_length_5167_cov_7.427778-abinit-gene-0.6-mRNA-1 103 268 +","match_part"],[1,1947,2043,1,"M96","NODE_4940_length_5167_cov_7.427778:hsp:37263:4.5.0.0","NODE_4940_length_5167_cov_7.427778","genemark","genemark-NODE_4940_length_5167_cov_7.427778-abinit-gene-0.6-mRNA-1 269 364 +","match_part"],[1,2119,2274,1,"M155","NODE_4940_length_5167_cov_7.427778:hsp:37264:4.5.0.0","NODE_4940_length_5167_cov_7.427778","genemark","genemark-NODE_4940_length_5167_cov_7.427778-abinit-gene-0.6-mRNA-1 365 519 +","match_part"],[1,2355,2448,1,"M93","NODE_4940_length_5167_cov_7.427778:hsp:37265:4.5.0.0","NODE_4940_length_5167_cov_7.427778","genemark","genemark-NODE_4940_length_5167_cov_7.427778-abinit-gene-0.6-mRNA-1 520 612 +","match_part"],[1,2523,3021,1,"M498","NODE_4940_length_5167_cov_7.427778:hsp:37266:4.5.0.0","NODE_4940_length_5167_cov_7.427778","genemark","genemark-NODE_4940_length_5167_cov_7.427778-abinit-gene-0.6-mRNA-1 613 1110 +","match_part"]],"5167","match"],[0,3821,4163,1,"NODE_4940_length_5167_cov_7.427778:hit:10699:4.5.0.0","genemark-NODE_4940_length_5167_cov_7.427778-abinit-gene-0.7-mRNA-1","NODE_4940_length_5167_cov_7.427778","genemark",[[1,3821,4163,1,"M342","NODE_4940_length_5167_cov_7.427778:hsp:37269:4.5.0.0","NODE_4940_length_5167_cov_7.427778","genemark","genemark-NODE_4940_length_5167_cov_7.427778-abinit-gene-0.7-mRNA-1 1 342 +","match_part"]],"5167","match"]],"urlTemplate":"lf-{Chunk}.json"}}