{"featureCount":5,"formatVersion":1,"histograms":{"meta":[{"arrayParams":{"chunkSize":10000,"length":2,"urlTemplate":"hist-5000-{Chunk}.json"},"basesPerBin":"5000"}],"stats":[{"basesPerBin":"5000","max":4,"mean":3.5}]},"intervals":{"classes":[{"attributes":["Start","End","Strand","Id","Name","Score","Seq_id","Source","Subfeatures","Target_length","Type"],"isArrayAttr":{"Subfeatures":1}},{"attributes":["Start","End","Strand","Gap","Id","Score","Seq_id","Source","Target","Type"],"isArrayAttr":{}},{"attributes":["Start","End","Chunk"],"isArrayAttr":{"Sublist":1}}],"count":5,"lazyClass":2,"maxEnd":6530,"minStart":1823,"nclist":[[0,1823,2336,1,"NODE_3814_length_6530_cov_6.309386:hit:38591:3.2.0.0","TRINITY_DN30800_c0_g1_i1",88,"NODE_3814_length_6530_cov_6.309386","blastn",[[1,1823,1971,1,"M148","NODE_3814_length_6530_cov_6.309386:hsp:157416:3.2.0.0",88,"NODE_3814_length_6530_cov_6.309386","blastn","TRINITY_DN30800_c0_g1_i1 1 148 +","match_part"],[1,2131,2336,1,"M108 I4 M97","NODE_3814_length_6530_cov_6.309386:hsp:157417:3.2.0.0",168,"NODE_3814_length_6530_cov_6.309386","blastn","TRINITY_DN30800_c0_g1_i1 179 387 +","match_part"]],"387","expressed_sequence_match"],[0,2620,6530,-1,"NODE_3814_length_6530_cov_6.309386:hit:38593:3.2.0.0","TRINITY_DN11040_c0_g1_i4",149,"NODE_3814_length_6530_cov_6.309386","blastn",[[1,6375,6530,-1,"M155","NODE_3814_length_6530_cov_6.309386:hsp:157432:3.2.0.0",149,"NODE_3814_length_6530_cov_6.309386","blastn","TRINITY_DN11040_c0_g1_i4 586 740 +","match_part"],[1,6223,6302,-1,"M79","NODE_3814_length_6530_cov_6.309386:hsp:157433:3.2.0.0",61,"NODE_3814_length_6530_cov_6.309386","blastn","TRINITY_DN11040_c0_g1_i4 740 818 +","match_part"],[1,5960,6061,-1,"M101","NODE_3814_length_6530_cov_6.309386:hsp:157434:3.2.0.0",89,"NODE_3814_length_6530_cov_6.309386","blastn","TRINITY_DN11040_c0_g1_i4 846 946 +","match_part"],[1,5807,5895,-1,"M88","NODE_3814_length_6530_cov_6.309386:hsp:157435:3.2.0.0",82,"NODE_3814_length_6530_cov_6.309386","blastn","TRINITY_DN11040_c0_g1_i4 946 1033 +","match_part"],[1,5687,5741,-1,"M54","NODE_3814_length_6530_cov_6.309386:hsp:157436:3.2.0.0",54,"NODE_3814_length_6530_cov_6.309386","blastn","TRINITY_DN11040_c0_g1_i4 1041 1094 +","match_part"],[1,5553,5626,-1,"M73","NODE_3814_length_6530_cov_6.309386:hsp:157437:3.2.0.0",73,"NODE_3814_length_6530_cov_6.309386","blastn","TRINITY_DN11040_c0_g1_i4 1093 1165 +","match_part"],[1,4784,5479,-1,"M301 I4 M394","NODE_3814_length_6530_cov_6.309386:hsp:157438:3.2.0.0",658,"NODE_3814_length_6530_cov_6.309386","blastn","TRINITY_DN11040_c0_g1_i4 1166 1864 +","match_part"],[1,4624,4703,-1,"M79","NODE_3814_length_6530_cov_6.309386:hsp:157439:3.2.0.0",79,"NODE_3814_length_6530_cov_6.309386","blastn","TRINITY_DN11040_c0_g1_i4 1864 1942 +","match_part"],[1,4427,4524,-1,"M97","NODE_3814_length_6530_cov_6.309386:hsp:157440:3.2.0.0",91,"NODE_3814_length_6530_cov_6.309386","blastn","TRINITY_DN11040_c0_g1_i4 1943 2039 +","match_part"],[1,4112,4176,-1,"M64","NODE_3814_length_6530_cov_6.309386:hsp:157441:3.2.0.0",52,"NODE_3814_length_6530_cov_6.309386","blastn","TRINITY_DN11040_c0_g1_i4 2085 2148 +","match_part"],[1,3666,4016,-1,"M350","NODE_3814_length_6530_cov_6.309386:hsp:157442:3.2.0.0",326,"NODE_3814_length_6530_cov_6.309386","blastn","TRINITY_DN11040_c0_g1_i4 2149 2498 +","match_part"],[1,3488,3558,-1,"M70","NODE_3814_length_6530_cov_6.309386:hsp:157443:3.2.0.0",70,"NODE_3814_length_6530_cov_6.309386","blastn","TRINITY_DN11040_c0_g1_i4 2498 2567 +","match_part"],[1,3231,3386,-1,"M155","NODE_3814_length_6530_cov_6.309386:hsp:157444:3.2.0.0",149,"NODE_3814_length_6530_cov_6.309386","blastn","TRINITY_DN11040_c0_g1_i4 2565 2719 +","match_part"],[1,2747,3097,-1,"M279 D1 M17 I3 M53","NODE_3814_length_6530_cov_6.309386:hsp:157445:3.2.0.0",283,"NODE_3814_length_6530_cov_6.309386","blastn","TRINITY_DN11040_c0_g1_i4 2717 3068 +","match_part"],[1,2620,2748,-1,"M53 D4 M71","NODE_3814_length_6530_cov_6.309386:hsp:157446:3.2.0.0",81,"NODE_3814_length_6530_cov_6.309386","blastn","TRINITY_DN11040_c0_g1_i4 3079 3202 +","match_part"]],"3202","expressed_sequence_match",{"Sublist":[[0,2620,6485,-1,"NODE_3814_length_6530_cov_6.309386:hit:38592:3.2.0.0","TRINITY_DN11040_c0_g1_i9",52,"NODE_3814_length_6530_cov_6.309386","blastn",[[1,6385,6485,-1,"M100","NODE_3814_length_6530_cov_6.309386:hsp:157418:3.2.0.0",52,"NODE_3814_length_6530_cov_6.309386","blastn","TRINITY_DN11040_c0_g1_i9 656 755 +","match_part"],[1,5960,6037,-1,"M77","NODE_3814_length_6530_cov_6.309386:hsp:157419:3.2.0.0",77,"NODE_3814_length_6530_cov_6.309386","blastn","TRINITY_DN11040_c0_g1_i9 892 968 +","match_part"],[1,5807,5895,-1,"M88","NODE_3814_length_6530_cov_6.309386:hsp:157420:3.2.0.0",82,"NODE_3814_length_6530_cov_6.309386","blastn","TRINITY_DN11040_c0_g1_i9 968 1055 +","match_part"],[1,5687,5741,-1,"M54","NODE_3814_length_6530_cov_6.309386:hsp:157421:3.2.0.0",54,"NODE_3814_length_6530_cov_6.309386","blastn","TRINITY_DN11040_c0_g1_i9 1063 1116 +","match_part"],[1,5553,5626,-1,"M73","NODE_3814_length_6530_cov_6.309386:hsp:157422:3.2.0.0",73,"NODE_3814_length_6530_cov_6.309386","blastn","TRINITY_DN11040_c0_g1_i9 1115 1187 +","match_part"],[1,4784,5479,-1,"M301 I4 M394","NODE_3814_length_6530_cov_6.309386:hsp:157423:3.2.0.0",658,"NODE_3814_length_6530_cov_6.309386","blastn","TRINITY_DN11040_c0_g1_i9 1188 1886 +","match_part"],[1,4624,4703,-1,"M79","NODE_3814_length_6530_cov_6.309386:hsp:157424:3.2.0.0",79,"NODE_3814_length_6530_cov_6.309386","blastn","TRINITY_DN11040_c0_g1_i9 1886 1964 +","match_part"],[1,4427,4524,-1,"M97","NODE_3814_length_6530_cov_6.309386:hsp:157425:3.2.0.0",91,"NODE_3814_length_6530_cov_6.309386","blastn","TRINITY_DN11040_c0_g1_i9 1965 2061 +","match_part"],[1,4112,4176,-1,"M64","NODE_3814_length_6530_cov_6.309386:hsp:157426:3.2.0.0",52,"NODE_3814_length_6530_cov_6.309386","blastn","TRINITY_DN11040_c0_g1_i9 2107 2170 +","match_part"],[1,3666,4016,-1,"M350","NODE_3814_length_6530_cov_6.309386:hsp:157427:3.2.0.0",326,"NODE_3814_length_6530_cov_6.309386","blastn","TRINITY_DN11040_c0_g1_i9 2171 2520 +","match_part"],[1,3488,3558,-1,"M70","NODE_3814_length_6530_cov_6.309386:hsp:157428:3.2.0.0",70,"NODE_3814_length_6530_cov_6.309386","blastn","TRINITY_DN11040_c0_g1_i9 2520 2589 +","match_part"],[1,3231,3386,-1,"M155","NODE_3814_length_6530_cov_6.309386:hsp:157429:3.2.0.0",149,"NODE_3814_length_6530_cov_6.309386","blastn","TRINITY_DN11040_c0_g1_i9 2587 2741 +","match_part"],[1,2747,3097,-1,"M279 D1 M17 I3 M53","NODE_3814_length_6530_cov_6.309386:hsp:157430:3.2.0.0",283,"NODE_3814_length_6530_cov_6.309386","blastn","TRINITY_DN11040_c0_g1_i9 2739 3090 +","match_part"],[1,2620,2748,-1,"M53 D4 M71","NODE_3814_length_6530_cov_6.309386:hsp:157431:3.2.0.0",81,"NODE_3814_length_6530_cov_6.309386","blastn","TRINITY_DN11040_c0_g1_i9 3101 3224 +","match_part"]],"3224","expressed_sequence_match",{"Sublist":[[0,5129,6107,-1,"NODE_3814_length_6530_cov_6.309386:hit:38594:3.2.0.0","TRINITY_DN11040_c0_g1_i6",130,"NODE_3814_length_6530_cov_6.309386","blastn",[[1,5960,6107,-1,"M38 D1 M108","NODE_3814_length_6530_cov_6.309386:hsp:157447:3.2.0.0",130,"NODE_3814_length_6530_cov_6.309386","blastn","TRINITY_DN11040_c0_g1_i6 10 155 +","match_part"],[1,5807,5895,-1,"M88","NODE_3814_length_6530_cov_6.309386:hsp:157448:3.2.0.0",82,"NODE_3814_length_6530_cov_6.309386","blastn","TRINITY_DN11040_c0_g1_i6 155 242 +","match_part"],[1,5687,5741,-1,"M54","NODE_3814_length_6530_cov_6.309386:hsp:157449:3.2.0.0",54,"NODE_3814_length_6530_cov_6.309386","blastn","TRINITY_DN11040_c0_g1_i6 250 303 +","match_part"],[1,5553,5626,-1,"M73","NODE_3814_length_6530_cov_6.309386:hsp:157450:3.2.0.0",73,"NODE_3814_length_6530_cov_6.309386","blastn","TRINITY_DN11040_c0_g1_i6 302 374 +","match_part"],[1,5129,5479,-1,"M301 I4 M49","NODE_3814_length_6530_cov_6.309386:hsp:157451:3.2.0.0",313,"NODE_3814_length_6530_cov_6.309386","blastn","TRINITY_DN11040_c0_g1_i6 375 728 +","match_part"]],