{"featureCount":4,"formatVersion":1,"histograms":{"meta":[{"arrayParams":{"chunkSize":10000,"length":2,"urlTemplate":"hist-2000-{Chunk}.json"},"basesPerBin":"2000"}],"stats":[{"basesPerBin":"2000","max":4,"mean":3}]},"intervals":{"classes":[{"attributes":["Start","End","Strand","Aligned_coverage","Aligned_identity","Id","Name","Score","Seq_id","Source","Subfeatures","Target_length","Type"],"isArrayAttr":{"Subfeatures":1}},{"attributes":["Start","End","Strand","Gap","Id","Score","Seq_id","Source","Target","Type"],"isArrayAttr":{}},{"attributes":["Start","End","Chunk"],"isArrayAttr":{"Sublist":1}}],"count":4,"lazyClass":2,"maxEnd":2170,"minStart":170,"nclist":[[0,170,1358,-1,"96.41","96","NODE_8417_length_2429_cov_4.864583:hit:2133:3.2.0.0","TRINITY_DN19532_c0_g1_i1",5449,"NODE_8417_length_2429_cov_4.864583","est2genome",[[1,170,1358,-1,"M181 I2 M188 D4 M10 D8 M297 I2 M187 D1 M198 I1 M114","NODE_8417_length_2429_cov_4.864583:hsp:5129:3.2.0.0",5449,"NODE_8417_length_2429_cov_4.864583","est2genome","TRINITY_DN19532_c0_g1_i1 1 1180 -","match_part"]],"1224","expressed_sequence_match"],[0,528,1358,-1,"94.12","97.3","NODE_8417_length_2429_cov_4.864583:hit:2134:3.2.0.0","TRINITY_DN19532_c0_g1_i2",3916,"NODE_8417_length_2429_cov_4.864583","est2genome",[[1,528,1358,-1,"M330 I2 M187 D1 M198 I1 M114","NODE_8417_length_2429_cov_4.864583:hsp:5130:3.2.0.0",3916,"NODE_8417_length_2429_cov_4.864583","est2genome","TRINITY_DN19532_c0_g1_i2 9 840 -","match_part"]],"884","expressed_sequence_match"],[0,1848,2170,1,"94.61","92.6","NODE_8417_length_2429_cov_4.864583:hit:2135:3.2.0.0","TRINITY_DN11038_c0_g1_i1",1364,"NODE_8417_length_2429_cov_4.864583","est2genome",[[1,1848,2170,1,"M18 D1 M1 D2 M28 I2 M9 D1 M147 D4 M111","NODE_8417_length_2429_cov_4.864583:hsp:5131:3.2.0.0",1364,"NODE_8417_length_2429_cov_4.864583","est2genome","TRINITY_DN11038_c0_g1_i1 19 334 +","match_part"]],"334","expressed_sequence_match"],[0,1848,2170,1,"94.69","91.1","NODE_8417_length_2429_cov_4.864583:hit:2136:3.2.0.0","TRINITY_DN11038_c0_g1_i2",1324,"NODE_8417_length_2429_cov_4.864583","est2genome",[[1,1848,2170,1,"M18 D1 M1 D2 M28 I2 M9 D1 M151 I1 M111","NODE_8417_length_2429_cov_4.864583:hsp:5132:3.2.0.0",1324,"NODE_8417_length_2429_cov_4.864583","est2genome","TRINITY_DN11038_c0_g1_i2 19 339 +","match_part"]],"339","expressed_sequence_match"]],"urlTemplate":"lf-{Chunk}.json"}}