{"featureCount":3,"formatVersion":1,"histograms":{"meta":[{"arrayParams":{"chunkSize":10000,"length":1,"urlTemplate":"hist-10000-{Chunk}.json"},"basesPerBin":"10000"}],"stats":[{"basesPerBin":"10000","max":3,"mean":3}]},"intervals":{"classes":[{"attributes":["Start","End","Strand","Id","Name","Seq_id","Source","Subfeatures","Target_length","Type"],"isArrayAttr":{"Subfeatures":1}},{"attributes":["Start","End","Strand","Gap","Id","Seq_id","Source","Target","Type"],"isArrayAttr":{}},{"attributes":["Start","End","Strand","Id","Seq_id","Source","Target","Type"],"isArrayAttr":{}},{"attributes":["Start","End","Chunk"],"isArrayAttr":{"Sublist":1}}],"count":3,"lazyClass":3,"maxEnd":7897,"minStart":617,"nclist":[[0,617,2749,1,"NODE_2840_length_8503_cov_6.460005:hit:21306:4.5.0.0","genemark-NODE_2840_length_8503_cov_6.460005-abinit-gene-0.3-mRNA-1","NODE_2840_length_8503_cov_6.460005","genemark",[[1,617,770,1,"M153","NODE_2840_length_8503_cov_6.460005:hsp:91326:4.5.0.0","NODE_2840_length_8503_cov_6.460005","genemark","genemark-NODE_2840_length_8503_cov_6.460005-abinit-gene-0.3-mRNA-1 1 153 +","match_part"],[1,865,2749,1,"M1884","NODE_2840_length_8503_cov_6.460005:hsp:91327:4.5.0.0","NODE_2840_length_8503_cov_6.460005","genemark","genemark-NODE_2840_length_8503_cov_6.460005-abinit-gene-0.3-mRNA-1 154 2037 +","match_part"]],"8503","match"],[0,4423,6294,-1,"NODE_2840_length_8503_cov_6.460005:hit:21308:4.5.0.0","genemark-NODE_2840_length_8503_cov_6.460005-abinit-gene-0.5-mRNA-1","NODE_2840_length_8503_cov_6.460005","genemark",[[1,4844,6294,-1,"M1450","NODE_2840_length_8503_cov_6.460005:hsp:91330:4.5.0.0","NODE_2840_length_8503_cov_6.460005","genemark","genemark-NODE_2840_length_8503_cov_6.460005-abinit-gene-0.5-mRNA-1 294 1743 +","match_part"],[1,4665,4776,-1,"M111","NODE_2840_length_8503_cov_6.460005:hsp:91331:4.5.0.0","NODE_2840_length_8503_cov_6.460005","genemark","genemark-NODE_2840_length_8503_cov_6.460005-abinit-gene-0.5-mRNA-1 183 293 +","match_part"],[1,4423,4605,-1,"M182","NODE_2840_length_8503_cov_6.460005:hsp:91332:4.5.0.0","NODE_2840_length_8503_cov_6.460005","genemark","genemark-NODE_2840_length_8503_cov_6.460005-abinit-gene-0.5-mRNA-1 1 182 +","match_part"]],"8503","match"],[0,7708,7897,1,"NODE_2840_length_8503_cov_6.460005:hit:21311:4.5.0.0","genemark-NODE_2840_length_8503_cov_6.460005-abinit-gene-0.4-mRNA-1","NODE_2840_length_8503_cov_6.460005","genemark",[[1,7708,7897,1,"M189","NODE_2840_length_8503_cov_6.460005:hsp:91339:4.5.0.0","NODE_2840_length_8503_cov_6.460005","genemark","genemark-NODE_2840_length_8503_cov_6.460005-abinit-gene-0.4-mRNA-1 1 189 +","match_part"]],"8503","match"]],"urlTemplate":"lf-{Chunk}.json"}}