{"featureCount":2,"formatVersion":1,"histograms":{"meta":[{"arrayParams":{"chunkSize":10000,"length":1,"urlTemplate":"hist-5000-{Chunk}.json"},"basesPerBin":"5000"}],"stats":[{"basesPerBin":"5000","max":2,"mean":2}]},"intervals":{"classes":[{"attributes":["Start","End","Strand","Id","Name","Score","Seq_id","Source","Subfeatures","Target_length","Type"],"isArrayAttr":{"Subfeatures":1}},{"attributes":["Start","End","Strand","Gap","Id","Score","Seq_id","Source","Target","Type"],"isArrayAttr":{}},{"attributes":["Start","End","Chunk"],"isArrayAttr":{"Sublist":1}}],"count":2,"lazyClass":2,"maxEnd":3196,"minStart":13,"nclist":[[0,13,1555,-1,"NODE_5293_length_4797_cov_8.100857:hit:14063:4.5.0.0","augustus-NODE_5293_length_4797_cov_8.100857-abinit-gene-0.9-mRNA-1",0.16,"NODE_5293_length_4797_cov_8.100857","augustus",[[1,1458,1555,-1,"M97","NODE_5293_length_4797_cov_8.100857:hsp:48570:4.5.0.0",0.16,"NODE_5293_length_4797_cov_8.100857","augustus","augustus-NODE_5293_length_4797_cov_8.100857-abinit-gene-0.9-mRNA-1 966 1062 +","match_part"],[1,875,1342,-1,"M467","NODE_5293_length_4797_cov_8.100857:hsp:48571:4.5.0.0",0.16,"NODE_5293_length_4797_cov_8.100857","augustus","augustus-NODE_5293_length_4797_cov_8.100857-abinit-gene-0.9-mRNA-1 499 965 +","match_part"],[1,487,742,-1,"M255","NODE_5293_length_4797_cov_8.100857:hsp:48572:4.5.0.0",0.16,"NODE_5293_length_4797_cov_8.100857","augustus","augustus-NODE_5293_length_4797_cov_8.100857-abinit-gene-0.9-mRNA-1 244 498 +","match_part"],[1,304,409,-1,"M105","NODE_5293_length_4797_cov_8.100857:hsp:48573:4.5.0.0",0.16,"NODE_5293_length_4797_cov_8.100857","augustus","augustus-NODE_5293_length_4797_cov_8.100857-abinit-gene-0.9-mRNA-1 139 243 +","match_part"],[1,138,218,-1,"M80","NODE_5293_length_4797_cov_8.100857:hsp:48574:4.5.0.0",0.16,"NODE_5293_length_4797_cov_8.100857","augustus","augustus-NODE_5293_length_4797_cov_8.100857-abinit-gene-0.9-mRNA-1 59 138 +","match_part"],[1,13,71,-1,"M58","NODE_5293_length_4797_cov_8.100857:hsp:48575:4.5.0.0",0.16,"NODE_5293_length_4797_cov_8.100857","augustus","augustus-NODE_5293_length_4797_cov_8.100857-abinit-gene-0.9-mRNA-1 1 58 +","match_part"]],"4797","match"],[0,2415,3196,1,"NODE_5293_length_4797_cov_8.100857:hit:14066:4.5.0.0","augustus-NODE_5293_length_4797_cov_8.100857-abinit-gene-0.8-mRNA-1",0.45,"NODE_5293_length_4797_cov_8.100857","augustus",[[1,2415,2632,1,"M217","NODE_5293_length_4797_cov_8.100857:hsp:48586:4.5.0.0",0.45,"NODE_5293_length_4797_cov_8.100857","augustus","augustus-NODE_5293_length_4797_cov_8.100857-abinit-gene-0.8-mRNA-1 1 217 +","match_part"],[1,2738,3196,1,"M458","NODE_5293_length_4797_cov_8.100857:hsp:48587:4.5.0.0",0.45,"NODE_5293_length_4797_cov_8.100857","augustus","augustus-NODE_5293_length_4797_cov_8.100857-abinit-gene-0.8-mRNA-1 218 675 +","match_part"]],"4797","match"]],"urlTemplate":"lf-{Chunk}.json"}}