{"featureCount":1,"formatVersion":1,"histograms":{"meta":[{"arrayParams":{"chunkSize":10000,"length":1,"urlTemplate":"hist-20000-{Chunk}.json"},"basesPerBin":"20000"}],"stats":[{"basesPerBin":"20000","max":1,"mean":1}]},"intervals":{"classes":[{"attributes":["Start","End","Strand","Id","Name","Seq_id","Source","Subfeatures","Target_length","Type"],"isArrayAttr":{"Subfeatures":1}},{"attributes":["Start","End","Strand","Gap","Id","Seq_id","Source","Target","Type"],"isArrayAttr":{}},{"attributes":["Start","End","Strand","Id","Seq_id","Source","Target","Type"],"isArrayAttr":{}},{"attributes":["Start","End","Chunk"],"isArrayAttr":{"Sublist":1}}],"count":1,"lazyClass":3,"maxEnd":6762,"minStart":835,"nclist":[[0,835,6762,1,"NODE_2464_length_9679_cov_8.382119:hit:13091:4.5.0.0","genemark-NODE_2464_length_9679_cov_8.382119-abinit-gene-0.5-mRNA-1","NODE_2464_length_9679_cov_8.382119","genemark",[[1,835,940,1,"M105","NODE_2464_length_9679_cov_8.382119:hsp:56845:4.5.0.0","NODE_2464_length_9679_cov_8.382119","genemark","genemark-NODE_2464_length_9679_cov_8.382119-abinit-gene-0.5-mRNA-1 1 105 +","match_part"],[1,1009,1063,1,"M54","NODE_2464_length_9679_cov_8.382119:hsp:56846:4.5.0.0","NODE_2464_length_9679_cov_8.382119","genemark","genemark-NODE_2464_length_9679_cov_8.382119-abinit-gene-0.5-mRNA-1 106 159 +","match_part"],[1,1152,1282,1,"M130","NODE_2464_length_9679_cov_8.382119:hsp:56847:4.5.0.0","NODE_2464_length_9679_cov_8.382119","genemark","genemark-NODE_2464_length_9679_cov_8.382119-abinit-gene-0.5-mRNA-1 160 289 +","match_part"],[1,1636,1711,1,"M75","NODE_2464_length_9679_cov_8.382119:hsp:56848:4.5.0.0","NODE_2464_length_9679_cov_8.382119","genemark","genemark-NODE_2464_length_9679_cov_8.382119-abinit-gene-0.5-mRNA-1 290 364 +","match_part"],[1,1785,1855,1,"M70","NODE_2464_length_9679_cov_8.382119:hsp:56849:4.5.0.0","NODE_2464_length_9679_cov_8.382119","genemark","genemark-NODE_2464_length_9679_cov_8.382119-abinit-gene-0.5-mRNA-1 365 434 +","match_part"],[1,1962,2036,1,"M74","NODE_2464_length_9679_cov_8.382119:hsp:56850:4.5.0.0","NODE_2464_length_9679_cov_8.382119","genemark","genemark-NODE_2464_length_9679_cov_8.382119-abinit-gene-0.5-mRNA-1 435 508 +","match_part"],[1,2157,2526,1,"M369","NODE_2464_length_9679_cov_8.382119:hsp:56851:4.5.0.0","NODE_2464_length_9679_cov_8.382119","genemark","genemark-NODE_2464_length_9679_cov_8.382119-abinit-gene-0.5-mRNA-1 509 877 +","match_part"],[1,2615,2824,1,"M209","NODE_2464_length_9679_cov_8.382119:hsp:56852:4.5.0.0","NODE_2464_length_9679_cov_8.382119","genemark","genemark-NODE_2464_length_9679_cov_8.382119-abinit-gene-0.5-mRNA-1 878 1086 +","match_part"],[1,2890,3001,1,"M111","NODE_2464_length_9679_cov_8.382119:hsp:56853:4.5.0.0","NODE_2464_length_9679_cov_8.382119","genemark","genemark-NODE_2464_length_9679_cov_8.382119-abinit-gene-0.5-mRNA-1 1087 1197 +","match_part"],[1,3082,3660,1,"M578","NODE_2464_length_9679_cov_8.382119:hsp:56854:4.5.0.0","NODE_2464_length_9679_cov_8.382119","genemark","genemark-NODE_2464_length_9679_cov_8.382119-abinit-gene-0.5-mRNA-1 1198 1775 +","match_part"],[1,3764,4407,1,"M643","NODE_2464_length_9679_cov_8.382119:hsp:56855:4.5.0.0","NODE_2464_length_9679_cov_8.382119","genemark","genemark-NODE_2464_length_9679_cov_8.382119-abinit-gene-0.5-mRNA-1 1776 2418 +","match_part"],[1,4488,5941,1,"M1453","NODE_2464_length_9679_cov_8.382119:hsp:56856:4.5.0.0","NODE_2464_length_9679_cov_8.382119","genemark","genemark-NODE_2464_length_9679_cov_8.382119-abinit-gene-0.5-mRNA-1 2419 3871 +","match_part"],[1,6184,6762,1,"M578","NODE_2464_length_9679_cov_8.382119:hsp:56857:4.5.0.0","NODE_2464_length_9679_cov_8.382119","genemark","genemark-NODE_2464_length_9679_cov_8.382119-abinit-gene-0.5-mRNA-1 3872 4449 +","match_part"]],"9679","match"]],"urlTemplate":"lf-{Chunk}.json"}}