{"featureCount":2,"formatVersion":1,"histograms":{"meta":[{"arrayParams":{"chunkSize":10000,"length":1,"urlTemplate":"hist-10000-{Chunk}.json"},"basesPerBin":"10000"}],"stats":[{"basesPerBin":"10000","max":2,"mean":2}]},"intervals":{"classes":[{"attributes":["Start","End","Strand","Id","Name","Seq_id","Source","Subfeatures","Target_length","Type"],"isArrayAttr":{"Subfeatures":1}},{"attributes":["Start","End","Strand","Gap","Id","Seq_id","Source","Target","Type"],"isArrayAttr":{}},{"attributes":["Start","End","Strand","Id","Seq_id","Source","Target","Type"],"isArrayAttr":{}},{"attributes":["Start","End","Chunk"],"isArrayAttr":{"Sublist":1}}],"count":2,"lazyClass":3,"maxEnd":5345,"minStart":73,"nclist":[[0,73,2553,1,"NODE_4769_length_5365_cov_6.932608:hit:8838:4.5.0.0","genemark-NODE_4769_length_5365_cov_6.932608-abinit-gene-0.2-mRNA-1","NODE_4769_length_5365_cov_6.932608","genemark",[[1,73,1333,1,"M1260","NODE_4769_length_5365_cov_6.932608:hsp:31055:4.5.0.0","NODE_4769_length_5365_cov_6.932608","genemark","genemark-NODE_4769_length_5365_cov_6.932608-abinit-gene-0.2-mRNA-1 1 1260 +","match_part"],[1,1403,1460,1,"M57","NODE_4769_length_5365_cov_6.932608:hsp:31056:4.5.0.0","NODE_4769_length_5365_cov_6.932608","genemark","genemark-NODE_4769_length_5365_cov_6.932608-abinit-gene-0.2-mRNA-1 1261 1317 +","match_part"],[1,1563,2320,1,"M757","NODE_4769_length_5365_cov_6.932608:hsp:31057:4.5.0.0","NODE_4769_length_5365_cov_6.932608","genemark","genemark-NODE_4769_length_5365_cov_6.932608-abinit-gene-0.2-mRNA-1 1318 2074 +","match_part"],[1,2410,2553,1,"M143","NODE_4769_length_5365_cov_6.932608:hsp:31058:4.5.0.0","NODE_4769_length_5365_cov_6.932608","genemark","genemark-NODE_4769_length_5365_cov_6.932608-abinit-gene-0.2-mRNA-1 2075 2217 +","match_part"]],"5365","match"],[0,3224,5345,1,"NODE_4769_length_5365_cov_6.932608:hit:8841:4.5.0.0","genemark-NODE_4769_length_5365_cov_6.932608-abinit-gene-0.3-mRNA-1","NODE_4769_length_5365_cov_6.932608","genemark",[[1,3224,3307,1,"M83","NODE_4769_length_5365_cov_6.932608:hsp:31069:4.5.0.0","NODE_4769_length_5365_cov_6.932608","genemark","genemark-NODE_4769_length_5365_cov_6.932608-abinit-gene-0.3-mRNA-1 1 83 +","match_part"],[1,3408,3560,1,"M152","NODE_4769_length_5365_cov_6.932608:hsp:31070:4.5.0.0","NODE_4769_length_5365_cov_6.932608","genemark","genemark-NODE_4769_length_5365_cov_6.932608-abinit-gene-0.3-mRNA-1 84 235 +","match_part"],[1,3921,4212,1,"M291","NODE_4769_length_5365_cov_6.932608:hsp:31071:4.5.0.0","NODE_4769_length_5365_cov_6.932608","genemark","genemark-NODE_4769_length_5365_cov_6.932608-abinit-gene-0.3-mRNA-1 236 526 +","match_part"],[1,4319,4352,1,"M33","NODE_4769_length_5365_cov_6.932608:hsp:31072:4.5.0.0","NODE_4769_length_5365_cov_6.932608","genemark","genemark-NODE_4769_length_5365_cov_6.932608-abinit-gene-0.3-mRNA-1 527 559 +","match_part"],[1,4435,4675,1,"M240","NODE_4769_length_5365_cov_6.932608:hsp:31073:4.5.0.0","NODE_4769_length_5365_cov_6.932608","genemark","genemark-NODE_4769_length_5365_cov_6.932608-abinit-gene-0.3-mRNA-1 560 799 +","match_part"],[1,4741,5102,1,"M361","NODE_4769_length_5365_cov_6.932608:hsp:31074:4.5.0.0","NODE_4769_length_5365_cov_6.932608","genemark","genemark-NODE_4769_length_5365_cov_6.932608-abinit-gene-0.3-mRNA-1 800 1160 +","match_part"],[1,5170,5345,1,"M175","NODE_4769_length_5365_cov_6.932608:hsp:31075:4.5.0.0","NODE_4769_length_5365_cov_6.932608","genemark","genemark-NODE_4769_length_5365_cov_6.932608-abinit-gene-0.3-mRNA-1 1161 1335 +","match_part"]],"5365","match"]],"urlTemplate":"lf-{Chunk}.json"}}