{"featureCount":5,"formatVersion":1,"histograms":{"meta":[{"arrayParams":{"chunkSize":10000,"length":2,"urlTemplate":"hist-10000-{Chunk}.json"},"basesPerBin":"10000"}],"stats":[{"basesPerBin":"10000","max":4,"mean":3}]},"intervals":{"classes":[{"attributes":["Start","End","Strand","Id","Name","Seq_id","Source","Subfeatures","Target_length","Type"],"isArrayAttr":{"Subfeatures":1}},{"attributes":["Start","End","Strand","Gap","Id","Seq_id","Source","Target","Type"],"isArrayAttr":{}},{"attributes":["Start","End","Strand","Id","Seq_id","Source","Target","Type"],"isArrayAttr":{}},{"attributes":["Start","End","Chunk"],"isArrayAttr":{"Sublist":1}}],"count":5,"lazyClass":3,"maxEnd":17245,"minStart":2130,"nclist":[[0,2130,3535,-1,"NODE_619_length_23125_cov_6.190143:hit:59352:4.5.0.0","genemark-NODE_619_length_23125_cov_6.190143-abinit-gene-0.2-mRNA-1","NODE_619_length_23125_cov_6.190143","genemark",[[1,3453,3535,-1,"M82","NODE_619_length_23125_cov_6.190143:hsp:306314:4.5.0.0","NODE_619_length_23125_cov_6.190143","genemark","genemark-NODE_619_length_23125_cov_6.190143-abinit-gene-0.2-mRNA-1 663 744 +","match_part"],[1,3112,3382,-1,"M270","NODE_619_length_23125_cov_6.190143:hsp:306315:4.5.0.0","NODE_619_length_23125_cov_6.190143","genemark","genemark-NODE_619_length_23125_cov_6.190143-abinit-gene-0.2-mRNA-1 393 662 +","match_part"],[1,2428,2604,-1,"M176","NODE_619_length_23125_cov_6.190143:hsp:306316:4.5.0.0","NODE_619_length_23125_cov_6.190143","genemark","genemark-NODE_619_length_23125_cov_6.190143-abinit-gene-0.2-mRNA-1 217 392 +","match_part"],[1,2130,2346,-1,"M216","NODE_619_length_23125_cov_6.190143:hsp:306317:4.5.0.0","NODE_619_length_23125_cov_6.190143","genemark","genemark-NODE_619_length_23125_cov_6.190143-abinit-gene-0.2-mRNA-1 1 216 +","match_part"]],"23125","match"],[0,3980,5702,1,"NODE_619_length_23125_cov_6.190143:hit:59355:4.5.0.0","genemark-NODE_619_length_23125_cov_6.190143-abinit-gene-0.0-mRNA-1","NODE_619_length_23125_cov_6.190143","genemark",[[1,3980,4080,1,"M100","NODE_619_length_23125_cov_6.190143:hsp:306330:4.5.0.0","NODE_619_length_23125_cov_6.190143","genemark","genemark-NODE_619_length_23125_cov_6.190143-abinit-gene-0.0-mRNA-1 1 100 +","match_part"],[1,4164,4179,1,"M15","NODE_619_length_23125_cov_6.190143:hsp:306331:4.5.0.0","NODE_619_length_23125_cov_6.190143","genemark","genemark-NODE_619_length_23125_cov_6.190143-abinit-gene-0.0-mRNA-1 101 115 +","match_part"],[1,4266,4457,1,"M191","NODE_619_length_23125_cov_6.190143:hsp:306332:4.5.0.0","NODE_619_length_23125_cov_6.190143","genemark","genemark-NODE_619_length_23125_cov_6.190143-abinit-gene-0.0-mRNA-1 116 306 +","match_part"],[1,4524,4735,1,"M211","NODE_619_length_23125_cov_6.190143:hsp:306333:4.5.0.0","NODE_619_length_23125_cov_6.190143","genemark","genemark-NODE_619_length_23125_cov_6.190143-abinit-gene-0.0-mRNA-1 307 517 +","match_part"],[1,4804,5015,1,"M211","NODE_619_length_23125_cov_6.190143:hsp:306334:4.5.0.0","NODE_619_length_23125_cov_6.190143","genemark","genemark-NODE_619_length_23125_cov_6.190143-abinit-gene-0.0-mRNA-1 518 728 +","match_part"],[1,5098,5387,1,"M289","NODE_619_length_23125_cov_6.190143:hsp:306335:4.5.0.0","NODE_619_length_23125_cov_6.190143","genemark","genemark-NODE_619_length_23125_cov_6.190143-abinit-gene-0.0-mRNA-1 729 1017 +","match_part"],[1,5465,5702,1,"M237","NODE_619_length_23125_cov_6.190143:hsp:306336:4.5.0.0","NODE_619_length_23125_cov_6.190143","genemark","genemark-NODE_619_length_23125_cov_6.190143-abinit-gene-0.0-mRNA-1 1018 1254 +","match_part"]],"23125","match"],[0,7961,8397,-1,"NODE_619_length_23125_cov_6.190143:hit:59359:4.5.0.0","genemark-NODE_619_length_23125_cov_6.190143-abinit-gene-0.3-mRNA-1","NODE_619_length_23125_cov_6.190143","genemark",[[1,8173,8397,-1,"M224","NODE_619_length_23125_cov_6.190143:hsp:306352:4.5.0.0","NODE_619_length_23125_cov_6.190143","genemark","genemark-NODE_619_length_23125_cov_6.190143-abinit-gene-0.3-mRNA-1 74 297 +","match_part"],[1,8028,8095,-1,"M67","NODE_619_length_23125_cov_6.190143:hsp:306353:4.5.0.0","NODE_619_length_23125_cov_6.190143","genemark","genemark-NODE_619_length_23125_cov_6.190143-abinit-gene-0.3-mRNA-1 7 73 +","match_part"],[1,7961,7967,-1,"M6","NODE_619_length_23125_cov_6.190143:hsp:306354:4.5.0.0","NODE_619_length_23125_cov_6.190143","genemark","genemark-NODE_619_length_23125_cov_6.190143-abinit-gene-0.3-mRNA-1 1 6 +","match_part"]],"23125","match"],[0,9633,11289,1,"NODE_619_length_23125_cov_6.190143:hit:59361:4.5.0.0","genemark-NODE_619_length_23125_cov_6.190143-abinit-gene-0.1-mRNA-1","NODE_619_length_23125_cov_6.190143","genemark",[[1,9633,9753,1,"M120","NODE_619_length_23125_cov_6.190143:hsp:306362:4.5.0.0","NODE_619_length_23125_cov_6.190143","genemark","genemark-NODE_619_length_23125_cov_6.190143-abinit-gene-0.1-mRNA-1 1 120 +","match_part"],[1,9827,9984,1,"M157","NODE_619_length_23125_cov_6.190143:hsp:306363:4.5.0.0","NODE_619_length_23125_cov_6.190143","genemark","genemark-NODE_619_length_23125_cov_6.190143-abinit-gene-0.1-mRNA-1 121 277 +","match_part"],[1,10074,10157,1,"M83","NODE_619_length_23125_cov_6.190143:hsp:306364:4.5.0.0","NODE_619_length_23125_cov_6.190143","genemark","genemark-NODE_619_length_23125_cov_6.190143-abinit-gene-0.1-mRNA-1 278 360 +","match_part"],[1,10229,10396,1,"M167","NODE_619_length_23125_cov_6.190143:hsp:306365:4.5.0.0","NODE_619_length_23125_cov_6.190143","genemark","genemark-NODE_619_length_23125_cov_6.190143-abinit-gene-0.1-mRNA-1 361 527 +","match_part"],[1,10479,10853,1,"M374","NODE_619_length_23125_cov_6.190143:hsp:306366:4.5.0.0","NODE_619_length_23125_cov_6.190143","genemark","genemark-NODE_619_length_23125_cov_6.190143-abinit-gene-0.1-mRNA-1 528 901 +","match_part"],[1,10925,11094,1,"M169","NODE_619_length_23125_cov_6.190143:hsp:306367:4.5.0.0","NODE_619_length_23125_cov_6.190143","genemark","genemark-NODE_619_length_23125_cov_6.190143-abinit-gene-0.1-mRNA-1 902 1070 +","match_part"],[1,11159,11289,1,"M130","NODE_619_length_23125_cov_6.190143:hsp:306368:4.5.0.0","NODE_619_length_23125_cov_6.190143","genemark","genemark-NODE_619_length_23125_cov_6.190143-abinit-gene-0.1-mRNA-1 1071 1200 +","match_part"]],