{"featureCount":2,"formatVersion":1,"histograms":{"meta":[{"arrayParams":{"chunkSize":10000,"length":1,"urlTemplate":"hist-20000-{Chunk}.json"},"basesPerBin":"20000"}],"stats":[{"basesPerBin":"20000","max":2,"mean":2}]},"intervals":{"classes":[{"attributes":["Start","End","Strand","Id","Name","Seq_id","Source","Subfeatures","Target_length","Type"],"isArrayAttr":{"Subfeatures":1}},{"attributes":["Start","End","Strand","Gap","Id","Seq_id","Source","Target","Type"],"isArrayAttr":{}},{"attributes":["Start","End","Strand","Id","Seq_id","Source","Target","Type"],"isArrayAttr":{}},{"attributes":["Start","End","Chunk"],"isArrayAttr":{"Sublist":1}}],"count":2,"lazyClass":3,"maxEnd":9092,"minStart":4370,"nclist":[[0,4370,6975,1,"NODE_2052_length_11274_cov_6.327353:hit:1637:4.5.0.0","genemark-NODE_2052_length_11274_cov_6.327353-abinit-gene-0.0-mRNA-1","NODE_2052_length_11274_cov_6.327353","genemark",[[1,4370,4705,1,"M335","NODE_2052_length_11274_cov_6.327353:hsp:6819:4.5.0.0","NODE_2052_length_11274_cov_6.327353","genemark","genemark-NODE_2052_length_11274_cov_6.327353-abinit-gene-0.0-mRNA-1 1 335 +","match_part"],[1,4830,4970,1,"M140","NODE_2052_length_11274_cov_6.327353:hsp:6820:4.5.0.0","NODE_2052_length_11274_cov_6.327353","genemark","genemark-NODE_2052_length_11274_cov_6.327353-abinit-gene-0.0-mRNA-1 336 475 +","match_part"],[1,5057,5087,1,"M30","NODE_2052_length_11274_cov_6.327353:hsp:6821:4.5.0.0","NODE_2052_length_11274_cov_6.327353","genemark","genemark-NODE_2052_length_11274_cov_6.327353-abinit-gene-0.0-mRNA-1 476 505 +","match_part"],[1,5179,5224,1,"M45","NODE_2052_length_11274_cov_6.327353:hsp:6822:4.5.0.0","NODE_2052_length_11274_cov_6.327353","genemark","genemark-NODE_2052_length_11274_cov_6.327353-abinit-gene-0.0-mRNA-1 506 550 +","match_part"],[1,5315,5366,1,"M51","NODE_2052_length_11274_cov_6.327353:hsp:6823:4.5.0.0","NODE_2052_length_11274_cov_6.327353","genemark","genemark-NODE_2052_length_11274_cov_6.327353-abinit-gene-0.0-mRNA-1 551 601 +","match_part"],[1,5444,5528,1,"M84","NODE_2052_length_11274_cov_6.327353:hsp:6824:4.5.0.0","NODE_2052_length_11274_cov_6.327353","genemark","genemark-NODE_2052_length_11274_cov_6.327353-abinit-gene-0.0-mRNA-1 602 685 +","match_part"],[1,5617,5638,1,"M21","NODE_2052_length_11274_cov_6.327353:hsp:6825:4.5.0.0","NODE_2052_length_11274_cov_6.327353","genemark","genemark-NODE_2052_length_11274_cov_6.327353-abinit-gene-0.0-mRNA-1 686 706 +","match_part"],[1,5734,6975,1,"M1241","NODE_2052_length_11274_cov_6.327353:hsp:6826:4.5.0.0","NODE_2052_length_11274_cov_6.327353","genemark","genemark-NODE_2052_length_11274_cov_6.327353-abinit-gene-0.0-mRNA-1 707 1947 +","match_part"]],"11274","match"],[0,8250,9092,1,"NODE_2052_length_11274_cov_6.327353:hit:1641:4.5.0.0","genemark-NODE_2052_length_11274_cov_6.327353-abinit-gene-0.1-mRNA-1","NODE_2052_length_11274_cov_6.327353","genemark",[[1,8250,9007,1,"M757","NODE_2052_length_11274_cov_6.327353:hsp:6843:4.5.0.0","NODE_2052_length_11274_cov_6.327353","genemark","genemark-NODE_2052_length_11274_cov_6.327353-abinit-gene-0.1-mRNA-1 1 757 +","match_part"],[1,9084,9092,1,"M8","NODE_2052_length_11274_cov_6.327353:hsp:6844:4.5.0.0","NODE_2052_length_11274_cov_6.327353","genemark","genemark-NODE_2052_length_11274_cov_6.327353-abinit-gene-0.1-mRNA-1 758 765 +","match_part"]],"11274","match"]],"urlTemplate":"lf-{Chunk}.json"}}