{"featureCount":1,"formatVersion":1,"histograms":{"meta":[{"arrayParams":{"chunkSize":10000,"length":1,"urlTemplate":"hist-20000-{Chunk}.json"},"basesPerBin":"20000"}],"stats":[{"basesPerBin":"20000","max":1,"mean":1}]},"intervals":{"classes":[{"attributes":["Start","End","Strand","Id","Name","Score","Seq_id","Source","Subfeatures","Target_length","Type"],"isArrayAttr":{"Subfeatures":1}},{"attributes":["Start","End","Strand","Gap","Id","Score","Seq_id","Source","Target","Type"],"isArrayAttr":{}},{"attributes":["Start","End","Chunk"],"isArrayAttr":{"Sublist":1}}],"count":1,"lazyClass":2,"maxEnd":5399,"minStart":944,"nclist":[[0,944,5399,1,"NODE_4743_length_5400_cov_5.995828:hit:8603:4.5.0.0","augustus-NODE_4743_length_5400_cov_5.995828-abinit-gene-0.4-mRNA-1",0.16,"NODE_4743_length_5400_cov_5.995828","augustus",[[1,944,1038,1,"M94","NODE_4743_length_5400_cov_5.995828:hsp:30326:4.5.0.0",0.16,"NODE_4743_length_5400_cov_5.995828","augustus","augustus-NODE_4743_length_5400_cov_5.995828-abinit-gene-0.4-mRNA-1 1 94 +","match_part"],[1,1205,1280,1,"M75","NODE_4743_length_5400_cov_5.995828:hsp:30327:4.5.0.0",0.16,"NODE_4743_length_5400_cov_5.995828","augustus","augustus-NODE_4743_length_5400_cov_5.995828-abinit-gene-0.4-mRNA-1 95 169 +","match_part"],[1,1417,1582,1,"M165","NODE_4743_length_5400_cov_5.995828:hsp:30328:4.5.0.0",0.16,"NODE_4743_length_5400_cov_5.995828","augustus","augustus-NODE_4743_length_5400_cov_5.995828-abinit-gene-0.4-mRNA-1 170 334 +","match_part"],[1,1753,1835,1,"M82","NODE_4743_length_5400_cov_5.995828:hsp:30329:4.5.0.0",0.16,"NODE_4743_length_5400_cov_5.995828","augustus","augustus-NODE_4743_length_5400_cov_5.995828-abinit-gene-0.4-mRNA-1 335 416 +","match_part"],[1,2071,5399,1,"M3328","NODE_4743_length_5400_cov_5.995828:hsp:30330:4.5.0.0",0.16,"NODE_4743_length_5400_cov_5.995828","augustus","augustus-NODE_4743_length_5400_cov_5.995828-abinit-gene-0.4-mRNA-1 417 3744 +","match_part"]],"5400","match"]],"urlTemplate":"lf-{Chunk}.json"}}