{"featureCount":1,"formatVersion":1,"histograms":{"meta":[{"arrayParams":{"chunkSize":10000,"length":1,"urlTemplate":"hist-20000-{Chunk}.json"},"basesPerBin":"20000"}],"stats":[{"basesPerBin":"20000","max":1,"mean":1}]},"intervals":{"classes":[{"attributes":["Start","End","Strand","Id","Name","Score","Seq_id","Source","Subfeatures","Target_length","Type"],"isArrayAttr":{"Subfeatures":1}},{"attributes":["Start","End","Strand","Gap","Id","Score","Seq_id","Source","Target","Type"],"isArrayAttr":{}},{"attributes":["Start","End","Chunk"],"isArrayAttr":{"Sublist":1}}],"count":1,"lazyClass":2,"maxEnd":4461,"minStart":1033,"nclist":[[0,1033,4461,1,"NODE_2635_length_9129_cov_9.600533:hit:17179:4.5.0.0","augustus-NODE_2635_length_9129_cov_9.600533-abinit-gene-0.2-mRNA-1",0.19,"NODE_2635_length_9129_cov_9.600533","augustus",[[1,1033,1522,1,"M489","NODE_2635_length_9129_cov_9.600533:hsp:74721:4.5.0.0",0.19,"NODE_2635_length_9129_cov_9.600533","augustus","augustus-NODE_2635_length_9129_cov_9.600533-abinit-gene-0.2-mRNA-1 1 489 +","match_part"],[1,1601,1745,1,"M144","NODE_2635_length_9129_cov_9.600533:hsp:74722:4.5.0.0",0.19,"NODE_2635_length_9129_cov_9.600533","augustus","augustus-NODE_2635_length_9129_cov_9.600533-abinit-gene-0.2-mRNA-1 490 633 +","match_part"],[1,1807,2260,1,"M453","NODE_2635_length_9129_cov_9.600533:hsp:74723:4.5.0.0",0.19,"NODE_2635_length_9129_cov_9.600533","augustus","augustus-NODE_2635_length_9129_cov_9.600533-abinit-gene-0.2-mRNA-1 634 1086 +","match_part"],[1,2330,2480,1,"M150","NODE_2635_length_9129_cov_9.600533:hsp:74724:4.5.0.0",0.19,"NODE_2635_length_9129_cov_9.600533","augustus","augustus-NODE_2635_length_9129_cov_9.600533-abinit-gene-0.2-mRNA-1 1087 1236 +","match_part"],[1,2543,2583,1,"M40","NODE_2635_length_9129_cov_9.600533:hsp:74725:4.5.0.0",0.19,"NODE_2635_length_9129_cov_9.600533","augustus","augustus-NODE_2635_length_9129_cov_9.600533-abinit-gene-0.2-mRNA-1 1237 1276 +","match_part"],[1,2654,3079,1,"M425","NODE_2635_length_9129_cov_9.600533:hsp:74726:4.5.0.0",0.19,"NODE_2635_length_9129_cov_9.600533","augustus","augustus-NODE_2635_length_9129_cov_9.600533-abinit-gene-0.2-mRNA-1 1277 1701 +","match_part"],[1,3182,3350,1,"M168","NODE_2635_length_9129_cov_9.600533:hsp:74727:4.5.0.0",0.19,"NODE_2635_length_9129_cov_9.600533","augustus","augustus-NODE_2635_length_9129_cov_9.600533-abinit-gene-0.2-mRNA-1 1702 1869 +","match_part"],[1,3419,3527,1,"M108","NODE_2635_length_9129_cov_9.600533:hsp:74728:4.5.0.0",0.19,"NODE_2635_length_9129_cov_9.600533","augustus","augustus-NODE_2635_length_9129_cov_9.600533-abinit-gene-0.2-mRNA-1 1870 1977 +","match_part"],[1,3613,4123,1,"M510","NODE_2635_length_9129_cov_9.600533:hsp:74729:4.5.0.0",0.19,"NODE_2635_length_9129_cov_9.600533","augustus","augustus-NODE_2635_length_9129_cov_9.600533-abinit-gene-0.2-mRNA-1 1978 2487 +","match_part"],[1,4188,4461,1,"M273","NODE_2635_length_9129_cov_9.600533:hsp:74730:4.5.0.0",0.19,"NODE_2635_length_9129_cov_9.600533","augustus","augustus-NODE_2635_length_9129_cov_9.600533-abinit-gene-0.2-mRNA-1 2488 2760 +","match_part"]],"9129","match"]],"urlTemplate":"lf-{Chunk}.json"}}