{"featureCount":2,"formatVersion":1,"histograms":{"meta":[{"arrayParams":{"chunkSize":10000,"length":1,"urlTemplate":"hist-20000-{Chunk}.json"},"basesPerBin":"20000"}],"stats":[{"basesPerBin":"20000","max":2,"mean":2}]},"intervals":{"classes":[{"attributes":["Start","End","Strand","Id","Name","Score","Seq_id","Source","Subfeatures","Target_length","Type"],"isArrayAttr":{"Subfeatures":1}},{"attributes":["Start","End","Strand","Gap","Id","Score","Seq_id","Source","Target","Type"],"isArrayAttr":{}},{"attributes":["Start","End","Chunk"],"isArrayAttr":{"Sublist":1}}],"count":2,"lazyClass":2,"maxEnd":11826,"minStart":3251,"nclist":[[0,3251,4921,1,"NODE_1593_length_13588_cov_5.647006:hit:108970:4.5.0.0","augustus-NODE_1593_length_13588_cov_5.647006-abinit-gene-0.16-mRNA-1",0.99,"NODE_1593_length_13588_cov_5.647006","augustus",[[1,3251,3313,1,"M62","NODE_1593_length_13588_cov_5.647006:hsp:543872:4.5.0.0",0.99,"NODE_1593_length_13588_cov_5.647006","augustus","augustus-NODE_1593_length_13588_cov_5.647006-abinit-gene-0.16-mRNA-1 1 62 +","match_part"],[1,3407,4498,1,"M1091","NODE_1593_length_13588_cov_5.647006:hsp:543873:4.5.0.0",0.99,"NODE_1593_length_13588_cov_5.647006","augustus","augustus-NODE_1593_length_13588_cov_5.647006-abinit-gene-0.16-mRNA-1 63 1153 +","match_part"],[1,4613,4921,1,"M308","NODE_1593_length_13588_cov_5.647006:hsp:543874:4.5.0.0",0.99,"NODE_1593_length_13588_cov_5.647006","augustus","augustus-NODE_1593_length_13588_cov_5.647006-abinit-gene-0.16-mRNA-1 1154 1461 +","match_part"]],"13588","match"],[0,6322,11826,1,"NODE_1593_length_13588_cov_5.647006:hit:108974:4.5.0.0","augustus-NODE_1593_length_13588_cov_5.647006-abinit-gene-0.17-mRNA-1",0.11,"NODE_1593_length_13588_cov_5.647006","augustus",[[1,6322,6590,1,"M268","NODE_1593_length_13588_cov_5.647006:hsp:543894:4.5.0.0",0.11,"NODE_1593_length_13588_cov_5.647006","augustus","augustus-NODE_1593_length_13588_cov_5.647006-abinit-gene-0.17-mRNA-1 1 268 +","match_part"],[1,6936,8361,1,"M1425","NODE_1593_length_13588_cov_5.647006:hsp:543895:4.5.0.0",0.11,"NODE_1593_length_13588_cov_5.647006","augustus","augustus-NODE_1593_length_13588_cov_5.647006-abinit-gene-0.17-mRNA-1 269 1693 +","match_part"],[1,8694,10507,1,"M1813","NODE_1593_length_13588_cov_5.647006:hsp:543896:4.5.0.0",0.11,"NODE_1593_length_13588_cov_5.647006","augustus","augustus-NODE_1593_length_13588_cov_5.647006-abinit-gene-0.17-mRNA-1 1694 3506 +","match_part"],[1,10613,11826,1,"M1213","NODE_1593_length_13588_cov_5.647006:hsp:543897:4.5.0.0",0.11,"NODE_1593_length_13588_cov_5.647006","augustus","augustus-NODE_1593_length_13588_cov_5.647006-abinit-gene-0.17-mRNA-1 3507 4719 +","match_part"]],"13588","match"]],"urlTemplate":"lf-{Chunk}.json"}}