{"featureCount":2,"formatVersion":1,"histograms":{"meta":[{"arrayParams":{"chunkSize":10000,"length":1,"urlTemplate":"hist-10000-{Chunk}.json"},"basesPerBin":"10000"}],"stats":[{"basesPerBin":"10000","max":2,"mean":2}]},"intervals":{"classes":[{"attributes":["Start","End","Strand","Id","Name","Seq_id","Source","Subfeatures","Target_length","Type"],"isArrayAttr":{"Subfeatures":1}},{"attributes":["Start","End","Strand","Gap","Id","Seq_id","Source","Target","Type"],"isArrayAttr":{}},{"attributes":["Start","End","Strand","Id","Seq_id","Source","Target","Type"],"isArrayAttr":{}},{"attributes":["Start","End","Chunk"],"isArrayAttr":{"Sublist":1}}],"count":2,"lazyClass":3,"maxEnd":4548,"minStart":831,"nclist":[[0,831,3943,-1,"NODE_2328_length_10177_cov_6.271443:hit:9378:4.5.0.0","genemark-NODE_2328_length_10177_cov_6.271443-abinit-gene-0.2-mRNA-1","NODE_2328_length_10177_cov_6.271443","genemark",[[1,2587,3943,-1,"M1356","NODE_2328_length_10177_cov_6.271443:hsp:42133:4.5.0.0","NODE_2328_length_10177_cov_6.271443","genemark","genemark-NODE_2328_length_10177_cov_6.271443-abinit-gene-0.2-mRNA-1 1501 2856 +","match_part"],[1,1243,2495,-1,"M1252","NODE_2328_length_10177_cov_6.271443:hsp:42134:4.5.0.0","NODE_2328_length_10177_cov_6.271443","genemark","genemark-NODE_2328_length_10177_cov_6.271443-abinit-gene-0.2-mRNA-1 249 1500 +","match_part"],[1,1025,1161,-1,"M136","NODE_2328_length_10177_cov_6.271443:hsp:42135:4.5.0.0","NODE_2328_length_10177_cov_6.271443","genemark","genemark-NODE_2328_length_10177_cov_6.271443-abinit-gene-0.2-mRNA-1 113 248 +","match_part"],[1,831,943,-1,"M112","NODE_2328_length_10177_cov_6.271443:hsp:42136:4.5.0.0","NODE_2328_length_10177_cov_6.271443","genemark","genemark-NODE_2328_length_10177_cov_6.271443-abinit-gene-0.2-mRNA-1 1 112 +","match_part"]],"10177","match"],[0,4106,4548,-1,"NODE_2328_length_10177_cov_6.271443:hit:9381:4.5.0.0","genemark-NODE_2328_length_10177_cov_6.271443-abinit-gene-0.3-mRNA-1","NODE_2328_length_10177_cov_6.271443","genemark",[[1,4310,4548,-1,"M238","NODE_2328_length_10177_cov_6.271443:hsp:42145:4.5.0.0","NODE_2328_length_10177_cov_6.271443","genemark","genemark-NODE_2328_length_10177_cov_6.271443-abinit-gene-0.3-mRNA-1 42 279 +","match_part"],[1,4106,4147,-1,"M41","NODE_2328_length_10177_cov_6.271443:hsp:42146:4.5.0.0","NODE_2328_length_10177_cov_6.271443","genemark","genemark-NODE_2328_length_10177_cov_6.271443-abinit-gene-0.3-mRNA-1 1 41 +","match_part"]],"10177","match"]],"urlTemplate":"lf-{Chunk}.json"}}