{"featureCount":1,"formatVersion":1,"histograms":{"meta":[{"arrayParams":{"chunkSize":10000,"length":1,"urlTemplate":"hist-20000-{Chunk}.json"},"basesPerBin":"20000"}],"stats":[{"basesPerBin":"20000","max":1,"mean":1}]},"intervals":{"classes":[{"attributes":["Start","End","Strand","Id","Name","Score","Seq_id","Source","Subfeatures","Target_length","Type"],"isArrayAttr":{"Subfeatures":1}},{"attributes":["Start","End","Strand","Gap","Id","Score","Seq_id","Source","Target","Type"],"isArrayAttr":{}},{"attributes":["Start","End","Chunk"],"isArrayAttr":{"Sublist":1}}],"count":1,"lazyClass":2,"maxEnd":5251,"minStart":2101,"nclist":[[0,2101,5251,1,"NODE_4704_length_5463_cov_8.658358:hit:8194:4.5.0.0","augustus-NODE_4704_length_5463_cov_8.658358-abinit-gene-0.3-mRNA-1",0.37,"NODE_4704_length_5463_cov_8.658358","augustus",[[1,2101,2491,1,"M390","NODE_4704_length_5463_cov_8.658358:hsp:29149:4.5.0.0",0.37,"NODE_4704_length_5463_cov_8.658358","augustus","augustus-NODE_4704_length_5463_cov_8.658358-abinit-gene-0.3-mRNA-1 1 390 +","match_part"],[1,3159,3451,1,"M292","NODE_4704_length_5463_cov_8.658358:hsp:29150:4.5.0.0",0.37,"NODE_4704_length_5463_cov_8.658358","augustus","augustus-NODE_4704_length_5463_cov_8.658358-abinit-gene-0.3-mRNA-1 391 682 +","match_part"],[1,3591,4430,1,"M839","NODE_4704_length_5463_cov_8.658358:hsp:29151:4.5.0.0",0.37,"NODE_4704_length_5463_cov_8.658358","augustus","augustus-NODE_4704_length_5463_cov_8.658358-abinit-gene-0.3-mRNA-1 683 1521 +","match_part"],[1,4498,4648,1,"M150","NODE_4704_length_5463_cov_8.658358:hsp:29152:4.5.0.0",0.37,"NODE_4704_length_5463_cov_8.658358","augustus","augustus-NODE_4704_length_5463_cov_8.658358-abinit-gene-0.3-mRNA-1 1522 1671 +","match_part"],[1,4726,5251,1,"M525","NODE_4704_length_5463_cov_8.658358:hsp:29153:4.5.0.0",0.37,"NODE_4704_length_5463_cov_8.658358","augustus","augustus-NODE_4704_length_5463_cov_8.658358-abinit-gene-0.3-mRNA-1 1672 2196 +","match_part"]],"5463","match"]],"urlTemplate":"lf-{Chunk}.json"}}