{"featureCount":4,"formatVersion":1,"histograms":{"meta":[{"arrayParams":{"chunkSize":10000,"length":2,"urlTemplate":"hist-5000-{Chunk}.json"},"basesPerBin":"5000"}],"stats":[{"basesPerBin":"5000","max":3,"mean":2.5}]},"intervals":{"classes":[{"attributes":["Start","End","Strand","Id","Name","Seq_id","Source","Subfeatures","Target_length","Type"],"isArrayAttr":{"Subfeatures":1}},{"attributes":["Start","End","Strand","Gap","Id","Seq_id","Source","Target","Type"],"isArrayAttr":{}},{"attributes":["Start","End","Strand","Id","Seq_id","Source","Target","Type"],"isArrayAttr":{}},{"attributes":["Start","End","Chunk"],"isArrayAttr":{"Sublist":1}}],"count":4,"lazyClass":3,"maxEnd":6767,"minStart":398,"nclist":[[0,398,3834,-1,"NODE_3290_length_7393_cov_5.651528:hit:29867:4.5.0.0","genemark-NODE_3290_length_7393_cov_5.651528-abinit-gene-0.1-mRNA-1","NODE_3290_length_7393_cov_5.651528","genemark",[[1,3566,3834,-1,"M268","NODE_3290_length_7393_cov_5.651528:hsp:126562:4.5.0.0","NODE_3290_length_7393_cov_5.651528","genemark","genemark-NODE_3290_length_7393_cov_5.651528-abinit-gene-0.1-mRNA-1 3015 3282 +","match_part"],[1,2892,3471,-1,"M579","NODE_3290_length_7393_cov_5.651528:hsp:126563:4.5.0.0","NODE_3290_length_7393_cov_5.651528","genemark","genemark-NODE_3290_length_7393_cov_5.651528-abinit-gene-0.1-mRNA-1 2436 3014 +","match_part"],[1,398,2833,-1,"M2435","NODE_3290_length_7393_cov_5.651528:hsp:126564:4.5.0.0","NODE_3290_length_7393_cov_5.651528","genemark","genemark-NODE_3290_length_7393_cov_5.651528-abinit-gene-0.1-mRNA-1 1 2435 +","match_part"]],"7393","match"],[0,4222,4417,-1,"NODE_3290_length_7393_cov_5.651528:hit:29870:4.5.0.0","genemark-NODE_3290_length_7393_cov_5.651528-abinit-gene-0.2-mRNA-1","NODE_3290_length_7393_cov_5.651528","genemark",[[1,4222,4417,-1,"M195","NODE_3290_length_7393_cov_5.651528:hsp:126569:4.5.0.0","NODE_3290_length_7393_cov_5.651528","genemark","genemark-NODE_3290_length_7393_cov_5.651528-abinit-gene-0.2-mRNA-1 1 195 +","match_part"]],"7393","match"],[0,4647,6233,-1,"NODE_3290_length_7393_cov_5.651528:hit:29871:4.5.0.0","genemark-NODE_3290_length_7393_cov_5.651528-abinit-gene-0.3-mRNA-1","NODE_3290_length_7393_cov_5.651528","genemark",[[1,6146,6233,-1,"M87","NODE_3290_length_7393_cov_5.651528:hsp:126570:4.5.0.0","NODE_3290_length_7393_cov_5.651528","genemark","genemark-NODE_3290_length_7393_cov_5.651528-abinit-gene-0.3-mRNA-1 1042 1128 +","match_part"],[1,5971,6045,-1,"M74","NODE_3290_length_7393_cov_5.651528:hsp:126571:4.5.0.0","NODE_3290_length_7393_cov_5.651528","genemark","genemark-NODE_3290_length_7393_cov_5.651528-abinit-gene-0.3-mRNA-1 968 1041 +","match_part"],[1,5739,5899,-1,"M160","NODE_3290_length_7393_cov_5.651528:hsp:126572:4.5.0.0","NODE_3290_length_7393_cov_5.651528","genemark","genemark-NODE_3290_length_7393_cov_5.651528-abinit-gene-0.3-mRNA-1 808 967 +","match_part"],[1,5265,5652,-1,"M387","NODE_3290_length_7393_cov_5.651528:hsp:126573:4.5.0.0","NODE_3290_length_7393_cov_5.651528","genemark","genemark-NODE_3290_length_7393_cov_5.651528-abinit-gene-0.3-mRNA-1 421 807 +","match_part"],[1,5049,5202,-1,"M153","NODE_3290_length_7393_cov_5.651528:hsp:126574:4.5.0.0","NODE_3290_length_7393_cov_5.651528","genemark","genemark-NODE_3290_length_7393_cov_5.651528-abinit-gene-0.3-mRNA-1 268 420 +","match_part"],[1,4867,4971,-1,"M104","NODE_3290_length_7393_cov_5.651528:hsp:126575:4.5.0.0","NODE_3290_length_7393_cov_5.651528","genemark","genemark-NODE_3290_length_7393_cov_5.651528-abinit-gene-0.3-mRNA-1 164 267 +","match_part"],[1,4647,4810,-1,"M163","NODE_3290_length_7393_cov_5.651528:hsp:126576:4.5.0.0","NODE_3290_length_7393_cov_5.651528","genemark","genemark-NODE_3290_length_7393_cov_5.651528-abinit-gene-0.3-mRNA-1 1 163 +","match_part"]],"7393","match"],[0,6542,6767,-1,"NODE_3290_length_7393_cov_5.651528:hit:29873:4.5.0.0","genemark-NODE_3290_length_7393_cov_5.651528-abinit-gene-0.4-mRNA-1","NODE_3290_length_7393_cov_5.651528","genemark",[[1,6542,6767,-1,"M225","NODE_3290_length_7393_cov_5.651528:hsp:126579:4.5.0.0","NODE_3290_length_7393_cov_5.651528","genemark","genemark-NODE_3290_length_7393_cov_5.651528-abinit-gene-0.4-mRNA-1 1 225 +","match_part"]],"7393","match"]],"urlTemplate":"lf-{Chunk}.json"}}