{"featureCount":2,"formatVersion":1,"histograms":{"meta":[{"arrayParams":{"chunkSize":10000,"length":1,"urlTemplate":"hist-2000-{Chunk}.json"},"basesPerBin":"2000"}],"stats":[{"basesPerBin":"2000","max":2,"mean":2}]},"intervals":{"classes":[{"attributes":["Start","End","Strand","Aligned_coverage","Aligned_identity","Id","Name","Score","Seq_id","Source","Subfeatures","Target_length","Type"],"isArrayAttr":{"Subfeatures":1}},{"attributes":["Start","End","Strand","Gap","Id","Score","Seq_id","Source","Target","Type"],"isArrayAttr":{}},{"attributes":["Start","End","Chunk"],"isArrayAttr":{"Sublist":1}}],"count":2,"lazyClass":2,"maxEnd":1053,"minStart":145,"nclist":[[0,145,1053,1,"99.73","95.3","NODE_4591_length_5595_cov_4.680322:hit:6796:3.2.0.0","TRINITY_DN1293_c0_g1_i11",3363,"NODE_4591_length_5595_cov_4.680322","est2genome",[[1,145,241,1,"M96","NODE_4591_length_5595_cov_4.680322:hsp:23948:3.2.0.0",3363,"NODE_4591_length_5595_cov_4.680322","est2genome","TRINITY_DN1293_c0_g1_i11 3 98 +","match_part"],[1,306,534,1,"M228","NODE_4591_length_5595_cov_4.680322:hsp:23949:3.2.0.0",3363,"NODE_4591_length_5595_cov_4.680322","est2genome","TRINITY_DN1293_c0_g1_i11 99 326 +","match_part"],[1,635,1053,1,"M395 I4 M23","NODE_4591_length_5595_cov_4.680322:hsp:23950:3.2.0.0",3363,"NODE_4591_length_5595_cov_4.680322","est2genome","TRINITY_DN1293_c0_g1_i11 327 748 +","match_part"]],"748","expressed_sequence_match",{"Sublist":[[0,145,724,1,"99.52","97.3","NODE_4591_length_5595_cov_4.680322:hit:6795:3.2.0.0","TRINITY_DN1293_c0_g1_i3",1922,"NODE_4591_length_5595_cov_4.680322","est2genome",[[1,145,241,1,"M96","NODE_4591_length_5595_cov_4.680322:hsp:23945:3.2.0.0",1922,"NODE_4591_length_5595_cov_4.680322","est2genome","TRINITY_DN1293_c0_g1_i3 3 98 +","match_part"],[1,306,534,1,"M228","NODE_4591_length_5595_cov_4.680322:hsp:23946:3.2.0.0",1922,"NODE_4591_length_5595_cov_4.680322","est2genome","TRINITY_DN1293_c0_g1_i3 99 326 +","match_part"],[1,635,724,1,"M89","NODE_4591_length_5595_cov_4.680322:hsp:23947:3.2.0.0",1922,"NODE_4591_length_5595_cov_4.680322","est2genome","TRINITY_DN1293_c0_g1_i3 327 415 +","match_part"]],"415","expressed_sequence_match"]]}]],"urlTemplate":"lf-{Chunk}.json"}}