{"featureCount":2,"formatVersion":1,"histograms":{"meta":[{"arrayParams":{"chunkSize":10000,"length":1,"urlTemplate":"hist-10000-{Chunk}.json"},"basesPerBin":"10000"}],"stats":[{"basesPerBin":"10000","max":2,"mean":2}]},"intervals":{"classes":[{"attributes":["Start","End","Strand","Id","Name","Score","Seq_id","Source","Subfeatures","Target_length","Type"],"isArrayAttr":{"Subfeatures":1}},{"attributes":["Start","End","Strand","Gap","Id","Score","Seq_id","Source","Target","Type"],"isArrayAttr":{}},{"attributes":["Start","End","Chunk"],"isArrayAttr":{"Sublist":1}}],"count":2,"lazyClass":2,"maxEnd":6330,"minStart":147,"nclist":[[0,147,4719,1,"NODE_3953_length_6330_cov_3.313558:hit:40348:4.5.0.0","augustus-NODE_3953_length_6330_cov_3.313558-abinit-gene-0.6-mRNA-1",0.28,"NODE_3953_length_6330_cov_3.313558","augustus",[[1,147,380,1,"M233","NODE_3953_length_6330_cov_3.313558:hsp:163159:4.5.0.0",0.28,"NODE_3953_length_6330_cov_3.313558","augustus","augustus-NODE_3953_length_6330_cov_3.313558-abinit-gene-0.6-mRNA-1 1 233 +","match_part"],[1,527,1087,1,"M560","NODE_3953_length_6330_cov_3.313558:hsp:163160:4.5.0.0",0.28,"NODE_3953_length_6330_cov_3.313558","augustus","augustus-NODE_3953_length_6330_cov_3.313558-abinit-gene-0.6-mRNA-1 234 793 +","match_part"],[1,1246,4719,1,"M3473","NODE_3953_length_6330_cov_3.313558:hsp:163161:4.5.0.0",0.28,"NODE_3953_length_6330_cov_3.313558","augustus","augustus-NODE_3953_length_6330_cov_3.313558-abinit-gene-0.6-mRNA-1 794 4266 +","match_part"]],"6330","match"],[0,5940,6330,1,"NODE_3953_length_6330_cov_3.313558:hit:40353:4.5.0.0","augustus-NODE_3953_length_6330_cov_3.313558-abinit-gene-0.7-mRNA-1",0.94,"NODE_3953_length_6330_cov_3.313558","augustus",[[1,5940,6047,1,"M107","NODE_3953_length_6330_cov_3.313558:hsp:163168:4.5.0.0",0.94,"NODE_3953_length_6330_cov_3.313558","augustus","augustus-NODE_3953_length_6330_cov_3.313558-abinit-gene-0.7-mRNA-1 1 107 +","match_part"],[1,6107,6330,1,"M223","NODE_3953_length_6330_cov_3.313558:hsp:163169:4.5.0.0",0.94,"NODE_3953_length_6330_cov_3.313558","augustus","augustus-NODE_3953_length_6330_cov_3.313558-abinit-gene-0.7-mRNA-1 108 330 +","match_part"]],"6330","match"]],"urlTemplate":"lf-{Chunk}.json"}}