{"featureCount":3,"formatVersion":1,"histograms":{"meta":[{"arrayParams":{"chunkSize":10000,"length":1,"urlTemplate":"hist-5000-{Chunk}.json"},"basesPerBin":"5000"}],"stats":[{"basesPerBin":"5000","max":3,"mean":3}]},"intervals":{"classes":[{"attributes":["Start","End","Strand","Id","Name","Score","Seq_id","Source","Subfeatures","Target_length","Type"],"isArrayAttr":{"Subfeatures":1}},{"attributes":["Start","End","Strand","Gap","Id","Score","Seq_id","Source","Target","Type"],"isArrayAttr":{}},{"attributes":["Start","End","Chunk"],"isArrayAttr":{"Sublist":1}}],"count":3,"lazyClass":2,"maxEnd":3981,"minStart":2518,"nclist":[[0,2518,2825,-1,"NODE_5235_length_4849_cov_3.414443:hit:13505:3.2.0.0","TRINITY_DN9365_c0_g1_i1",141,"NODE_5235_length_4849_cov_3.414443","blastn",[[1,2518,2825,-1,"M110 I1 M7 I1 M13 D1 M127 D1 M7 I1 M41","NODE_5235_length_4849_cov_3.414443:hsp:46877:3.2.0.0",141,"NODE_5235_length_4849_cov_3.414443","blastn","TRINITY_DN9365_c0_g1_i1 4 311 +","match_part"]],"392","expressed_sequence_match"],[0,3346,3658,-1,"NODE_5235_length_4849_cov_3.414443:hit:13506:3.2.0.0","TRINITY_DN15299_c0_g1_i1",226,"NODE_5235_length_4849_cov_3.414443","blastn",[[1,3346,3658,-1,"M33 I1 M255 I1 M24","NODE_5235_length_4849_cov_3.414443:hsp:46878:3.2.0.0",226,"NODE_5235_length_4849_cov_3.414443","blastn","TRINITY_DN15299_c0_g1_i1 2 315 +","match_part"]],"322","expressed_sequence_match"],[0,3762,3981,1,"NODE_5235_length_4849_cov_3.414443:hit:13507:3.2.0.0","TRINITY_DN37569_c0_g1_i1",119,"NODE_5235_length_4849_cov_3.414443","blastn",[[1,3762,3981,1,"M78 I1 M141","NODE_5235_length_4849_cov_3.414443:hsp:46879:3.2.0.0",119,"NODE_5235_length_4849_cov_3.414443","blastn","TRINITY_DN37569_c0_g1_i1 1 220 +","match_part"]],"221","expressed_sequence_match"]],"urlTemplate":"lf-{Chunk}.json"}}