{"featureCount":1,"formatVersion":1,"histograms":{"meta":[{"arrayParams":{"chunkSize":10000,"length":1,"urlTemplate":"hist-20000-{Chunk}.json"},"basesPerBin":"20000"}],"stats":[{"basesPerBin":"20000","max":1,"mean":1}]},"intervals":{"classes":[{"attributes":["Start","End","Strand","Id","Name","Score","Seq_id","Source","Subfeatures","Target_length","Type"],"isArrayAttr":{"Subfeatures":1}},{"attributes":["Start","End","Strand","Gap","Id","Score","Seq_id","Source","Target","Type"],"isArrayAttr":{}},{"attributes":["Start","End","Chunk"],"isArrayAttr":{"Sublist":1}}],"count":1,"lazyClass":2,"maxEnd":5126,"minStart":1274,"nclist":[[0,1274,5126,1,"NODE_4308_length_5872_cov_3.824021:hit:3536:4.5.0.0","augustus-NODE_4308_length_5872_cov_3.824021-abinit-gene-0.1-mRNA-1",0.22,"NODE_4308_length_5872_cov_3.824021","augustus",[[1,1274,1836,1,"M562","NODE_4308_length_5872_cov_3.824021:hsp:12563:4.5.0.0",0.22,"NODE_4308_length_5872_cov_3.824021","augustus","augustus-NODE_4308_length_5872_cov_3.824021-abinit-gene-0.1-mRNA-1 1 562 +","match_part"],[1,1903,2142,1,"M239","NODE_4308_length_5872_cov_3.824021:hsp:12564:4.5.0.0",0.22,"NODE_4308_length_5872_cov_3.824021","augustus","augustus-NODE_4308_length_5872_cov_3.824021-abinit-gene-0.1-mRNA-1 563 801 +","match_part"],[1,2213,2555,1,"M342","NODE_4308_length_5872_cov_3.824021:hsp:12565:4.5.0.0",0.22,"NODE_4308_length_5872_cov_3.824021","augustus","augustus-NODE_4308_length_5872_cov_3.824021-abinit-gene-0.1-mRNA-1 802 1143 +","match_part"],[1,2638,2784,1,"M146","NODE_4308_length_5872_cov_3.824021:hsp:12566:4.5.0.0",0.22,"NODE_4308_length_5872_cov_3.824021","augustus","augustus-NODE_4308_length_5872_cov_3.824021-abinit-gene-0.1-mRNA-1 1144 1289 +","match_part"],[1,2846,2967,1,"M121","NODE_4308_length_5872_cov_3.824021:hsp:12567:4.5.0.0",0.22,"NODE_4308_length_5872_cov_3.824021","augustus","augustus-NODE_4308_length_5872_cov_3.824021-abinit-gene-0.1-mRNA-1 1290 1410 +","match_part"],[1,3064,3335,1,"M271","NODE_4308_length_5872_cov_3.824021:hsp:12568:4.5.0.0",0.22,"NODE_4308_length_5872_cov_3.824021","augustus","augustus-NODE_4308_length_5872_cov_3.824021-abinit-gene-0.1-mRNA-1 1411 1681 +","match_part"],[1,3409,3641,1,"M232","NODE_4308_length_5872_cov_3.824021:hsp:12569:4.5.0.0",0.22,"NODE_4308_length_5872_cov_3.824021","augustus","augustus-NODE_4308_length_5872_cov_3.824021-abinit-gene-0.1-mRNA-1 1682 1913 +","match_part"],[1,3717,3884,1,"M167","NODE_4308_length_5872_cov_3.824021:hsp:12570:4.5.0.0",0.22,"NODE_4308_length_5872_cov_3.824021","augustus","augustus-NODE_4308_length_5872_cov_3.824021-abinit-gene-0.1-mRNA-1 1914 2080 +","match_part"],[1,3943,4051,1,"M108","NODE_4308_length_5872_cov_3.824021:hsp:12571:4.5.0.0",0.22,"NODE_4308_length_5872_cov_3.824021","augustus","augustus-NODE_4308_length_5872_cov_3.824021-abinit-gene-0.1-mRNA-1 2081 2188 +","match_part"],[1,4126,4501,1,"M375","NODE_4308_length_5872_cov_3.824021:hsp:12572:4.5.0.0",0.22,"NODE_4308_length_5872_cov_3.824021","augustus","augustus-NODE_4308_length_5872_cov_3.824021-abinit-gene-0.1-mRNA-1 2189 2563 +","match_part"],[1,4599,5126,1,"M527","NODE_4308_length_5872_cov_3.824021:hsp:12573:4.5.0.0",0.22,"NODE_4308_length_5872_cov_3.824021","augustus","augustus-NODE_4308_length_5872_cov_3.824021-abinit-gene-0.1-mRNA-1 2564 3090 +","match_part"]],"5872","match"]],"urlTemplate":"lf-{Chunk}.json"}}