{"featureCount":3,"formatVersion":1,"histograms":{"meta":[{"arrayParams":{"chunkSize":10000,"length":1,"urlTemplate":"hist-20000-{Chunk}.json"},"basesPerBin":"20000"}],"stats":[{"basesPerBin":"20000","max":3,"mean":3}]},"intervals":{"classes":[{"attributes":["Start","End","Strand","Id","Name","Seq_id","Source","Subfeatures","Target_length","Type"],"isArrayAttr":{"Subfeatures":1}},{"attributes":["Start","End","Strand","Gap","Id","Seq_id","Source","Target","Type"],"isArrayAttr":{}},{"attributes":["Start","End","Strand","Id","Seq_id","Source","Target","Type"],"isArrayAttr":{}},{"attributes":["Start","End","Chunk"],"isArrayAttr":{"Sublist":1}}],"count":3,"lazyClass":3,"maxEnd":13865,"minStart":1239,"nclist":[[0,1239,1652,-1,"NODE_1464_length_14480_cov_8.868460:hit:103697:4.5.0.0","genemark-NODE_1464_length_14480_cov_8.868460-abinit-gene-0.1-mRNA-1","NODE_1464_length_14480_cov_8.868460","genemark",[[1,1559,1652,-1,"M93","NODE_1464_length_14480_cov_8.868460:hsp:520428:4.5.0.0","NODE_1464_length_14480_cov_8.868460","genemark","genemark-NODE_1464_length_14480_cov_8.868460-abinit-gene-0.1-mRNA-1 280 372 +","match_part"],[1,1239,1518,-1,"M279","NODE_1464_length_14480_cov_8.868460:hsp:520429:4.5.0.0","NODE_1464_length_14480_cov_8.868460","genemark","genemark-NODE_1464_length_14480_cov_8.868460-abinit-gene-0.1-mRNA-1 1 279 +","match_part"]],"14480","match"],[0,10984,12681,-1,"NODE_1464_length_14480_cov_8.868460:hit:103698:4.5.0.0","genemark-NODE_1464_length_14480_cov_8.868460-abinit-gene-0.2-mRNA-1","NODE_1464_length_14480_cov_8.868460","genemark",[[1,12390,12681,-1,"M291","NODE_1464_length_14480_cov_8.868460:hsp:520430:4.5.0.0","NODE_1464_length_14480_cov_8.868460","genemark","genemark-NODE_1464_length_14480_cov_8.868460-abinit-gene-0.2-mRNA-1 886 1176 +","match_part"],[1,12183,12321,-1,"M138","NODE_1464_length_14480_cov_8.868460:hsp:520431:4.5.0.0","NODE_1464_length_14480_cov_8.868460","genemark","genemark-NODE_1464_length_14480_cov_8.868460-abinit-gene-0.2-mRNA-1 748 885 +","match_part"],[1,11958,12123,-1,"M165","NODE_1464_length_14480_cov_8.868460:hsp:520432:4.5.0.0","NODE_1464_length_14480_cov_8.868460","genemark","genemark-NODE_1464_length_14480_cov_8.868460-abinit-gene-0.2-mRNA-1 583 747 +","match_part"],[1,11743,11887,-1,"M144","NODE_1464_length_14480_cov_8.868460:hsp:520433:4.5.0.0","NODE_1464_length_14480_cov_8.868460","genemark","genemark-NODE_1464_length_14480_cov_8.868460-abinit-gene-0.2-mRNA-1 439 582 +","match_part"],[1,11596,11665,-1,"M69","NODE_1464_length_14480_cov_8.868460:hsp:520434:4.5.0.0","NODE_1464_length_14480_cov_8.868460","genemark","genemark-NODE_1464_length_14480_cov_8.868460-abinit-gene-0.2-mRNA-1 370 438 +","match_part"],[1,11449,11536,-1,"M87","NODE_1464_length_14480_cov_8.868460:hsp:520435:4.5.0.0","NODE_1464_length_14480_cov_8.868460","genemark","genemark-NODE_1464_length_14480_cov_8.868460-abinit-gene-0.2-mRNA-1 283 369 +","match_part"],[1,11330,11386,-1,"M56","NODE_1464_length_14480_cov_8.868460:hsp:520436:4.5.0.0","NODE_1464_length_14480_cov_8.868460","genemark","genemark-NODE_1464_length_14480_cov_8.868460-abinit-gene-0.2-mRNA-1 227 282 +","match_part"],[1,10984,11210,-1,"M226","NODE_1464_length_14480_cov_8.868460:hsp:520437:4.5.0.0","NODE_1464_length_14480_cov_8.868460","genemark","genemark-NODE_1464_length_14480_cov_8.868460-abinit-gene-0.2-mRNA-1 1 226 +","match_part"]],"14480","match"],[0,12916,13865,1,"NODE_1464_length_14480_cov_8.868460:hit:103702:4.5.0.0","genemark-NODE_1464_length_14480_cov_8.868460-abinit-gene-0.0-mRNA-1","NODE_1464_length_14480_cov_8.868460","genemark",[[1,12916,13091,1,"M175","NODE_1464_length_14480_cov_8.868460:hsp:520454:4.5.0.0","NODE_1464_length_14480_cov_8.868460","genemark","genemark-NODE_1464_length_14480_cov_8.868460-abinit-gene-0.0-mRNA-1 1 175 +","match_part"],[1,13195,13475,1,"M280","NODE_1464_length_14480_cov_8.868460:hsp:520455:4.5.0.0","NODE_1464_length_14480_cov_8.868460","genemark","genemark-NODE_1464_length_14480_cov_8.868460-abinit-gene-0.0-mRNA-1 176 455 +","match_part"],[1,13544,13719,1,"M175","NODE_1464_length_14480_cov_8.868460:hsp:520456:4.5.0.0","NODE_1464_length_14480_cov_8.868460","genemark","genemark-NODE_1464_length_14480_cov_8.868460-abinit-gene-0.0-mRNA-1 456 630 +","match_part"],[1,13754,13865,1,"M111","NODE_1464_length_14480_cov_8.868460:hsp:520457:4.5.0.0","NODE_1464_length_14480_cov_8.868460","genemark","genemark-NODE_1464_length_14480_cov_8.868460-abinit-gene-0.0-mRNA-1 631 741 +","match_part"]],"14480","match"]],"urlTemplate":"lf-{Chunk}.json"}}