{"featureCount":2,"formatVersion":1,"histograms":{"meta":[{"arrayParams":{"chunkSize":10000,"length":1,"urlTemplate":"hist-10000-{Chunk}.json"},"basesPerBin":"10000"}],"stats":[{"basesPerBin":"10000","max":2,"mean":2}]},"intervals":{"classes":[{"attributes":["Start","End","Strand","Id","Name","Score","Seq_id","Source","Subfeatures","Target_length","Type"],"isArrayAttr":{"Subfeatures":1}},{"attributes":["Start","End","Strand","Gap","Id","Score","Seq_id","Source","Target","Type"],"isArrayAttr":{}},{"attributes":["Start","End","Chunk"],"isArrayAttr":{"Sublist":1}}],"count":2,"lazyClass":2,"maxEnd":4511,"minStart":602,"nclist":[[0,602,3071,-1,"NODE_4778_length_5356_cov_3.225473:hit:8963:4.5.0.0","augustus-NODE_4778_length_5356_cov_3.225473-abinit-gene-0.0-mRNA-1",0.12,"NODE_4778_length_5356_cov_3.225473","augustus",[[1,2642,3071,-1,"M429","NODE_4778_length_5356_cov_3.225473:hsp:31402:4.5.0.0",0.12,"NODE_4778_length_5356_cov_3.225473","augustus","augustus-NODE_4778_length_5356_cov_3.225473-abinit-gene-0.0-mRNA-1 1600 2028 +","match_part"],[1,2140,2492,-1,"M352","NODE_4778_length_5356_cov_3.225473:hsp:31403:4.5.0.0",0.12,"NODE_4778_length_5356_cov_3.225473","augustus","augustus-NODE_4778_length_5356_cov_3.225473-abinit-gene-0.0-mRNA-1 1248 1599 +","match_part"],[1,1720,2068,-1,"M348","NODE_4778_length_5356_cov_3.225473:hsp:31404:4.5.0.0",0.12,"NODE_4778_length_5356_cov_3.225473","augustus","augustus-NODE_4778_length_5356_cov_3.225473-abinit-gene-0.0-mRNA-1 900 1247 +","match_part"],[1,1156,1650,-1,"M494","NODE_4778_length_5356_cov_3.225473:hsp:31405:4.5.0.0",0.12,"NODE_4778_length_5356_cov_3.225473","augustus","augustus-NODE_4778_length_5356_cov_3.225473-abinit-gene-0.0-mRNA-1 406 899 +","match_part"],[1,815,1078,-1,"M263","NODE_4778_length_5356_cov_3.225473:hsp:31406:4.5.0.0",0.12,"NODE_4778_length_5356_cov_3.225473","augustus","augustus-NODE_4778_length_5356_cov_3.225473-abinit-gene-0.0-mRNA-1 143 405 +","match_part"],[1,602,744,-1,"M142","NODE_4778_length_5356_cov_3.225473:hsp:31407:4.5.0.0",0.12,"NODE_4778_length_5356_cov_3.225473","augustus","augustus-NODE_4778_length_5356_cov_3.225473-abinit-gene-0.0-mRNA-1 1 142 +","match_part"]],"5356","match"],[0,4184,4511,-1,"NODE_4778_length_5356_cov_3.225473:hit:8966:4.5.0.0","augustus-NODE_4778_length_5356_cov_3.225473-abinit-gene-0.1-mRNA-1",0.77,"NODE_4778_length_5356_cov_3.225473","augustus",[[1,4184,4511,-1,"M327","NODE_4778_length_5356_cov_3.225473:hsp:31410:4.5.0.0",0.77,"NODE_4778_length_5356_cov_3.225473","augustus","augustus-NODE_4778_length_5356_cov_3.225473-abinit-gene-0.1-mRNA-1 1 327 +","match_part"]],"5356","match"]],"urlTemplate":"lf-{Chunk}.json"}}