{"featureCount":10,"formatVersion":1,"histograms":{"meta":[{"arrayParams":{"chunkSize":10000,"length":4,"urlTemplate":"hist-2000-{Chunk}.json"},"basesPerBin":"2000"}],"stats":[{"basesPerBin":"2000","max":7,"mean":4.25}]},"intervals":{"classes":[{"attributes":["Start","End","Strand","Aligned_coverage","Aligned_identity","Id","Name","Score","Seq_id","Source","Subfeatures","Target_length","Type"],"isArrayAttr":{"Subfeatures":1}},{"attributes":["Start","End","Strand","Gap","Id","Score","Seq_id","Source","Target","Type"],"isArrayAttr":{}},{"attributes":["Start","End","Chunk"],"isArrayAttr":{"Sublist":1}}],"count":10,"lazyClass":2,"maxEnd":6692,"minStart":86,"nclist":[[0,86,1455,-1,"99.76","99.4","NODE_1958_length_11704_cov_6.268291:hit:122987:3.2.0.0","TRINITY_DN825_c0_g2_i1",6084,"NODE_1958_length_11704_cov_6.268291","est2genome",[[1,679,1455,-1,"M776","NODE_1958_length_11704_cov_6.268291:hsp:605094:3.2.0.0",6084,"NODE_1958_length_11704_cov_6.268291","est2genome","TRINITY_DN825_c0_g2_i1 4 779 +","match_part"],[1,310,618,-1,"M308","NODE_1958_length_11704_cov_6.268291:hsp:605095:3.2.0.0",6084,"NODE_1958_length_11704_cov_6.268291","est2genome","TRINITY_DN825_c0_g2_i1 780 1087 +","match_part"],[1,86,243,-1,"M157","NODE_1958_length_11704_cov_6.268291:hsp:605096:3.2.0.0",6084,"NODE_1958_length_11704_cov_6.268291","est2genome","TRINITY_DN825_c0_g2_i1 1088 1244 +","match_part"]],"1244","expressed_sequence_match"],[0,86,1455,-1,"99.77","99.4","NODE_1958_length_11704_cov_6.268291:hit:122988:3.2.0.0","TRINITY_DN825_c0_g2_i3",6412,"NODE_1958_length_11704_cov_6.268291","est2genome",[[1,310,1455,-1,"M1145","NODE_1958_length_11704_cov_6.268291:hsp:605097:3.2.0.0",6412,"NODE_1958_length_11704_cov_6.268291","est2genome","TRINITY_DN825_c0_g2_i3 4 1148 +","match_part"],[1,86,243,-1,"M157","NODE_1958_length_11704_cov_6.268291:hsp:605098:3.2.0.0",6412,"NODE_1958_length_11704_cov_6.268291","est2genome","TRINITY_DN825_c0_g2_i3 1149 1305 +","match_part"]],"1305","expressed_sequence_match",{"Sublist":[[0,86,679,-1,"100","99.5","NODE_1958_length_11704_cov_6.268291:hit:122989:3.2.0.0","TRINITY_DN825_c0_g2_i2",2938,"NODE_1958_length_11704_cov_6.268291","est2genome",[[1,86,679,-1,"M593","NODE_1958_length_11704_cov_6.268291:hsp:605099:3.2.0.0",2938,"NODE_1958_length_11704_cov_6.268291","est2genome","TRINITY_DN825_c0_g2_i2 1 593 +","match_part"]],"593","expressed_sequence_match"]]}],[0,2304,5203,-1,"84.76","95.8","NODE_1958_length_11704_cov_6.268291:hit:122994:3.2.0.0","TRINITY_DN4591_c0_g1_i9",10808,"NODE_1958_length_11704_cov_6.268291","est2genome",[[1,4726,5203,-1,"M259 I2 M11 I1 M18 D1 M6 D3 M7 D2 M2 D1 M11 D1 M6 I1 M2 I1 M3 I2 M2 I2 M3 I2 M19 I2 M12 D3 M3 D3 M2 D2 M12 I3 M31 I1 M9 I2 M9 I2 M15 I2 M7 D1 M3 D1 M7","NODE_1958_length_11704_cov_6.268291:hsp:605126:3.2.0.0",10808,"NODE_1958_length_11704_cov_6.268291","est2genome","TRINITY_DN4591_c0_g1_i9 1950 2431 -","match_part"],[1,4553,4640,-1,"M87","NODE_1958_length_11704_cov_6.268291:hsp:605127:3.2.0.0",10808,"NODE_1958_length_11704_cov_6.268291","est2genome","TRINITY_DN4591_c0_g1_i9 1863 1949 -","match_part"],[1,4059,4481,-1,"M422","NODE_1958_length_11704_cov_6.268291:hsp:605128:3.2.0.0",10808,"NODE_1958_length_11704_cov_6.268291","est2genome","TRINITY_DN4591_c0_g1_i9 1441 1862 -","match_part"],[1,3660,3981,-1,"M321","NODE_1958_length_11704_cov_6.268291:hsp:605129:3.2.0.0",10808,"NODE_1958_length_11704_cov_6.268291","est2genome","TRINITY_DN4591_c0_g1_i9 1120 1440 -","match_part"],[1,3533,3590,-1,"M57","NODE_1958_length_11704_cov_6.268291:hsp:605130:3.2.0.0",10808,"NODE_1958_length_11704_cov_6.268291","est2genome","TRINITY_DN4591_c0_g1_i9 1063 1119 -","match_part"],[1,3100,3466,-1,"M366","NODE_1958_length_11704_cov_6.268291:hsp:605131:3.2.0.0",10808,"NODE_1958_length_11704_cov_6.268291","est2genome","TRINITY_DN4591_c0_g1_i9 697 1062 -","match_part"],[1,2304,3000,-1,"M696","NODE_1958_length_11704_cov_6.268291:hsp:605132:3.2.0.0",10808,"NODE_1958_length_11704_cov_6.268291","est2genome","TRINITY_DN4591_c0_g1_i9 1 696 -","match_part"]],"2868","expressed_sequence_match",{"Sublist":[[0,2304,5148,-1,"99.88","96.5","NODE_1958_length_11704_cov_6.268291:hit:122990:3.2.0.0","TRINITY_DN4591_c0_g1_i4",11203,"NODE_1958_length_11704_cov_6.268291","est2genome",[[1,4553,5148,-1,"M432 I2 M11 I1 M18 D1 M6 D3 M7 D2 M2 D1 M11 D1 M6 I1 M2 I1 M3 I2 M2 I2 M3 I2 M19 I2 M12 D3 M3 D3 M2 D2 M12 I3 M28","NODE_1958_length_11704_cov_6.268291:hsp:605100:3.2.0.0",11203,"NODE_1958_length_11704_cov_6.268291","est2genome","TRINITY_DN4591_c0_g1_i4 1863 2457 -","match_part"],[1,4059,4481,-1,"M422","NODE_1958_length_11704_cov_6.268291:hsp:605101:3.2.0.0",11203,"NODE_1958_length_11704_cov_6.268291","est2genome","TRINITY_DN4591_c0_g1_i4 1441 1862 -","match_part"],[1,3660,3981,-1,"M321","NODE_1958_length_11704_cov_6.268291:hsp:605102:3.2.0.0",11203,"NODE_1958_length_11704_cov_6.268291","est2genome","TRINITY_DN4591_c0_g1_i4 1120 1440 -","match_part"],[1,3533,3590,-1,"M57","NODE_1958_length_11704_cov_6.268291:hsp:605103:3.2.0.0",11203,"NODE_1958_length_11704_cov_6.268291","est2genome","TRINITY_DN4591_c0_g1_i4 1063 1119 -","match_part"],[1,3100,3466,-1,"M366","NODE_1958_length_11704_cov_6.268291:hsp:605104:3.2.0.0",11203,"NODE_1958_length_11704_cov_6.268291","est2genome","TRINITY_DN4591_c0_g1_i4 697 1062 -","match_part"],[1,2304,3000,-1,"M696","NODE_1958_length_11704_cov_6.268291:hsp:605105:3.2.0.0",11203,"NODE_1958_length_11704_cov_6.268291","est2genome","TRINITY_DN4591_c0_g1_i4 1 696 -","match_part"]],"2460","expressed_sequence_match"],[0,2304,5148,-1,"99.88","96.4","NODE_1958_length_11704_cov_6.268291:hit:122991:3.2.0.0","TRINITY_DN4591_c0_g1_i6",11119,"NODE_1958_length_11704_cov_6.268291","est2genome",[[1,4726,5148,-1,"M259 I2 M11 I1 M18 D1 M6 D3 M7 D2 M2 D1 M11 D1 M6 I1 M2 I1 M3 I2 M2 I2 M3 I2 M19 I2 M12 D3 M3 D3 M2 D2 M12 I3 M28","NODE_1958_length_11704_cov_6.268291:hsp:605106:3.2.0.0",11119,"NODE_1958_length_11704_cov_6.268291","est2genome","TRINITY_DN4591_c0_g1_i6 2017 2438 -","match_part"],[1,4553,4640,-1,"M87","NODE_1958_length_11704_cov_6.268291:hsp:605107:3.2.0.0",11119,"NODE_1958_length_11704_cov_6.268291","est2genome","TRINITY_DN4591_c0_g1_i6 1930 2016 -","match_part"],[1,4059,4481,-1,"M422","NODE_1958_length_11704_cov_6.268291:hsp:605108:3.2.0.0",11119,"NODE_1958_length_11704_cov_6.268291","est2genome","TRINITY_DN4591_c0_g1_i6 1508 1929 -","match_part"],[1,3660,3981,-1,"M321","NODE_1958_length_11704_cov_6.268291:hsp:605109:3.2.0.0",11119,"NODE_1958_length_11704_cov_6.268291","est2genome","TRINITY_DN4591_c0_g1_i6 1187 1507 -","match_part"],[1,3100,3590,-1,"M490","NODE_1958_length_11704_cov_6.268291:hsp:605110:3.2.0.0",11119,"NODE_1958_length_11704_cov_6.268291","est2genome","TRINITY_DN4591_c0_g1_i6 697 1186 -","match_part"],[1,2304,3000,-1,"M696","NODE_1958_length_11704_cov_6.268291:hsp:605111:3.2.0.0",11119,"NODE_1958_length_11704_cov_6.268291","est2genome","TRINITY_DN4591_c0_g1_i6 1 696 -","match_part"]],