{"featureCount":14,"formatVersion":1,"histograms":{"meta":[{"arrayParams":{"chunkSize":10000,"length":5,"urlTemplate":"hist-2000-{Chunk}.json"},"basesPerBin":"2000"}],"stats":[{"basesPerBin":"2000","max":11,"mean":6.8}]},"intervals":{"classes":[{"attributes":["Start","End","Strand","Id","Name","Score","Seq_id","Source","Subfeatures","Target_length","Type"],"isArrayAttr":{"Subfeatures":1}},{"attributes":["Start","End","Strand","Gap","Id","Score","Seq_id","Source","Target","Type"],"isArrayAttr":{}},{"attributes":["Start","End","Chunk"],"isArrayAttr":{"Sublist":1}}],"count":14,"lazyClass":2,"maxEnd":8232,"minStart":621,"nclist":[[0,621,1004,-1,"NODE_2646_length_9098_cov_7.437409:hit:17412:3.2.0.0","TRINITY_DN2557_c0_g2_i1",347,"NODE_2646_length_9098_cov_7.437409","blastn",[[1,621,1004,-1,"M383","NODE_2646_length_9098_cov_7.437409:hsp:75558:3.2.0.0",347,"NODE_2646_length_9098_cov_7.437409","blastn","TRINITY_DN2557_c0_g2_i1 1 383 +","match_part"]],"406","expressed_sequence_match"],[0,621,1004,-1,"NODE_2646_length_9098_cov_7.437409:hit:17413:3.2.0.0","TRINITY_DN2557_c0_g2_i2",190,"NODE_2646_length_9098_cov_7.437409","blastn",[[1,790,1004,-1,"M214","NODE_2646_length_9098_cov_7.437409:hsp:75559:3.2.0.0",190,"NODE_2646_length_9098_cov_7.437409","blastn","TRINITY_DN2557_c0_g2_i2 1 214 +","match_part"],[1,621,680,-1,"M59","NODE_2646_length_9098_cov_7.437409:hsp:75560:3.2.0.0",59,"NODE_2646_length_9098_cov_7.437409","blastn","TRINITY_DN2557_c0_g2_i2 215 273 +","match_part"]],"296","expressed_sequence_match"],[0,1158,1553,-1,"NODE_2646_length_9098_cov_7.437409:hit:17414:3.2.0.0","TRINITY_DN5327_c0_g1_i1",371,"NODE_2646_length_9098_cov_7.437409","blastn",[[1,1158,1553,-1,"M395","NODE_2646_length_9098_cov_7.437409:hsp:75561:3.2.0.0",371,"NODE_2646_length_9098_cov_7.437409","blastn","TRINITY_DN5327_c0_g1_i1 15 409 +","match_part"]],"409","expressed_sequence_match"],[0,5573,8232,1,"NODE_2646_length_9098_cov_7.437409:hit:17415:3.2.0.0","TRINITY_DN2963_c0_g1_i3",282,"NODE_2646_length_9098_cov_7.437409","blastn",[[1,5573,5885,1,"M312","NODE_2646_length_9098_cov_7.437409:hsp:75562:3.2.0.0",282,"NODE_2646_length_9098_cov_7.437409","blastn","TRINITY_DN2963_c0_g1_i3 5 316 +","match_part"],[1,5977,6861,1,"M762 D8 M114","NODE_2646_length_9098_cov_7.437409:hsp:75563:3.2.0.0",741,"NODE_2646_length_9098_cov_7.437409","blastn","TRINITY_DN2963_c0_g1_i3 331 1206 +","match_part"],[1,7010,8232,1,"M765 I1 M457","NODE_2646_length_9098_cov_7.437409:hsp:75564:3.2.0.0",1164,"NODE_2646_length_9098_cov_7.437409","blastn","TRINITY_DN2963_c0_g1_i3 1206 2428 +","match_part"]],"2434","expressed_sequence_match"],[0,5573,8232,1,"NODE_2646_length_9098_cov_7.437409:hit:17416:3.2.0.0","TRINITY_DN2963_c0_g1_i12",238,"NODE_2646_length_9098_cov_7.437409","blastn",[[1,5573,5823,1,"M250","NODE_2646_length_9098_cov_7.437409:hsp:75565:3.2.0.0",238,"NODE_2646_length_9098_cov_7.437409","blastn","TRINITY_DN2963_c0_g1_i12 5 254 +","match_part"],[1,5977,6861,1,"M762 D8 M114","NODE_2646_length_9098_cov_7.437409:hsp:75566:3.2.0.0",741,"NODE_2646_length_9098_cov_7.437409","blastn","TRINITY_DN2963_c0_g1_i12 253 1128 +","match_part"],[1,7010,8232,1,"M765 I1 M457","NODE_2646_length_9098_cov_7.437409:hsp:75567:3.2.0.0",1164,"NODE_2646_length_9098_cov_7.437409","blastn","TRINITY_DN2963_c0_g1_i12 1128 2350 +","match_part"]],"2356","expressed_sequence_match"],[0,5573,8232,1,"NODE_2646_length_9098_cov_7.437409:hit:17417:3.2.0.0","TRINITY_DN2963_c0_g1_i13",238,"NODE_2646_length_9098_cov_7.437409","blastn",[[1,5573,5823,1,"M250","NODE_2646_length_9098_cov_7.437409:hsp:75568:3.2.0.0",238,"NODE_2646_length_9098_cov_7.437409","blastn","TRINITY_DN2963_c0_g1_i13 5 254 +","match_part"],[1,5977,6552,1,"M575","NODE_2646_length_9098_cov_7.437409:hsp:75569:3.2.0.0",515,"NODE_2646_length_9098_cov_7.437409","blastn","TRINITY_DN2963_c0_g1_i13 253 827 +","match_part"],[1,6569,6861,1,"M170 D8 M114","NODE_2646_length_9098_cov_7.437409:hsp:75570:3.2.0.0",209,"NODE_2646_length_9098_cov_7.437409","blastn","TRINITY_DN2963_c0_g1_i13 828 1111 +","match_part"],[1,7010,8232,1,"M765 I1 M457","NODE_2646_length_9098_cov_7.437409:hsp:75571:3.2.0.0",1164,"NODE_2646_length_9098_cov_7.437409","blastn","TRINITY_DN2963_c0_g1_i13 1111 2333 +","match_part"]],"2339","expressed_sequence_match"],[0,5573,8232,1,"NODE_2646_length_9098_cov_7.437409:hit:17418:3.2.0.0","TRINITY_DN2963_c0_g1_i4",238,"NODE_2646_length_9098_cov_7.437409","blastn",[[1,5573,5823,1,"M250","NODE_2646_length_9098_cov_7.437409:hsp:75572:3.2.0.0",238,"NODE_2646_length_9098_cov_7.437409","blastn","TRINITY_DN2963_c0_g1_i4 5 254 +","match_part"],[1,5977,6552,1,"M575","NODE_2646_length_9098_cov_7.437409:hsp:75573:3.2.0.0",515,"NODE_2646_length_9098_cov_7.437409","blastn","TRINITY_DN2963_c0_g1_i4 253 827 +","match_part"],[1,6569,6861,1,"M292","NODE_2646_length_9098_cov_7.437409:hsp:75574:3.2.0.0",256,"NODE_2646_length_9098_cov_7.437409","blastn","TRINITY_DN2963_c0_g1_i4 828 1119 +","match_part"],[1,7010,8232,1,"M765 I1 M457","NODE_2646_length_9098_cov_7.437409:hsp:75575:3.2.0.0",1164,"NODE_2646_length_9098_cov_7.437409","blastn","TRINITY_DN2963_c0_g1_i4 1119 2341 +","match_part"]],"2347","expressed_sequence_match"],[0,5573,8232,1,"NODE_2646_length_9098_cov_7.437409:hit:17420:3.2.0.0","TRINITY_DN2963_c0_g1_i5",238,"NODE_2646_length_9098_cov_7.437409","blastn",[[1,5573,5823,1,"M250","NODE_2646_length_9098_cov_7.437409:hsp:75579:3.2.0.0",238,"NODE_2646_length_9098_cov_7.437409","blastn","TRINITY_DN2963_c0_g1_i5 5 254 +","match_part"],[1,5977,6718,1,"M741","NODE_2646_length_9098_cov_7.437409:hsp:75580:3.2.0.0",663,"NODE_2646_length_9098_cov_7.437409","blastn","TRINITY_DN2963_c0_g1_i5 253 993 +","match_part"],[1,6790,6861,1,"M71","NODE_2646_length_9098_cov_7.437409:hsp:75581:3.2.0.0",59,"NODE_2646_length_9098_cov_7.437409","blastn","TRINITY_DN2963_c0_g1_i5 994 1064 +","match_part"],[1,7010,8232,1,"M765 I1 M457","NODE_2646_length_9098_cov_7.437409:hsp:75582:3.2.0.0",1164,"NODE_2646_length_9098_cov_7.437409","blastn","TRINITY_DN2963_c0_g1_i5 1064 2286 +","match_part"]],"2292","expressed_sequence_match"],[0,5573,8232,1,"NODE_2646_length_9098_cov_7.437409:hit:17421:3.2.0.0","TRINITY_DN2963_c0_g1_i7",282,"NODE_2646_length_9098_cov_7.437409","blastn",[[1,5573,5885,1,"M312","NODE_2646_length_9098_cov_7.437409:hsp:75583:3.2.0.0",282,"NODE_2646_length_9098_cov_7.437409","blastn","TRINITY_DN2963_c0_g1_i7 5 316 +","match_part"],[1,5977,6718,1,"M741","NODE_2646_length_9098_cov_7.437409:hsp:75584:3.2.0.0",663,"NODE_2646_length_9098_cov_7.437409","blastn","TRINITY_DN2963_c0_g1_i7 331 1071 +","match_part"],[1,6790,6861,1,"M71","NODE_2646_length_9098_cov_7.437409:hsp:75585:3.2.0.0",59,"NODE_2646_length_9098_cov_7.437409","blastn","TRINITY_DN2963_c0_g1_i7 1072 1142 +","match_part"],[1,7010,8232,1,"M765 I1 M457","NODE_2646_length_9098_cov_7.437409:hsp:75586:3.2.0.0",1164,"NODE_2646_length_9098_cov_7.437409","blastn","TRINITY_DN2963_c0_g1_i7 1142 2364 +","match_part"]],"2370","expressed_sequence_match",{"Sublist":[[0,5573,6718,1,"NODE_2646_length_9098_cov_7.437409:hit:17419:3.2.0.0","TRINITY_DN2963_c0_g1_i10",191,"NODE_2646_length_9098_cov_7.437409","blastn",[[1,5573,5776,1,"M203","NODE_2646_length_9098_cov_7.437409:hsp:75576:3.2.0.0",191,"NODE_2646_length_9098_cov_7.437409","blastn","TRINITY_DN2963_c0_g1_i10 5 207 +","match_part"],[1,5977,6552,1,"M575","NODE_2646_length_9098_cov_7.437409:hsp:75577:3.2.0.0",515,"NODE_2646_length_9098_cov_7.437409","blastn","TRINITY_DN2963_c0_g1_i10 240 814 +","match_part"],[1,6569,6718,1,"M149","NODE_2646_length_9098_cov_7.437409:hsp:75578:3.2.0.0",131,"NODE_2646_length_9098_cov_7.437409","blastn","TRINITY_DN2963_c0_g1_i10 815 963 +","match_part"]],