{"featureCount":6,"formatVersion":1,"histograms":{"meta":[{"arrayParams":{"chunkSize":10000,"length":2,"urlTemplate":"hist-20000-{Chunk}.json"},"basesPerBin":"20000"}],"stats":[{"basesPerBin":"20000","max":3,"mean":3}]},"intervals":{"classes":[{"attributes":["Start","End","Strand","Id","Name","Seq_id","Source","Subfeatures","Target_length","Type"],"isArrayAttr":{"Subfeatures":1}},{"attributes":["Start","End","Strand","Gap","Id","Seq_id","Source","Target","Type"],"isArrayAttr":{}},{"attributes":["Start","End","Strand","Id","Seq_id","Source","Target","Type"],"isArrayAttr":{}},{"attributes":["Start","End","Chunk"],"isArrayAttr":{"Sublist":1}}],"count":6,"lazyClass":3,"maxEnd":30878,"minStart":8972,"nclist":[[0,8972,10593,1,"NODE_310_length_30958_cov_6.595200:hit:34752:4.5.0.0","genemark-NODE_310_length_30958_cov_6.595200-abinit-gene-0.49-mRNA-1","NODE_310_length_30958_cov_6.595200","genemark",[[1,8972,9975,1,"M1003","NODE_310_length_30958_cov_6.595200:hsp:178880:4.5.0.0","NODE_310_length_30958_cov_6.595200","genemark","genemark-NODE_310_length_30958_cov_6.595200-abinit-gene-0.49-mRNA-1 1 1003 +","match_part"],[1,10049,10114,1,"M65","NODE_310_length_30958_cov_6.595200:hsp:178881:4.5.0.0","NODE_310_length_30958_cov_6.595200","genemark","genemark-NODE_310_length_30958_cov_6.595200-abinit-gene-0.49-mRNA-1 1004 1068 +","match_part"],[1,10185,10593,1,"M408","NODE_310_length_30958_cov_6.595200:hsp:178882:4.5.0.0","NODE_310_length_30958_cov_6.595200","genemark","genemark-NODE_310_length_30958_cov_6.595200-abinit-gene-0.49-mRNA-1 1069 1476 +","match_part"]],"30958","match"],[0,14895,15924,-1,"NODE_310_length_30958_cov_6.595200:hit:34753:4.5.0.0","genemark-NODE_310_length_30958_cov_6.595200-abinit-gene-0.51-mRNA-1","NODE_310_length_30958_cov_6.595200","genemark",[[1,15633,15924,-1,"M291","NODE_310_length_30958_cov_6.595200:hsp:178883:4.5.0.0","NODE_310_length_30958_cov_6.595200","genemark","genemark-NODE_310_length_30958_cov_6.595200-abinit-gene-0.51-mRNA-1 355 645 +","match_part"],[1,15374,15527,-1,"M153","NODE_310_length_30958_cov_6.595200:hsp:178884:4.5.0.0","NODE_310_length_30958_cov_6.595200","genemark","genemark-NODE_310_length_30958_cov_6.595200-abinit-gene-0.51-mRNA-1 202 354 +","match_part"],[1,15244,15299,-1,"M55","NODE_310_length_30958_cov_6.595200:hsp:178885:4.5.0.0","NODE_310_length_30958_cov_6.595200","genemark","genemark-NODE_310_length_30958_cov_6.595200-abinit-gene-0.51-mRNA-1 147 201 +","match_part"],[1,15087,15125,-1,"M38","NODE_310_length_30958_cov_6.595200:hsp:178886:4.5.0.0","NODE_310_length_30958_cov_6.595200","genemark","genemark-NODE_310_length_30958_cov_6.595200-abinit-gene-0.51-mRNA-1 109 146 +","match_part"],[1,14895,15003,-1,"M108","NODE_310_length_30958_cov_6.595200:hsp:178887:4.5.0.0","NODE_310_length_30958_cov_6.595200","genemark","genemark-NODE_310_length_30958_cov_6.595200-abinit-gene-0.51-mRNA-1 1 108 +","match_part"]],"30958","match"],[0,16325,16579,1,"NODE_310_length_30958_cov_6.595200:hit:34756:4.5.0.0","genemark-NODE_310_length_30958_cov_6.595200-abinit-gene-0.50-mRNA-1","NODE_310_length_30958_cov_6.595200","genemark",[[1,16325,16374,1,"M49","NODE_310_length_30958_cov_6.595200:hsp:178896:4.5.0.0","NODE_310_length_30958_cov_6.595200","genemark","genemark-NODE_310_length_30958_cov_6.595200-abinit-gene-0.50-mRNA-1 1 49 +","match_part"],[1,16442,16579,1,"M137","NODE_310_length_30958_cov_6.595200:hsp:178897:4.5.0.0","NODE_310_length_30958_cov_6.595200","genemark","genemark-NODE_310_length_30958_cov_6.595200-abinit-gene-0.50-mRNA-1 50 186 +","match_part"]],"30958","match"],[0,23360,24626,-1,"NODE_310_length_30958_cov_6.595200:hit:34758:4.5.0.0","genemark-NODE_310_length_30958_cov_6.595200-abinit-gene-0.52-mRNA-1","NODE_310_length_30958_cov_6.595200","genemark",[[1,24335,24626,-1,"M291","NODE_310_length_30958_cov_6.595200:hsp:178904:4.5.0.0","NODE_310_length_30958_cov_6.595200","genemark","genemark-NODE_310_length_30958_cov_6.595200-abinit-gene-0.52-mRNA-1 487 777 +","match_part"],[1,24083,24230,-1,"M147","NODE_310_length_30958_cov_6.595200:hsp:178905:4.5.0.0","NODE_310_length_30958_cov_6.595200","genemark","genemark-NODE_310_length_30958_cov_6.595200-abinit-gene-0.52-mRNA-1 340 486 +","match_part"],[1,23841,23985,-1,"M144","NODE_310_length_30958_cov_6.595200:hsp:178906:4.5.0.0","NODE_310_length_30958_cov_6.595200","genemark","genemark-NODE_310_length_30958_cov_6.595200-abinit-gene-0.52-mRNA-1 196 339 +","match_part"],[1,23689,23753,-1,"M64","NODE_310_length_30958_cov_6.595200:hsp:178907:4.5.0.0","NODE_310_length_30958_cov_6.595200","genemark","genemark-NODE_310_length_30958_cov_6.595200-abinit-gene-0.52-mRNA-1 132 195 +","match_part"],[1,23532,23570,-1,"M38","NODE_310_length_30958_cov_6.595200:hsp:178908:4.5.0.0","NODE_310_length_30958_cov_6.595200","genemark","genemark-NODE_310_length_30958_cov_6.595200-abinit-gene-0.52-mRNA-1 94 131 +","match_part"],[1,23360,23453,-1,"M93","NODE_310_length_30958_cov_6.595200:hsp:178909:4.5.0.0","NODE_310_length_30958_cov_6.595200","genemark","genemark-NODE_310_length_30958_cov_6.595200-abinit-gene-0.52-mRNA-1 1 93 +","match_part"]],"30958","match"],[0,26204,28151,-1,"NODE_310_length_30958_cov_6.595200:hit:34762:4.5.0.0","genemark-NODE_310_length_30958_cov_6.595200-abinit-gene-0.53-mRNA-1","NODE_310_length_30958_cov_6.595200","genemark",[[1,28105,28151,-1,"M46","NODE_310_length_30958_cov_6.595200:hsp:178923:4.5.0.0","NODE_310_length_30958_cov_6.595200","genemark","genemark-NODE_310_length_30958_cov_6.595200-abinit-gene-0.53-mRNA-1 1725 1770 +","match_part"],[1,27982,28005,-1,"M23","NODE_310_length_30958_cov_6.595200:hsp:178924:4.5.0.0","NODE_310_length_30958_cov_6.595200","genemark","genemark-NODE_310_length_30958_cov_6.595200-abinit-gene-0.53-mRNA-1 1702 1724 +","match_part"],[1,26204,27905,-1,"M1701","NODE_310_length_30958_cov_6.595200:hsp:178925:4.5.0.0","NODE_310_length_30958_cov_6.595200","genemark","genemark-NODE_310_length_30958_cov_6.595200-abinit-gene-0.53-mRNA-1 1 1701 +","match_part"]],"30958","match"],[0,30042,30878,-1,"NODE_310_length_30958_cov_6.595200:hit:34765:4.5.0.0","genemark-NODE_310_length_30958_cov_6.595200-abinit-gene-0.54-mRNA-1","NODE_310_length_30958_cov_6.595200","genemark",[[1,30773,30878,-1,"M105","NODE_310_length_30958_cov_6.595200:hsp:178934:4.5.0.0","NODE_310_length_30958_cov_6.595200","genemark","genemark-NODE_310_length_30958_cov_6.595200-abinit-gene-0.54-mRNA-1 457 561 +","match_part"],[1,30481,30695,-1,"M214","NODE_310_length_30958_cov_6.595200:hsp:178935:4.5.0.0","NODE_310_length_30958_cov_6.595200","genemark","genemark-NODE_310_length_30958_cov_6.595200-abinit-gene-0.54-mRNA-1 243 456 +","match_part"],[1,30296,30419,-1,"M123","NODE_310_length_30958_cov_6.595200:hsp:178936:4.5.0.0","NODE_310_length_30958_cov_6.595200","genemark","genemark-NODE_310_length_30958_cov_6.595200-abinit-gene-0.54-mRNA-1 120 242 +","match_part"],[1,30156,30232,-1,"M76","NODE_310_length_30958_cov_6.595200:hsp:178937:4.5.0.0","NODE_310_length_30958_cov_6.595200","genemark","genemark-NODE_310_length_30958_cov_6.595200-abinit-gene-0.54-mRNA-1 44 119 +","match_part"],[1,30042,30085,-1,"M43","NODE_310_length_30958_cov_6.595200:hsp:178938:4.5.0.0","NODE_310_length_30958_cov_6.595200","genemark","genemark-NODE_310_length_30958_cov_6.595200-abinit-gene-0.54-mRNA-1 1 43 +","match_part"]],"30958","match"]],"urlTemplate":"lf-{Chunk}.json"}}