{"featureCount":2,"formatVersion":1,"histograms":{"meta":[{"arrayParams":{"chunkSize":10000,"length":1,"urlTemplate":"hist-20000-{Chunk}.json"},"basesPerBin":"20000"}],"stats":[{"basesPerBin":"20000","max":2,"mean":2}]},"intervals":{"classes":[{"attributes":["Start","End","Strand","Id","Name","Seq_id","Source","Subfeatures","Target_length","Type"],"isArrayAttr":{"Subfeatures":1}},{"attributes":["Start","End","Strand","Gap","Id","Seq_id","Source","Target","Type"],"isArrayAttr":{}},{"attributes":["Start","End","Strand","Id","Seq_id","Source","Target","Type"],"isArrayAttr":{}},{"attributes":["Start","End","Chunk"],"isArrayAttr":{"Sublist":1}}],"count":2,"lazyClass":3,"maxEnd":10207,"minStart":3373,"nclist":[[0,3373,5271,1,"NODE_1940_length_11761_cov_6.207735:hit:122559:4.5.0.0","genemark-NODE_1940_length_11761_cov_6.207735-abinit-gene-0.2-mRNA-1","NODE_1940_length_11761_cov_6.207735","genemark",[[1,3373,3703,1,"M330","NODE_1940_length_11761_cov_6.207735:hsp:602660:4.5.0.0","NODE_1940_length_11761_cov_6.207735","genemark","genemark-NODE_1940_length_11761_cov_6.207735-abinit-gene-0.2-mRNA-1 1 330 +","match_part"],[1,3783,4031,1,"M248","NODE_1940_length_11761_cov_6.207735:hsp:602661:4.5.0.0","NODE_1940_length_11761_cov_6.207735","genemark","genemark-NODE_1940_length_11761_cov_6.207735-abinit-gene-0.2-mRNA-1 331 578 +","match_part"],[1,4103,4391,1,"M288","NODE_1940_length_11761_cov_6.207735:hsp:602662:4.5.0.0","NODE_1940_length_11761_cov_6.207735","genemark","genemark-NODE_1940_length_11761_cov_6.207735-abinit-gene-0.2-mRNA-1 579 866 +","match_part"],[1,4447,4762,1,"M315","NODE_1940_length_11761_cov_6.207735:hsp:602663:4.5.0.0","NODE_1940_length_11761_cov_6.207735","genemark","genemark-NODE_1940_length_11761_cov_6.207735-abinit-gene-0.2-mRNA-1 867 1181 +","match_part"],[1,4832,5271,1,"M439","NODE_1940_length_11761_cov_6.207735:hsp:602664:4.5.0.0","NODE_1940_length_11761_cov_6.207735","genemark","genemark-NODE_1940_length_11761_cov_6.207735-abinit-gene-0.2-mRNA-1 1182 1620 +","match_part"]],"11761","match"],[0,7260,10207,-1,"NODE_1940_length_11761_cov_6.207735:hit:122564:4.5.0.0","genemark-NODE_1940_length_11761_cov_6.207735-abinit-gene-0.3-mRNA-1","NODE_1940_length_11761_cov_6.207735","genemark",[[1,10064,10207,-1,"M143","NODE_1940_length_11761_cov_6.207735:hsp:602691:4.5.0.0","NODE_1940_length_11761_cov_6.207735","genemark","genemark-NODE_1940_length_11761_cov_6.207735-abinit-gene-0.3-mRNA-1 329 471 +","match_part"],[1,7564,7765,-1,"M201","NODE_1940_length_11761_cov_6.207735:hsp:602692:4.5.0.0","NODE_1940_length_11761_cov_6.207735","genemark","genemark-NODE_1940_length_11761_cov_6.207735-abinit-gene-0.3-mRNA-1 128 328 +","match_part"],[1,7442,7471,-1,"M29","NODE_1940_length_11761_cov_6.207735:hsp:602693:4.5.0.0","NODE_1940_length_11761_cov_6.207735","genemark","genemark-NODE_1940_length_11761_cov_6.207735-abinit-gene-0.3-mRNA-1 99 127 +","match_part"],[1,7260,7358,-1,"M98","NODE_1940_length_11761_cov_6.207735:hsp:602694:4.5.0.0","NODE_1940_length_11761_cov_6.207735","genemark","genemark-NODE_1940_length_11761_cov_6.207735-abinit-gene-0.3-mRNA-1 1 98 +","match_part"]],"11761","match"]],"urlTemplate":"lf-{Chunk}.json"}}