{"featureCount":4,"formatVersion":1,"histograms":{"meta":[{"arrayParams":{"chunkSize":10000,"length":2,"urlTemplate":"hist-2000-{Chunk}.json"},"basesPerBin":"2000"}],"stats":[{"basesPerBin":"2000","max":4,"mean":2}]},"intervals":{"classes":[{"attributes":["Start","End","Strand","Aligned_coverage","Aligned_identity","Id","Name","Score","Seq_id","Source","Subfeatures","Target_length","Type"],"isArrayAttr":{"Subfeatures":1}},{"attributes":["Start","End","Strand","Gap","Id","Score","Seq_id","Source","Target","Type"],"isArrayAttr":{}},{"attributes":["Start","End","Chunk"],"isArrayAttr":{"Sublist":1}}],"count":4,"lazyClass":2,"maxEnd":3102,"minStart":2076,"nclist":[[0,2076,2409,1,"97.38","96.4","NODE_6999_length_3216_cov_4.044675:hit:8197:3.2.0.0","TRINITY_DN8491_c0_g1_i2",1554,"NODE_6999_length_3216_cov_4.044675","est2genome",[[1,2076,2409,1,"M114 I1 M219","NODE_6999_length_3216_cov_4.044675:hsp:25012:3.2.0.0",1554,"NODE_6999_length_3216_cov_4.044675","est2genome","TRINITY_DN8491_c0_g1_i2 6 339 +","match_part"]],"343","expressed_sequence_match"],[0,2078,2409,1,"98.81","96.7","NODE_6999_length_3216_cov_4.044675:hit:8198:3.2.0.0","TRINITY_DN8491_c0_g1_i1",1556,"NODE_6999_length_3216_cov_4.044675","est2genome",[[1,2078,2409,1,"M331","NODE_6999_length_3216_cov_4.044675:hsp:25013:3.2.0.0",1556,"NODE_6999_length_3216_cov_4.044675","est2genome","TRINITY_DN8491_c0_g1_i1 1 331 +","match_part"]],"335","expressed_sequence_match"],[0,2706,3102,1,"99.26","97.5","NODE_6999_length_3216_cov_4.044675:hit:8199:3.2.0.0","TRINITY_DN13764_c0_g1_i1",1862,"NODE_6999_length_3216_cov_4.044675","est2genome",[[1,2706,3102,1,"M191 I5 M205","NODE_6999_length_3216_cov_4.044675:hsp:25014:3.2.0.0",1862,"NODE_6999_length_3216_cov_4.044675","est2genome","TRINITY_DN13764_c0_g1_i1 4 404 -","match_part"]],"404","expressed_sequence_match"],[0,2832,3102,1,"98.92","95.9","NODE_6999_length_3216_cov_4.044675:hit:8200:3.2.0.0","TRINITY_DN13764_c0_g1_i2",1223,"NODE_6999_length_3216_cov_4.044675","est2genome",[[1,2832,3102,1,"M191 I5 M79","NODE_6999_length_3216_cov_4.044675:hsp:25015:3.2.0.0",1223,"NODE_6999_length_3216_cov_4.044675","est2genome","TRINITY_DN13764_c0_g1_i2 4 278 -","match_part"]],"278","expressed_sequence_match"]],"urlTemplate":"lf-{Chunk}.json"}}