{"featureCount":5,"formatVersion":1,"histograms":{"meta":[{"arrayParams":{"chunkSize":10000,"length":1,"urlTemplate":"hist-5000-{Chunk}.json"},"basesPerBin":"5000"}],"stats":[{"basesPerBin":"5000","max":5,"mean":5}]},"intervals":{"classes":[{"attributes":["Start","End","Strand","Aligned_coverage","Aligned_identity","Id","Name","Score","Seq_id","Source","Subfeatures","Target_length","Type"],"isArrayAttr":{"Subfeatures":1}},{"attributes":["Start","End","Strand","Gap","Id","Score","Seq_id","Source","Target","Type"],"isArrayAttr":{}},{"attributes":["Start","End","Chunk"],"isArrayAttr":{"Sublist":1}}],"count":5,"lazyClass":2,"maxEnd":4975,"minStart":0,"nclist":[[0,0,4975,-1,"98.57","99.7","NODE_4431_length_5758_cov_10.090037:hit:4964:3.2.0.0","TRINITY_DN5006_c0_g1_i3",19451,"NODE_4431_length_5758_cov_10.090037","est2genome",[[1,4752,4975,-1,"M223","NODE_4431_length_5758_cov_10.090037:hsp:17485:3.2.0.0",19451,"NODE_4431_length_5758_cov_10.090037","est2genome","TRINITY_DN5006_c0_g1_i3 3760 3982 -","match_part"],[1,4592,4667,-1,"M75","NODE_4431_length_5758_cov_10.090037:hsp:17486:3.2.0.0",19451,"NODE_4431_length_5758_cov_10.090037","est2genome","TRINITY_DN5006_c0_g1_i3 3685 3759 -","match_part"],[1,3676,4222,-1,"M546","NODE_4431_length_5758_cov_10.090037:hsp:17487:3.2.0.0",19451,"NODE_4431_length_5758_cov_10.090037","est2genome","TRINITY_DN5006_c0_g1_i3 3139 3684 -","match_part"],[1,3244,3601,-1,"M357","NODE_4431_length_5758_cov_10.090037:hsp:17488:3.2.0.0",19451,"NODE_4431_length_5758_cov_10.090037","est2genome","TRINITY_DN5006_c0_g1_i3 2782 3138 -","match_part"],[1,1865,3172,-1,"M1307","NODE_4431_length_5758_cov_10.090037:hsp:17489:3.2.0.0",19451,"NODE_4431_length_5758_cov_10.090037","est2genome","TRINITY_DN5006_c0_g1_i3 1475 2781 -","match_part"],[1,1562,1639,-1,"M77","NODE_4431_length_5758_cov_10.090037:hsp:17490:3.2.0.0",19451,"NODE_4431_length_5758_cov_10.090037","est2genome","TRINITY_DN5006_c0_g1_i3 1398 1474 -","match_part"],[1,917,1501,-1,"M584","NODE_4431_length_5758_cov_10.090037:hsp:17491:3.2.0.0",19451,"NODE_4431_length_5758_cov_10.090037","est2genome","TRINITY_DN5006_c0_g1_i3 814 1397 -","match_part"],[1,597,831,-1,"M234","NODE_4431_length_5758_cov_10.090037:hsp:17492:3.2.0.0",19451,"NODE_4431_length_5758_cov_10.090037","est2genome","TRINITY_DN5006_c0_g1_i3 580 813 -","match_part"],[1,0,522,-1,"M522","NODE_4431_length_5758_cov_10.090037:hsp:17493:3.2.0.0",19451,"NODE_4431_length_5758_cov_10.090037","est2genome","TRINITY_DN5006_c0_g1_i3 58 579 -","match_part"]],"3982","expressed_sequence_match",{"Sublist":[[0,0,3699,-1,"98.24","99.8","NODE_4431_length_5758_cov_10.090037:hit:4963:3.2.0.0","TRINITY_DN5006_c0_g1_i4",15778,"NODE_4431_length_5758_cov_10.090037","est2genome",[[1,3244,3699,-1,"M455","NODE_4431_length_5758_cov_10.090037:hsp:17479:3.2.0.0",15778,"NODE_4431_length_5758_cov_10.090037","est2genome","TRINITY_DN5006_c0_g1_i4 2782 3236 -","match_part"],[1,1865,3172,-1,"M1307","NODE_4431_length_5758_cov_10.090037:hsp:17480:3.2.0.0",15778,"NODE_4431_length_5758_cov_10.090037","est2genome","TRINITY_DN5006_c0_g1_i4 1475 2781 -","match_part"],[1,1562,1639,-1,"M77","NODE_4431_length_5758_cov_10.090037:hsp:17481:3.2.0.0",15778,"NODE_4431_length_5758_cov_10.090037","est2genome","TRINITY_DN5006_c0_g1_i4 1398 1474 -","match_part"],[1,917,1501,-1,"M584","NODE_4431_length_5758_cov_10.090037:hsp:17482:3.2.0.0",15778,"NODE_4431_length_5758_cov_10.090037","est2genome","TRINITY_DN5006_c0_g1_i4 814 1397 -","match_part"],[1,597,831,-1,"M234","NODE_4431_length_5758_cov_10.090037:hsp:17483:3.2.0.0",15778,"NODE_4431_length_5758_cov_10.090037","est2genome","TRINITY_DN5006_c0_g1_i4 580 813 -","match_part"],[1,0,522,-1,"M522","NODE_4431_length_5758_cov_10.090037:hsp:17484:3.2.0.0",15778,"NODE_4431_length_5758_cov_10.090037","est2genome","TRINITY_DN5006_c0_g1_i4 58 579 -","match_part"]],"3236","expressed_sequence_match"]]}],[0,810,4975,-1,"100","99.8","NODE_4431_length_5758_cov_10.090037:hit:4965:3.2.0.0","TRINITY_DN5006_c0_g1_i1",16263,"NODE_4431_length_5758_cov_10.090037","est2genome",[[1,4752,4975,-1,"M223","NODE_4431_length_5758_cov_10.090037:hsp:17494:3.2.0.0",16263,"NODE_4431_length_5758_cov_10.090037","est2genome","TRINITY_DN5006_c0_g1_i1 3054 3276 -","match_part"],[1,4592,4667,-1,"M75","NODE_4431_length_5758_cov_10.090037:hsp:17495:3.2.0.0",16263,"NODE_4431_length_5758_cov_10.090037","est2genome","TRINITY_DN5006_c0_g1_i1 2979 3053 -","match_part"],[1,3676,4222,-1,"M546","NODE_4431_length_5758_cov_10.090037:hsp:17496:3.2.0.0",16263,"NODE_4431_length_5758_cov_10.090037","est2genome","TRINITY_DN5006_c0_g1_i1 2433 2978 -","match_part"],[1,3244,3601,-1,"M357","NODE_4431_length_5758_cov_10.090037:hsp:17497:3.2.0.0",16263,"NODE_4431_length_5758_cov_10.090037","est2genome","TRINITY_DN5006_c0_g1_i1 2076 2432 -","match_part"],[1,1865,3172,-1,"M1307","NODE_4431_length_5758_cov_10.090037:hsp:17498:3.2.0.0",16263,"NODE_4431_length_5758_cov_10.090037","est2genome","TRINITY_DN5006_c0_g1_i1 769 2075 -","match_part"],[1,1562,1639,-1,"M77","NODE_4431_length_5758_cov_10.090037:hsp:17499:3.2.0.0",16263,"NODE_4431_length_5758_cov_10.090037","est2genome","TRINITY_DN5006_c0_g1_i1 692 768 -","match_part"],[1,810,1501,-1,"M691","NODE_4431_length_5758_cov_10.090037:hsp:17500:3.2.0.0",16263,"NODE_4431_length_5758_cov_10.090037","est2genome","TRINITY_DN5006_c0_g1_i1 1 691 -","match_part"]],"3276","expressed_sequence_match",{"Sublist":[[0,1478,1888,-1,"100","99.8","NODE_4431_length_5758_cov_10.090037:hit:4966:3.2.0.0","TRINITY_DN5006_c0_g1_i2",2041,"NODE_4431_length_5758_cov_10.090037","est2genome",[[1,1478,1888,-1,"M410","NODE_4431_length_5758_cov_10.090037:hsp:17501:3.2.0.0",2041,"NODE_4431_length_5758_cov_10.090037","est2genome","TRINITY_DN5006_c0_g1_i2 1 410 -","match_part"]],"410","expressed_sequence_match"],[0,4199,4820,-1,"100","99.1","NODE_4431_length_5758_cov_10.090037:hit:4967:3.2.0.0","TRINITY_DN5006_c0_g2_i1",2618,"NODE_4431_length_5758_cov_10.090037","est2genome",[[1,4752,4820,-1,"M68","NODE_4431_length_5758_cov_10.090037:hsp:17502:3.2.0.0",2618,"NODE_4431_length_5758_cov_10.090037","est2genome","TRINITY_DN5006_c0_g2_i1 465 532 -","match_part"],[1,4199,4667,-1,"M330 D4 M134","NODE_4431_length_5758_cov_10.090037:hsp:17503:3.2.0.0",2618,"NODE_4431_length_5758_cov_10.090037","est2genome","TRINITY_DN5006_c0_g2_i1 1 464 -","match_part"]],"532","expressed_sequence_match"]]}]],"urlTemplate":"lf-{Chunk}.json"}}