{"featureCount":9,"formatVersion":1,"histograms":{"meta":[{"arrayParams":{"chunkSize":10000,"length":3,"urlTemplate":"hist-2000-{Chunk}.json"},"basesPerBin":"2000"}],"stats":[{"basesPerBin":"2000","max":5,"mean":4.66666666666667}]},"intervals":{"classes":[{"attributes":["Start","End","Strand","Aligned_coverage","Aligned_identity","Id","Name","Score","Seq_id","Source","Subfeatures","Target_length","Type"],"isArrayAttr":{"Subfeatures":1}},{"attributes":["Start","End","Strand","Gap","Id","Score","Seq_id","Source","Target","Type"],"isArrayAttr":{}},{"attributes":["Start","End","Chunk"],"isArrayAttr":{"Sublist":1}}],"count":9,"lazyClass":2,"maxEnd":5362,"minStart":0,"nclist":[[0,0,2440,1,"99.84","99.2","NODE_4714_length_5447_cov_5.661278:hit:8343:3.2.0.0","TRINITY_DN5604_c0_g1_i5",9352,"NODE_4714_length_5447_cov_5.661278","est2genome",[[1,0,447,1,"M447","NODE_4714_length_5447_cov_5.661278:hsp:29503:3.2.0.0",9352,"NODE_4714_length_5447_cov_5.661278","est2genome","TRINITY_DN5604_c0_g1_i5 1 447 +","match_part"],[1,514,1393,1,"M108 D3 M768","NODE_4714_length_5447_cov_5.661278:hsp:29504:3.2.0.0",9352,"NODE_4714_length_5447_cov_5.661278","est2genome","TRINITY_DN5604_c0_g1_i5 448 1323 +","match_part"],[1,1469,1548,1,"M79","NODE_4714_length_5447_cov_5.661278:hsp:29505:3.2.0.0",9352,"NODE_4714_length_5447_cov_5.661278","est2genome","TRINITY_DN5604_c0_g1_i5 1324 1402 +","match_part"],[1,1627,1715,1,"M88","NODE_4714_length_5447_cov_5.661278:hsp:29506:3.2.0.0",9352,"NODE_4714_length_5447_cov_5.661278","est2genome","TRINITY_DN5604_c0_g1_i5 1403 1490 +","match_part"],[1,1785,2135,1,"M105 D1 M225 D2 M17","NODE_4714_length_5447_cov_5.661278:hsp:29507:3.2.0.0",9352,"NODE_4714_length_5447_cov_5.661278","est2genome","TRINITY_DN5604_c0_g1_i5 1491 1837 +","match_part"],[1,2362,2440,1,"M13 I1 M65","NODE_4714_length_5447_cov_5.661278:hsp:29508:3.2.0.0",9352,"NODE_4714_length_5447_cov_5.661278","est2genome","TRINITY_DN5604_c0_g1_i5 1838 1916 +","match_part"]],"1919","expressed_sequence_match"],[0,0,2440,1,"99.84","99.1","NODE_4714_length_5447_cov_5.661278:hit:8344:3.2.0.0","TRINITY_DN5604_c0_g1_i1",8957,"NODE_4714_length_5447_cov_5.661278","est2genome",[[1,0,447,1,"M447","NODE_4714_length_5447_cov_5.661278:hsp:29509:3.2.0.0",8957,"NODE_4714_length_5447_cov_5.661278","est2genome","TRINITY_DN5604_c0_g1_i1 1 447 +","match_part"],[1,514,1260,1,"M108 D3 M635","NODE_4714_length_5447_cov_5.661278:hsp:29510:3.2.0.0",8957,"NODE_4714_length_5447_cov_5.661278","est2genome","TRINITY_DN5604_c0_g1_i1 448 1190 +","match_part"],[1,1336,1393,1,"M57","NODE_4714_length_5447_cov_5.661278:hsp:29511:3.2.0.0",8957,"NODE_4714_length_5447_cov_5.661278","est2genome","TRINITY_DN5604_c0_g1_i1 1191 1247 +","match_part"],[1,1469,1548,1,"M79","NODE_4714_length_5447_cov_5.661278:hsp:29512:3.2.0.0",8957,"NODE_4714_length_5447_cov_5.661278","est2genome","TRINITY_DN5604_c0_g1_i1 1248 1326 +","match_part"],[1,1627,1715,1,"M88","NODE_4714_length_5447_cov_5.661278:hsp:29513:3.2.0.0",8957,"NODE_4714_length_5447_cov_5.661278","est2genome","TRINITY_DN5604_c0_g1_i1 1327 1414 +","match_part"],[1,1785,2135,1,"M105 D1 M225 D2 M17","NODE_4714_length_5447_cov_5.661278:hsp:29514:3.2.0.0",8957,"NODE_4714_length_5447_cov_5.661278","est2genome","TRINITY_DN5604_c0_g1_i1 1415 1761 +","match_part"],[1,2362,2440,1,"M13 I1 M65","NODE_4714_length_5447_cov_5.661278:hsp:29515:3.2.0.0",8957,"NODE_4714_length_5447_cov_5.661278","est2genome","TRINITY_DN5604_c0_g1_i1 1762 1840 +","match_part"]],"1843","expressed_sequence_match"],[0,0,2440,1,"88.38","99.3","NODE_4714_length_5447_cov_5.661278:hit:8345:3.2.0.0","TRINITY_DN5604_c0_g1_i2",9083,"NODE_4714_length_5447_cov_5.661278","est2genome",[[1,0,447,1,"M447","NODE_4714_length_5447_cov_5.661278:hsp:29516:3.2.0.0",9083,"NODE_4714_length_5447_cov_5.661278","est2genome","TRINITY_DN5604_c0_g1_i2 243 689 +","match_part"],[1,514,1313,1,"M799","NODE_4714_length_5447_cov_5.661278:hsp:29517:3.2.0.0",9083,"NODE_4714_length_5447_cov_5.661278","est2genome","TRINITY_DN5604_c0_g1_i2 690 1488 +","match_part"],[1,1368,1393,1,"M25","NODE_4714_length_5447_cov_5.661278:hsp:29518:3.2.0.0",9083,"NODE_4714_length_5447_cov_5.661278","est2genome","TRINITY_DN5604_c0_g1_i2 1489 1513 +","match_part"],[1,1469,1548,1,"M79","NODE_4714_length_5447_cov_5.661278:hsp:29519:3.2.0.0",9083,"NODE_4714_length_5447_cov_5.661278","est2genome","TRINITY_DN5604_c0_g1_i2 1514 1592 +","match_part"],[1,1627,1715,1,"M88","NODE_4714_length_5447_cov_5.661278:hsp:29520:3.2.0.0",9083,"NODE_4714_length_5447_cov_5.661278","est2genome","TRINITY_DN5604_c0_g1_i2 1593 1680 +","match_part"],[1,1785,2135,1,"M105 D1 M225 D2 M17","NODE_4714_length_5447_cov_5.661278:hsp:29521:3.2.0.0",9083,"NODE_4714_length_5447_cov_5.661278","est2genome","TRINITY_DN5604_c0_g1_i2 1681 2027 +","match_part"],[1,2362,2440,1,"M13 I1 M65","NODE_4714_length_5447_cov_5.661278:hsp:29522:3.2.0.0",9083,"NODE_4714_length_5447_cov_5.661278","est2genome","TRINITY_DN5604_c0_g1_i2 2028 2106 +","match_part"]],"2109","expressed_sequence_match"],[0,0,2440,1,"88.68","99.3","NODE_4714_length_5447_cov_5.661278:hit:8346:3.2.0.0","TRINITY_DN5604_c0_g1_i8",9387,"NODE_4714_length_5447_cov_5.661278","est2genome",[[1,0,447,1,"M447","NODE_4714_length_5447_cov_5.661278:hsp:29523:3.2.0.0",9387,"NODE_4714_length_5447_cov_5.661278","est2genome","TRINITY_DN5604_c0_g1_i8 243 689 +","match_part"],[1,514,1393,1,"M879","NODE_4714_length_5447_cov_5.661278:hsp:29524:3.2.0.0",9387,"NODE_4714_length_5447_cov_5.661278","est2genome","TRINITY_DN5604_c0_g1_i8 690 1568 +","match_part"],[1,1469,1548,1,"M79","NODE_4714_length_5447_cov_5.661278:hsp:29525:3.2.0.0",9387,"NODE_4714_length_5447_cov_5.661278","est2genome","TRINITY_DN5604_c0_g1_i8 1569 1647 +","match_part"],[1,1627,1715,1,"M88","NODE_4714_length_5447_cov_5.661278:hsp:29526:3.2.0.0",9387,"NODE_4714_length_5447_cov_5.661278","est2genome","TRINITY_DN5604_c0_g1_i8 1648 1735 +","match_part"],[1,1785,2135,1,"M105 D1 M225 D2 M17","NODE_4714_length_5447_cov_5.661278:hsp:29527:3.2.0.0",9387,"NODE_4714_length_5447_cov_5.661278","est2genome","TRINITY_DN5604_c0_g1_i8 1736 2082 +","match_part"],[1,2362,2440,1,"M13 I1 M65","NODE_4714_length_5447_cov_5.661278:hsp:29528:3.2.0.0",9387,"NODE_4714_length_5447_cov_5.661278","est2genome","TRINITY_DN5604_c0_g1_i8 2083 2161 +","match_part"]],"2164","expressed_sequence_match"],[0,628,2440,1,"99.77","98.8","NODE_4714_length_5447_cov_5.661278:hit:8347:3.2.0.0","TRINITY_DN5604_c0_g1_i4",6168,"NODE_4714_length_5447_cov_5.661278","est2genome",[[1,628,1260,1,"M632","NODE_4714_length_5447_cov_5.661278:hsp:29529:3.2.0.0",6168,"NODE_4714_length_5447_cov_5.661278","est2genome","TRINITY_DN5604_c0_g1_i4 1 632 +","match_part"],[1,1336,1393,1,"M57","NODE_4714_length_5447_cov_5.661278:hsp:29530:3.2.0.0",6168,"NODE_4714_length_5447_cov_5.661278","est2genome","TRINITY_DN5604_c0_g1_i4 633 689 +","match_part"],[1,1469,1548,1,"M79","NODE_4714_length_5447_cov_5.661278:hsp:29531:3.2.0.0",6168,"NODE_4714_length_5447_cov_5.661278","est2genome","TRINITY_DN5604_c0_g1_i4 690 768 +","match_part"],[1,1627,1715,1,"M88","NODE_4714_length_5447_cov_5.661278:hsp:29532:3.2.0.0",6168,"NODE_4714_length_5447_cov_5.661278","est2genome","TRINITY_DN5604_c0_g1_i4 769 856 +","match_part"],[1,1785,2135,1,"M105 D1 M225 D2 M17","NODE_4714_length_5447_cov_5.661278:hsp:29533:3.2.0.0",6168,"NODE_4714_length_5447_cov_5.661278","est2genome","TRINITY_DN5604_c0_g1_i4 857 1203 +","match_part"],[1,2362,2440,1,"M13 I1 M65","NODE_4714_length_5447_cov_5.661278:hsp:29534:3.2.0.0",6168,"NODE_4714_length_5447_cov_5.661278","est2genome","TRINITY_DN5604_c0_g1_i4 1204 1282 +","match_part"]],