{"featureCount":10,"formatVersion":1,"histograms":{"meta":[{"arrayParams":{"chunkSize":10000,"length":3,"urlTemplate":"hist-5000-{Chunk}.json"},"basesPerBin":"5000"}],"stats":[{"basesPerBin":"5000","max":7,"mean":4}]},"intervals":{"classes":[{"attributes":["Start","End","Strand","Id","Name","Score","Seq_id","Source","Subfeatures","Target_length","Type"],"isArrayAttr":{"Subfeatures":1}},{"attributes":["Start","End","Strand","Gap","Id","Score","Seq_id","Source","Target","Type"],"isArrayAttr":{}},{"attributes":["Start","End","Chunk"],"isArrayAttr":{"Sublist":1}}],"count":10,"lazyClass":2,"maxEnd":11272,"minStart":2294,"nclist":[[0,2294,2491,-1,"NODE_2046_length_11291_cov_7.885356:hit:1425:3.2.0.0","TRINITY_DN42086_c0_g1_i1",155,"NODE_2046_length_11291_cov_7.885356","blastn",[[1,2294,2491,-1,"M197","NODE_2046_length_11291_cov_7.885356:hsp:6044:3.2.0.0",155,"NODE_2046_length_11291_cov_7.885356","blastn","TRINITY_DN42086_c0_g1_i1 61 257 +","match_part"]],"257","expressed_sequence_match"],[0,2463,4789,1,"NODE_2046_length_11291_cov_7.885356:hit:1426:3.2.0.0","TRINITY_DN27568_c0_g1_i1",315,"NODE_2046_length_11291_cov_7.885356","blastn",[[1,2463,2778,1,"M315","NODE_2046_length_11291_cov_7.885356:hsp:6045:3.2.0.0",315,"NODE_2046_length_11291_cov_7.885356","blastn","TRINITY_DN27568_c0_g1_i1 1 315 +","match_part"],[1,2848,2922,1,"M74","NODE_2046_length_11291_cov_7.885356:hsp:6046:3.2.0.0",74,"NODE_2046_length_11291_cov_7.885356","blastn","TRINITY_DN27568_c0_g1_i1 315 388 +","match_part"],[1,3001,3046,1,"M45","NODE_2046_length_11291_cov_7.885356:hsp:6047:3.2.0.0",45,"NODE_2046_length_11291_cov_7.885356","blastn","TRINITY_DN27568_c0_g1_i1 383 427 +","match_part"],[1,3110,3229,1,"M119","NODE_2046_length_11291_cov_7.885356:hsp:6048:3.2.0.0",119,"NODE_2046_length_11291_cov_7.885356","blastn","TRINITY_DN27568_c0_g1_i1 427 545 +","match_part"],[1,3396,3461,1,"M65","NODE_2046_length_11291_cov_7.885356:hsp:6049:3.2.0.0",65,"NODE_2046_length_11291_cov_7.885356","blastn","TRINITY_DN27568_c0_g1_i1 564 628 +","match_part"],[1,3587,3683,1,"M96","NODE_2046_length_11291_cov_7.885356:hsp:6050:3.2.0.0",96,"NODE_2046_length_11291_cov_7.885356","blastn","TRINITY_DN27568_c0_g1_i1 629 724 +","match_part"],[1,3776,3857,1,"M81","NODE_2046_length_11291_cov_7.885356:hsp:6051:3.2.0.0",69,"NODE_2046_length_11291_cov_7.885356","blastn","TRINITY_DN27568_c0_g1_i1 724 804 +","match_part"],[1,3925,4596,1,"M671","NODE_2046_length_11291_cov_7.885356:hsp:6052:3.2.0.0",671,"NODE_2046_length_11291_cov_7.885356","blastn","TRINITY_DN27568_c0_g1_i1 804 1474 +","match_part"],[1,4721,4789,1,"M68","NODE_2046_length_11291_cov_7.885356:hsp:6053:3.2.0.0",68,"NODE_2046_length_11291_cov_7.885356","blastn","TRINITY_DN27568_c0_g1_i1 1475 1542 +","match_part"]],"1550","expressed_sequence_match"],[0,7135,7560,-1,"NODE_2046_length_11291_cov_7.885356:hit:1427:3.2.0.0","TRINITY_DN8039_c0_g1_i1",199,"NODE_2046_length_11291_cov_7.885356","blastn",[[1,7343,7560,-1,"M217","NODE_2046_length_11291_cov_7.885356:hsp:6054:3.2.0.0",199,"NODE_2046_length_11291_cov_7.885356","blastn","TRINITY_DN8039_c0_g1_i1 48 264 +","match_part"],[1,7135,7215,-1,"M80","NODE_2046_length_11291_cov_7.885356:hsp:6055:3.2.0.0",80,"NODE_2046_length_11291_cov_7.885356","blastn","TRINITY_DN8039_c0_g1_i1 265 344 +","match_part"]],"344","expressed_sequence_match"],[0,7190,8038,-1,"NODE_2046_length_11291_cov_7.885356:hit:1428:3.2.0.0","TRINITY_DN8039_c0_g1_i7",180,"NODE_2046_length_11291_cov_7.885356","blastn",[[1,7709,8038,-1,"M154 D8 M167","NODE_2046_length_11291_cov_7.885356:hsp:6056:3.2.0.0",180,"NODE_2046_length_11291_cov_7.885356","blastn","TRINITY_DN8039_c0_g1_i7 1 321 +","match_part"],[1,7667,7698,-1,"M31","NODE_2046_length_11291_cov_7.885356:hsp:6057:3.2.0.0",31,"NODE_2046_length_11291_cov_7.885356","blastn","TRINITY_DN8039_c0_g1_i7 321 351 +","match_part"],[1,7462,7536,-1,"M74","NODE_2046_length_11291_cov_7.885356:hsp:6058:3.2.0.0",62,"NODE_2046_length_11291_cov_7.885356","blastn","TRINITY_DN8039_c0_g1_i7 486 559 +","match_part"],[1,7190,7283,-1,"M93","NODE_2046_length_11291_cov_7.885356:hsp:6059:3.2.0.0",87,"NODE_2046_length_11291_cov_7.885356","blastn","TRINITY_DN8039_c0_g1_i7 736 828 +","match_part"]],"828","expressed_sequence_match"],[0,7190,8038,-1,"NODE_2046_length_11291_cov_7.885356:hit:1429:3.2.0.0","TRINITY_DN8039_c0_g1_i10",180,"NODE_2046_length_11291_cov_7.885356","blastn",[[1,7709,8038,-1,"M154 D8 M167","NODE_2046_length_11291_cov_7.885356:hsp:6060:3.2.0.0",180,"NODE_2046_length_11291_cov_7.885356","blastn","TRINITY_DN8039_c0_g1_i10 1 321 +","match_part"],[1,7667,7698,-1,"M31","NODE_2046_length_11291_cov_7.885356:hsp:6061:3.2.0.0",31,"NODE_2046_length_11291_cov_7.885356","blastn","TRINITY_DN8039_c0_g1_i10 321 351 +","match_part"],[1,7460,7536,-1,"M76","NODE_2046_length_11291_cov_7.885356:hsp:6062:3.2.0.0",64,"NODE_2046_length_11291_cov_7.885356","blastn","TRINITY_DN8039_c0_g1_i10 486 561 +","match_part"],[1,7190,7394,-1,"M204","NODE_2046_length_11291_cov_7.885356:hsp:6063:3.2.0.0",186,"NODE_2046_length_11291_cov_7.885356","blastn","TRINITY_DN8039_c0_g1_i10 623 826 +","match_part"]],"826","expressed_sequence_match",{"Sublist":[[0,7190,7560,-1,"NODE_2046_length_11291_cov_7.885356:hit:1430:3.2.0.0","TRINITY_DN8039_c0_g1_i5",215,"NODE_2046_length_11291_cov_7.885356","blastn",[[1,7190,7560,-1,"M150 D1 M219","NODE_2046_length_11291_cov_7.885356:hsp:6064:3.2.0.0",215,"NODE_2046_length_11291_cov_7.885356","blastn","TRINITY_DN8039_c0_g1_i5 48 416 +","match_part"]],"416","expressed_sequence_match",{"Sublist":[[0,7190,7475,-1,"NODE_2046_length_11291_cov_7.885356:hit:1431:3.2.0.0","TRINITY_DN8039_c0_g1_i6",66,"NODE_2046_length_11291_cov_7.885356","blastn",[[1,7308,7475,-1,"M65 D1 M101","NODE_2046_length_11291_cov_7.885356:hsp:6065:3.2.0.0",66,"NODE_2046_length_11291_cov_7.885356","blastn","TRINITY_DN8039_c0_g1_i6 41 206 +","match_part"],[1,7190,7283,-1,"M93","NODE_2046_length_11291_cov_7.885356:hsp:6066:3.2.0.0",87,"NODE_2046_length_11291_cov_7.885356","blastn","TRINITY_DN8039_c0_g1_i6 232 324 +","match_part"]],"324","expressed_sequence_match"]]}]]}],[0,7874,10674,-1,"NODE_2046_length_11291_cov_7.885356:hit:1432:3.2.0.0","TRINITY_DN4777_c0_g1_i1",507,"NODE_2046_length_11291_cov_7.885356","blastn",[[1,10097,10674,-1,"M29 I3 M4 I1 M24 D1 M104 D2 M413","NODE_2046_length_11291_cov_7.885356:hsp:6067:3.2.0.0",507,"NODE_2046_length_11291_cov_7.885356","blastn","TRINITY_DN4777_c0_g1_i1 7 584 +","match_part"],[1,9514,9995,-1,"M481","NODE_2046_length_11291_cov_7.885356:hsp:6068:3.2.0.0",475,"NODE_2046_length_11291_cov_7.885356","blastn","TRINITY_DN4777_c0_g1_i1 585 1065 +","match_part"],[1,9149,9420,-1,"M271","NODE_2046_length_11291_cov_7.885356:hsp:6069:3.2.0.0",259,"NODE_2046_length_11291_cov_7.885356","blastn","TRINITY_DN4777_c0_g1_i1 1065 1335 +","match_part"],[1,7874,9043,-1,"M531 D5 M97 D1 M479 I1 M56","NODE_2046_length_11291_cov_7.885356:hsp:6070:3.2.0.0",1029,"NODE_2046_length_11291_cov_7.885356","blastn","TRINITY_DN4777_c0_g1_i1 1334 2497 +","match_part"]],"2497","expressed_sequence_match"],[0,7874,10674,-1,"NODE_2046_length_11291_cov_7.885356:hit:1433:3.2.0.0","TRINITY_DN4777_c0_g1_i2",507,"NODE_2046_length_11291_cov_7.885356","blastn",[[1,10097,10674,-1,"M29 I3 M4 I1 M24 D1 M104 D2 M413","NODE_2046_length_11291_cov_7.885356:hsp:6071:3.2.0.0",507,"NODE_2046_length_11291_cov_7.885356","blastn","TRINITY_DN4777_c0_g1_i2 7 584 +","match_part"],[1,9514,9995,-1,"M481","NODE_2046_length_11291_cov_7.885356:hsp:6072:3.2.0.0",475,"NODE_2046_length_11291_cov_7.885356","blastn","TRINITY_DN4777_c0_g1_i2 585 1065 +","match_part"],[1,9149,9420,-1,"M271","NODE_2046_length_11291_cov_7.885356:hsp:6073:3.2.0.0",259,"NODE_2046_length_11291_cov_7.885356","blastn","TRINITY_DN4777_c0_g1_i2 1065 1335 +","match_part"],[1,7874,9043,-1,"M633 D1 M479 I1 M56","NODE_2046_length_11291_cov_7.885356:hsp:6074:3.2.0.0",1064,"NODE_2046_length_11291_cov_7.885356","blastn","TRINITY_DN4777_c0_g1_i2 1334 2502 +","match_part"]],