{"featureCount":9,"formatVersion":1,"histograms":{"meta":[{"arrayParams":{"chunkSize":10000,"length":3,"urlTemplate":"hist-1000-{Chunk}.json"},"basesPerBin":"1000"}],"stats":[{"basesPerBin":"1000","max":9,"mean":7}]},"intervals":{"classes":[{"attributes":["Start","End","Strand","Aligned_coverage","Aligned_identity","Id","Name","Score","Seq_id","Source","Subfeatures","Target_length","Type"],"isArrayAttr":{"Subfeatures":1}},{"attributes":["Start","End","Strand","Gap","Id","Score","Seq_id","Source","Target","Type"],"isArrayAttr":{}},{"attributes":["Start","End","Chunk"],"isArrayAttr":{"Sublist":1}}],"count":9,"lazyClass":2,"maxEnd":2686,"minStart":528,"nclist":[[0,528,2686,-1,"100","96.5","NODE_7415_length_2932_cov_7.542246:hit:10979:3.2.0.0","TRINITY_DN7049_c0_g1_i9",7259,"NODE_7415_length_2932_cov_7.542246","est2genome",[[1,2344,2686,-1,"M46 I3 M88 D1 M61 D1 M3 D1 M50 I1 M91","NODE_7415_length_2932_cov_7.542246:hsp:32462:3.2.0.0",7259,"NODE_7415_length_2932_cov_7.542246","est2genome","TRINITY_DN7049_c0_g1_i9 1 343 +","match_part"],[1,2204,2225,-1,"M21","NODE_7415_length_2932_cov_7.542246:hsp:32463:3.2.0.0",7259,"NODE_7415_length_2932_cov_7.542246","est2genome","TRINITY_DN7049_c0_g1_i9 344 364 +","match_part"],[1,2018,2125,-1,"M107","NODE_7415_length_2932_cov_7.542246:hsp:32464:3.2.0.0",7259,"NODE_7415_length_2932_cov_7.542246","est2genome","TRINITY_DN7049_c0_g1_i9 365 471 +","match_part"],[1,1911,1938,-1,"M27","NODE_7415_length_2932_cov_7.542246:hsp:32465:3.2.0.0",7259,"NODE_7415_length_2932_cov_7.542246","est2genome","TRINITY_DN7049_c0_g1_i9 472 498 +","match_part"],[1,1746,1849,-1,"M103","NODE_7415_length_2932_cov_7.542246:hsp:32466:3.2.0.0",7259,"NODE_7415_length_2932_cov_7.542246","est2genome","TRINITY_DN7049_c0_g1_i9 499 601 +","match_part"],[1,1580,1672,-1,"M92","NODE_7415_length_2932_cov_7.542246:hsp:32467:3.2.0.0",7259,"NODE_7415_length_2932_cov_7.542246","est2genome","TRINITY_DN7049_c0_g1_i9 602 693 +","match_part"],[1,1383,1501,-1,"M118","NODE_7415_length_2932_cov_7.542246:hsp:32468:3.2.0.0",7259,"NODE_7415_length_2932_cov_7.542246","est2genome","TRINITY_DN7049_c0_g1_i9 694 811 +","match_part"],[1,528,1290,-1,"M409 I1 M27 I4 M1 I5 M64 I3 M2 I1 M58 D1 M200","NODE_7415_length_2932_cov_7.542246:hsp:32469:3.2.0.0",7259,"NODE_7415_length_2932_cov_7.542246","est2genome","TRINITY_DN7049_c0_g1_i9 812 1586 +","match_part"]],"1586","expressed_sequence_match"],[0,528,2686,-1,"100","96.5","NODE_7415_length_2932_cov_7.542246:hit:10980:3.2.0.0","TRINITY_DN7049_c0_g1_i4",7593,"NODE_7415_length_2932_cov_7.542246","est2genome",[[1,2344,2686,-1,"M46 I3 M150 D2 M53 I1 M91","NODE_7415_length_2932_cov_7.542246:hsp:32470:3.2.0.0",7593,"NODE_7415_length_2932_cov_7.542246","est2genome","TRINITY_DN7049_c0_g1_i4 1 344 +","match_part"],[1,2204,2225,-1,"M21","NODE_7415_length_2932_cov_7.542246:hsp:32471:3.2.0.0",7593,"NODE_7415_length_2932_cov_7.542246","est2genome","TRINITY_DN7049_c0_g1_i4 345 365 +","match_part"],[1,2018,2125,-1,"M107","NODE_7415_length_2932_cov_7.542246:hsp:32472:3.2.0.0",7593,"NODE_7415_length_2932_cov_7.542246","est2genome","TRINITY_DN7049_c0_g1_i4 366 472 +","match_part"],[1,1746,1938,-1,"M64 D1 M127","NODE_7415_length_2932_cov_7.542246:hsp:32473:3.2.0.0",7593,"NODE_7415_length_2932_cov_7.542246","est2genome","TRINITY_DN7049_c0_g1_i4 473 663 +","match_part"],[1,1580,1672,-1,"M92","NODE_7415_length_2932_cov_7.542246:hsp:32474:3.2.0.0",7593,"NODE_7415_length_2932_cov_7.542246","est2genome","TRINITY_DN7049_c0_g1_i4 664 755 +","match_part"],[1,1383,1501,-1,"M118","NODE_7415_length_2932_cov_7.542246:hsp:32475:3.2.0.0",7593,"NODE_7415_length_2932_cov_7.542246","est2genome","TRINITY_DN7049_c0_g1_i4 756 873 +","match_part"],[1,528,1290,-1,"M409 I1 M27 I4 M1 I5 M64 I3 M2 I1 M58 D1 M200","NODE_7415_length_2932_cov_7.542246:hsp:32476:3.2.0.0",7593,"NODE_7415_length_2932_cov_7.542246","est2genome","TRINITY_DN7049_c0_g1_i4 874 1648 +","match_part"]],"1648","expressed_sequence_match"],[0,528,2686,-1,"100","96.7","NODE_7415_length_2932_cov_7.542246:hit:10981:3.2.0.0","TRINITY_DN7049_c0_g1_i6",7161,"NODE_7415_length_2932_cov_7.542246","est2genome",[[1,2642,2686,-1,"M44","NODE_7415_length_2932_cov_7.542246:hsp:32477:3.2.0.0",7161,"NODE_7415_length_2932_cov_7.542246","est2genome","TRINITY_DN7049_c0_g1_i6 1 44 +","match_part"],[1,2344,2558,-1,"M6 D1 M61 D1 M3 D1 M50 I1 M91","NODE_7415_length_2932_cov_7.542246:hsp:32478:3.2.0.0",7161,"NODE_7415_length_2932_cov_7.542246","est2genome","TRINITY_DN7049_c0_g1_i6 45 256 +","match_part"],[1,2204,2225,-1,"M21","NODE_7415_length_2932_cov_7.542246:hsp:32479:3.2.0.0",7161,"NODE_7415_length_2932_cov_7.542246","est2genome","TRINITY_DN7049_c0_g1_i6 257 277 +","match_part"],[1,2018,2125,-1,"M107","NODE_7415_length_2932_cov_7.542246:hsp:32480:3.2.0.0",7161,"NODE_7415_length_2932_cov_7.542246","est2genome","TRINITY_DN7049_c0_g1_i6 278 384 +","match_part"],[1,1746,1938,-1,"M64 D1 M127","NODE_7415_length_2932_cov_7.542246:hsp:32481:3.2.0.0",7161,"NODE_7415_length_2932_cov_7.542246","est2genome","TRINITY_DN7049_c0_g1_i6 385 575 +","match_part"],[1,1580,1672,-1,"M92","NODE_7415_length_2932_cov_7.542246:hsp:32482:3.2.0.0",7161,"NODE_7415_length_2932_cov_7.542246","est2genome","TRINITY_DN7049_c0_g1_i6 576 667 +","match_part"],[1,1383,1501,-1,"M118","NODE_7415_length_2932_cov_7.542246:hsp:32483:3.2.0.0",7161,"NODE_7415_length_2932_cov_7.542246","est2genome","TRINITY_DN7049_c0_g1_i6 668 785 +","match_part"],[1,528,1290,-1,"M409 I1 M27 I4 M1 I5 M64 I3 M2 I1 M58 D1 M200","NODE_7415_length_2932_cov_7.542246:hsp:32484:3.2.0.0",7161,"NODE_7415_length_2932_cov_7.542246","est2genome","TRINITY_DN7049_c0_g1_i6 786 1560 +","match_part"]],"1560","expressed_sequence_match"],[0,528,2686,-1,"100","96.7","NODE_7415_length_2932_cov_7.542246:hit:10982:3.2.0.0","TRINITY_DN7049_c0_g1_i2",6852,"NODE_7415_length_2932_cov_7.542246","est2genome",[[1,2642,2686,-1,"M44","NODE_7415_length_2932_cov_7.542246:hsp:32485:3.2.0.0",6852,"NODE_7415_length_2932_cov_7.542246","est2genome","TRINITY_DN7049_c0_g1_i2 1 44 +","match_part"],[1,2344,2558,-1,"M6 D1 M61 D1 M3 D1 M50 I1 M91","NODE_7415_length_2932_cov_7.542246:hsp:32486:3.2.0.0",6852,"NODE_7415_length_2932_cov_7.542246","est2genome","TRINITY_DN7049_c0_g1_i2 45 256 +","match_part"],[1,2204,2225,-1,"M21","NODE_7415_length_2932_cov_7.542246:hsp:32487:3.2.0.0",6852,"NODE_7415_length_2932_cov_7.542246","est2genome","TRINITY_DN7049_c0_g1_i2 257 277 +","match_part"],[1,2018,2125,-1,"M107","NODE_7415_length_2932_cov_7.542246:hsp:32488:3.2.0.0",6852,"NODE_7415_length_2932_cov_7.542246","est2genome","TRINITY_DN7049_c0_g1_i2 278 384 +","match_part"],[1,1911,1938,-1,"M27","NODE_7415_length_2932_cov_7.542246:hsp:32489:3.2.0.0",6852,"NODE_7415_length_2932_cov_7.542246","est2genome","TRINITY_DN7049_c0_g1_i2 385 411 +","match_part"],[1,1746,1849,-1,"M103","NODE_7415_length_2932_cov_7.542246:hsp:32490:3.2.0.0",6852,"NODE_7415_length_2932_cov_7.542246","est2genome","TRINITY_DN7049_c0_g1_i2 412 514 +","match_part"],[1,1580,1672,-1,"M92","NODE_7415_length_2932_cov_7.542246:hsp:32491:3.2.0.0",6852,"NODE_7415_length_2932_cov_7.542246","est2genome","TRINITY_DN7049_c0_g1_i2 515 606 +","match_part"],[1,1383,1501,-1,"M118","NODE_7415_length_2932_cov_7.542246:hsp:32492:3.2.0.0",6852,"NODE_7415_length_2932_cov_7.542246","est2genome","TRINITY_DN7049_c0_g1_i2 607 724 +","match_part"],[1,528,1290,-1,"M409 I1 M27 I4 M1 I5 M64 I3 M2 I1 M58 D1 M200","NODE_7415_length_2932_cov_7.542246:hsp:32493:3.2.0.0",6852,"NODE_7415_length_2932_cov_7.542246","est2genome","TRINITY_DN7049_c0_g1_i2 725 1499 +","match_part"]],