{"featureCount":2,"formatVersion":1,"histograms":{"meta":[{"arrayParams":{"chunkSize":10000,"length":1,"urlTemplate":"hist-10000-{Chunk}.json"},"basesPerBin":"10000"}],"stats":[{"basesPerBin":"10000","max":2,"mean":2}]},"intervals":{"classes":[{"attributes":["Start","End","Strand","Id","Name","Score","Seq_id","Source","Subfeatures","Target_length","Type"],"isArrayAttr":{"Subfeatures":1}},{"attributes":["Start","End","Strand","Gap","Id","Score","Seq_id","Source","Target","Type"],"isArrayAttr":{}},{"attributes":["Start","End","Chunk"],"isArrayAttr":{"Sublist":1}}],"count":2,"lazyClass":2,"maxEnd":5636,"minStart":1552,"nclist":[[0,1552,3905,1,"NODE_3375_length_7214_cov_11.253771:hit:31330:4.5.0.0","augustus-NODE_3375_length_7214_cov_11.253771-abinit-gene-0.0-mRNA-1",0.19,"NODE_3375_length_7214_cov_11.253771","augustus",[[1,1552,1617,1,"M65","NODE_3375_length_7214_cov_11.253771:hsp:132433:4.5.0.0",0.19,"NODE_3375_length_7214_cov_11.253771","augustus","augustus-NODE_3375_length_7214_cov_11.253771-abinit-gene-0.0-mRNA-1 1 65 +","match_part"],[1,1870,2506,1,"M636","NODE_3375_length_7214_cov_11.253771:hsp:132434:4.5.0.0",0.19,"NODE_3375_length_7214_cov_11.253771","augustus","augustus-NODE_3375_length_7214_cov_11.253771-abinit-gene-0.0-mRNA-1 66 701 +","match_part"],[1,2569,3274,1,"M705","NODE_3375_length_7214_cov_11.253771:hsp:132435:4.5.0.0",0.19,"NODE_3375_length_7214_cov_11.253771","augustus","augustus-NODE_3375_length_7214_cov_11.253771-abinit-gene-0.0-mRNA-1 702 1406 +","match_part"],[1,3363,3529,1,"M166","NODE_3375_length_7214_cov_11.253771:hsp:132436:4.5.0.0",0.19,"NODE_3375_length_7214_cov_11.253771","augustus","augustus-NODE_3375_length_7214_cov_11.253771-abinit-gene-0.0-mRNA-1 1407 1572 +","match_part"],[1,3602,3728,1,"M126","NODE_3375_length_7214_cov_11.253771:hsp:132437:4.5.0.0",0.19,"NODE_3375_length_7214_cov_11.253771","augustus","augustus-NODE_3375_length_7214_cov_11.253771-abinit-gene-0.0-mRNA-1 1573 1698 +","match_part"],[1,3788,3905,1,"M117","NODE_3375_length_7214_cov_11.253771:hsp:132438:4.5.0.0",0.19,"NODE_3375_length_7214_cov_11.253771","augustus","augustus-NODE_3375_length_7214_cov_11.253771-abinit-gene-0.0-mRNA-1 1699 1815 +","match_part"]],"7214","match"],[0,4026,5636,-1,"NODE_3375_length_7214_cov_11.253771:hit:31332:4.5.0.0","augustus-NODE_3375_length_7214_cov_11.253771-abinit-gene-0.1-mRNA-1",0.92,"NODE_3375_length_7214_cov_11.253771","augustus",[[1,5163,5636,-1,"M473","NODE_3375_length_7214_cov_11.253771:hsp:132445:4.5.0.0",0.92,"NODE_3375_length_7214_cov_11.253771","augustus","augustus-NODE_3375_length_7214_cov_11.253771-abinit-gene-0.1-mRNA-1 998 1470 +","match_part"],[1,4546,5095,-1,"M549","NODE_3375_length_7214_cov_11.253771:hsp:132446:4.5.0.0",0.92,"NODE_3375_length_7214_cov_11.253771","augustus","augustus-NODE_3375_length_7214_cov_11.253771-abinit-gene-0.1-mRNA-1 449 997 +","match_part"],[1,4026,4474,-1,"M448","NODE_3375_length_7214_cov_11.253771:hsp:132447:4.5.0.0",0.92,"NODE_3375_length_7214_cov_11.253771","augustus","augustus-NODE_3375_length_7214_cov_11.253771-abinit-gene-0.1-mRNA-1 1 448 +","match_part"]],"7214","match"]],"urlTemplate":"lf-{Chunk}.json"}}