{"featureCount":3,"formatVersion":1,"histograms":{"meta":[{"arrayParams":{"chunkSize":10000,"length":1,"urlTemplate":"hist-5000-{Chunk}.json"},"basesPerBin":"5000"}],"stats":[{"basesPerBin":"5000","max":3,"mean":3}]},"intervals":{"classes":[{"attributes":["Start","End","Strand","Id","Name","Score","Seq_id","Source","Subfeatures","Target_length","Type"],"isArrayAttr":{"Subfeatures":1}},{"attributes":["Start","End","Strand","Gap","Id","Score","Seq_id","Source","Target","Type"],"isArrayAttr":{}},{"attributes":["Start","End","Chunk"],"isArrayAttr":{"Sublist":1}}],"count":3,"lazyClass":2,"maxEnd":2652,"minStart":965,"nclist":[[0,965,1608,1,"NODE_6829_length_3350_cov_2.265591:hit:6966:3.2.0.0","TRINITY_DN4151_c0_g1_i4",265,"NODE_6829_length_3350_cov_2.265591","blastn",[[1,965,1266,1,"M301","NODE_6829_length_3350_cov_2.265591:hsp:21636:3.2.0.0",265,"NODE_6829_length_3350_cov_2.265591","blastn","TRINITY_DN4151_c0_g1_i4 1 301 +","match_part"],[1,1381,1608,1,"M227","NODE_6829_length_3350_cov_2.265591:hsp:21637:3.2.0.0",185,"NODE_6829_length_3350_cov_2.265591","blastn","TRINITY_DN4151_c0_g1_i4 299 525 +","match_part"]],"528","expressed_sequence_match"],[0,1022,1608,1,"NODE_6829_length_3350_cov_2.265591:hit:6967:3.2.0.0","TRINITY_DN4151_c0_g1_i3",226,"NODE_6829_length_3350_cov_2.265591","blastn",[[1,1022,1266,1,"M244","NODE_6829_length_3350_cov_2.265591:hsp:21638:3.2.0.0",226,"NODE_6829_length_3350_cov_2.265591","blastn","TRINITY_DN4151_c0_g1_i3 1 244 +","match_part"],[1,1381,1608,1,"M227","NODE_6829_length_3350_cov_2.265591:hsp:21639:3.2.0.0",185,"NODE_6829_length_3350_cov_2.265591","blastn","TRINITY_DN4151_c0_g1_i3 242 468 +","match_part"]],"471","expressed_sequence_match"],[0,2227,2652,-1,"NODE_6829_length_3350_cov_2.265591:hit:6968:3.2.0.0","TRINITY_DN21277_c0_g1_i1",383,"NODE_6829_length_3350_cov_2.265591","blastn",[[1,2227,2652,-1,"M425","NODE_6829_length_3350_cov_2.265591:hsp:21640:3.2.0.0",383,"NODE_6829_length_3350_cov_2.265591","blastn","TRINITY_DN21277_c0_g1_i1 1 425 +","match_part"]],"553","expressed_sequence_match"]],"urlTemplate":"lf-{Chunk}.json"}}