{"featureCount":2,"formatVersion":1,"histograms":{"meta":[{"arrayParams":{"chunkSize":10000,"length":1,"urlTemplate":"hist-20000-{Chunk}.json"},"basesPerBin":"20000"}],"stats":[{"basesPerBin":"20000","max":2,"mean":2}]},"intervals":{"classes":[{"attributes":["Start","End","Strand","Id","Name","Seq_id","Source","Subfeatures","Target_length","Type"],"isArrayAttr":{"Subfeatures":1}},{"attributes":["Start","End","Strand","Gap","Id","Seq_id","Source","Target","Type"],"isArrayAttr":{}},{"attributes":["Start","End","Strand","Id","Seq_id","Source","Target","Type"],"isArrayAttr":{}},{"attributes":["Start","End","Chunk"],"isArrayAttr":{"Sublist":1}}],"count":2,"lazyClass":3,"maxEnd":10031,"minStart":4073,"nclist":[[0,4073,5909,1,"NODE_1834_length_12233_cov_7.491905:hit:118116:4.5.0.0","genemark-NODE_1834_length_12233_cov_7.491905-abinit-gene-0.0-mRNA-1","NODE_1834_length_12233_cov_7.491905","genemark",[[1,4073,4108,1,"M35","NODE_1834_length_12233_cov_7.491905:hsp:584904:4.5.0.0","NODE_1834_length_12233_cov_7.491905","genemark","genemark-NODE_1834_length_12233_cov_7.491905-abinit-gene-0.0-mRNA-1 1 35 +","match_part"],[1,4179,4320,1,"M141","NODE_1834_length_12233_cov_7.491905:hsp:584905:4.5.0.0","NODE_1834_length_12233_cov_7.491905","genemark","genemark-NODE_1834_length_12233_cov_7.491905-abinit-gene-0.0-mRNA-1 36 176 +","match_part"],[1,4400,4602,1,"M202","NODE_1834_length_12233_cov_7.491905:hsp:584906:4.5.0.0","NODE_1834_length_12233_cov_7.491905","genemark","genemark-NODE_1834_length_12233_cov_7.491905-abinit-gene-0.0-mRNA-1 177 378 +","match_part"],[1,4688,4766,1,"M78","NODE_1834_length_12233_cov_7.491905:hsp:584907:4.5.0.0","NODE_1834_length_12233_cov_7.491905","genemark","genemark-NODE_1834_length_12233_cov_7.491905-abinit-gene-0.0-mRNA-1 379 456 +","match_part"],[1,4848,4944,1,"M96","NODE_1834_length_12233_cov_7.491905:hsp:584908:4.5.0.0","NODE_1834_length_12233_cov_7.491905","genemark","genemark-NODE_1834_length_12233_cov_7.491905-abinit-gene-0.0-mRNA-1 457 552 +","match_part"],[1,5015,5126,1,"M111","NODE_1834_length_12233_cov_7.491905:hsp:584909:4.5.0.0","NODE_1834_length_12233_cov_7.491905","genemark","genemark-NODE_1834_length_12233_cov_7.491905-abinit-gene-0.0-mRNA-1 553 663 +","match_part"],[1,5234,5364,1,"M130","NODE_1834_length_12233_cov_7.491905:hsp:584910:4.5.0.0","NODE_1834_length_12233_cov_7.491905","genemark","genemark-NODE_1834_length_12233_cov_7.491905-abinit-gene-0.0-mRNA-1 664 793 +","match_part"],[1,5437,5645,1,"M208","NODE_1834_length_12233_cov_7.491905:hsp:584911:4.5.0.0","NODE_1834_length_12233_cov_7.491905","genemark","genemark-NODE_1834_length_12233_cov_7.491905-abinit-gene-0.0-mRNA-1 794 1001 +","match_part"],[1,5710,5909,1,"M199","NODE_1834_length_12233_cov_7.491905:hsp:584912:4.5.0.0","NODE_1834_length_12233_cov_7.491905","genemark","genemark-NODE_1834_length_12233_cov_7.491905-abinit-gene-0.0-mRNA-1 1002 1200 +","match_part"]],"12233","match"],[0,8492,10031,-1,"NODE_1834_length_12233_cov_7.491905:hit:118119:4.5.0.0","genemark-NODE_1834_length_12233_cov_7.491905-abinit-gene-0.1-mRNA-1","NODE_1834_length_12233_cov_7.491905","genemark",[[1,9899,10031,-1,"M132","NODE_1834_length_12233_cov_7.491905:hsp:584928:4.5.0.0","NODE_1834_length_12233_cov_7.491905","genemark","genemark-NODE_1834_length_12233_cov_7.491905-abinit-gene-0.1-mRNA-1 868 999 +","match_part"],[1,9573,9681,-1,"M108","NODE_1834_length_12233_cov_7.491905:hsp:584929:4.5.0.0","NODE_1834_length_12233_cov_7.491905","genemark","genemark-NODE_1834_length_12233_cov_7.491905-abinit-gene-0.1-mRNA-1 760 867 +","match_part"],[1,9423,9509,-1,"M86","NODE_1834_length_12233_cov_7.491905:hsp:584930:4.5.0.0","NODE_1834_length_12233_cov_7.491905","genemark","genemark-NODE_1834_length_12233_cov_7.491905-abinit-gene-0.1-mRNA-1 674 759 +","match_part"],[1,9242,9355,-1,"M113","NODE_1834_length_12233_cov_7.491905:hsp:584931:4.5.0.0","NODE_1834_length_12233_cov_7.491905","genemark","genemark-NODE_1834_length_12233_cov_7.491905-abinit-gene-0.1-mRNA-1 561 673 +","match_part"],[1,8858,9120,-1,"M262","NODE_1834_length_12233_cov_7.491905:hsp:584932:4.5.0.0","NODE_1834_length_12233_cov_7.491905","genemark","genemark-NODE_1834_length_12233_cov_7.491905-abinit-gene-0.1-mRNA-1 299 560 +","match_part"],[1,8492,8790,-1,"M298","NODE_1834_length_12233_cov_7.491905:hsp:584933:4.5.0.0","NODE_1834_length_12233_cov_7.491905","genemark","genemark-NODE_1834_length_12233_cov_7.491905-abinit-gene-0.1-mRNA-1 1 298 +","match_part"]],"12233","match"]],"urlTemplate":"lf-{Chunk}.json"}}