{"featureCount":10,"formatVersion":1,"histograms":{"meta":[{"arrayParams":{"chunkSize":10000,"length":3,"urlTemplate":"hist-1000-{Chunk}.json"},"basesPerBin":"1000"}],"stats":[{"basesPerBin":"1000","max":10,"mean":9}]},"intervals":{"classes":[{"attributes":["Start","End","Strand","Aligned_coverage","Aligned_identity","Id","Name","Score","Seq_id","Source","Subfeatures","Target_length","Type"],"isArrayAttr":{"Subfeatures":1}},{"attributes":["Start","End","Strand","Gap","Id","Score","Seq_id","Source","Target","Type"],"isArrayAttr":{}},{"attributes":["Start","End","Chunk"],"isArrayAttr":{"Sublist":1}}],"count":10,"lazyClass":2,"maxEnd":2936,"minStart":687,"nclist":[[0,687,2453,1,"99.52","99.3","NODE_7149_length_3106_cov_1.847936:hit:9162:3.2.0.0","TRINITY_DN127_c0_g1_i2",7105,"NODE_7149_length_3106_cov_1.847936","est2genome",[[1,687,822,1,"M23 D1 M111","NODE_7149_length_3106_cov_1.847936:hsp:27643:3.2.0.0",7105,"NODE_7149_length_3106_cov_1.847936","est2genome","TRINITY_DN127_c0_g1_i2 1 134 +","match_part"],[1,966,1026,1,"M60","NODE_7149_length_3106_cov_1.847936:hsp:27644:3.2.0.0",7105,"NODE_7149_length_3106_cov_1.847936","est2genome","TRINITY_DN127_c0_g1_i2 135 194 +","match_part"],[1,1103,1901,1,"M798","NODE_7149_length_3106_cov_1.847936:hsp:27645:3.2.0.0",7105,"NODE_7149_length_3106_cov_1.847936","est2genome","TRINITY_DN127_c0_g1_i2 195 992 +","match_part"],[1,1995,2453,1,"M458","NODE_7149_length_3106_cov_1.847936:hsp:27646:3.2.0.0",7105,"NODE_7149_length_3106_cov_1.847936","est2genome","TRINITY_DN127_c0_g1_i2 993 1450 +","match_part"]],"1457","expressed_sequence_match"],[0,687,2453,1,"99.54","96.8","NODE_7149_length_3106_cov_1.847936:hit:9163:3.2.0.0","TRINITY_DN127_c0_g1_i8",7060,"NODE_7149_length_3106_cov_1.847936","est2genome",[[1,687,1026,1,"M23 D1 M315","NODE_7149_length_3106_cov_1.847936:hsp:27647:3.2.0.0",7060,"NODE_7149_length_3106_cov_1.847936","est2genome","TRINITY_DN127_c0_g1_i8 1 338 +","match_part"],[1,1103,1682,1,"M579","NODE_7149_length_3106_cov_1.847936:hsp:27648:3.2.0.0",7060,"NODE_7149_length_3106_cov_1.847936","est2genome","TRINITY_DN127_c0_g1_i8 339 917 +","match_part"],[1,1760,1901,1,"M88 I2 M53","NODE_7149_length_3106_cov_1.847936:hsp:27649:3.2.0.0",7060,"NODE_7149_length_3106_cov_1.847936","est2genome","TRINITY_DN127_c0_g1_i8 918 1060 +","match_part"],[1,1995,2453,1,"M458","NODE_7149_length_3106_cov_1.847936:hsp:27650:3.2.0.0",7060,"NODE_7149_length_3106_cov_1.847936","est2genome","TRINITY_DN127_c0_g1_i8 1061 1518 +","match_part"]],"1525","expressed_sequence_match"],[0,687,2453,1,"99.51","99.3","NODE_7149_length_3106_cov_1.847936:hit:9164:3.2.0.0","TRINITY_DN127_c0_g1_i9",7005,"NODE_7149_length_3106_cov_1.847936","est2genome",[[1,687,822,1,"M23 D1 M111","NODE_7149_length_3106_cov_1.847936:hsp:27651:3.2.0.0",7005,"NODE_7149_length_3106_cov_1.847936","est2genome","TRINITY_DN127_c0_g1_i9 1 134 +","match_part"],[1,966,1026,1,"M60","NODE_7149_length_3106_cov_1.847936:hsp:27652:3.2.0.0",7005,"NODE_7149_length_3106_cov_1.847936","est2genome","TRINITY_DN127_c0_g1_i9 135 194 +","match_part"],[1,1124,1901,1,"M777","NODE_7149_length_3106_cov_1.847936:hsp:27653:3.2.0.0",7005,"NODE_7149_length_3106_cov_1.847936","est2genome","TRINITY_DN127_c0_g1_i9 195 971 +","match_part"],[1,1995,2453,1,"M458","NODE_7149_length_3106_cov_1.847936:hsp:27654:3.2.0.0",7005,"NODE_7149_length_3106_cov_1.847936","est2genome","TRINITY_DN127_c0_g1_i9 972 1429 +","match_part"]],"1436","expressed_sequence_match"],[0,687,2453,1,"99.49","96.5","NODE_7149_length_3106_cov_1.847936:hit:9165:3.2.0.0","TRINITY_DN127_c0_g1_i10",6334,"NODE_7149_length_3106_cov_1.847936","est2genome",[[1,687,822,1,"M23 D1 M111","NODE_7149_length_3106_cov_1.847936:hsp:27655:3.2.0.0",6334,"NODE_7149_length_3106_cov_1.847936","est2genome","TRINITY_DN127_c0_g1_i10 1 134 +","match_part"],[1,966,1026,1,"M60","NODE_7149_length_3106_cov_1.847936:hsp:27656:3.2.0.0",6334,"NODE_7149_length_3106_cov_1.847936","est2genome","TRINITY_DN127_c0_g1_i10 135 194 +","match_part"],[1,1103,1682,1,"M579","NODE_7149_length_3106_cov_1.847936:hsp:27657:3.2.0.0",6334,"NODE_7149_length_3106_cov_1.847936","est2genome","TRINITY_DN127_c0_g1_i10 195 773 +","match_part"],[1,1760,1901,1,"M88 I2 M53","NODE_7149_length_3106_cov_1.847936:hsp:27658:3.2.0.0",6334,"NODE_7149_length_3106_cov_1.847936","est2genome","TRINITY_DN127_c0_g1_i10 774 916 +","match_part"],[1,1995,2453,1,"M458","NODE_7149_length_3106_cov_1.847936:hsp:27659:3.2.0.0",6334,"NODE_7149_length_3106_cov_1.847936","est2genome","TRINITY_DN127_c0_g1_i10 917 1374 +","match_part"]],"1381","expressed_sequence_match"],[0,687,2453,1,"99.53","96.7","NODE_7149_length_3106_cov_1.847936:hit:9166:3.2.0.0","TRINITY_DN127_c0_g1_i4",6960,"NODE_7149_length_3106_cov_1.847936","est2genome",[[1,687,1026,1,"M23 D1 M315","NODE_7149_length_3106_cov_1.847936:hsp:27660:3.2.0.0",6960,"NODE_7149_length_3106_cov_1.847936","est2genome","TRINITY_DN127_c0_g1_i4 1 338 +","match_part"],[1,1124,1682,1,"M558","NODE_7149_length_3106_cov_1.847936:hsp:27661:3.2.0.0",6960,"NODE_7149_length_3106_cov_1.847936","est2genome","TRINITY_DN127_c0_g1_i4 339 896 +","match_part"],[1,1760,1901,1,"M88 I2 M53","NODE_7149_length_3106_cov_1.847936:hsp:27662:3.2.0.0",6960,"NODE_7149_length_3106_cov_1.847936","est2genome","TRINITY_DN127_c0_g1_i4 897 1039 +","match_part"],[1,1995,2453,1,"M458","NODE_7149_length_3106_cov_1.847936:hsp:27663:3.2.0.0",6960,"NODE_7149_length_3106_cov_1.847936","est2genome","TRINITY_DN127_c0_g1_i4 1040 1497 +","match_part"]],"1504","expressed_sequence_match"],[0,687,2453,1,"99.58","99.3","NODE_7149_length_3106_cov_1.847936:hit:9167:3.2.0.0","TRINITY_DN127_c0_g1_i5",8236,"NODE_7149_length_3106_cov_1.847936","est2genome",[[1,687,1901,1,"M23 D1 M1190","NODE_7149_length_3106_cov_1.847936:hsp:27664:3.2.0.0",8236,"NODE_7149_length_3106_cov_1.847936","est2genome","TRINITY_DN127_c0_g1_i5 1 1213 +","match_part"],[1,1995,2453,1,"M458","NODE_7149_length_3106_cov_1.847936:hsp:27665:3.2.0.0",8236,"NODE_7149_length_3106_cov_1.847936","est2genome","TRINITY_DN127_c0_g1_i5 1214 1671 +","match_part"]],"1678","expressed_sequence_match"],[0,687,2453,1,"99.56","99.3","NODE_7149_length_3106_cov_1.847936:hit:9168:3.2.0.0","TRINITY_DN127_c0_g1_i6",7731,"NODE_7149_length_3106_cov_1.847936","est2genome",[[1,687,1026,1,"M23 D1 M315","NODE_7149_length_3106_cov_1.847936:hsp:27666:3.2.0.0",7731,"NODE_7149_length_3106_cov_1.847936","est2genome","TRINITY_DN127_c0_g1_i6 1 338 +","match_part"],[1,1124,1901,1,"M777","NODE_7149_length_3106_cov_1.847936:hsp:27667:3.2.0.0",7731,"NODE_7149_length_3106_cov_1.847936","est2genome","TRINITY_DN127_c0_g1_i6 339 1115 +","match_part"],[1,1995,2453,1,"M458","NODE_7149_length_3106_cov_1.847936:hsp:27668:3.2.0.0",7731,"NODE_7149_length_3106_cov_1.847936","est2genome","TRINITY_DN127_c0_g1_i6 1116 1573 +","match_part"]],"1580","expressed_sequence_match"],[0,687,2453,1,"99.56","99.3","NODE_7149_length_3106_cov_1.847936:hit:9169:3.2.0.0","TRINITY_DN127_c0_g1_i1",7831,"NODE_7149_length_3106_cov_1.847936","est2genome",[[1,687,1026,1,"M23 D1 M315","NODE_7149_length_3106_cov_1.847936:hsp:27669:3.2.0.0",7831,"NODE_7149_length_3106_cov_1.847936","est2genome","TRINITY_DN127_c0_g1_i1 1 338 +","match_part"],[1,1103,1901,1,"M798","NODE_7149_length_3106_cov_1.847936:hsp:27670:3.2.0.0",7831,"NODE_7149_length_3106_cov_1.847936","est2genome","TRINITY_DN127_c0_g1_i1 339 1136 +","match_part"],[1,1995,2453,1,"M458","NODE_7149_length_3106_cov_1.847936:hsp:27671:3.2.0.0",7831,"NODE_7149_length_3106_cov_1.847936","est2genome","TRINITY_DN127_c0_g1_i1 1137 1594 +","match_part"]],"1601","expressed_sequence_match"],[0,1878,2453,-1,"98.8","97.6","NODE_7149_length_3106_cov_1.847936:hit:9170:3.2.0.0","TRINITY_DN127_c0_g1_i7",2749,"NODE_7149_length_3106_cov_1.847936","est2genome",[[1,1878,2453,-1,"M575","NODE_7149_length_3106_cov_1.847936:hsp:27672:3.2.0.0",2749,"NODE_7149_length_3106_cov_1.847936","est2genome","TRINITY_DN127_c0_g1_i7 1 575 -","match_part"]],