{"featureCount":6,"formatVersion":1,"histograms":{"meta":[{"arrayParams":{"chunkSize":10000,"length":2,"urlTemplate":"hist-5000-{Chunk}.json"},"basesPerBin":"5000"}],"stats":[{"basesPerBin":"5000","max":6,"mean":3}]},"intervals":{"classes":[{"attributes":["Start","End","Strand","Aligned_coverage","Aligned_identity","Id","Name","Score","Seq_id","Source","Subfeatures","Target_length","Type"],"isArrayAttr":{"Subfeatures":1}},{"attributes":["Start","End","Strand","Gap","Id","Score","Seq_id","Source","Target","Type"],"isArrayAttr":{}},{"attributes":["Start","End","Chunk"],"isArrayAttr":{"Sublist":1}}],"count":6,"lazyClass":2,"maxEnd":5891,"minStart":5155,"nclist":[[0,5155,5891,-1,"90.26","96","NODE_4291_length_5891_cov_3.988029:hit:3289:3.2.0.0","TRINITY_DN7283_c0_g1_i4",3030,"NODE_4291_length_5891_cov_3.988029","est2genome",[[1,5697,5891,-1,"M194","NODE_4291_length_5891_cov_3.988029:hsp:11710:3.2.0.0",3030,"NODE_4291_length_5891_cov_3.988029","est2genome","TRINITY_DN7283_c0_g1_i4 63 256 +","match_part"],[1,5155,5613,-1,"M141 I4 M92 I2 M225","NODE_4291_length_5891_cov_3.988029:hsp:11711:3.2.0.0",3030,"NODE_4291_length_5891_cov_3.988029","est2genome","TRINITY_DN7283_c0_g1_i4 257 720 +","match_part"]],"729","expressed_sequence_match"],[0,5155,5891,1,"91.28","97.4","NODE_4291_length_5891_cov_3.988029:hit:3290:3.2.0.0","TRINITY_DN7283_c0_g1_i5",3457,"NODE_4291_length_5891_cov_3.988029","est2genome",[[1,5155,5891,1,"M228 I1 M191 I4 M92 I2 M225","NODE_4291_length_5891_cov_3.988029:hsp:11712:3.2.0.0",3457,"NODE_4291_length_5891_cov_3.988029","est2genome","TRINITY_DN7283_c0_g1_i5 63 805 -","match_part"]],"814","expressed_sequence_match"],[0,5155,5891,-1,"90.26","96.5","NODE_4291_length_5891_cov_3.988029:hit:3291:3.2.0.0","TRINITY_DN7283_c0_g1_i7",3057,"NODE_4291_length_5891_cov_3.988029","est2genome",[[1,5697,5891,-1,"M194","NODE_4291_length_5891_cov_3.988029:hsp:11713:3.2.0.0",3057,"NODE_4291_length_5891_cov_3.988029","est2genome","TRINITY_DN7283_c0_g1_i7 63 256 +","match_part"],[1,5155,5613,-1,"M141 I4 M92 I2 M225","NODE_4291_length_5891_cov_3.988029:hsp:11714:3.2.0.0",3057,"NODE_4291_length_5891_cov_3.988029","est2genome","TRINITY_DN7283_c0_g1_i7 257 720 +","match_part"]],"729","expressed_sequence_match"],[0,5155,5891,-1,"88.75","97.1","NODE_4291_length_5891_cov_3.988029:hit:3292:3.2.0.0","TRINITY_DN7283_c0_g1_i3",2620,"NODE_4291_length_5891_cov_3.988029","est2genome",[[1,5697,5891,-1,"M194","NODE_4291_length_5891_cov_3.988029:hsp:11715:3.2.0.0",2620,"NODE_4291_length_5891_cov_3.988029","est2genome","TRINITY_DN7283_c0_g1_i3 63 256 +","match_part"],[1,5438,5613,-1,"M141 I4 M34","NODE_4291_length_5891_cov_3.988029:hsp:11716:3.2.0.0",2620,"NODE_4291_length_5891_cov_3.988029","est2genome","TRINITY_DN7283_c0_g1_i3 257 435 +","match_part"],[1,5155,5342,-1,"M187","NODE_4291_length_5891_cov_3.988029:hsp:11717:3.2.0.0",2620,"NODE_4291_length_5891_cov_3.988029","est2genome","TRINITY_DN7283_c0_g1_i3 436 622 +","match_part"]],"631","expressed_sequence_match"],[0,5155,5891,1,"91.28","97","NODE_4291_length_5891_cov_3.988029:hit:3293:3.2.0.0","TRINITY_DN7283_c0_g1_i8",3430,"NODE_4291_length_5891_cov_3.988029","est2genome",[[1,5155,5891,1,"M228 I1 M191 I4 M92 I2 M225","NODE_4291_length_5891_cov_3.988029:hsp:11718:3.2.0.0",3430,"NODE_4291_length_5891_cov_3.988029","est2genome","TRINITY_DN7283_c0_g1_i8 63 805 -","match_part"]],"814","expressed_sequence_match"],[0,5155,5891,-1,"90.26","96.5","NODE_4291_length_5891_cov_3.988029:hit:3294:3.2.0.0","TRINITY_DN7283_c0_g1_i10",3057,"NODE_4291_length_5891_cov_3.988029","est2genome",[[1,5697,5891,-1,"M194","NODE_4291_length_5891_cov_3.988029:hsp:11719:3.2.0.0",3057,"NODE_4291_length_5891_cov_3.988029","est2genome","TRINITY_DN7283_c0_g1_i10 63 256 +","match_part"],[1,5155,5613,-1,"M141 I4 M92 I2 M225","NODE_4291_length_5891_cov_3.988029:hsp:11720:3.2.0.0",3057,"NODE_4291_length_5891_cov_3.988029","est2genome","TRINITY_DN7283_c0_g1_i10 257 720 +","match_part"]],"729","expressed_sequence_match"]],"urlTemplate":"lf-{Chunk}.json"}}