{"featureCount":2,"formatVersion":1,"histograms":{"meta":[{"arrayParams":{"chunkSize":10000,"length":1,"urlTemplate":"hist-10000-{Chunk}.json"},"basesPerBin":"10000"}],"stats":[{"basesPerBin":"10000","max":2,"mean":2}]},"intervals":{"classes":[{"attributes":["Start","End","Strand","Id","Name","Seq_id","Source","Subfeatures","Target_length","Type"],"isArrayAttr":{"Subfeatures":1}},{"attributes":["Start","End","Strand","Gap","Id","Seq_id","Source","Target","Type"],"isArrayAttr":{}},{"attributes":["Start","End","Strand","Id","Seq_id","Source","Target","Type"],"isArrayAttr":{}},{"attributes":["Start","End","Chunk"],"isArrayAttr":{"Sublist":1}}],"count":2,"lazyClass":3,"maxEnd":5661,"minStart":176,"nclist":[[0,176,2133,1,"NODE_4528_length_5671_cov_1.059885:hit:5954:4.5.0.0","genemark-NODE_4528_length_5671_cov_1.059885-abinit-gene-0.9-mRNA-1","NODE_4528_length_5671_cov_1.059885","genemark",[[1,176,1093,1,"M917","NODE_4528_length_5671_cov_1.059885:hsp:20934:4.5.0.0","NODE_4528_length_5671_cov_1.059885","genemark","genemark-NODE_4528_length_5671_cov_1.059885-abinit-gene-0.9-mRNA-1 1 917 +","match_part"],[1,1169,1468,1,"M299","NODE_4528_length_5671_cov_1.059885:hsp:20935:4.5.0.0","NODE_4528_length_5671_cov_1.059885","genemark","genemark-NODE_4528_length_5671_cov_1.059885-abinit-gene-0.9-mRNA-1 918 1216 +","match_part"],[1,1530,1690,1,"M160","NODE_4528_length_5671_cov_1.059885:hsp:20936:4.5.0.0","NODE_4528_length_5671_cov_1.059885","genemark","genemark-NODE_4528_length_5671_cov_1.059885-abinit-gene-0.9-mRNA-1 1217 1376 +","match_part"],[1,1767,1780,1,"M13","NODE_4528_length_5671_cov_1.059885:hsp:20937:4.5.0.0","NODE_4528_length_5671_cov_1.059885","genemark","genemark-NODE_4528_length_5671_cov_1.059885-abinit-gene-0.9-mRNA-1 1377 1389 +","match_part"],[1,1887,2133,1,"M246","NODE_4528_length_5671_cov_1.059885:hsp:20938:4.5.0.0","NODE_4528_length_5671_cov_1.059885","genemark","genemark-NODE_4528_length_5671_cov_1.059885-abinit-gene-0.9-mRNA-1 1390 1635 +","match_part"]],"5671","match"],[0,2256,5661,-1,"NODE_4528_length_5671_cov_1.059885:hit:5959:4.5.0.0","genemark-NODE_4528_length_5671_cov_1.059885-abinit-gene-0.10-mRNA-1","NODE_4528_length_5671_cov_1.059885","genemark",[[1,5525,5661,-1,"M136","NODE_4528_length_5671_cov_1.059885:hsp:20950:4.5.0.0","NODE_4528_length_5671_cov_1.059885","genemark","genemark-NODE_4528_length_5671_cov_1.059885-abinit-gene-0.10-mRNA-1 2766 2901 +","match_part"],[1,5336,5453,-1,"M117","NODE_4528_length_5671_cov_1.059885:hsp:20951:4.5.0.0","NODE_4528_length_5671_cov_1.059885","genemark","genemark-NODE_4528_length_5671_cov_1.059885-abinit-gene-0.10-mRNA-1 2649 2765 +","match_part"],[1,5128,5252,-1,"M124","NODE_4528_length_5671_cov_1.059885:hsp:20952:4.5.0.0","NODE_4528_length_5671_cov_1.059885","genemark","genemark-NODE_4528_length_5671_cov_1.059885-abinit-gene-0.10-mRNA-1 2525 2648 +","match_part"],[1,4883,5068,-1,"M185","NODE_4528_length_5671_cov_1.059885:hsp:20953:4.5.0.0","NODE_4528_length_5671_cov_1.059885","genemark","genemark-NODE_4528_length_5671_cov_1.059885-abinit-gene-0.10-mRNA-1 2340 2524 +","match_part"],[1,3469,4820,-1,"M1351","NODE_4528_length_5671_cov_1.059885:hsp:20954:4.5.0.0","NODE_4528_length_5671_cov_1.059885","genemark","genemark-NODE_4528_length_5671_cov_1.059885-abinit-gene-0.10-mRNA-1 989 2339 +","match_part"],[1,3303,3402,-1,"M99","NODE_4528_length_5671_cov_1.059885:hsp:20955:4.5.0.0","NODE_4528_length_5671_cov_1.059885","genemark","genemark-NODE_4528_length_5671_cov_1.059885-abinit-gene-0.10-mRNA-1 890 988 +","match_part"],[1,3029,3230,-1,"M201","NODE_4528_length_5671_cov_1.059885:hsp:20956:4.5.0.0","NODE_4528_length_5671_cov_1.059885","genemark","genemark-NODE_4528_length_5671_cov_1.059885-abinit-gene-0.10-mRNA-1 689 889 +","match_part"],[1,2256,2944,-1,"M688","NODE_4528_length_5671_cov_1.059885:hsp:20957:4.5.0.0","NODE_4528_length_5671_cov_1.059885","genemark","genemark-NODE_4528_length_5671_cov_1.059885-abinit-gene-0.10-mRNA-1 1 688 +","match_part"]],"5671","match"]],"urlTemplate":"lf-{Chunk}.json"}}