{"featureCount":3,"formatVersion":1,"histograms":{"meta":[{"arrayParams":{"chunkSize":10000,"length":1,"urlTemplate":"hist-5000-{Chunk}.json"},"basesPerBin":"5000"}],"stats":[{"basesPerBin":"5000","max":3,"mean":3}]},"intervals":{"classes":[{"attributes":["Start","End","Strand","Aligned_coverage","Aligned_identity","Id","Name","Score","Seq_id","Source","Subfeatures","Target_length","Type"],"isArrayAttr":{"Subfeatures":1}},{"attributes":["Start","End","Strand","Gap","Id","Score","Seq_id","Source","Target","Type"],"isArrayAttr":{}},{"attributes":["Start","End","Chunk"],"isArrayAttr":{"Sublist":1}}],"count":3,"lazyClass":2,"maxEnd":3678,"minStart":1605,"nclist":[[0,1605,2743,1,"100","97.8","NODE_3169_length_7690_cov_6.589713:hit:27665:3.2.0.0","TRINITY_DN4032_c0_g1_i5",4777,"NODE_3169_length_7690_cov_6.589713","est2genome",[[1,1605,2063,1,"M458","NODE_3169_length_7690_cov_6.589713:hsp:117522:3.2.0.0",4777,"NODE_3169_length_7690_cov_6.589713","est2genome","TRINITY_DN4032_c0_g1_i5 545 1002 -","match_part"],[1,2142,2356,1,"M214","NODE_3169_length_7690_cov_6.589713:hsp:117523:3.2.0.0",4777,"NODE_3169_length_7690_cov_6.589713","est2genome","TRINITY_DN4032_c0_g1_i5 331 544 -","match_part"],[1,2413,2743,1,"M330","NODE_3169_length_7690_cov_6.589713:hsp:117524:3.2.0.0",4777,"NODE_3169_length_7690_cov_6.589713","est2genome","TRINITY_DN4032_c0_g1_i5 1 330 -","match_part"]],"1002","expressed_sequence_match"],[0,1605,2743,1,"100","99","NODE_3169_length_7690_cov_6.589713:hit:27666:3.2.0.0","TRINITY_DN4032_c0_g1_i6",4552,"NODE_3169_length_7690_cov_6.589713","est2genome",[[1,1605,2063,1,"M458","NODE_3169_length_7690_cov_6.589713:hsp:117525:3.2.0.0",4552,"NODE_3169_length_7690_cov_6.589713","est2genome","TRINITY_DN4032_c0_g1_i6 480 937 -","match_part"],[1,2142,2356,1,"M214","NODE_3169_length_7690_cov_6.589713:hsp:117526:3.2.0.0",4552,"NODE_3169_length_7690_cov_6.589713","est2genome","TRINITY_DN4032_c0_g1_i6 266 479 -","match_part"],[1,2413,2519,1,"M106","NODE_3169_length_7690_cov_6.589713:hsp:117527:3.2.0.0",4552,"NODE_3169_length_7690_cov_6.589713","est2genome","TRINITY_DN4032_c0_g1_i6 160 265 -","match_part"],[1,2584,2743,1,"M159","NODE_3169_length_7690_cov_6.589713:hsp:117528:3.2.0.0",4552,"NODE_3169_length_7690_cov_6.589713","est2genome","TRINITY_DN4032_c0_g1_i6 1 159 -","match_part"]],"937","expressed_sequence_match"],[0,3369,3678,1,"100","94.5","NODE_3169_length_7690_cov_6.589713:hit:27667:3.2.0.0","TRINITY_DN15633_c0_g1_i1",1280,"NODE_3169_length_7690_cov_6.589713","est2genome",[[1,3369,3678,1,"M19 I6 M23 I10 M39 I1 M17 D4 M102 I1 M105","NODE_3169_length_7690_cov_6.589713:hsp:117529:3.2.0.0",1280,"NODE_3169_length_7690_cov_6.589713","est2genome","TRINITY_DN15633_c0_g1_i1 1 323 -","match_part"]],"323","expressed_sequence_match"]],"urlTemplate":"lf-{Chunk}.json"}}