{"featureCount":1,"formatVersion":1,"histograms":{"meta":[{"arrayParams":{"chunkSize":10000,"length":1,"urlTemplate":"hist-20000-{Chunk}.json"},"basesPerBin":"20000"}],"stats":[{"basesPerBin":"20000","max":1,"mean":1}]},"intervals":{"classes":[{"attributes":["Start","End","Strand","Id","Name","Score","Seq_id","Source","Subfeatures","Target_length","Type"],"isArrayAttr":{"Subfeatures":1}},{"attributes":["Start","End","Strand","Gap","Id","Score","Seq_id","Source","Target","Type"],"isArrayAttr":{}},{"attributes":["Start","End","Chunk"],"isArrayAttr":{"Sublist":1}}],"count":1,"lazyClass":2,"maxEnd":5428,"minStart":511,"nclist":[[0,511,5428,-1,"NODE_3960_length_6324_cov_1.025819:hit:40389:4.5.0.0","augustus-NODE_3960_length_6324_cov_1.025819-abinit-gene-0.0-mRNA-1",0.32,"NODE_3960_length_6324_cov_1.025819","augustus",[[1,5140,5428,-1,"M288","NODE_3960_length_6324_cov_1.025819:hsp:163241:4.5.0.0",0.32,"NODE_3960_length_6324_cov_1.025819","augustus","augustus-NODE_3960_length_6324_cov_1.025819-abinit-gene-0.0-mRNA-1 3169 3456 +","match_part"],[1,4781,5056,-1,"M275","NODE_3960_length_6324_cov_1.025819:hsp:163242:4.5.0.0",0.32,"NODE_3960_length_6324_cov_1.025819","augustus","augustus-NODE_3960_length_6324_cov_1.025819-abinit-gene-0.0-mRNA-1 2894 3168 +","match_part"],[1,4486,4715,-1,"M229","NODE_3960_length_6324_cov_1.025819:hsp:163243:4.5.0.0",0.32,"NODE_3960_length_6324_cov_1.025819","augustus","augustus-NODE_3960_length_6324_cov_1.025819-abinit-gene-0.0-mRNA-1 2665 2893 +","match_part"],[1,4234,4416,-1,"M182","NODE_3960_length_6324_cov_1.025819:hsp:163244:4.5.0.0",0.32,"NODE_3960_length_6324_cov_1.025819","augustus","augustus-NODE_3960_length_6324_cov_1.025819-abinit-gene-0.0-mRNA-1 2483 2664 +","match_part"],[1,3651,4162,-1,"M511","NODE_3960_length_6324_cov_1.025819:hsp:163245:4.5.0.0",0.32,"NODE_3960_length_6324_cov_1.025819","augustus","augustus-NODE_3960_length_6324_cov_1.025819-abinit-gene-0.0-mRNA-1 1972 2482 +","match_part"],[1,3307,3567,-1,"M260","NODE_3960_length_6324_cov_1.025819:hsp:163246:4.5.0.0",0.32,"NODE_3960_length_6324_cov_1.025819","augustus","augustus-NODE_3960_length_6324_cov_1.025819-abinit-gene-0.0-mRNA-1 1712 1971 +","match_part"],[1,2920,3223,-1,"M303","NODE_3960_length_6324_cov_1.025819:hsp:163247:4.5.0.0",0.32,"NODE_3960_length_6324_cov_1.025819","augustus","augustus-NODE_3960_length_6324_cov_1.025819-abinit-gene-0.0-mRNA-1 1409 1711 +","match_part"],[1,1697,2752,-1,"M1055","NODE_3960_length_6324_cov_1.025819:hsp:163248:4.5.0.0",0.32,"NODE_3960_length_6324_cov_1.025819","augustus","augustus-NODE_3960_length_6324_cov_1.025819-abinit-gene-0.0-mRNA-1 354 1408 +","match_part"],[1,1325,1606,-1,"M281","NODE_3960_length_6324_cov_1.025819:hsp:163249:4.5.0.0",0.32,"NODE_3960_length_6324_cov_1.025819","augustus","augustus-NODE_3960_length_6324_cov_1.025819-abinit-gene-0.0-mRNA-1 73 353 +","match_part"],[1,637,695,-1,"M58","NODE_3960_length_6324_cov_1.025819:hsp:163250:4.5.0.0",0.32,"NODE_3960_length_6324_cov_1.025819","augustus","augustus-NODE_3960_length_6324_cov_1.025819-abinit-gene-0.0-mRNA-1 15 72 +","match_part"],[1,511,525,-1,"M14","NODE_3960_length_6324_cov_1.025819:hsp:163251:4.5.0.0",0.32,"NODE_3960_length_6324_cov_1.025819","augustus","augustus-NODE_3960_length_6324_cov_1.025819-abinit-gene-0.0-mRNA-1 1 14 +","match_part"]],"6324","match"]],"urlTemplate":"lf-{Chunk}.json"}}