{"featureCount":3,"formatVersion":1,"histograms":{"meta":[{"arrayParams":{"chunkSize":10000,"length":1,"urlTemplate":"hist-2000-{Chunk}.json"},"basesPerBin":"2000"}],"stats":[{"basesPerBin":"2000","max":3,"mean":3}]},"intervals":{"classes":[{"attributes":["Start","End","Strand","Aligned_coverage","Aligned_identity","Id","Name","Score","Seq_id","Source","Subfeatures","Target_length","Type"],"isArrayAttr":{"Subfeatures":1}},{"attributes":["Start","End","Strand","Gap","Id","Score","Seq_id","Source","Target","Type"],"isArrayAttr":{}},{"attributes":["Start","End","Chunk"],"isArrayAttr":{"Sublist":1}}],"count":3,"lazyClass":2,"maxEnd":1627,"minStart":51,"nclist":[[0,51,723,-1,"90.66","78.7","NODE_10288_length_1839_cov_11.957944:hit:1138:3.2.0.0","TRINITY_DN4040_c0_g1_i12",1953,"NODE_10288_length_1839_cov_11.957944","est2genome",[[1,51,723,-1,"M12 D1 M22 D1 M7 I1 M16 D2 M12 I1 M11 D1 M6 D5 M6 D1 M35 D2 M9 I2 M4 I4 M11 I1 M3 D1 M78 I2 M37 D1 M10 I1 M11 D1 M63 I1 M76 D1 M6 I1 M17 I1 M203","NODE_10288_length_1839_cov_11.957944:hsp:2576:3.2.0.0",1953,"NODE_10288_length_1839_cov_11.957944","est2genome","TRINITY_DN4040_c0_g1_i12 70 739 +","match_part"]],"739","expressed_sequence_match"],[0,1163,1373,-1,"100","99.5","NODE_10288_length_1839_cov_11.957944:hit:1139:3.2.0.0","TRINITY_DN40575_c0_g1_i1",1038,"NODE_10288_length_1839_cov_11.957944","est2genome",[[1,1163,1373,-1,"M206 I1 M4","NODE_10288_length_1839_cov_11.957944:hsp:2577:3.2.0.0",1038,"NODE_10288_length_1839_cov_11.957944","est2genome","TRINITY_DN40575_c0_g1_i1 1 211 +","match_part"]],"211","expressed_sequence_match"],[0,1402,1627,-1,"100","96.4","NODE_10288_length_1839_cov_11.957944:hit:1140:3.2.0.0","TRINITY_DN35691_c0_g1_i1",1053,"NODE_10288_length_1839_cov_11.957944","est2genome",[[1,1402,1627,-1,"M225","NODE_10288_length_1839_cov_11.957944:hsp:2578:3.2.0.0",1053,"NODE_10288_length_1839_cov_11.957944","est2genome","TRINITY_DN35691_c0_g1_i1 1 225 +","match_part"]],"225","expressed_sequence_match"]],"urlTemplate":"lf-{Chunk}.json"}}