{"featureCount":4,"formatVersion":1,"histograms":{"meta":[{"arrayParams":{"chunkSize":10000,"length":2,"urlTemplate":"hist-20000-{Chunk}.json"},"basesPerBin":"20000"}],"stats":[{"basesPerBin":"20000","max":4,"mean":2.5}]},"intervals":{"classes":[{"attributes":["Start","End","Strand","Id","Name","Seq_id","Source","Subfeatures","Target_length","Type"],"isArrayAttr":{"Subfeatures":1}},{"attributes":["Start","End","Strand","Gap","Id","Seq_id","Source","Target","Type"],"isArrayAttr":{}},{"attributes":["Start","End","Strand","Id","Seq_id","Source","Target","Type"],"isArrayAttr":{}},{"attributes":["Start","End","Chunk"],"isArrayAttr":{"Sublist":1}}],"count":4,"lazyClass":3,"maxEnd":20754,"minStart":682,"nclist":[[0,682,6323,-1,"NODE_507_length_25435_cov_7.074878:hit:51028:4.5.0.0","genemark-NODE_507_length_25435_cov_7.074878-abinit-gene-0.7-mRNA-1","NODE_507_length_25435_cov_7.074878","genemark",[[1,6278,6323,-1,"M45","NODE_507_length_25435_cov_7.074878:hsp:266399:4.5.0.0","NODE_507_length_25435_cov_7.074878","genemark","genemark-NODE_507_length_25435_cov_7.074878-abinit-gene-0.7-mRNA-1 3484 3528 +","match_part"],[1,6097,6215,-1,"M118","NODE_507_length_25435_cov_7.074878:hsp:266400:4.5.0.0","NODE_507_length_25435_cov_7.074878","genemark","genemark-NODE_507_length_25435_cov_7.074878-abinit-gene-0.7-mRNA-1 3366 3483 +","match_part"],[1,5932,6016,-1,"M84","NODE_507_length_25435_cov_7.074878:hsp:266401:4.5.0.0","NODE_507_length_25435_cov_7.074878","genemark","genemark-NODE_507_length_25435_cov_7.074878-abinit-gene-0.7-mRNA-1 3282 3365 +","match_part"],[1,5722,5826,-1,"M104","NODE_507_length_25435_cov_7.074878:hsp:266402:4.5.0.0","NODE_507_length_25435_cov_7.074878","genemark","genemark-NODE_507_length_25435_cov_7.074878-abinit-gene-0.7-mRNA-1 3178 3281 +","match_part"],[1,5423,5624,-1,"M201","NODE_507_length_25435_cov_7.074878:hsp:266403:4.5.0.0","NODE_507_length_25435_cov_7.074878","genemark","genemark-NODE_507_length_25435_cov_7.074878-abinit-gene-0.7-mRNA-1 2977 3177 +","match_part"],[1,3836,4098,-1,"M262","NODE_507_length_25435_cov_7.074878:hsp:266404:4.5.0.0","NODE_507_length_25435_cov_7.074878","genemark","genemark-NODE_507_length_25435_cov_7.074878-abinit-gene-0.7-mRNA-1 2715 2976 +","match_part"],[1,3626,3763,-1,"M137","NODE_507_length_25435_cov_7.074878:hsp:266405:4.5.0.0","NODE_507_length_25435_cov_7.074878","genemark","genemark-NODE_507_length_25435_cov_7.074878-abinit-gene-0.7-mRNA-1 2578 2714 +","match_part"],[1,3355,3540,-1,"M185","NODE_507_length_25435_cov_7.074878:hsp:266406:4.5.0.0","NODE_507_length_25435_cov_7.074878","genemark","genemark-NODE_507_length_25435_cov_7.074878-abinit-gene-0.7-mRNA-1 2393 2577 +","match_part"],[1,1901,3288,-1,"M1387","NODE_507_length_25435_cov_7.074878:hsp:266407:4.5.0.0","NODE_507_length_25435_cov_7.074878","genemark","genemark-NODE_507_length_25435_cov_7.074878-abinit-gene-0.7-mRNA-1 1006 2392 +","match_part"],[1,1746,1845,-1,"M99","NODE_507_length_25435_cov_7.074878:hsp:266408:4.5.0.0","NODE_507_length_25435_cov_7.074878","genemark","genemark-NODE_507_length_25435_cov_7.074878-abinit-gene-0.7-mRNA-1 907 1005 +","match_part"],[1,1476,1674,-1,"M198","NODE_507_length_25435_cov_7.074878:hsp:266409:4.5.0.0","NODE_507_length_25435_cov_7.074878","genemark","genemark-NODE_507_length_25435_cov_7.074878-abinit-gene-0.7-mRNA-1 709 906 +","match_part"],[1,682,1390,-1,"M708","NODE_507_length_25435_cov_7.074878:hsp:266410:4.5.0.0","NODE_507_length_25435_cov_7.074878","genemark","genemark-NODE_507_length_25435_cov_7.074878-abinit-gene-0.7-mRNA-1 1 708 +","match_part"]],"25435","match"],[0,9616,10658,1,"NODE_507_length_25435_cov_7.074878:hit:51034:4.5.0.0","genemark-NODE_507_length_25435_cov_7.074878-abinit-gene-0.4-mRNA-1","NODE_507_length_25435_cov_7.074878","genemark",[[1,9616,10381,1,"M765","NODE_507_length_25435_cov_7.074878:hsp:266426:4.5.0.0","NODE_507_length_25435_cov_7.074878","genemark","genemark-NODE_507_length_25435_cov_7.074878-abinit-gene-0.4-mRNA-1 1 765 +","match_part"],[1,10460,10658,1,"M198","NODE_507_length_25435_cov_7.074878:hsp:266427:4.5.0.0","NODE_507_length_25435_cov_7.074878","genemark","genemark-NODE_507_length_25435_cov_7.074878-abinit-gene-0.4-mRNA-1 766 963 +","match_part"]],"25435","match"],[0,12216,13389,1,"NODE_507_length_25435_cov_7.074878:hit:51037:4.5.0.0","genemark-NODE_507_length_25435_cov_7.074878-abinit-gene-0.5-mRNA-1","NODE_507_length_25435_cov_7.074878","genemark",[[1,12216,12368,1,"M152","NODE_507_length_25435_cov_7.074878:hsp:266434:4.5.0.0","NODE_507_length_25435_cov_7.074878","genemark","genemark-NODE_507_length_25435_cov_7.074878-abinit-gene-0.5-mRNA-1 1 152 +","match_part"],[1,12460,12899,1,"M439","NODE_507_length_25435_cov_7.074878:hsp:266435:4.5.0.0","NODE_507_length_25435_cov_7.074878","genemark","genemark-NODE_507_length_25435_cov_7.074878-abinit-gene-0.5-mRNA-1 153 591 +","match_part"],[1,12996,13200,1,"M204","NODE_507_length_25435_cov_7.074878:hsp:266436:4.5.0.0","NODE_507_length_25435_cov_7.074878","genemark","genemark-NODE_507_length_25435_cov_7.074878-abinit-gene-0.5-mRNA-1 592 795 +","match_part"],[1,13269,13389,1,"M120","NODE_507_length_25435_cov_7.074878:hsp:266437:4.5.0.0","NODE_507_length_25435_cov_7.074878","genemark","genemark-NODE_507_length_25435_cov_7.074878-abinit-gene-0.5-mRNA-1 796 915 +","match_part"]],"25435","match"],[0,18559,20754,1,"NODE_507_length_25435_cov_7.074878:hit:51040:4.5.0.0","genemark-NODE_507_length_25435_cov_7.074878-abinit-gene-0.6-mRNA-1","NODE_507_length_25435_cov_7.074878","genemark",[[1,18559,18711,1,"M152","NODE_507_length_25435_cov_7.074878:hsp:266446:4.5.0.0","NODE_507_length_25435_cov_7.074878","genemark","genemark-NODE_507_length_25435_cov_7.074878-abinit-gene-0.6-mRNA-1 1 152 +","match_part"],[1,18802,19241,1,"M439","NODE_507_length_25435_cov_7.074878:hsp:266447:4.5.0.0","NODE_507_length_25435_cov_7.074878","genemark","genemark-NODE_507_length_25435_cov_7.074878-abinit-gene-0.6-mRNA-1 153 591 +","match_part"],[1,19347,19545,1,"M198","NODE_507_length_25435_cov_7.074878:hsp:266448:4.5.0.0","NODE_507_length_25435_cov_7.074878","genemark","genemark-NODE_507_length_25435_cov_7.074878-abinit-gene-0.6-mRNA-1 592 789 +","match_part"],[1,19614,19723,1,"M109","NODE_507_length_25435_cov_7.074878:hsp:266449:4.5.0.0","NODE_507_length_25435_cov_7.074878","genemark","genemark-NODE_507_length_25435_cov_7.074878-abinit-gene-0.6-mRNA-1 790 898 +","match_part"],[1,19781,19822,1,"M41","NODE_507_length_25435_cov_7.074878:hsp:266450:4.5.0.0","NODE_507_length_25435_cov_7.074878","genemark","genemark-NODE_507_length_25435_cov_7.074878-abinit-gene-0.6-mRNA-1 899 939 +","match_part"],[1,19954,20002,1,"M48","NODE_507_length_25435_cov_7.074878:hsp:266451:4.5.0.0","NODE_507_length_25435_cov_7.074878","genemark","genemark-NODE_507_length_25435_cov_7.074878-abinit-gene-0.6-mRNA-1 940 987 +","match_part"],[1,20088,20215,1,"M127","NODE_507_length_25435_cov_7.074878:hsp:266452:4.5.0.0","NODE_507_length_25435_cov_7.074878","genemark","genemark-NODE_507_length_25435_cov_7.074878-abinit-gene-0.6-mRNA-1 988 1114 +","match_part"],[1,20533,20754,1,"M221","NODE_507_length_25435_cov_7.074878:hsp:266453:4.5.0.0","NODE_507_length_25435_cov_7.074878","genemark","genemark-NODE_507_length_25435_cov_7.074878-abinit-gene-0.6-mRNA-1 1115 1335 +","match_part"]],"25435","match"]],"urlTemplate":"lf-{Chunk}.json"}}