{"featureCount":6,"formatVersion":1,"histograms":{"meta":[{"arrayParams":{"chunkSize":10000,"length":3,"urlTemplate":"hist-10000-{Chunk}.json"},"basesPerBin":"10000"}],"stats":[{"basesPerBin":"10000","max":3,"mean":2.33333333333333}]},"intervals":{"classes":[{"attributes":["Start","End","Strand","Id","Name","Score","Seq_id","Source","Subfeatures","Target_length","Type"],"isArrayAttr":{"Subfeatures":1}},{"attributes":["Start","End","Strand","Gap","Id","Score","Seq_id","Source","Target","Type"],"isArrayAttr":{}},{"attributes":["Start","End","Chunk"],"isArrayAttr":{"Sublist":1}}],"count":6,"lazyClass":2,"maxEnd":20278,"minStart":2,"nclist":[[0,2,2179,1,"NODE_665_length_22301_cov_6.578109:hit:62594:4.5.0.0","augustus-NODE_665_length_22301_cov_6.578109-abinit-gene-0.0-mRNA-1",0.13,"NODE_665_length_22301_cov_6.578109","augustus",[[1,2,66,1,"M64","NODE_665_length_22301_cov_6.578109:hsp:322414:4.5.0.0",0.13,"NODE_665_length_22301_cov_6.578109","augustus","augustus-NODE_665_length_22301_cov_6.578109-abinit-gene-0.0-mRNA-1 1 64 +","match_part"],[1,138,364,1,"M226","NODE_665_length_22301_cov_6.578109:hsp:322415:4.5.0.0",0.13,"NODE_665_length_22301_cov_6.578109","augustus","augustus-NODE_665_length_22301_cov_6.578109-abinit-gene-0.0-mRNA-1 65 290 +","match_part"],[1,591,907,1,"M316","NODE_665_length_22301_cov_6.578109:hsp:322416:4.5.0.0",0.13,"NODE_665_length_22301_cov_6.578109","augustus","augustus-NODE_665_length_22301_cov_6.578109-abinit-gene-0.0-mRNA-1 291 606 +","match_part"],[1,1001,1144,1,"M143","NODE_665_length_22301_cov_6.578109:hsp:322417:4.5.0.0",0.13,"NODE_665_length_22301_cov_6.578109","augustus","augustus-NODE_665_length_22301_cov_6.578109-abinit-gene-0.0-mRNA-1 607 749 +","match_part"],[1,1231,1322,1,"M91","NODE_665_length_22301_cov_6.578109:hsp:322418:4.5.0.0",0.13,"NODE_665_length_22301_cov_6.578109","augustus","augustus-NODE_665_length_22301_cov_6.578109-abinit-gene-0.0-mRNA-1 750 840 +","match_part"],[1,1410,1566,1,"M156","NODE_665_length_22301_cov_6.578109:hsp:322419:4.5.0.0",0.13,"NODE_665_length_22301_cov_6.578109","augustus","augustus-NODE_665_length_22301_cov_6.578109-abinit-gene-0.0-mRNA-1 841 996 +","match_part"],[1,1646,1770,1,"M124","NODE_665_length_22301_cov_6.578109:hsp:322420:4.5.0.0",0.13,"NODE_665_length_22301_cov_6.578109","augustus","augustus-NODE_665_length_22301_cov_6.578109-abinit-gene-0.0-mRNA-1 997 1120 +","match_part"],[1,1912,2022,1,"M110","NODE_665_length_22301_cov_6.578109:hsp:322421:4.5.0.0",0.13,"NODE_665_length_22301_cov_6.578109","augustus","augustus-NODE_665_length_22301_cov_6.578109-abinit-gene-0.0-mRNA-1 1121 1230 +","match_part"],[1,2128,2179,1,"M51","NODE_665_length_22301_cov_6.578109:hsp:322422:4.5.0.0",0.13,"NODE_665_length_22301_cov_6.578109","augustus","augustus-NODE_665_length_22301_cov_6.578109-abinit-gene-0.0-mRNA-1 1231 1281 +","match_part"]],"22301","match"],[0,3178,6479,1,"NODE_665_length_22301_cov_6.578109:hit:62599:4.5.0.0","augustus-NODE_665_length_22301_cov_6.578109-abinit-gene-0.1-mRNA-1",0.2,"NODE_665_length_22301_cov_6.578109","augustus",[[1,3178,3551,1,"M373","NODE_665_length_22301_cov_6.578109:hsp:322454:4.5.0.0",0.2,"NODE_665_length_22301_cov_6.578109","augustus","augustus-NODE_665_length_22301_cov_6.578109-abinit-gene-0.1-mRNA-1 1 373 +","match_part"],[1,3670,3964,1,"M294","NODE_665_length_22301_cov_6.578109:hsp:322455:4.5.0.0",0.2,"NODE_665_length_22301_cov_6.578109","augustus","augustus-NODE_665_length_22301_cov_6.578109-abinit-gene-0.1-mRNA-1 374 667 +","match_part"],[1,4542,4706,1,"M164","NODE_665_length_22301_cov_6.578109:hsp:322456:4.5.0.0",0.2,"NODE_665_length_22301_cov_6.578109","augustus","augustus-NODE_665_length_22301_cov_6.578109-abinit-gene-0.1-mRNA-1 668 831 +","match_part"],[1,4772,5285,1,"M513","NODE_665_length_22301_cov_6.578109:hsp:322457:4.5.0.0",0.2,"NODE_665_length_22301_cov_6.578109","augustus","augustus-NODE_665_length_22301_cov_6.578109-abinit-gene-0.1-mRNA-1 832 1344 +","match_part"],[1,5350,5537,1,"M187","NODE_665_length_22301_cov_6.578109:hsp:322458:4.5.0.0",0.2,"NODE_665_length_22301_cov_6.578109","augustus","augustus-NODE_665_length_22301_cov_6.578109-abinit-gene-0.1-mRNA-1 1345 1531 +","match_part"],[1,5604,5933,1,"M329","NODE_665_length_22301_cov_6.578109:hsp:322459:4.5.0.0",0.2,"NODE_665_length_22301_cov_6.578109","augustus","augustus-NODE_665_length_22301_cov_6.578109-abinit-gene-0.1-mRNA-1 1532 1860 +","match_part"],[1,6001,6107,1,"M106","NODE_665_length_22301_cov_6.578109:hsp:322460:4.5.0.0",0.2,"NODE_665_length_22301_cov_6.578109","augustus","augustus-NODE_665_length_22301_cov_6.578109-abinit-gene-0.1-mRNA-1 1861 1966 +","match_part"],[1,6183,6479,1,"M296","NODE_665_length_22301_cov_6.578109:hsp:322461:4.5.0.0",0.2,"NODE_665_length_22301_cov_6.578109","augustus","augustus-NODE_665_length_22301_cov_6.578109-abinit-gene-0.1-mRNA-1 1967 2262 +","match_part"]],"22301","match"],[0,6981,8908,-1,"NODE_665_length_22301_cov_6.578109:hit:62603:4.5.0.0","augustus-NODE_665_length_22301_cov_6.578109-abinit-gene-0.4-mRNA-1",0.5,"NODE_665_length_22301_cov_6.578109","augustus",[[1,8239,8908,-1,"M669","NODE_665_length_22301_cov_6.578109:hsp:322473:4.5.0.0",0.5,"NODE_665_length_22301_cov_6.578109","augustus","augustus-NODE_665_length_22301_cov_6.578109-abinit-gene-0.4-mRNA-1 1045 1713 +","match_part"],[1,8009,8163,-1,"M154","NODE_665_length_22301_cov_6.578109:hsp:322474:4.5.0.0",0.5,"NODE_665_length_22301_cov_6.578109","augustus","augustus-NODE_665_length_22301_cov_6.578109-abinit-gene-0.4-mRNA-1 891 1044 +","match_part"],[1,7066,7946,-1,"M880","NODE_665_length_22301_cov_6.578109:hsp:322475:4.5.0.0",0.5,"NODE_665_length_22301_cov_6.578109","augustus","augustus-NODE_665_length_22301_cov_6.578109-abinit-gene-0.4-mRNA-1 11 890 +","match_part"],[1,6981,6991,-1,"M10","NODE_665_length_22301_cov_6.578109:hsp:322476:4.5.0.0",0.5,"NODE_665_length_22301_cov_6.578109","augustus","augustus-NODE_665_length_22301_cov_6.578109-abinit-gene-0.4-mRNA-1 1 10 +","match_part"]],"22301","match"],[0,10222,12528,1,"NODE_665_length_22301_cov_6.578109:hit:62606:4.5.0.0","augustus-NODE_665_length_22301_cov_6.578109-abinit-gene-0.2-mRNA-1",0.31,"NODE_665_length_22301_cov_6.578109","augustus",[[1,10222,10291,1,"M69","NODE_665_length_22301_cov_6.578109:hsp:322489:4.5.0.0",0.31,"NODE_665_length_22301_cov_6.578109","augustus","augustus-NODE_665_length_22301_cov_6.578109-abinit-gene-0.2-mRNA-1 1 69 +","match_part"],[1,10464,10596,1,"M132","NODE_665_length_22301_cov_6.578109:hsp:322490:4.5.0.0",0.31,"NODE_665_length_22301_cov_6.578109","augustus","augustus-NODE_665_length_22301_cov_6.578109-abinit-gene-0.2-mRNA-1 70 201 +","match_part"],[1,10709,11295,1,"M586","NODE_665_length_22301_cov_6.578109:hsp:322491:4.5.0.0",0.31,"NODE_665_length_22301_cov_6.578109","augustus","augustus-NODE_665_length_22301_cov_6.578109-abinit-gene-0.2-mRNA-1 202 787 +","match_part"],[1,11369,11472,1,"M103","NODE_665_length_22301_cov_6.578109:hsp:322492:4.5.0.0",0.31,"NODE_665_length_22301_cov_6.578109","augustus","augustus-NODE_665_length_22301_cov_6.578109-abinit-gene-0.2-mRNA-1 788 890 +","match_part"],[1,11551,11926,1,"M375","NODE_665_length_22301_cov_6.578109:hsp:322493:4.5.0.0",0.31,"NODE_665_length_22301_cov_6.578109","augustus","augustus-NODE_665_length_22301_cov_6.578109-abinit-gene-0.2-mRNA-1 891 1265 +","match_part"],[1,12010,12085,1,"M75","NODE_665_length_22301_cov_6.578109:hsp:322494:4.5.0.0",0.31,"NODE_665_length_22301_cov_6.578109","augustus","augustus-NODE_665_length_22301_cov_6.578109-abinit-gene-0.2-mRNA-1 1266 1340 +","match_part"],[1,12407,12528,1,"M121","NODE_665_length_22301_cov_6.578109:hsp:322495:4.5.0.0",0.31,"NODE_665_length_22301_cov_6.578109","augustus","augustus-NODE_665_length_22301_cov_6.578109-abinit-gene-0.2-mRNA-1 1341 1461 +","match_part"]],