{"featureCount":4,"formatVersion":1,"histograms":{"meta":[{"arrayParams":{"chunkSize":10000,"length":1,"urlTemplate":"hist-10000-{Chunk}.json"},"basesPerBin":"10000"}],"stats":[{"basesPerBin":"10000","max":4,"mean":4}]},"intervals":{"classes":[{"attributes":["Start","End","Strand","Id","Name","Seq_id","Source","Subfeatures","Target_length","Type"],"isArrayAttr":{"Subfeatures":1}},{"attributes":["Start","End","Strand","Gap","Id","Seq_id","Source","Target","Type"],"isArrayAttr":{}},{"attributes":["Start","End","Strand","Id","Seq_id","Source","Target","Type"],"isArrayAttr":{}},{"attributes":["Start","End","Chunk"],"isArrayAttr":{"Sublist":1}}],"count":4,"lazyClass":3,"maxEnd":9223,"minStart":27,"nclist":[[0,27,93,-1,"NODE_2053_length_11274_cov_5.356598:hit:1689:4.5.0.0","genemark-NODE_2053_length_11274_cov_5.356598-abinit-gene-0.40-mRNA-1","NODE_2053_length_11274_cov_5.356598","genemark",[[1,27,93,-1,"M66","NODE_2053_length_11274_cov_5.356598:hsp:7135:4.5.0.0","NODE_2053_length_11274_cov_5.356598","genemark","genemark-NODE_2053_length_11274_cov_5.356598-abinit-gene-0.40-mRNA-1 1 66 +","match_part"]],"11274","match"],[0,3589,5288,1,"NODE_2053_length_11274_cov_5.356598:hit:1691:4.5.0.0","genemark-NODE_2053_length_11274_cov_5.356598-abinit-gene-0.37-mRNA-1","NODE_2053_length_11274_cov_5.356598","genemark",[[1,3589,3774,1,"M185","NODE_2053_length_11274_cov_5.356598:hsp:7137:4.5.0.0","NODE_2053_length_11274_cov_5.356598","genemark","genemark-NODE_2053_length_11274_cov_5.356598-abinit-gene-0.37-mRNA-1 1 185 +","match_part"],[1,3861,4036,1,"M175","NODE_2053_length_11274_cov_5.356598:hsp:7138:4.5.0.0","NODE_2053_length_11274_cov_5.356598","genemark","genemark-NODE_2053_length_11274_cov_5.356598-abinit-gene-0.37-mRNA-1 186 360 +","match_part"],[1,4102,4203,1,"M101","NODE_2053_length_11274_cov_5.356598:hsp:7139:4.5.0.0","NODE_2053_length_11274_cov_5.356598","genemark","genemark-NODE_2053_length_11274_cov_5.356598-abinit-gene-0.37-mRNA-1 361 461 +","match_part"],[1,4277,4387,1,"M110","NODE_2053_length_11274_cov_5.356598:hsp:7140:4.5.0.0","NODE_2053_length_11274_cov_5.356598","genemark","genemark-NODE_2053_length_11274_cov_5.356598-abinit-gene-0.37-mRNA-1 462 571 +","match_part"],[1,4453,4683,1,"M230","NODE_2053_length_11274_cov_5.356598:hsp:7141:4.5.0.0","NODE_2053_length_11274_cov_5.356598","genemark","genemark-NODE_2053_length_11274_cov_5.356598-abinit-gene-0.37-mRNA-1 572 801 +","match_part"],[1,4789,4844,1,"M55","NODE_2053_length_11274_cov_5.356598:hsp:7142:4.5.0.0","NODE_2053_length_11274_cov_5.356598","genemark","genemark-NODE_2053_length_11274_cov_5.356598-abinit-gene-0.37-mRNA-1 802 856 +","match_part"],[1,4927,4998,1,"M71","NODE_2053_length_11274_cov_5.356598:hsp:7143:4.5.0.0","NODE_2053_length_11274_cov_5.356598","genemark","genemark-NODE_2053_length_11274_cov_5.356598-abinit-gene-0.37-mRNA-1 857 927 +","match_part"],[1,5069,5288,1,"M219","NODE_2053_length_11274_cov_5.356598:hsp:7144:4.5.0.0","NODE_2053_length_11274_cov_5.356598","genemark","genemark-NODE_2053_length_11274_cov_5.356598-abinit-gene-0.37-mRNA-1 928 1146 +","match_part"]],"11274","match"],[0,6289,8053,1,"NODE_2053_length_11274_cov_5.356598:hit:1696:4.5.0.0","genemark-NODE_2053_length_11274_cov_5.356598-abinit-gene-0.38-mRNA-1","NODE_2053_length_11274_cov_5.356598","genemark",[[1,6289,6873,1,"M584","NODE_2053_length_11274_cov_5.356598:hsp:7162:4.5.0.0","NODE_2053_length_11274_cov_5.356598","genemark","genemark-NODE_2053_length_11274_cov_5.356598-abinit-gene-0.38-mRNA-1 1 584 +","match_part"],[1,6943,7474,1,"M531","NODE_2053_length_11274_cov_5.356598:hsp:7163:4.5.0.0","NODE_2053_length_11274_cov_5.356598","genemark","genemark-NODE_2053_length_11274_cov_5.356598-abinit-gene-0.38-mRNA-1 585 1115 +","match_part"],[1,7560,8053,1,"M493","NODE_2053_length_11274_cov_5.356598:hsp:7164:4.5.0.0","NODE_2053_length_11274_cov_5.356598","genemark","genemark-NODE_2053_length_11274_cov_5.356598-abinit-gene-0.38-mRNA-1 1116 1608 +","match_part"]],"11274","match"],[0,8472,9223,1,"NODE_2053_length_11274_cov_5.356598:hit:1699:4.5.0.0","genemark-NODE_2053_length_11274_cov_5.356598-abinit-gene-0.39-mRNA-1","NODE_2053_length_11274_cov_5.356598","genemark",[[1,8472,8529,1,"M57","NODE_2053_length_11274_cov_5.356598:hsp:7180:4.5.0.0","NODE_2053_length_11274_cov_5.356598","genemark","genemark-NODE_2053_length_11274_cov_5.356598-abinit-gene-0.39-mRNA-1 1 57 +","match_part"],[1,8590,8974,1,"M384","NODE_2053_length_11274_cov_5.356598:hsp:7181:4.5.0.0","NODE_2053_length_11274_cov_5.356598","genemark","genemark-NODE_2053_length_11274_cov_5.356598-abinit-gene-0.39-mRNA-1 58 441 +","match_part"],[1,9064,9223,1,"M159","NODE_2053_length_11274_cov_5.356598:hsp:7182:4.5.0.0","NODE_2053_length_11274_cov_5.356598","genemark","genemark-NODE_2053_length_11274_cov_5.356598-abinit-gene-0.39-mRNA-1 442 600 +","match_part"]],"11274","match"]],"urlTemplate":"lf-{Chunk}.json"}}