{"featureCount":6,"formatVersion":1,"histograms":{"meta":[{"arrayParams":{"chunkSize":10000,"length":2,"urlTemplate":"hist-20000-{Chunk}.json"},"basesPerBin":"20000"}],"stats":[{"basesPerBin":"20000","max":5,"mean":3.5}]},"intervals":{"classes":[{"attributes":["Start","End","Strand","Id","Name","Seq_id","Source","Subfeatures","Target_length","Type"],"isArrayAttr":{"Subfeatures":1}},{"attributes":["Start","End","Strand","Gap","Id","Seq_id","Source","Target","Type"],"isArrayAttr":{}},{"attributes":["Start","End","Strand","Id","Seq_id","Source","Target","Type"],"isArrayAttr":{}},{"attributes":["Start","End","Chunk"],"isArrayAttr":{"Sublist":1}}],"count":6,"lazyClass":3,"maxEnd":27432,"minStart":545,"nclist":[[0,545,5866,1,"NODE_421_length_27622_cov_6.869649:hit:44657:4.5.0.0","genemark-NODE_421_length_27622_cov_6.869649-abinit-gene-0.7-mRNA-1","NODE_421_length_27622_cov_6.869649","genemark",[[1,545,915,1,"M370","NODE_421_length_27622_cov_6.869649:hsp:234249:4.5.0.0","NODE_421_length_27622_cov_6.869649","genemark","genemark-NODE_421_length_27622_cov_6.869649-abinit-gene-0.7-mRNA-1 1 370 +","match_part"],[1,991,1054,1,"M63","NODE_421_length_27622_cov_6.869649:hsp:234250:4.5.0.0","NODE_421_length_27622_cov_6.869649","genemark","genemark-NODE_421_length_27622_cov_6.869649-abinit-gene-0.7-mRNA-1 371 433 +","match_part"],[1,1115,2601,1,"M1486","NODE_421_length_27622_cov_6.869649:hsp:234251:4.5.0.0","NODE_421_length_27622_cov_6.869649","genemark","genemark-NODE_421_length_27622_cov_6.869649-abinit-gene-0.7-mRNA-1 434 1919 +","match_part"],[1,2771,4410,1,"M1639","NODE_421_length_27622_cov_6.869649:hsp:234252:4.5.0.0","NODE_421_length_27622_cov_6.869649","genemark","genemark-NODE_421_length_27622_cov_6.869649-abinit-gene-0.7-mRNA-1 1920 3558 +","match_part"],[1,4542,4573,1,"M31","NODE_421_length_27622_cov_6.869649:hsp:234253:4.5.0.0","NODE_421_length_27622_cov_6.869649","genemark","genemark-NODE_421_length_27622_cov_6.869649-abinit-gene-0.7-mRNA-1 3559 3589 +","match_part"],[1,4634,5866,1,"M1232","NODE_421_length_27622_cov_6.869649:hsp:234254:4.5.0.0","NODE_421_length_27622_cov_6.869649","genemark","genemark-NODE_421_length_27622_cov_6.869649-abinit-gene-0.7-mRNA-1 3590 4821 +","match_part"]],"27622","match"],[0,8169,10102,1,"NODE_421_length_27622_cov_6.869649:hit:44664:4.5.0.0","genemark-NODE_421_length_27622_cov_6.869649-abinit-gene-0.8-mRNA-1","NODE_421_length_27622_cov_6.869649","genemark",[[1,8169,8907,1,"M738","NODE_421_length_27622_cov_6.869649:hsp:234267:4.5.0.0","NODE_421_length_27622_cov_6.869649","genemark","genemark-NODE_421_length_27622_cov_6.869649-abinit-gene-0.8-mRNA-1 1 738 +","match_part"],[1,9016,10102,1,"M1086","NODE_421_length_27622_cov_6.869649:hsp:234268:4.5.0.0","NODE_421_length_27622_cov_6.869649","genemark","genemark-NODE_421_length_27622_cov_6.869649-abinit-gene-0.8-mRNA-1 739 1824 +","match_part"]],"27622","match"],[0,10676,11866,-1,"NODE_421_length_27622_cov_6.869649:hit:44667:4.5.0.0","genemark-NODE_421_length_27622_cov_6.869649-abinit-gene-0.11-mRNA-1","NODE_421_length_27622_cov_6.869649","genemark",[[1,11802,11866,-1,"M64","NODE_421_length_27622_cov_6.869649:hsp:234276:4.5.0.0","NODE_421_length_27622_cov_6.869649","genemark","genemark-NODE_421_length_27622_cov_6.869649-abinit-gene-0.11-mRNA-1 660 723 +","match_part"],[1,11647,11719,-1,"M72","NODE_421_length_27622_cov_6.869649:hsp:234277:4.5.0.0","NODE_421_length_27622_cov_6.869649","genemark","genemark-NODE_421_length_27622_cov_6.869649-abinit-gene-0.11-mRNA-1 588 659 +","match_part"],[1,11516,11592,-1,"M76","NODE_421_length_27622_cov_6.869649:hsp:234278:4.5.0.0","NODE_421_length_27622_cov_6.869649","genemark","genemark-NODE_421_length_27622_cov_6.869649-abinit-gene-0.11-mRNA-1 512 587 +","match_part"],[1,11428,11442,-1,"M14","NODE_421_length_27622_cov_6.869649:hsp:234279:4.5.0.0","NODE_421_length_27622_cov_6.869649","genemark","genemark-NODE_421_length_27622_cov_6.869649-abinit-gene-0.11-mRNA-1 498 511 +","match_part"],[1,11319,11377,-1,"M58","NODE_421_length_27622_cov_6.869649:hsp:234280:4.5.0.0","NODE_421_length_27622_cov_6.869649","genemark","genemark-NODE_421_length_27622_cov_6.869649-abinit-gene-0.11-mRNA-1 440 497 +","match_part"],[1,11126,11274,-1,"M148","NODE_421_length_27622_cov_6.869649:hsp:234281:4.5.0.0","NODE_421_length_27622_cov_6.869649","genemark","genemark-NODE_421_length_27622_cov_6.869649-abinit-gene-0.11-mRNA-1 292 439 +","match_part"],[1,10922,11052,-1,"M130","NODE_421_length_27622_cov_6.869649:hsp:234282:4.5.0.0","NODE_421_length_27622_cov_6.869649","genemark","genemark-NODE_421_length_27622_cov_6.869649-abinit-gene-0.11-mRNA-1 162 291 +","match_part"],[1,10676,10837,-1,"M161","NODE_421_length_27622_cov_6.869649:hsp:234283:4.5.0.0","NODE_421_length_27622_cov_6.869649","genemark","genemark-NODE_421_length_27622_cov_6.869649-abinit-gene-0.11-mRNA-1 1 161 +","match_part"]],"27622","match"],[0,14037,17393,1,"NODE_421_length_27622_cov_6.869649:hit:44669:4.5.0.0","genemark-NODE_421_length_27622_cov_6.869649-abinit-gene-0.9-mRNA-1","NODE_421_length_27622_cov_6.869649","genemark",[[1,14037,14145,1,"M108","NODE_421_length_27622_cov_6.869649:hsp:234292:4.5.0.0","NODE_421_length_27622_cov_6.869649","genemark","genemark-NODE_421_length_27622_cov_6.869649-abinit-gene-0.9-mRNA-1 1 108 +","match_part"],[1,14727,15074,1,"M347","NODE_421_length_27622_cov_6.869649:hsp:234293:4.5.0.0","NODE_421_length_27622_cov_6.869649","genemark","genemark-NODE_421_length_27622_cov_6.869649-abinit-gene-0.9-mRNA-1 109 455 +","match_part"],[1,15625,15784,1,"M159","NODE_421_length_27622_cov_6.869649:hsp:234294:4.5.0.0","NODE_421_length_27622_cov_6.869649","genemark","genemark-NODE_421_length_27622_cov_6.869649-abinit-gene-0.9-mRNA-1 456 614 +","match_part"],[1,15853,15875,1,"M22","NODE_421_length_27622_cov_6.869649:hsp:234295:4.5.0.0","NODE_421_length_27622_cov_6.869649","genemark","genemark-NODE_421_length_27622_cov_6.869649-abinit-gene-0.9-mRNA-1 615 636 +","match_part"],[1,15956,16047,1,"M91","NODE_421_length_27622_cov_6.869649:hsp:234296:4.5.0.0","NODE_421_length_27622_cov_6.869649","genemark","genemark-NODE_421_length_27622_cov_6.869649-abinit-gene-0.9-mRNA-1 637 727 +","match_part"],[1,16139,16232,1,"M93","NODE_421_length_27622_cov_6.869649:hsp:234297:4.5.0.0","NODE_421_length_27622_cov_6.869649","genemark","genemark-NODE_421_length_27622_cov_6.869649-abinit-gene-0.9-mRNA-1 728 820 +","match_part"],[1,16310,16532,1,"M222","NODE_421_length_27622_cov_6.869649:hsp:234298:4.5.0.0","NODE_421_length_27622_cov_6.869649","genemark","genemark-NODE_421_length_27622_cov_6.869649-abinit-gene-0.9-mRNA-1 821 1042 +","match_part"],[1,16622,16884,1,"M262","NODE_421_length_27622_cov_6.869649:hsp:234299:4.5.0.0","NODE_421_length_27622_cov_6.869649","genemark","genemark-NODE_421_length_27622_cov_6.869649-abinit-gene-0.9-mRNA-1 1043 1304 +","match_part"],[1,16975,17088,1,"M113","NODE_421_length_27622_cov_6.869649:hsp:234300:4.5.0.0","NODE_421_length_27622_cov_6.869649","genemark","genemark-NODE_421_length_27622_cov_6.869649-abinit-gene-0.9-mRNA-1 1305 1417 +","match_part"],[1,17178,17393,1,"M215","NODE_421_length_27622_cov_6.869649:hsp:234301:4.5.0.0","NODE_421_length_27622_cov_6.869649","genemark","genemark-NODE_421_length_27622_cov_6.869649-abinit-gene-0.9-mRNA-1 1418 1632 +","match_part"]],