{"featureCount":2,"formatVersion":1,"histograms":{"meta":[{"arrayParams":{"chunkSize":10000,"length":1,"urlTemplate":"hist-5000-{Chunk}.json"},"basesPerBin":"5000"}],"stats":[{"basesPerBin":"5000","max":2,"mean":2}]},"intervals":{"classes":[{"attributes":["Start","End","Strand","Id","Name","Seq_id","Source","Subfeatures","Target_length","Type"],"isArrayAttr":{"Subfeatures":1}},{"attributes":["Start","End","Strand","Gap","Id","Seq_id","Source","Target","Type"],"isArrayAttr":{}},{"attributes":["Start","End","Strand","Id","Seq_id","Source","Target","Type"],"isArrayAttr":{}},{"attributes":["Start","End","Chunk"],"isArrayAttr":{"Sublist":1}}],"count":2,"lazyClass":3,"maxEnd":3059,"minStart":1316,"nclist":[[0,1316,1634,1,"NODE_7205_length_3067_cov_11.878571:hit:9576:4.5.0.0","genemark-NODE_7205_length_3067_cov_11.878571-abinit-gene-0.2-mRNA-1","NODE_7205_length_3067_cov_11.878571","genemark",[[1,1316,1634,1,"M318","NODE_7205_length_3067_cov_11.878571:hsp:28751:4.5.0.0","NODE_7205_length_3067_cov_11.878571","genemark","genemark-NODE_7205_length_3067_cov_11.878571-abinit-gene-0.2-mRNA-1 1 318 +","match_part"]],"3067","match"],[0,2108,3059,-1,"NODE_7205_length_3067_cov_11.878571:hit:9579:4.5.0.0","genemark-NODE_7205_length_3067_cov_11.878571-abinit-gene-0.3-mRNA-1","NODE_7205_length_3067_cov_11.878571","genemark",[[1,3022,3059,-1,"M37","NODE_7205_length_3067_cov_11.878571:hsp:28756:4.5.0.0","NODE_7205_length_3067_cov_11.878571","genemark","genemark-NODE_7205_length_3067_cov_11.878571-abinit-gene-0.3-mRNA-1 672 708 +","match_part"],[1,2789,2956,-1,"M167","NODE_7205_length_3067_cov_11.878571:hsp:28757:4.5.0.0","NODE_7205_length_3067_cov_11.878571","genemark","genemark-NODE_7205_length_3067_cov_11.878571-abinit-gene-0.3-mRNA-1 505 671 +","match_part"],[1,2595,2700,-1,"M105","NODE_7205_length_3067_cov_11.878571:hsp:28758:4.5.0.0","NODE_7205_length_3067_cov_11.878571","genemark","genemark-NODE_7205_length_3067_cov_11.878571-abinit-gene-0.3-mRNA-1 400 504 +","match_part"],[1,2108,2507,-1,"M399","NODE_7205_length_3067_cov_11.878571:hsp:28759:4.5.0.0","NODE_7205_length_3067_cov_11.878571","genemark","genemark-NODE_7205_length_3067_cov_11.878571-abinit-gene-0.3-mRNA-1 1 399 +","match_part"]],"3067","match"]],"urlTemplate":"lf-{Chunk}.json"}}