{"featureCount":3,"formatVersion":1,"histograms":{"meta":[{"arrayParams":{"chunkSize":10000,"length":1,"urlTemplate":"hist-20000-{Chunk}.json"},"basesPerBin":"20000"}],"stats":[{"basesPerBin":"20000","max":3,"mean":3}]},"intervals":{"classes":[{"attributes":["Start","End","Strand","Id","Name","Score","Seq_id","Source","Subfeatures","Target_length","Type"],"isArrayAttr":{"Subfeatures":1}},{"attributes":["Start","End","Strand","Gap","Id","Score","Seq_id","Source","Target","Type"],"isArrayAttr":{}},{"attributes":["Start","End","Chunk"],"isArrayAttr":{"Sublist":1}}],"count":3,"lazyClass":2,"maxEnd":14121,"minStart":1503,"nclist":[[0,1503,2833,-1,"NODE_834_length_19896_cov_9.100359:hit:73609:4.5.0.0","augustus-NODE_834_length_19896_cov_9.100359-abinit-gene-0.1-mRNA-1",1,"NODE_834_length_19896_cov_9.100359","augustus",[[1,2632,2833,-1,"M201","NODE_834_length_19896_cov_9.100359:hsp:379109:4.5.0.0",1,"NODE_834_length_19896_cov_9.100359","augustus","augustus-NODE_834_length_19896_cov_9.100359-abinit-gene-0.1-mRNA-1 1051 1251 +","match_part"],[1,1503,2553,-1,"M1050","NODE_834_length_19896_cov_9.100359:hsp:379110:4.5.0.0",1,"NODE_834_length_19896_cov_9.100359","augustus","augustus-NODE_834_length_19896_cov_9.100359-abinit-gene-0.1-mRNA-1 1 1050 +","match_part"]],"19896","match"],[0,7157,9965,-1,"NODE_834_length_19896_cov_9.100359:hit:73612:4.5.0.0","augustus-NODE_834_length_19896_cov_9.100359-abinit-gene-0.2-mRNA-1",0.17,"NODE_834_length_19896_cov_9.100359","augustus",[[1,9789,9965,-1,"M176","NODE_834_length_19896_cov_9.100359:hsp:379130:4.5.0.0",0.17,"NODE_834_length_19896_cov_9.100359","augustus","augustus-NODE_834_length_19896_cov_9.100359-abinit-gene-0.2-mRNA-1 1439 1614 +","match_part"],[1,9612,9709,-1,"M97","NODE_834_length_19896_cov_9.100359:hsp:379131:4.5.0.0",0.17,"NODE_834_length_19896_cov_9.100359","augustus","augustus-NODE_834_length_19896_cov_9.100359-abinit-gene-0.2-mRNA-1 1342 1438 +","match_part"],[1,9439,9515,-1,"M76","NODE_834_length_19896_cov_9.100359:hsp:379132:4.5.0.0",0.17,"NODE_834_length_19896_cov_9.100359","augustus","augustus-NODE_834_length_19896_cov_9.100359-abinit-gene-0.2-mRNA-1 1266 1341 +","match_part"],[1,9243,9345,-1,"M102","NODE_834_length_19896_cov_9.100359:hsp:379133:4.5.0.0",0.17,"NODE_834_length_19896_cov_9.100359","augustus","augustus-NODE_834_length_19896_cov_9.100359-abinit-gene-0.2-mRNA-1 1164 1265 +","match_part"],[1,8936,9084,-1,"M148","NODE_834_length_19896_cov_9.100359:hsp:379134:4.5.0.0",0.17,"NODE_834_length_19896_cov_9.100359","augustus","augustus-NODE_834_length_19896_cov_9.100359-abinit-gene-0.2-mRNA-1 1016 1163 +","match_part"],[1,8737,8824,-1,"M87","NODE_834_length_19896_cov_9.100359:hsp:379135:4.5.0.0",0.17,"NODE_834_length_19896_cov_9.100359","augustus","augustus-NODE_834_length_19896_cov_9.100359-abinit-gene-0.2-mRNA-1 929 1015 +","match_part"],[1,8510,8672,-1,"M162","NODE_834_length_19896_cov_9.100359:hsp:379136:4.5.0.0",0.17,"NODE_834_length_19896_cov_9.100359","augustus","augustus-NODE_834_length_19896_cov_9.100359-abinit-gene-0.2-mRNA-1 767 928 +","match_part"],[1,8313,8445,-1,"M132","NODE_834_length_19896_cov_9.100359:hsp:379137:4.5.0.0",0.17,"NODE_834_length_19896_cov_9.100359","augustus","augustus-NODE_834_length_19896_cov_9.100359-abinit-gene-0.2-mRNA-1 635 766 +","match_part"],[1,8204,8226,-1,"M22","NODE_834_length_19896_cov_9.100359:hsp:379138:4.5.0.0",0.17,"NODE_834_length_19896_cov_9.100359","augustus","augustus-NODE_834_length_19896_cov_9.100359-abinit-gene-0.2-mRNA-1 613 634 +","match_part"],[1,8021,8129,-1,"M108","NODE_834_length_19896_cov_9.100359:hsp:379139:4.5.0.0",0.17,"NODE_834_length_19896_cov_9.100359","augustus","augustus-NODE_834_length_19896_cov_9.100359-abinit-gene-0.2-mRNA-1 505 612 +","match_part"],[1,7697,7945,-1,"M248","NODE_834_length_19896_cov_9.100359:hsp:379140:4.5.0.0",0.17,"NODE_834_length_19896_cov_9.100359","augustus","augustus-NODE_834_length_19896_cov_9.100359-abinit-gene-0.2-mRNA-1 257 504 +","match_part"],[1,7555,7623,-1,"M68","NODE_834_length_19896_cov_9.100359:hsp:379141:4.5.0.0",0.17,"NODE_834_length_19896_cov_9.100359","augustus","augustus-NODE_834_length_19896_cov_9.100359-abinit-gene-0.2-mRNA-1 189 256 +","match_part"],[1,7465,7482,-1,"M17","NODE_834_length_19896_cov_9.100359:hsp:379142:4.5.0.0",0.17,"NODE_834_length_19896_cov_9.100359","augustus","augustus-NODE_834_length_19896_cov_9.100359-abinit-gene-0.2-mRNA-1 172 188 +","match_part"],[1,7243,7404,-1,"M161","NODE_834_length_19896_cov_9.100359:hsp:379143:4.5.0.0",0.17,"NODE_834_length_19896_cov_9.100359","augustus","augustus-NODE_834_length_19896_cov_9.100359-abinit-gene-0.2-mRNA-1 11 171 +","match_part"],[1,7157,7167,-1,"M10","NODE_834_length_19896_cov_9.100359:hsp:379144:4.5.0.0",0.17,"NODE_834_length_19896_cov_9.100359","augustus","augustus-NODE_834_length_19896_cov_9.100359-abinit-gene-0.2-mRNA-1 1 10 +","match_part"]],"19896","match"],[0,11570,14121,1,"NODE_834_length_19896_cov_9.100359:hit:73617:4.5.0.0","augustus-NODE_834_length_19896_cov_9.100359-abinit-gene-0.0-mRNA-1",0.01,"NODE_834_length_19896_cov_9.100359","augustus",[[1,11570,12052,1,"M482","NODE_834_length_19896_cov_9.100359:hsp:379172:4.5.0.0",0.01,"NODE_834_length_19896_cov_9.100359","augustus","augustus-NODE_834_length_19896_cov_9.100359-abinit-gene-0.0-mRNA-1 1 482 +","match_part"],[1,12151,12233,1,"M82","NODE_834_length_19896_cov_9.100359:hsp:379173:4.5.0.0",0.01,"NODE_834_length_19896_cov_9.100359","augustus","augustus-NODE_834_length_19896_cov_9.100359-abinit-gene-0.0-mRNA-1 483 564 +","match_part"],[1,12345,12500,1,"M155","NODE_834_length_19896_cov_9.100359:hsp:379174:4.5.0.0",0.01,"NODE_834_length_19896_cov_9.100359","augustus","augustus-NODE_834_length_19896_cov_9.100359-abinit-gene-0.0-mRNA-1 565 719 +","match_part"],[1,12583,12613,1,"M30","NODE_834_length_19896_cov_9.100359:hsp:379175:4.5.0.0",0.01,"NODE_834_length_19896_cov_9.100359","augustus","augustus-NODE_834_length_19896_cov_9.100359-abinit-gene-0.0-mRNA-1 720 749 +","match_part"],[1,12740,12754,1,"M14","NODE_834_length_19896_cov_9.100359:hsp:379176:4.5.0.0",0.01,"NODE_834_length_19896_cov_9.100359","augustus","augustus-NODE_834_length_19896_cov_9.100359-abinit-gene-0.0-mRNA-1 750 763 +","match_part"],[1,12862,12972,1,"M110","NODE_834_length_19896_cov_9.100359:hsp:379177:4.5.0.0",0.01,"NODE_834_length_19896_cov_9.100359","augustus","augustus-NODE_834_length_19896_cov_9.100359-abinit-gene-0.0-mRNA-1 764 873 +","match_part"],[1,13051,13119,1,"M68","NODE_834_length_19896_cov_9.100359:hsp:379178:4.5.0.0",0.01,"NODE_834_length_19896_cov_9.100359","augustus","augustus-NODE_834_length_19896_cov_9.100359-abinit-gene-0.0-mRNA-1 874 941 +","match_part"],[1,13189,13256,1,"M67","NODE_834_length_19896_cov_9.100359:hsp:379179:4.5.0.0",0.01,"NODE_834_length_19896_cov_9.100359","augustus","augustus-NODE_834_length_19896_cov_9.100359-abinit-gene-0.0-mRNA-1 942 1008 +","match_part"],[1,13325,13464,1,"M139","NODE_834_length_19896_cov_9.100359:hsp:379180:4.5.0.0",0.01,"NODE_834_length_19896_cov_9.100359","augustus","augustus-NODE_834_length_19896_cov_9.100359-abinit-gene-0.0-mRNA-1 1009 1147 +","match_part"],[1,13559,13854,1,"M295","NODE_834_length_19896_cov_9.100359:hsp:379181:4.5.0.0",0.01,"NODE_834_length_19896_cov_9.100359","augustus","augustus-NODE_834_length_19896_cov_9.100359-abinit-gene-0.0-mRNA-1 1148 1442 +","match_part"],[1,13961,14005,1,"M44","NODE_834_length_19896_cov_9.100359:hsp:379182:4.5.0.0",0.01,"NODE_834_length_19896_cov_9.100359","augustus","augustus-NODE_834_length_19896_cov_9.100359-abinit-gene-0.0-mRNA-1 1443 1486 +","match_part"],[1,14074,14121,1,"M47","NODE_834_length_19896_cov_9.100359:hsp:379183:4.5.0.0",0.01,"NODE_834_length_19896_cov_9.100359","augustus","augustus-NODE_834_length_19896_cov_9.100359-abinit-gene-0.0-mRNA-1 1487 1533 +","match_part"]],"19896","match"]],"urlTemplate":"lf-{Chunk}.json"}}