{"featureCount":2,"formatVersion":1,"histograms":{"meta":[{"arrayParams":{"chunkSize":10000,"length":1,"urlTemplate":"hist-10000-{Chunk}.json"},"basesPerBin":"10000"}],"stats":[{"basesPerBin":"10000","max":2,"mean":2}]},"intervals":{"classes":[{"attributes":["Start","End","Strand","Id","Name","Seq_id","Source","Subfeatures","Target_length","Type"],"isArrayAttr":{"Subfeatures":1}},{"attributes":["Start","End","Strand","Gap","Id","Seq_id","Source","Target","Type"],"isArrayAttr":{}},{"attributes":["Start","End","Strand","Id","Seq_id","Source","Target","Type"],"isArrayAttr":{}},{"attributes":["Start","End","Chunk"],"isArrayAttr":{"Sublist":1}}],"count":2,"lazyClass":3,"maxEnd":7082,"minStart":1661,"nclist":[[0,1661,4433,1,"NODE_3230_length_7557_cov_13.245760:hit:28843:4.5.0.0","genemark-NODE_3230_length_7557_cov_13.245760-abinit-gene-0.2-mRNA-1","NODE_3230_length_7557_cov_13.245760","genemark",[[1,1661,2997,1,"M1336","NODE_3230_length_7557_cov_13.245760:hsp:122780:4.5.0.0","NODE_3230_length_7557_cov_13.245760","genemark","genemark-NODE_3230_length_7557_cov_13.245760-abinit-gene-0.2-mRNA-1 1 1336 +","match_part"],[1,3072,3258,1,"M186","NODE_3230_length_7557_cov_13.245760:hsp:122781:4.5.0.0","NODE_3230_length_7557_cov_13.245760","genemark","genemark-NODE_3230_length_7557_cov_13.245760-abinit-gene-0.2-mRNA-1 1337 1522 +","match_part"],[1,3326,3690,1,"M364","NODE_3230_length_7557_cov_13.245760:hsp:122782:4.5.0.0","NODE_3230_length_7557_cov_13.245760","genemark","genemark-NODE_3230_length_7557_cov_13.245760-abinit-gene-0.2-mRNA-1 1523 1886 +","match_part"],[1,4267,4433,1,"M166","NODE_3230_length_7557_cov_13.245760:hsp:122783:4.5.0.0","NODE_3230_length_7557_cov_13.245760","genemark","genemark-NODE_3230_length_7557_cov_13.245760-abinit-gene-0.2-mRNA-1 1887 2052 +","match_part"]],"7557","match"],[0,5319,7082,-1,"NODE_3230_length_7557_cov_13.245760:hit:28848:4.5.0.0","genemark-NODE_3230_length_7557_cov_13.245760-abinit-gene-0.3-mRNA-1","NODE_3230_length_7557_cov_13.245760","genemark",[[1,6998,7082,-1,"M84","NODE_3230_length_7557_cov_13.245760:hsp:122795:4.5.0.0","NODE_3230_length_7557_cov_13.245760","genemark","genemark-NODE_3230_length_7557_cov_13.245760-abinit-gene-0.3-mRNA-1 1510 1593 +","match_part"],[1,5897,6906,-1,"M1009","NODE_3230_length_7557_cov_13.245760:hsp:122796:4.5.0.0","NODE_3230_length_7557_cov_13.245760","genemark","genemark-NODE_3230_length_7557_cov_13.245760-abinit-gene-0.3-mRNA-1 501 1509 +","match_part"],[1,5319,5819,-1,"M500","NODE_3230_length_7557_cov_13.245760:hsp:122797:4.5.0.0","NODE_3230_length_7557_cov_13.245760","genemark","genemark-NODE_3230_length_7557_cov_13.245760-abinit-gene-0.3-mRNA-1 1 500 +","match_part"]],"7557","match"]],"urlTemplate":"lf-{Chunk}.json"}}