{"featureCount":2,"formatVersion":1,"histograms":{"meta":[{"arrayParams":{"chunkSize":10000,"length":1,"urlTemplate":"hist-20000-{Chunk}.json"},"basesPerBin":"20000"}],"stats":[{"basesPerBin":"20000","max":2,"mean":2}]},"intervals":{"classes":[{"attributes":["Start","End","Strand","Id","Name","Score","Seq_id","Source","Subfeatures","Target_length","Type"],"isArrayAttr":{"Subfeatures":1}},{"attributes":["Start","End","Strand","Gap","Id","Score","Seq_id","Source","Target","Type"],"isArrayAttr":{}},{"attributes":["Start","End","Chunk"],"isArrayAttr":{"Sublist":1}}],"count":2,"lazyClass":2,"maxEnd":8650,"minStart":6074,"nclist":[[0,6074,7004,1,"NODE_2767_length_8706_cov_4.873762:hit:19906:4.5.0.0","augustus-NODE_2767_length_8706_cov_4.873762-abinit-gene-0.2-mRNA-1",0.61,"NODE_2767_length_8706_cov_4.873762","augustus",[[1,6074,7004,1,"M930","NODE_2767_length_8706_cov_4.873762:hsp:85350:4.5.0.0",0.61,"NODE_2767_length_8706_cov_4.873762","augustus","augustus-NODE_2767_length_8706_cov_4.873762-abinit-gene-0.2-mRNA-1 1 930 +","match_part"]],"8706","match"],[0,8032,8650,-1,"NODE_2767_length_8706_cov_4.873762:hit:19908:4.5.0.0","augustus-NODE_2767_length_8706_cov_4.873762-abinit-gene-0.3-mRNA-1",0.99,"NODE_2767_length_8706_cov_4.873762","augustus",[[1,8448,8650,-1,"M202","NODE_2767_length_8706_cov_4.873762:hsp:85354:4.5.0.0",0.99,"NODE_2767_length_8706_cov_4.873762","augustus","augustus-NODE_2767_length_8706_cov_4.873762-abinit-gene-0.3-mRNA-1 249 450 +","match_part"],[1,8272,8361,-1,"M89","NODE_2767_length_8706_cov_4.873762:hsp:85355:4.5.0.0",0.99,"NODE_2767_length_8706_cov_4.873762","augustus","augustus-NODE_2767_length_8706_cov_4.873762-abinit-gene-0.3-mRNA-1 160 248 +","match_part"],[1,8032,8191,-1,"M159","NODE_2767_length_8706_cov_4.873762:hsp:85356:4.5.0.0",0.99,"NODE_2767_length_8706_cov_4.873762","augustus","augustus-NODE_2767_length_8706_cov_4.873762-abinit-gene-0.3-mRNA-1 1 159 +","match_part"]],"8706","match"]],"urlTemplate":"lf-{Chunk}.json"}}