{"featureCount":3,"formatVersion":1,"histograms":{"meta":[{"arrayParams":{"chunkSize":10000,"length":1,"urlTemplate":"hist-10000-{Chunk}.json"},"basesPerBin":"10000"}],"stats":[{"basesPerBin":"10000","max":3,"mean":3}]},"intervals":{"classes":[{"attributes":["Start","End","Strand","Id","Name","Seq_id","Source","Subfeatures","Target_length","Type"],"isArrayAttr":{"Subfeatures":1}},{"attributes":["Start","End","Strand","Gap","Id","Seq_id","Source","Target","Type"],"isArrayAttr":{}},{"attributes":["Start","End","Strand","Id","Seq_id","Source","Target","Type"],"isArrayAttr":{}},{"attributes":["Start","End","Chunk"],"isArrayAttr":{"Sublist":1}}],"count":3,"lazyClass":3,"maxEnd":7301,"minStart":2880,"nclist":[[0,2880,5025,1,"NODE_2855_length_8482_cov_10.317137:hit:21470:4.5.0.0","genemark-NODE_2855_length_8482_cov_10.317137-abinit-gene-0.2-mRNA-1","NODE_2855_length_8482_cov_10.317137","genemark",[[1,2880,2896,1,"M16","NODE_2855_length_8482_cov_10.317137:hsp:91891:4.5.0.0","NODE_2855_length_8482_cov_10.317137","genemark","genemark-NODE_2855_length_8482_cov_10.317137-abinit-gene-0.2-mRNA-1 1 16 +","match_part"],[1,2959,3085,1,"M126","NODE_2855_length_8482_cov_10.317137:hsp:91892:4.5.0.0","NODE_2855_length_8482_cov_10.317137","genemark","genemark-NODE_2855_length_8482_cov_10.317137-abinit-gene-0.2-mRNA-1 17 142 +","match_part"],[1,3138,3189,1,"M51","NODE_2855_length_8482_cov_10.317137:hsp:91893:4.5.0.0","NODE_2855_length_8482_cov_10.317137","genemark","genemark-NODE_2855_length_8482_cov_10.317137-abinit-gene-0.2-mRNA-1 143 193 +","match_part"],[1,3245,3311,1,"M66","NODE_2855_length_8482_cov_10.317137:hsp:91894:4.5.0.0","NODE_2855_length_8482_cov_10.317137","genemark","genemark-NODE_2855_length_8482_cov_10.317137-abinit-gene-0.2-mRNA-1 194 259 +","match_part"],[1,3368,3443,1,"M75","NODE_2855_length_8482_cov_10.317137:hsp:91895:4.5.0.0","NODE_2855_length_8482_cov_10.317137","genemark","genemark-NODE_2855_length_8482_cov_10.317137-abinit-gene-0.2-mRNA-1 260 334 +","match_part"],[1,3529,3568,1,"M39","NODE_2855_length_8482_cov_10.317137:hsp:91896:4.5.0.0","NODE_2855_length_8482_cov_10.317137","genemark","genemark-NODE_2855_length_8482_cov_10.317137-abinit-gene-0.2-mRNA-1 335 373 +","match_part"],[1,3631,3688,1,"M57","NODE_2855_length_8482_cov_10.317137:hsp:91897:4.5.0.0","NODE_2855_length_8482_cov_10.317137","genemark","genemark-NODE_2855_length_8482_cov_10.317137-abinit-gene-0.2-mRNA-1 374 430 +","match_part"],[1,3747,4328,1,"M581","NODE_2855_length_8482_cov_10.317137:hsp:91898:4.5.0.0","NODE_2855_length_8482_cov_10.317137","genemark","genemark-NODE_2855_length_8482_cov_10.317137-abinit-gene-0.2-mRNA-1 431 1011 +","match_part"],[1,4476,4528,1,"M52","NODE_2855_length_8482_cov_10.317137:hsp:91899:4.5.0.0","NODE_2855_length_8482_cov_10.317137","genemark","genemark-NODE_2855_length_8482_cov_10.317137-abinit-gene-0.2-mRNA-1 1012 1063 +","match_part"],[1,4579,4807,1,"M228","NODE_2855_length_8482_cov_10.317137:hsp:91900:4.5.0.0","NODE_2855_length_8482_cov_10.317137","genemark","genemark-NODE_2855_length_8482_cov_10.317137-abinit-gene-0.2-mRNA-1 1064 1291 +","match_part"],[1,4858,5025,1,"M167","NODE_2855_length_8482_cov_10.317137:hsp:91901:4.5.0.0","NODE_2855_length_8482_cov_10.317137","genemark","genemark-NODE_2855_length_8482_cov_10.317137-abinit-gene-0.2-mRNA-1 1292 1458 +","match_part"]],"8482","match"],[0,5880,6445,-1,"NODE_2855_length_8482_cov_10.317137:hit:21473:4.5.0.0","genemark-NODE_2855_length_8482_cov_10.317137-abinit-gene-0.4-mRNA-1","NODE_2855_length_8482_cov_10.317137","genemark",[[1,6399,6445,-1,"M46","NODE_2855_length_8482_cov_10.317137:hsp:91905:4.5.0.0","NODE_2855_length_8482_cov_10.317137","genemark","genemark-NODE_2855_length_8482_cov_10.317137-abinit-gene-0.4-mRNA-1 309 354 +","match_part"],[1,5999,6246,-1,"M247","NODE_2855_length_8482_cov_10.317137:hsp:91906:4.5.0.0","NODE_2855_length_8482_cov_10.317137","genemark","genemark-NODE_2855_length_8482_cov_10.317137-abinit-gene-0.4-mRNA-1 62 308 +","match_part"],[1,5880,5941,-1,"M61","NODE_2855_length_8482_cov_10.317137:hsp:91907:4.5.0.0","NODE_2855_length_8482_cov_10.317137","genemark","genemark-NODE_2855_length_8482_cov_10.317137-abinit-gene-0.4-mRNA-1 1 61 +","match_part"]],"8482","match"],[0,6489,7301,1,"NODE_2855_length_8482_cov_10.317137:hit:21475:4.5.0.0","genemark-NODE_2855_length_8482_cov_10.317137-abinit-gene-0.3-mRNA-1","NODE_2855_length_8482_cov_10.317137","genemark",[[1,6489,6630,1,"M141","NODE_2855_length_8482_cov_10.317137:hsp:91911:4.5.0.0","NODE_2855_length_8482_cov_10.317137","genemark","genemark-NODE_2855_length_8482_cov_10.317137-abinit-gene-0.3-mRNA-1 1 141 +","match_part"],[1,6695,6803,1,"M108","NODE_2855_length_8482_cov_10.317137:hsp:91912:4.5.0.0","NODE_2855_length_8482_cov_10.317137","genemark","genemark-NODE_2855_length_8482_cov_10.317137-abinit-gene-0.3-mRNA-1 142 249 +","match_part"],[1,6871,6964,1,"M93","NODE_2855_length_8482_cov_10.317137:hsp:91913:4.5.0.0","NODE_2855_length_8482_cov_10.317137","genemark","genemark-NODE_2855_length_8482_cov_10.317137-abinit-gene-0.3-mRNA-1 250 342 +","match_part"],[1,7058,7076,1,"M18","NODE_2855_length_8482_cov_10.317137:hsp:91914:4.5.0.0","NODE_2855_length_8482_cov_10.317137","genemark","genemark-NODE_2855_length_8482_cov_10.317137-abinit-gene-0.3-mRNA-1 343 360 +","match_part"],[1,7136,7301,1,"M165","NODE_2855_length_8482_cov_10.317137:hsp:91915:4.5.0.0","NODE_2855_length_8482_cov_10.317137","genemark","genemark-NODE_2855_length_8482_cov_10.317137-abinit-gene-0.3-mRNA-1 361 525 +","match_part"]],"8482","match"]],"urlTemplate":"lf-{Chunk}.json"}}