{"featureCount":24,"formatVersion":1,"histograms":{"meta":[{"arrayParams":{"chunkSize":10000,"length":8,"urlTemplate":"hist-1000-{Chunk}.json"},"basesPerBin":"1000"}],"stats":[{"basesPerBin":"1000","max":12,"mean":5}]},"intervals":{"classes":[{"attributes":["Start","End","Strand","Id","Name","Score","Seq_id","Source","Subfeatures","Target_length","Type"],"isArrayAttr":{"Subfeatures":1}},{"attributes":["Start","End","Strand","Gap","Id","Score","Seq_id","Source","Target","Type"],"isArrayAttr":{}},{"attributes":["Start","End","Chunk"],"isArrayAttr":{"Sublist":1}}],"count":24,"lazyClass":2,"maxEnd":7633,"minStart":2294,"nclist":[[0,2294,3409,-1,"NODE_3182_length_7652_cov_4.522975:hit:27823:3.2.0.0","TRINITY_DN3036_c0_g1_i6",98,"NODE_3182_length_7652_cov_4.522975","blastn",[[1,3280,3409,-1,"M42 I4 M87","NODE_3182_length_7652_cov_4.522975:hsp:118473:3.2.0.0",98,"NODE_3182_length_7652_cov_4.522975","blastn","TRINITY_DN3036_c0_g1_i6 8 140 +","match_part"],[1,3243,3284,-1,"M41","NODE_3182_length_7652_cov_4.522975:hsp:118474:3.2.0.0",41,"NODE_3182_length_7652_cov_4.522975","blastn","TRINITY_DN3036_c0_g1_i6 144 184 +","match_part"],[1,2965,3240,-1,"M275","NODE_3182_length_7652_cov_4.522975:hsp:118475:3.2.0.0",227,"NODE_3182_length_7652_cov_4.522975","blastn","TRINITY_DN3036_c0_g1_i6 178 452 +","match_part"],[1,2294,2937,-1,"M90 D1 M2 D1 M2 D2 M388 I1 M79 I4 M78","NODE_3182_length_7652_cov_4.522975:hsp:118476:3.2.0.0",449,"NODE_3182_length_7652_cov_4.522975","blastn","TRINITY_DN3036_c0_g1_i6 459 1102 +","match_part"]],"1114","expressed_sequence_match",{"Sublist":[[0,2294,3377,-1,"NODE_3182_length_7652_cov_4.522975:hit:27822:3.2.0.0","TRINITY_DN3036_c0_g1_i5",86,"NODE_3182_length_7652_cov_4.522975","blastn",[[1,3279,3377,-1,"M98","NODE_3182_length_7652_cov_4.522975:hsp:118470:3.2.0.0",86,"NODE_3182_length_7652_cov_4.522975","blastn","TRINITY_DN3036_c0_g1_i5 46 143 +","match_part"],[1,2965,3291,-1,"M326","NODE_3182_length_7652_cov_4.522975:hsp:118471:3.2.0.0",266,"NODE_3182_length_7652_cov_4.522975","blastn","TRINITY_DN3036_c0_g1_i5 119 444 +","match_part"],[1,2294,2937,-1,"M90 D1 M2 D1 M2 D2 M388 I1 M79 I4 M78","NODE_3182_length_7652_cov_4.522975:hsp:118472:3.2.0.0",449,"NODE_3182_length_7652_cov_4.522975","blastn","TRINITY_DN3036_c0_g1_i5 451 1094 +","match_part"]],"1106","expressed_sequence_match"],[0,2294,3377,-1,"NODE_3182_length_7652_cov_4.522975:hit:27824:3.2.0.0","TRINITY_DN3036_c0_g1_i3",86,"NODE_3182_length_7652_cov_4.522975","blastn",[[1,3279,3377,-1,"M98","NODE_3182_length_7652_cov_4.522975:hsp:118477:3.2.0.0",86,"NODE_3182_length_7652_cov_4.522975","blastn","TRINITY_DN3036_c0_g1_i3 46 143 +","match_part"],[1,2965,3291,-1,"M326","NODE_3182_length_7652_cov_4.522975:hsp:118478:3.2.0.0",266,"NODE_3182_length_7652_cov_4.522975","blastn","TRINITY_DN3036_c0_g1_i3 119 444 +","match_part"],[1,2294,2937,-1,"M486 I1 M79 I4 M78","NODE_3182_length_7652_cov_4.522975:hsp:118479:3.2.0.0",506,"NODE_3182_length_7652_cov_4.522975","blastn","TRINITY_DN3036_c0_g1_i3 451 1098 +","match_part"]],"1110","expressed_sequence_match"],[0,2857,3377,-1,"NODE_3182_length_7652_cov_4.522975:hit:27825:3.2.0.0","TRINITY_DN3036_c0_g1_i4",108,"NODE_3182_length_7652_cov_4.522975","blastn",[[1,3243,3377,-1,"M68 I3 M66","NODE_3182_length_7652_cov_4.522975:hsp:118480:3.2.0.0",108,"NODE_3182_length_7652_cov_4.522975","blastn","TRINITY_DN3036_c0_g1_i4 46 182 +","match_part"],[1,2965,3240,-1,"M275","NODE_3182_length_7652_cov_4.522975:hsp:118481:3.2.0.0",227,"NODE_3182_length_7652_cov_4.522975","blastn","TRINITY_DN3036_c0_g1_i4 176 450 +","match_part"],[1,2857,2937,-1,"M80","NODE_3182_length_7652_cov_4.522975:hsp:118482:3.2.0.0",80,"NODE_3182_length_7652_cov_4.522975","blastn","TRINITY_DN3036_c0_g1_i4 457 536 +","match_part"]],"536","expressed_sequence_match"]]}],[0,3465,4721,-1,"NODE_3182_length_7652_cov_4.522975:hit:27826:3.2.0.0","TRINITY_DN3779_c0_g1_i3",164,"NODE_3182_length_7652_cov_4.522975","blastn",[[1,4551,4721,-1,"M170","NODE_3182_length_7652_cov_4.522975:hsp:118483:3.2.0.0",164,"NODE_3182_length_7652_cov_4.522975","blastn","TRINITY_DN3779_c0_g1_i3 1 170 +","match_part"],[1,3822,4462,-1,"M640","NODE_3182_length_7652_cov_4.522975:hsp:118484:3.2.0.0",598,"NODE_3182_length_7652_cov_4.522975","blastn","TRINITY_DN3779_c0_g1_i3 170 809 +","match_part"],[1,3465,3723,-1,"M194 D4 M5 D1 M54","NODE_3182_length_7652_cov_4.522975:hsp:118485:3.2.0.0",164,"NODE_3182_length_7652_cov_4.522975","blastn","TRINITY_DN3779_c0_g1_i3 815 1067 +","match_part"]],"1069","expressed_sequence_match"],[0,3513,4721,-1,"NODE_3182_length_7652_cov_4.522975:hit:27827:3.2.0.0","TRINITY_DN3779_c0_g1_i4",164,"NODE_3182_length_7652_cov_4.522975","blastn",[[1,4551,4721,-1,"M170","NODE_3182_length_7652_cov_4.522975:hsp:118486:3.2.0.0",164,"NODE_3182_length_7652_cov_4.522975","blastn","TRINITY_DN3779_c0_g1_i4 1 170 +","match_part"],[1,3822,4462,-1,"M640","NODE_3182_length_7652_cov_4.522975:hsp:118487:3.2.0.0",598,"NODE_3182_length_7652_cov_4.522975","blastn","TRINITY_DN3779_c0_g1_i4 170 809 +","match_part"],[1,3513,3723,-1,"M210","NODE_3182_length_7652_cov_4.522975:hsp:118488:3.2.0.0",174,"NODE_3182_length_7652_cov_4.522975","blastn","TRINITY_DN3779_c0_g1_i4 815 1024 +","match_part"]],"1104","expressed_sequence_match"],[0,3547,4721,-1,"NODE_3182_length_7652_cov_4.522975:hit:27828:3.2.0.0","TRINITY_DN3779_c0_g1_i7",164,"NODE_3182_length_7652_cov_4.522975","blastn",[[1,4551,4721,-1,"M170","NODE_3182_length_7652_cov_4.522975:hsp:118489:3.2.0.0",164,"NODE_3182_length_7652_cov_4.522975","blastn","TRINITY_DN3779_c0_g1_i7 1 170 +","match_part"],[1,3822,4462,-1,"M640","NODE_3182_length_7652_cov_4.522975:hsp:118490:3.2.0.0",598,"NODE_3182_length_7652_cov_4.522975","blastn","TRINITY_DN3779_c0_g1_i7 170 809 +","match_part"],[1,3547,3723,-1,"M176","NODE_3182_length_7652_cov_4.522975:hsp:118491:3.2.0.0",146,"NODE_3182_length_7652_cov_4.522975","blastn","TRINITY_DN3779_c0_g1_i7 815 990 +","match_part"]],"1095","expressed_sequence_match"],[0,3555,5201,-1,"NODE_3182_length_7652_cov_4.522975:hit:27829:3.2.0.0","TRINITY_DN3779_c0_g1_i6",228,"NODE_3182_length_7652_cov_4.522975","blastn",[[1,4950,5201,-1,"M148 D2 M101","NODE_3182_length_7652_cov_4.522975:hsp:118492:3.2.0.0",228,"NODE_3182_length_7652_cov_4.522975","blastn","TRINITY_DN3779_c0_g1_i6 1 249 +","match_part"],[1,4865,4939,-1,"M74","NODE_3182_length_7652_cov_4.522975:hsp:118493:3.2.0.0",74,"NODE_3182_length_7652_cov_4.522975","blastn","TRINITY_DN3779_c0_g1_i6 260 333 +","match_part"],[1,4551,4733,-1,"M182","NODE_3182_length_7652_cov_4.522975:hsp:118494:3.2.0.0",176,"NODE_3182_length_7652_cov_4.522975","blastn","TRINITY_DN3779_c0_g1_i6 333 514 +","match_part"],[1,3822,4462,-1,"M640","NODE_3182_length_7652_cov_4.522975:hsp:118495:3.2.0.0",598,"NODE_3182_length_7652_cov_4.522975","blastn","TRINITY_DN3779_c0_g1_i6 514 1153 +","match_part"],[1,3555,3723,-1,"M168","NODE_3182_length_7652_cov_4.522975:hsp:118496:3.2.0.0",138,"NODE_3182_length_7652_cov_4.522975","blastn","TRINITY_DN3779_c0_g1_i6 1159 1326 +","match_part"]],