{"featureCount":3,"formatVersion":1,"histograms":{"meta":[{"arrayParams":{"chunkSize":10000,"length":1,"urlTemplate":"hist-5000-{Chunk}.json"},"basesPerBin":"5000"}],"stats":[{"basesPerBin":"5000","max":3,"mean":3}]},"intervals":{"classes":[{"attributes":["Start","End","Strand","Id","Name","Score","Seq_id","Source","Subfeatures","Target_length","Type"],"isArrayAttr":{"Subfeatures":1}},{"attributes":["Start","End","Strand","Gap","Id","Score","Seq_id","Source","Target","Type"],"isArrayAttr":{}},{"attributes":["Start","End","Chunk"],"isArrayAttr":{"Sublist":1}}],"count":3,"lazyClass":2,"maxEnd":3088,"minStart":491,"nclist":[[0,491,722,1,"NODE_6461_length_3652_cov_8.556028:hit:4158:4.5.0.0","augustus-NODE_6461_length_3652_cov_8.556028-abinit-gene-0.1-mRNA-1",0.47,"NODE_6461_length_3652_cov_8.556028","augustus",[[1,491,722,1,"M231","NODE_6461_length_3652_cov_8.556028:hsp:12549:4.5.0.0",0.47,"NODE_6461_length_3652_cov_8.556028","augustus","augustus-NODE_6461_length_3652_cov_8.556028-abinit-gene-0.1-mRNA-1 1 231 +","match_part"]],"3652","match"],[0,829,2043,-1,"NODE_6461_length_3652_cov_8.556028:hit:4161:4.5.0.0","augustus-NODE_6461_length_3652_cov_8.556028-abinit-gene-0.3-mRNA-1",0.08,"NODE_6461_length_3652_cov_8.556028","augustus",[[1,2022,2043,-1,"M21","NODE_6461_length_3652_cov_8.556028:hsp:12555:4.5.0.0",0.08,"NODE_6461_length_3652_cov_8.556028","augustus","augustus-NODE_6461_length_3652_cov_8.556028-abinit-gene-0.3-mRNA-1 718 738 +","match_part"],[1,1763,1947,-1,"M184","NODE_6461_length_3652_cov_8.556028:hsp:12556:4.5.0.0",0.08,"NODE_6461_length_3652_cov_8.556028","augustus","augustus-NODE_6461_length_3652_cov_8.556028-abinit-gene-0.3-mRNA-1 534 717 +","match_part"],[1,1470,1686,-1,"M216","NODE_6461_length_3652_cov_8.556028:hsp:12557:4.5.0.0",0.08,"NODE_6461_length_3652_cov_8.556028","augustus","augustus-NODE_6461_length_3652_cov_8.556028-abinit-gene-0.3-mRNA-1 318 533 +","match_part"],[1,829,1146,-1,"M317","NODE_6461_length_3652_cov_8.556028:hsp:12558:4.5.0.0",0.08,"NODE_6461_length_3652_cov_8.556028","augustus","augustus-NODE_6461_length_3652_cov_8.556028-abinit-gene-0.3-mRNA-1 1 317 +","match_part"]],"3652","match"],[0,2295,3088,1,"NODE_6461_length_3652_cov_8.556028:hit:4163:4.5.0.0","augustus-NODE_6461_length_3652_cov_8.556028-abinit-gene-0.2-mRNA-1",0.28,"NODE_6461_length_3652_cov_8.556028","augustus",[[1,2295,2332,1,"M37","NODE_6461_length_3652_cov_8.556028:hsp:12563:4.5.0.0",0.28,"NODE_6461_length_3652_cov_8.556028","augustus","augustus-NODE_6461_length_3652_cov_8.556028-abinit-gene-0.2-mRNA-1 1 37 +","match_part"],[1,2408,3088,1,"M680","NODE_6461_length_3652_cov_8.556028:hsp:12564:4.5.0.0",0.28,"NODE_6461_length_3652_cov_8.556028","augustus","augustus-NODE_6461_length_3652_cov_8.556028-abinit-gene-0.2-mRNA-1 38 717 +","match_part"]],"3652","match"]],"urlTemplate":"lf-{Chunk}.json"}}