{"featureCount":1,"formatVersion":1,"histograms":{"meta":[{"arrayParams":{"chunkSize":10000,"length":1,"urlTemplate":"hist-10000-{Chunk}.json"},"basesPerBin":"10000"}],"stats":[{"basesPerBin":"10000","max":1,"mean":1}]},"intervals":{"classes":[{"attributes":["Start","End","Strand","Id","Name","Seq_id","Source","Subfeatures","Target_length","Type"],"isArrayAttr":{"Subfeatures":1}},{"attributes":["Start","End","Strand","Gap","Id","Seq_id","Source","Target","Type"],"isArrayAttr":{}},{"attributes":["Start","End","Strand","Id","Seq_id","Source","Target","Type"],"isArrayAttr":{}},{"attributes":["Start","End","Chunk"],"isArrayAttr":{"Sublist":1}}],"count":1,"lazyClass":3,"maxEnd":3130,"minStart":44,"nclist":[[0,44,3130,-1,"NODE_7108_length_3140_cov_7.461666:hit:8907:4.5.0.0","genemark-NODE_7108_length_3140_cov_7.461666-abinit-gene-0.1-mRNA-1","NODE_7108_length_3140_cov_7.461666","genemark",[[1,2749,3130,-1,"M381","NODE_7108_length_3140_cov_7.461666:hsp:27020:4.5.0.0","NODE_7108_length_3140_cov_7.461666","genemark","genemark-NODE_7108_length_3140_cov_7.461666-abinit-gene-0.1-mRNA-1 1792 2172 +","match_part"],[1,2377,2566,-1,"M189","NODE_7108_length_3140_cov_7.461666:hsp:27021:4.5.0.0","NODE_7108_length_3140_cov_7.461666","genemark","genemark-NODE_7108_length_3140_cov_7.461666-abinit-gene-0.1-mRNA-1 1603 1791 +","match_part"],[1,1771,2278,-1,"M507","NODE_7108_length_3140_cov_7.461666:hsp:27022:4.5.0.0","NODE_7108_length_3140_cov_7.461666","genemark","genemark-NODE_7108_length_3140_cov_7.461666-abinit-gene-0.1-mRNA-1 1096 1602 +","match_part"],[1,1456,1629,-1,"M173","NODE_7108_length_3140_cov_7.461666:hsp:27023:4.5.0.0","NODE_7108_length_3140_cov_7.461666","genemark","genemark-NODE_7108_length_3140_cov_7.461666-abinit-gene-0.1-mRNA-1 923 1095 +","match_part"],[1,1058,1361,-1,"M303","NODE_7108_length_3140_cov_7.461666:hsp:27024:4.5.0.0","NODE_7108_length_3140_cov_7.461666","genemark","genemark-NODE_7108_length_3140_cov_7.461666-abinit-gene-0.1-mRNA-1 620 922 +","match_part"],[1,911,935,-1,"M24","NODE_7108_length_3140_cov_7.461666:hsp:27025:4.5.0.0","NODE_7108_length_3140_cov_7.461666","genemark","genemark-NODE_7108_length_3140_cov_7.461666-abinit-gene-0.1-mRNA-1 596 619 +","match_part"],[1,750,846,-1,"M96","NODE_7108_length_3140_cov_7.461666:hsp:27026:4.5.0.0","NODE_7108_length_3140_cov_7.461666","genemark","genemark-NODE_7108_length_3140_cov_7.461666-abinit-gene-0.1-mRNA-1 500 595 +","match_part"],[1,459,648,-1,"M189","NODE_7108_length_3140_cov_7.461666:hsp:27027:4.5.0.0","NODE_7108_length_3140_cov_7.461666","genemark","genemark-NODE_7108_length_3140_cov_7.461666-abinit-gene-0.1-mRNA-1 311 499 +","match_part"],[1,44,354,-1,"M310","NODE_7108_length_3140_cov_7.461666:hsp:27028:4.5.0.0","NODE_7108_length_3140_cov_7.461666","genemark","genemark-NODE_7108_length_3140_cov_7.461666-abinit-gene-0.1-mRNA-1 1 310 +","match_part"]],"3140","match"]],"urlTemplate":"lf-{Chunk}.json"}}