{"featureCount":4,"formatVersion":1,"histograms":{"meta":[{"arrayParams":{"chunkSize":10000,"length":2,"urlTemplate":"hist-10000-{Chunk}.json"},"basesPerBin":"10000"}],"stats":[{"basesPerBin":"10000","max":2,"mean":2}]},"intervals":{"classes":[{"attributes":["Start","End","Strand","Id","Name","Score","Seq_id","Source","Subfeatures","Target_length","Type"],"isArrayAttr":{"Subfeatures":1}},{"attributes":["Start","End","Strand","Gap","Id","Score","Seq_id","Source","Target","Type"],"isArrayAttr":{}},{"attributes":["Start","End","Chunk"],"isArrayAttr":{"Sublist":1}}],"count":4,"lazyClass":2,"maxEnd":15367,"minStart":683,"nclist":[[0,683,2478,1,"NODE_1104_length_17061_cov_7.471064:hit:87581:4.5.0.0","augustus-NODE_1104_length_17061_cov_7.471064-abinit-gene-0.0-mRNA-1",0.57,"NODE_1104_length_17061_cov_7.471064","augustus",[[1,683,954,1,"M271","NODE_1104_length_17061_cov_7.471064:hsp:446336:4.5.0.0",0.57,"NODE_1104_length_17061_cov_7.471064","augustus","augustus-NODE_1104_length_17061_cov_7.471064-abinit-gene-0.0-mRNA-1 1 271 +","match_part"],[1,1061,1606,1,"M545","NODE_1104_length_17061_cov_7.471064:hsp:446337:4.5.0.0",0.57,"NODE_1104_length_17061_cov_7.471064","augustus","augustus-NODE_1104_length_17061_cov_7.471064-abinit-gene-0.0-mRNA-1 272 816 +","match_part"],[1,1685,1851,1,"M166","NODE_1104_length_17061_cov_7.471064:hsp:446338:4.5.0.0",0.57,"NODE_1104_length_17061_cov_7.471064","augustus","augustus-NODE_1104_length_17061_cov_7.471064-abinit-gene-0.0-mRNA-1 817 982 +","match_part"],[1,2167,2478,1,"M311","NODE_1104_length_17061_cov_7.471064:hsp:446339:4.5.0.0",0.57,"NODE_1104_length_17061_cov_7.471064","augustus","augustus-NODE_1104_length_17061_cov_7.471064-abinit-gene-0.0-mRNA-1 983 1293 +","match_part"]],"17061","match"],[0,6750,7564,-1,"NODE_1104_length_17061_cov_7.471064:hit:87589:4.5.0.0","augustus-NODE_1104_length_17061_cov_7.471064-abinit-gene-0.1-mRNA-1",0.64,"NODE_1104_length_17061_cov_7.471064","augustus",[[1,7419,7564,-1,"M145","NODE_1104_length_17061_cov_7.471064:hsp:446363:4.5.0.0",0.64,"NODE_1104_length_17061_cov_7.471064","augustus","augustus-NODE_1104_length_17061_cov_7.471064-abinit-gene-0.1-mRNA-1 336 480 +","match_part"],[1,7139,7325,-1,"M186","NODE_1104_length_17061_cov_7.471064:hsp:446364:4.5.0.0",0.64,"NODE_1104_length_17061_cov_7.471064","augustus","augustus-NODE_1104_length_17061_cov_7.471064-abinit-gene-0.1-mRNA-1 150 335 +","match_part"],[1,6983,7052,-1,"M69","NODE_1104_length_17061_cov_7.471064:hsp:446365:4.5.0.0",0.64,"NODE_1104_length_17061_cov_7.471064","augustus","augustus-NODE_1104_length_17061_cov_7.471064-abinit-gene-0.1-mRNA-1 81 149 +","match_part"],[1,6851,6906,-1,"M55","NODE_1104_length_17061_cov_7.471064:hsp:446366:4.5.0.0",0.64,"NODE_1104_length_17061_cov_7.471064","augustus","augustus-NODE_1104_length_17061_cov_7.471064-abinit-gene-0.1-mRNA-1 26 80 +","match_part"],[1,6750,6775,-1,"M25","NODE_1104_length_17061_cov_7.471064:hsp:446367:4.5.0.0",0.64,"NODE_1104_length_17061_cov_7.471064","augustus","augustus-NODE_1104_length_17061_cov_7.471064-abinit-gene-0.1-mRNA-1 1 25 +","match_part"]],"17061","match"],[0,10136,11793,-1,"NODE_1104_length_17061_cov_7.471064:hit:87593:4.5.0.0","augustus-NODE_1104_length_17061_cov_7.471064-abinit-gene-0.2-mRNA-1",0.33,"NODE_1104_length_17061_cov_7.471064","augustus",[[1,11616,11793,-1,"M177","NODE_1104_length_17061_cov_7.471064:hsp:446380:4.5.0.0",0.33,"NODE_1104_length_17061_cov_7.471064","augustus","augustus-NODE_1104_length_17061_cov_7.471064-abinit-gene-0.2-mRNA-1 790 966 +","match_part"],[1,11220,11439,-1,"M219","NODE_1104_length_17061_cov_7.471064:hsp:446381:4.5.0.0",0.33,"NODE_1104_length_17061_cov_7.471064","augustus","augustus-NODE_1104_length_17061_cov_7.471064-abinit-gene-0.2-mRNA-1 571 789 +","match_part"],[1,11038,11109,-1,"M71","NODE_1104_length_17061_cov_7.471064:hsp:446382:4.5.0.0",0.33,"NODE_1104_length_17061_cov_7.471064","augustus","augustus-NODE_1104_length_17061_cov_7.471064-abinit-gene-0.2-mRNA-1 500 570 +","match_part"],[1,10793,10945,-1,"M152","NODE_1104_length_17061_cov_7.471064:hsp:446383:4.5.0.0",0.33,"NODE_1104_length_17061_cov_7.471064","augustus","augustus-NODE_1104_length_17061_cov_7.471064-abinit-gene-0.2-mRNA-1 348 499 +","match_part"],[1,10541,10692,-1,"M151","NODE_1104_length_17061_cov_7.471064:hsp:446384:4.5.0.0",0.33,"NODE_1104_length_17061_cov_7.471064","augustus","augustus-NODE_1104_length_17061_cov_7.471064-abinit-gene-0.2-mRNA-1 197 347 +","match_part"],[1,10352,10428,-1,"M76","NODE_1104_length_17061_cov_7.471064:hsp:446385:4.5.0.0",0.33,"NODE_1104_length_17061_cov_7.471064","augustus","augustus-NODE_1104_length_17061_cov_7.471064-abinit-gene-0.2-mRNA-1 121 196 +","match_part"],[1,10136,10256,-1,"M120","NODE_1104_length_17061_cov_7.471064:hsp:446386:4.5.0.0",0.33,"NODE_1104_length_17061_cov_7.471064","augustus","augustus-NODE_1104_length_17061_cov_7.471064-abinit-gene-0.2-mRNA-1 1 120 +","match_part"]],"17061","match"],[0,13490,15367,-1,"NODE_1104_length_17061_cov_7.471064:hit:87596:4.5.0.0","augustus-NODE_1104_length_17061_cov_7.471064-abinit-gene-0.3-mRNA-1",0.68,"NODE_1104_length_17061_cov_7.471064","augustus",[[1,14955,15367,-1,"M412","NODE_1104_length_17061_cov_7.471064:hsp:446394:4.5.0.0",0.68,"NODE_1104_length_17061_cov_7.471064","augustus","augustus-NODE_1104_length_17061_cov_7.471064-abinit-gene-0.3-mRNA-1 1152 1563 +","match_part"],[1,14339,14822,-1,"M483","NODE_1104_length_17061_cov_7.471064:hsp:446395:4.5.0.0",0.68,"NODE_1104_length_17061_cov_7.471064","augustus","augustus-NODE_1104_length_17061_cov_7.471064-abinit-gene-0.3-mRNA-1 669 1151 +","match_part"],[1,13490,14158,-1,"M668","NODE_1104_length_17061_cov_7.471064:hsp:446396:4.5.0.0",0.68,"NODE_1104_length_17061_cov_7.471064","augustus","augustus-NODE_1104_length_17061_cov_7.471064-abinit-gene-0.3-mRNA-1 1 668 +","match_part"]],"17061","match"]],"urlTemplate":"lf-{Chunk}.json"}}