{"featureCount":7,"formatVersion":1,"histograms":{"meta":[{"arrayParams":{"chunkSize":10000,"length":3,"urlTemplate":"hist-2000-{Chunk}.json"},"basesPerBin":"2000"}],"stats":[{"basesPerBin":"2000","max":5,"mean":3.33333333333333}]},"intervals":{"classes":[{"attributes":["Start","End","Strand","Id","Name","Score","Seq_id","Source","Subfeatures","Target_length","Type"],"isArrayAttr":{"Subfeatures":1}},{"attributes":["Start","End","Strand","Gap","Id","Score","Seq_id","Source","Target","Type"],"isArrayAttr":{}},{"attributes":["Start","End","Chunk"],"isArrayAttr":{"Sublist":1}}],"count":7,"lazyClass":2,"maxEnd":5221,"minStart":11,"nclist":[[0,11,3269,-1,"NODE_4216_length_5985_cov_7.036702:hit:2428:3.2.0.0","TRINITY_DN3015_c0_g1_i4",1651,"NODE_4216_length_5985_cov_7.036702","blastn",[[1,1371,3269,-1,"M34 D2 M153 D1 M190 I2 M1518","NODE_4216_length_5985_cov_7.036702:hsp:8936:3.2.0.0",1651,"NODE_4216_length_5985_cov_7.036702","blastn","TRINITY_DN3015_c0_g1_i4 9 1905 +","match_part"],[1,255,1305,-1,"M1050","NODE_4216_length_5985_cov_7.036702:hsp:8937:3.2.0.0",1014,"NODE_4216_length_5985_cov_7.036702","blastn","TRINITY_DN3015_c0_g1_i4 1905 2954 +","match_part"],[1,11,184,-1,"M173","NODE_4216_length_5985_cov_7.036702:hsp:8938:3.2.0.0",173,"NODE_4216_length_5985_cov_7.036702","blastn","TRINITY_DN3015_c0_g1_i4 2955 3127 +","match_part"]],"3276","expressed_sequence_match"],[0,11,3269,-1,"NODE_4216_length_5985_cov_7.036702:hit:2429:3.2.0.0","TRINITY_DN3015_c0_g1_i5",1655,"NODE_4216_length_5985_cov_7.036702","blastn",[[1,1371,3269,-1,"M34 D2 M153 D1 M179 D1 M1528","NODE_4216_length_5985_cov_7.036702:hsp:8939:3.2.0.0",1655,"NODE_4216_length_5985_cov_7.036702","blastn","TRINITY_DN3015_c0_g1_i5 9 1902 +","match_part"],[1,255,1305,-1,"M1050","NODE_4216_length_5985_cov_7.036702:hsp:8940:3.2.0.0",1014,"NODE_4216_length_5985_cov_7.036702","blastn","TRINITY_DN3015_c0_g1_i5 1902 2951 +","match_part"],[1,11,184,-1,"M173","NODE_4216_length_5985_cov_7.036702:hsp:8941:3.2.0.0",173,"NODE_4216_length_5985_cov_7.036702","blastn","TRINITY_DN3015_c0_g1_i5 2952 3124 +","match_part"]],"3273","expressed_sequence_match"],[0,11,3269,-1,"NODE_4216_length_5985_cov_7.036702:hit:2430:3.2.0.0","TRINITY_DN3015_c0_g1_i6",1603,"NODE_4216_length_5985_cov_7.036702","blastn",[[1,1371,3269,-1,"M34 D2 M153 D1 M94 I1 M85 D1 M1528","NODE_4216_length_5985_cov_7.036702:hsp:8942:3.2.0.0",1603,"NODE_4216_length_5985_cov_7.036702","blastn","TRINITY_DN3015_c0_g1_i6 9 1903 +","match_part"],[1,255,1305,-1,"M1050","NODE_4216_length_5985_cov_7.036702:hsp:8943:3.2.0.0",1014,"NODE_4216_length_5985_cov_7.036702","blastn","TRINITY_DN3015_c0_g1_i6 1903 2952 +","match_part"],[1,11,184,-1,"M173","NODE_4216_length_5985_cov_7.036702:hsp:8944:3.2.0.0",173,"NODE_4216_length_5985_cov_7.036702","blastn","TRINITY_DN3015_c0_g1_i6 2953 3125 +","match_part"]],"3274","expressed_sequence_match",{"Sublist":[[0,2466,2708,1,"NODE_4216_length_5985_cov_7.036702:hit:2431:3.2.0.0","TRINITY_DN7059_c0_g1_i1",212,"NODE_4216_length_5985_cov_7.036702","blastn",[[1,2466,2708,1,"M242","NODE_4216_length_5985_cov_7.036702:hsp:8945:3.2.0.0",212,"NODE_4216_length_5985_cov_7.036702","blastn","TRINITY_DN7059_c0_g1_i1 1 242 +","match_part"]],"242","expressed_sequence_match"],[0,2466,2708,1,"NODE_4216_length_5985_cov_7.036702:hit:2432:3.2.0.0","TRINITY_DN7059_c0_g1_i2",186,"NODE_4216_length_5985_cov_7.036702","blastn",[[1,2466,2708,1,"M103 I3 M139","NODE_4216_length_5985_cov_7.036702:hsp:8946:3.2.0.0",186,"NODE_4216_length_5985_cov_7.036702","blastn","TRINITY_DN7059_c0_g1_i2 1 245 +","match_part"]],"245","expressed_sequence_match"]]}],[0,4101,4550,-1,"NODE_4216_length_5985_cov_7.036702:hit:2433:3.2.0.0","TRINITY_DN18596_c0_g1_i1",359,"NODE_4216_length_5985_cov_7.036702","blastn",[[1,4101,4550,-1,"M449","NODE_4216_length_5985_cov_7.036702:hsp:8947:3.2.0.0",359,"NODE_4216_length_5985_cov_7.036702","blastn","TRINITY_DN18596_c0_g1_i1 1 449 +","match_part"]],"449","expressed_sequence_match"],[0,4797,5221,-1,"NODE_4216_length_5985_cov_7.036702:hit:2434:3.2.0.0","TRINITY_DN42855_c0_g1_i1",98,"NODE_4216_length_5985_cov_7.036702","blastn",[[1,5123,5221,-1,"M98","NODE_4216_length_5985_cov_7.036702:hsp:8948:3.2.0.0",98,"NODE_4216_length_5985_cov_7.036702","blastn","TRINITY_DN42855_c0_g1_i1 1 98 +","match_part"],[1,4797,5057,-1,"M260","NODE_4216_length_5985_cov_7.036702:hsp:8949:3.2.0.0",236,"NODE_4216_length_5985_cov_7.036702","blastn","TRINITY_DN42855_c0_g1_i1 101 360 +","match_part"]],"360","expressed_sequence_match"]],"urlTemplate":"lf-{Chunk}.json"}}