{"featureCount":3,"formatVersion":1,"histograms":{"meta":[{"arrayParams":{"chunkSize":10000,"length":1,"urlTemplate":"hist-20000-{Chunk}.json"},"basesPerBin":"20000"}],"stats":[{"basesPerBin":"20000","max":3,"mean":3}]},"intervals":{"classes":[{"attributes":["Start","End","Strand","Id","Name","Seq_id","Source","Subfeatures","Target_length","Type"],"isArrayAttr":{"Subfeatures":1}},{"attributes":["Start","End","Strand","Gap","Id","Seq_id","Source","Target","Type"],"isArrayAttr":{}},{"attributes":["Start","End","Strand","Id","Seq_id","Source","Target","Type"],"isArrayAttr":{}},{"attributes":["Start","End","Chunk"],"isArrayAttr":{"Sublist":1}}],"count":3,"lazyClass":3,"maxEnd":12773,"minStart":9,"nclist":[[0,9,444,1,"NODE_1613_length_13470_cov_8.779393:hit:109733:4.5.0.0","genemark-NODE_1613_length_13470_cov_8.779393-abinit-gene-0.6-mRNA-1","NODE_1613_length_13470_cov_8.779393","genemark",[[1,9,444,1,"M435","NODE_1613_length_13470_cov_8.779393:hsp:547751:4.5.0.0","NODE_1613_length_13470_cov_8.779393","genemark","genemark-NODE_1613_length_13470_cov_8.779393-abinit-gene-0.6-mRNA-1 1 435 +","match_part"]],"13470","match"],[0,785,5858,1,"NODE_1613_length_13470_cov_8.779393:hit:109735:4.5.0.0","genemark-NODE_1613_length_13470_cov_8.779393-abinit-gene-0.7-mRNA-1","NODE_1613_length_13470_cov_8.779393","genemark",[[1,785,938,1,"M153","NODE_1613_length_13470_cov_8.779393:hsp:547753:4.5.0.0","NODE_1613_length_13470_cov_8.779393","genemark","genemark-NODE_1613_length_13470_cov_8.779393-abinit-gene-0.7-mRNA-1 1 153 +","match_part"],[1,1001,5858,1,"M4857","NODE_1613_length_13470_cov_8.779393:hsp:547754:4.5.0.0","NODE_1613_length_13470_cov_8.779393","genemark","genemark-NODE_1613_length_13470_cov_8.779393-abinit-gene-0.7-mRNA-1 154 5010 +","match_part"]],"13470","match"],[0,6960,12773,1,"NODE_1613_length_13470_cov_8.779393:hit:109741:4.5.0.0","genemark-NODE_1613_length_13470_cov_8.779393-abinit-gene-0.8-mRNA-1","NODE_1613_length_13470_cov_8.779393","genemark",[[1,6960,8022,1,"M1062","NODE_1613_length_13470_cov_8.779393:hsp:547767:4.5.0.0","NODE_1613_length_13470_cov_8.779393","genemark","genemark-NODE_1613_length_13470_cov_8.779393-abinit-gene-0.8-mRNA-1 1 1062 +","match_part"],[1,8074,8499,1,"M425","NODE_1613_length_13470_cov_8.779393:hsp:547768:4.5.0.0","NODE_1613_length_13470_cov_8.779393","genemark","genemark-NODE_1613_length_13470_cov_8.779393-abinit-gene-0.8-mRNA-1 1063 1487 +","match_part"],[1,8564,11940,1,"M3376","NODE_1613_length_13470_cov_8.779393:hsp:547769:4.5.0.0","NODE_1613_length_13470_cov_8.779393","genemark","genemark-NODE_1613_length_13470_cov_8.779393-abinit-gene-0.8-mRNA-1 1488 4863 +","match_part"],[1,12067,12422,1,"M355","NODE_1613_length_13470_cov_8.779393:hsp:547770:4.5.0.0","NODE_1613_length_13470_cov_8.779393","genemark","genemark-NODE_1613_length_13470_cov_8.779393-abinit-gene-0.8-mRNA-1 4864 5218 +","match_part"],[1,12615,12773,1,"M158","NODE_1613_length_13470_cov_8.779393:hsp:547771:4.5.0.0","NODE_1613_length_13470_cov_8.779393","genemark","genemark-NODE_1613_length_13470_cov_8.779393-abinit-gene-0.8-mRNA-1 5219 5376 +","match_part"]],"13470","match"]],"urlTemplate":"lf-{Chunk}.json"}}