{"featureCount":4,"formatVersion":1,"histograms":{"meta":[{"arrayParams":{"chunkSize":10000,"length":1,"urlTemplate":"hist-10000-{Chunk}.json"},"basesPerBin":"10000"}],"stats":[{"basesPerBin":"10000","max":4,"mean":4}]},"intervals":{"classes":[{"attributes":["Start","End","Strand","Id","Name","Score","Seq_id","Source","Subfeatures","Target_length","Type"],"isArrayAttr":{"Subfeatures":1}},{"attributes":["Start","End","Strand","Gap","Id","Score","Seq_id","Source","Target","Type"],"isArrayAttr":{}},{"attributes":["Start","End","Chunk"],"isArrayAttr":{"Sublist":1}}],"count":4,"lazyClass":2,"maxEnd":9464,"minStart":131,"nclist":[[0,131,1773,-1,"NODE_1887_length_12012_cov_8.531426:hit:119945:4.5.0.0","augustus-NODE_1887_length_12012_cov_8.531426-abinit-gene-0.57-mRNA-1",0.94,"NODE_1887_length_12012_cov_8.531426","augustus",[[1,1668,1773,-1,"M105","NODE_1887_length_12012_cov_8.531426:hsp:592911:4.5.0.0",0.94,"NODE_1887_length_12012_cov_8.531426","augustus","augustus-NODE_1887_length_12012_cov_8.531426-abinit-gene-0.57-mRNA-1 1153 1257 +","match_part"],[1,894,1554,-1,"M660","NODE_1887_length_12012_cov_8.531426:hsp:592912:4.5.0.0",0.94,"NODE_1887_length_12012_cov_8.531426","augustus","augustus-NODE_1887_length_12012_cov_8.531426-abinit-gene-0.57-mRNA-1 493 1152 +","match_part"],[1,538,816,-1,"M278","NODE_1887_length_12012_cov_8.531426:hsp:592913:4.5.0.0",0.94,"NODE_1887_length_12012_cov_8.531426","augustus","augustus-NODE_1887_length_12012_cov_8.531426-abinit-gene-0.57-mRNA-1 215 492 +","match_part"],[1,330,437,-1,"M107","NODE_1887_length_12012_cov_8.531426:hsp:592914:4.5.0.0",0.94,"NODE_1887_length_12012_cov_8.531426","augustus","augustus-NODE_1887_length_12012_cov_8.531426-abinit-gene-0.57-mRNA-1 108 214 +","match_part"],[1,131,238,-1,"M107","NODE_1887_length_12012_cov_8.531426:hsp:592915:4.5.0.0",0.94,"NODE_1887_length_12012_cov_8.531426","augustus","augustus-NODE_1887_length_12012_cov_8.531426-abinit-gene-0.57-mRNA-1 1 107 +","match_part"]],"12012","match"],[0,4400,4706,-1,"NODE_1887_length_12012_cov_8.531426:hit:119949:4.5.0.0","augustus-NODE_1887_length_12012_cov_8.531426-abinit-gene-0.58-mRNA-1",0.46,"NODE_1887_length_12012_cov_8.531426","augustus",[[1,4400,4706,-1,"M306","NODE_1887_length_12012_cov_8.531426:hsp:592928:4.5.0.0",0.46,"NODE_1887_length_12012_cov_8.531426","augustus","augustus-NODE_1887_length_12012_cov_8.531426-abinit-gene-0.58-mRNA-1 1 306 +","match_part"]],"12012","match"],[0,6739,8127,1,"NODE_1887_length_12012_cov_8.531426:hit:119951:4.5.0.0","augustus-NODE_1887_length_12012_cov_8.531426-abinit-gene-0.55-mRNA-1",0.22,"NODE_1887_length_12012_cov_8.531426","augustus",[[1,6739,6796,1,"M57","NODE_1887_length_12012_cov_8.531426:hsp:592932:4.5.0.0",0.22,"NODE_1887_length_12012_cov_8.531426","augustus","augustus-NODE_1887_length_12012_cov_8.531426-abinit-gene-0.55-mRNA-1 1 57 +","match_part"],[1,6925,7120,1,"M195","NODE_1887_length_12012_cov_8.531426:hsp:592933:4.5.0.0",0.22,"NODE_1887_length_12012_cov_8.531426","augustus","augustus-NODE_1887_length_12012_cov_8.531426-abinit-gene-0.55-mRNA-1 58 252 +","match_part"],[1,7560,7670,1,"M110","NODE_1887_length_12012_cov_8.531426:hsp:592934:4.5.0.0",0.22,"NODE_1887_length_12012_cov_8.531426","augustus","augustus-NODE_1887_length_12012_cov_8.531426-abinit-gene-0.55-mRNA-1 253 362 +","match_part"],[1,7919,8127,1,"M208","NODE_1887_length_12012_cov_8.531426:hsp:592935:4.5.0.0",0.22,"NODE_1887_length_12012_cov_8.531426","augustus","augustus-NODE_1887_length_12012_cov_8.531426-abinit-gene-0.55-mRNA-1 363 570 +","match_part"]],"12012","match"],[0,8801,9464,1,"NODE_1887_length_12012_cov_8.531426:hit:119954:4.5.0.0","augustus-NODE_1887_length_12012_cov_8.531426-abinit-gene-0.56-mRNA-1",0.87,"NODE_1887_length_12012_cov_8.531426","augustus",[[1,8801,9464,1,"M663","NODE_1887_length_12012_cov_8.531426:hsp:592938:4.5.0.0",0.87,"NODE_1887_length_12012_cov_8.531426","augustus","augustus-NODE_1887_length_12012_cov_8.531426-abinit-gene-0.56-mRNA-1 1 663 +","match_part"]],"12012","match"]],"urlTemplate":"lf-{Chunk}.json"}}