{"featureCount":3,"formatVersion":1,"histograms":{"meta":[{"arrayParams":{"chunkSize":10000,"length":1,"urlTemplate":"hist-5000-{Chunk}.json"},"basesPerBin":"5000"}],"stats":[{"basesPerBin":"5000","max":3,"mean":3}]},"intervals":{"classes":[{"attributes":["Start","End","Strand","Id","Name","Score","Seq_id","Source","Subfeatures","Target_length","Type"],"isArrayAttr":{"Subfeatures":1}},{"attributes":["Start","End","Strand","Gap","Id","Score","Seq_id","Source","Target","Type"],"isArrayAttr":{}},{"attributes":["Start","End","Chunk"],"isArrayAttr":{"Sublist":1}}],"count":3,"lazyClass":2,"maxEnd":4773,"minStart":319,"nclist":[[0,319,1803,1,"NODE_4685_length_5488_cov_11.069017:hit:7940:4.5.0.0","augustus-NODE_4685_length_5488_cov_11.069017-abinit-gene-0.0-mRNA-1",0.93,"NODE_4685_length_5488_cov_11.069017","augustus",[[1,319,553,1,"M234","NODE_4685_length_5488_cov_11.069017:hsp:28157:4.5.0.0",0.93,"NODE_4685_length_5488_cov_11.069017","augustus","augustus-NODE_4685_length_5488_cov_11.069017-abinit-gene-0.0-mRNA-1 1 234 +","match_part"],[1,636,750,1,"M114","NODE_4685_length_5488_cov_11.069017:hsp:28158:4.5.0.0",0.93,"NODE_4685_length_5488_cov_11.069017","augustus","augustus-NODE_4685_length_5488_cov_11.069017-abinit-gene-0.0-mRNA-1 235 348 +","match_part"],[1,804,1174,1,"M370","NODE_4685_length_5488_cov_11.069017:hsp:28159:4.5.0.0",0.93,"NODE_4685_length_5488_cov_11.069017","augustus","augustus-NODE_4685_length_5488_cov_11.069017-abinit-gene-0.0-mRNA-1 349 718 +","match_part"],[1,1261,1803,1,"M542","NODE_4685_length_5488_cov_11.069017:hsp:28160:4.5.0.0",0.93,"NODE_4685_length_5488_cov_11.069017","augustus","augustus-NODE_4685_length_5488_cov_11.069017-abinit-gene-0.0-mRNA-1 719 1260 +","match_part"]],"5488","match"],[0,2019,3250,-1,"NODE_4685_length_5488_cov_11.069017:hit:7942:4.5.0.0","augustus-NODE_4685_length_5488_cov_11.069017-abinit-gene-0.1-mRNA-1",0.33,"NODE_4685_length_5488_cov_11.069017","augustus",[[1,2973,3250,-1,"M277","NODE_4685_length_5488_cov_11.069017:hsp:28165:4.5.0.0",0.33,"NODE_4685_length_5488_cov_11.069017","augustus","augustus-NODE_4685_length_5488_cov_11.069017-abinit-gene-0.1-mRNA-1 777 1053 +","match_part"],[1,2526,2864,-1,"M338","NODE_4685_length_5488_cov_11.069017:hsp:28166:4.5.0.0",0.33,"NODE_4685_length_5488_cov_11.069017","augustus","augustus-NODE_4685_length_5488_cov_11.069017-abinit-gene-0.1-mRNA-1 439 776 +","match_part"],[1,2019,2457,-1,"M438","NODE_4685_length_5488_cov_11.069017:hsp:28167:4.5.0.0",0.33,"NODE_4685_length_5488_cov_11.069017","augustus","augustus-NODE_4685_length_5488_cov_11.069017-abinit-gene-0.1-mRNA-1 1 438 +","match_part"]],"5488","match"],[0,3459,4773,-1,"NODE_4685_length_5488_cov_11.069017:hit:7945:4.5.0.0","augustus-NODE_4685_length_5488_cov_11.069017-abinit-gene-0.2-mRNA-1",0.9,"NODE_4685_length_5488_cov_11.069017","augustus",[[1,4007,4773,-1,"M766","NODE_4685_length_5488_cov_11.069017:hsp:28173:4.5.0.0",0.9,"NODE_4685_length_5488_cov_11.069017","augustus","augustus-NODE_4685_length_5488_cov_11.069017-abinit-gene-0.2-mRNA-1 489 1254 +","match_part"],[1,3459,3947,-1,"M488","NODE_4685_length_5488_cov_11.069017:hsp:28174:4.5.0.0",0.9,"NODE_4685_length_5488_cov_11.069017","augustus","augustus-NODE_4685_length_5488_cov_11.069017-abinit-gene-0.2-mRNA-1 1 488 +","match_part"]],"5488","match"]],"urlTemplate":"lf-{Chunk}.json"}}