{"featureCount":3,"formatVersion":1,"histograms":{"meta":[{"arrayParams":{"chunkSize":10000,"length":1,"urlTemplate":"hist-20000-{Chunk}.json"},"basesPerBin":"20000"}],"stats":[{"basesPerBin":"20000","max":3,"mean":3}]},"intervals":{"classes":[{"attributes":["Start","End","Strand","Id","Name","Score","Seq_id","Source","Subfeatures","Target_length","Type"],"isArrayAttr":{"Subfeatures":1}},{"attributes":["Start","End","Strand","Gap","Id","Score","Seq_id","Source","Target","Type"],"isArrayAttr":{}},{"attributes":["Start","End","Chunk"],"isArrayAttr":{"Sublist":1}}],"count":3,"lazyClass":2,"maxEnd":13154,"minStart":4167,"nclist":[[0,4167,4784,-1,"NODE_1263_length_15770_cov_7.131752:hit:95241:4.5.0.0","augustus-NODE_1263_length_15770_cov_7.131752-abinit-gene-0.2-mRNA-1",0.68,"NODE_1263_length_15770_cov_7.131752","augustus",[[1,4731,4784,-1,"M53","NODE_1263_length_15770_cov_7.131752:hsp:482241:4.5.0.0",0.68,"NODE_1263_length_15770_cov_7.131752","augustus","augustus-NODE_1263_length_15770_cov_7.131752-abinit-gene-0.2-mRNA-1 431 483 +","match_part"],[1,4575,4665,-1,"M90","NODE_1263_length_15770_cov_7.131752:hsp:482242:4.5.0.0",0.68,"NODE_1263_length_15770_cov_7.131752","augustus","augustus-NODE_1263_length_15770_cov_7.131752-abinit-gene-0.2-mRNA-1 341 430 +","match_part"],[1,4167,4507,-1,"M340","NODE_1263_length_15770_cov_7.131752:hsp:482243:4.5.0.0",0.68,"NODE_1263_length_15770_cov_7.131752","augustus","augustus-NODE_1263_length_15770_cov_7.131752-abinit-gene-0.2-mRNA-1 1 340 +","match_part"]],"15770","match"],[0,5587,6305,1,"NODE_1263_length_15770_cov_7.131752:hit:95245:4.5.0.0","augustus-NODE_1263_length_15770_cov_7.131752-abinit-gene-0.0-mRNA-1",0.38,"NODE_1263_length_15770_cov_7.131752","augustus",[[1,5587,5717,1,"M130","NODE_1263_length_15770_cov_7.131752:hsp:482256:4.5.0.0",0.38,"NODE_1263_length_15770_cov_7.131752","augustus","augustus-NODE_1263_length_15770_cov_7.131752-abinit-gene-0.0-mRNA-1 1 130 +","match_part"],[1,5804,5911,1,"M107","NODE_1263_length_15770_cov_7.131752:hsp:482257:4.5.0.0",0.38,"NODE_1263_length_15770_cov_7.131752","augustus","augustus-NODE_1263_length_15770_cov_7.131752-abinit-gene-0.0-mRNA-1 131 237 +","match_part"],[1,5983,6148,1,"M165","NODE_1263_length_15770_cov_7.131752:hsp:482258:4.5.0.0",0.38,"NODE_1263_length_15770_cov_7.131752","augustus","augustus-NODE_1263_length_15770_cov_7.131752-abinit-gene-0.0-mRNA-1 238 402 +","match_part"],[1,6272,6305,1,"M33","NODE_1263_length_15770_cov_7.131752:hsp:482259:4.5.0.0",0.38,"NODE_1263_length_15770_cov_7.131752","augustus","augustus-NODE_1263_length_15770_cov_7.131752-abinit-gene-0.0-mRNA-1 403 435 +","match_part"]],"15770","match"],[0,10993,13154,1,"NODE_1263_length_15770_cov_7.131752:hit:95246:4.5.0.0","augustus-NODE_1263_length_15770_cov_7.131752-abinit-gene-0.1-mRNA-1",0.47,"NODE_1263_length_15770_cov_7.131752","augustus",[[1,10993,11284,1,"M291","NODE_1263_length_15770_cov_7.131752:hsp:482260:4.5.0.0",0.47,"NODE_1263_length_15770_cov_7.131752","augustus","augustus-NODE_1263_length_15770_cov_7.131752-abinit-gene-0.1-mRNA-1 1 291 +","match_part"],[1,11378,11504,1,"M126","NODE_1263_length_15770_cov_7.131752:hsp:482261:4.5.0.0",0.47,"NODE_1263_length_15770_cov_7.131752","augustus","augustus-NODE_1263_length_15770_cov_7.131752-abinit-gene-0.1-mRNA-1 292 417 +","match_part"],[1,11576,13154,1,"M1578","NODE_1263_length_15770_cov_7.131752:hsp:482262:4.5.0.0",0.47,"NODE_1263_length_15770_cov_7.131752","augustus","augustus-NODE_1263_length_15770_cov_7.131752-abinit-gene-0.1-mRNA-1 418 1995 +","match_part"]],"15770","match"]],"urlTemplate":"lf-{Chunk}.json"}}