{"featureCount":4,"formatVersion":1,"histograms":{"meta":[{"arrayParams":{"chunkSize":10000,"length":2,"urlTemplate":"hist-10000-{Chunk}.json"},"basesPerBin":"10000"}],"stats":[{"basesPerBin":"10000","max":4,"mean":2.5}]},"intervals":{"classes":[{"attributes":["Start","End","Strand","Id","Name","Seq_id","Source","Subfeatures","Target_length","Type"],"isArrayAttr":{"Subfeatures":1}},{"attributes":["Start","End","Strand","Gap","Id","Seq_id","Source","Target","Type"],"isArrayAttr":{}},{"attributes":["Start","End","Strand","Id","Seq_id","Source","Target","Type"],"isArrayAttr":{}},{"attributes":["Start","End","Chunk"],"isArrayAttr":{"Sublist":1}}],"count":4,"lazyClass":3,"maxEnd":10845,"minStart":709,"nclist":[[0,709,2813,1,"NODE_1688_length_13001_cov_9.626845:hit:112721:4.5.0.0","genemark-NODE_1688_length_13001_cov_9.626845-abinit-gene-0.63-mRNA-1","NODE_1688_length_13001_cov_9.626845","genemark",[[1,709,787,1,"M78","NODE_1688_length_13001_cov_9.626845:hsp:561524:4.5.0.0","NODE_1688_length_13001_cov_9.626845","genemark","genemark-NODE_1688_length_13001_cov_9.626845-abinit-gene-0.63-mRNA-1 1 78 +","match_part"],[1,942,978,1,"M36","NODE_1688_length_13001_cov_9.626845:hsp:561525:4.5.0.0","NODE_1688_length_13001_cov_9.626845","genemark","genemark-NODE_1688_length_13001_cov_9.626845-abinit-gene-0.63-mRNA-1 79 114 +","match_part"],[1,1035,1220,1,"M185","NODE_1688_length_13001_cov_9.626845:hsp:561526:4.5.0.0","NODE_1688_length_13001_cov_9.626845","genemark","genemark-NODE_1688_length_13001_cov_9.626845-abinit-gene-0.63-mRNA-1 115 299 +","match_part"],[1,1319,1409,1,"M90","NODE_1688_length_13001_cov_9.626845:hsp:561527:4.5.0.0","NODE_1688_length_13001_cov_9.626845","genemark","genemark-NODE_1688_length_13001_cov_9.626845-abinit-gene-0.63-mRNA-1 300 389 +","match_part"],[1,1481,1617,1,"M136","NODE_1688_length_13001_cov_9.626845:hsp:561528:4.5.0.0","NODE_1688_length_13001_cov_9.626845","genemark","genemark-NODE_1688_length_13001_cov_9.626845-abinit-gene-0.63-mRNA-1 390 525 +","match_part"],[1,1758,1934,1,"M176","NODE_1688_length_13001_cov_9.626845:hsp:561529:4.5.0.0","NODE_1688_length_13001_cov_9.626845","genemark","genemark-NODE_1688_length_13001_cov_9.626845-abinit-gene-0.63-mRNA-1 526 701 +","match_part"],[1,2023,2090,1,"M67","NODE_1688_length_13001_cov_9.626845:hsp:561530:4.5.0.0","NODE_1688_length_13001_cov_9.626845","genemark","genemark-NODE_1688_length_13001_cov_9.626845-abinit-gene-0.63-mRNA-1 702 768 +","match_part"],[1,2552,2813,1,"M261","NODE_1688_length_13001_cov_9.626845:hsp:561531:4.5.0.0","NODE_1688_length_13001_cov_9.626845","genemark","genemark-NODE_1688_length_13001_cov_9.626845-abinit-gene-0.63-mRNA-1 769 1029 +","match_part"]],"13001","match"],[0,3491,4107,1,"NODE_1688_length_13001_cov_9.626845:hit:112725:4.5.0.0","genemark-NODE_1688_length_13001_cov_9.626845-abinit-gene-0.64-mRNA-1","NODE_1688_length_13001_cov_9.626845","genemark",[[1,3491,3629,1,"M138","NODE_1688_length_13001_cov_9.626845:hsp:561548:4.5.0.0","NODE_1688_length_13001_cov_9.626845","genemark","genemark-NODE_1688_length_13001_cov_9.626845-abinit-gene-0.64-mRNA-1 1 138 +","match_part"],[1,3718,3926,1,"M208","NODE_1688_length_13001_cov_9.626845:hsp:561549:4.5.0.0","NODE_1688_length_13001_cov_9.626845","genemark","genemark-NODE_1688_length_13001_cov_9.626845-abinit-gene-0.64-mRNA-1 139 346 +","match_part"],[1,4000,4107,1,"M107","NODE_1688_length_13001_cov_9.626845:hsp:561550:4.5.0.0","NODE_1688_length_13001_cov_9.626845","genemark","genemark-NODE_1688_length_13001_cov_9.626845-abinit-gene-0.64-mRNA-1 347 453 +","match_part"]],"13001","match"],[0,5271,7360,1,"NODE_1688_length_13001_cov_9.626845:hit:112729:4.5.0.0","genemark-NODE_1688_length_13001_cov_9.626845-abinit-gene-0.65-mRNA-1","NODE_1688_length_13001_cov_9.626845","genemark",[[1,5271,5558,1,"M287","NODE_1688_length_13001_cov_9.626845:hsp:561568:4.5.0.0","NODE_1688_length_13001_cov_9.626845","genemark","genemark-NODE_1688_length_13001_cov_9.626845-abinit-gene-0.65-mRNA-1 1 287 +","match_part"],[1,5660,5737,1,"M77","NODE_1688_length_13001_cov_9.626845:hsp:561569:4.5.0.0","NODE_1688_length_13001_cov_9.626845","genemark","genemark-NODE_1688_length_13001_cov_9.626845-abinit-gene-0.65-mRNA-1 288 364 +","match_part"],[1,5841,5921,1,"M80","NODE_1688_length_13001_cov_9.626845:hsp:561570:4.5.0.0","NODE_1688_length_13001_cov_9.626845","genemark","genemark-NODE_1688_length_13001_cov_9.626845-abinit-gene-0.65-mRNA-1 365 444 +","match_part"],[1,6218,6309,1,"M91","NODE_1688_length_13001_cov_9.626845:hsp:561571:4.5.0.0","NODE_1688_length_13001_cov_9.626845","genemark","genemark-NODE_1688_length_13001_cov_9.626845-abinit-gene-0.65-mRNA-1 445 535 +","match_part"],[1,6406,6582,1,"M176","NODE_1688_length_13001_cov_9.626845:hsp:561572:4.5.0.0","NODE_1688_length_13001_cov_9.626845","genemark","genemark-NODE_1688_length_13001_cov_9.626845-abinit-gene-0.65-mRNA-1 536 711 +","match_part"],[1,6650,6719,1,"M69","NODE_1688_length_13001_cov_9.626845:hsp:561573:4.5.0.0","NODE_1688_length_13001_cov_9.626845","genemark","genemark-NODE_1688_length_13001_cov_9.626845-abinit-gene-0.65-mRNA-1 712 780 +","match_part"],[1,6785,6995,1,"M210","NODE_1688_length_13001_cov_9.626845:hsp:561574:4.5.0.0","NODE_1688_length_13001_cov_9.626845","genemark","genemark-NODE_1688_length_13001_cov_9.626845-abinit-gene-0.65-mRNA-1 781 990 +","match_part"],[1,7079,7180,1,"M101","NODE_1688_length_13001_cov_9.626845:hsp:561575:4.5.0.0","NODE_1688_length_13001_cov_9.626845","genemark","genemark-NODE_1688_length_13001_cov_9.626845-abinit-gene-0.65-mRNA-1 991 1091 +","match_part"],[1,7257,7360,1,"M103","NODE_1688_length_13001_cov_9.626845:hsp:561576:4.5.0.0","NODE_1688_length_13001_cov_9.626845","genemark","genemark-NODE_1688_length_13001_cov_9.626845-abinit-gene-0.65-mRNA-1 1092 1194 +","match_part"]],"13001","match"],[0,9402,10845,-1,"NODE_1688_length_13001_cov_9.626845:hit:112732:4.5.0.0","genemark-NODE_1688_length_13001_cov_9.626845-abinit-gene-0.66-mRNA-1","NODE_1688_length_13001_cov_9.626845","genemark",[[1,10823,10845,-1,"M22","NODE_1688_length_13001_cov_9.626845:hsp:561584:4.5.0.0","NODE_1688_length_13001_cov_9.626845","genemark","genemark-NODE_1688_length_13001_cov_9.626845-abinit-gene-0.66-mRNA-1 735 756 +","match_part"],[1,10576,10724,-1,"M148","NODE_1688_length_13001_cov_9.626845:hsp:561585:4.5.0.0","NODE_1688_length_13001_cov_9.626845","genemark","genemark-NODE_1688_length_13001_cov_9.626845-abinit-gene-0.66-mRNA-1 587 734 +","match_part"],[1,9933,10141,-1,"M208","NODE_1688_length_13001_cov_9.626845:hsp:561586:4.5.0.0","NODE_1688_length_13001_cov_9.626845","genemark","genemark-NODE_1688_length_13001_cov_9.626845-abinit-gene-0.66-mRNA-1 379 586 +","match_part"],[1,9771,9852,-1,"M81","NODE_1688_length_13001_cov_9.626845:hsp:561587:4.5.0.0","NODE_1688_length_13001_cov_9.626845","genemark","genemark-NODE_1688_length_13001_cov_9.626845-abinit-gene-0.66-mRNA-1 298 378 +","match_part"],[1,9402,9699,-1,"M297","NODE_1688_length_13001_cov_9.626845:hsp:561588:4.5.0.0","NODE_1688_length_13001_cov_9.626845","genemark","genemark-NODE_1688_length_13001_cov_9.626845-abinit-gene-0.66-mRNA-1 1 297 +","match_part"]],"13001","match"]],"urlTemplate":"lf-{Chunk}.json"}}