{"featureCount":2,"formatVersion":1,"histograms":{"meta":[{"arrayParams":{"chunkSize":10000,"length":1,"urlTemplate":"hist-10000-{Chunk}.json"},"basesPerBin":"10000"}],"stats":[{"basesPerBin":"10000","max":2,"mean":2}]},"intervals":{"classes":[{"attributes":["Start","End","Strand","Id","Name","Seq_id","Source","Subfeatures","Target_length","Type"],"isArrayAttr":{"Subfeatures":1}},{"attributes":["Start","End","Strand","Gap","Id","Seq_id","Source","Target","Type"],"isArrayAttr":{}},{"attributes":["Start","End","Strand","Id","Seq_id","Source","Target","Type"],"isArrayAttr":{}},{"attributes":["Start","End","Chunk"],"isArrayAttr":{"Sublist":1}}],"count":2,"lazyClass":3,"maxEnd":5141,"minStart":76,"nclist":[[0,76,2226,1,"NODE_4921_length_5190_cov_0.643492:hit:10492:4.5.0.0","genemark-NODE_4921_length_5190_cov_0.643492-abinit-gene-0.3-mRNA-1","NODE_4921_length_5190_cov_0.643492","genemark",[[1,76,123,1,"M47","NODE_4921_length_5190_cov_0.643492:hsp:36557:4.5.0.0","NODE_4921_length_5190_cov_0.643492","genemark","genemark-NODE_4921_length_5190_cov_0.643492-abinit-gene-0.3-mRNA-1 1 47 +","match_part"],[1,215,596,1,"M381","NODE_4921_length_5190_cov_0.643492:hsp:36558:4.5.0.0","NODE_4921_length_5190_cov_0.643492","genemark","genemark-NODE_4921_length_5190_cov_0.643492-abinit-gene-0.3-mRNA-1 48 428 +","match_part"],[1,665,776,1,"M111","NODE_4921_length_5190_cov_0.643492:hsp:36559:4.5.0.0","NODE_4921_length_5190_cov_0.643492","genemark","genemark-NODE_4921_length_5190_cov_0.643492-abinit-gene-0.3-mRNA-1 429 539 +","match_part"],[1,847,1350,1,"M503","NODE_4921_length_5190_cov_0.643492:hsp:36560:4.5.0.0","NODE_4921_length_5190_cov_0.643492","genemark","genemark-NODE_4921_length_5190_cov_0.643492-abinit-gene-0.3-mRNA-1 540 1042 +","match_part"],[1,1415,1787,1,"M372","NODE_4921_length_5190_cov_0.643492:hsp:36561:4.5.0.0","NODE_4921_length_5190_cov_0.643492","genemark","genemark-NODE_4921_length_5190_cov_0.643492-abinit-gene-0.3-mRNA-1 1043 1414 +","match_part"],[1,1845,2117,1,"M272","NODE_4921_length_5190_cov_0.643492:hsp:36562:4.5.0.0","NODE_4921_length_5190_cov_0.643492","genemark","genemark-NODE_4921_length_5190_cov_0.643492-abinit-gene-0.3-mRNA-1 1415 1686 +","match_part"],[1,2196,2226,1,"M30","NODE_4921_length_5190_cov_0.643492:hsp:36563:4.5.0.0","NODE_4921_length_5190_cov_0.643492","genemark","genemark-NODE_4921_length_5190_cov_0.643492-abinit-gene-0.3-mRNA-1 1687 1716 +","match_part"]],"5190","match"],[0,2353,5141,-1,"NODE_4921_length_5190_cov_0.643492:hit:10495:4.5.0.0","genemark-NODE_4921_length_5190_cov_0.643492-abinit-gene-0.4-mRNA-1","NODE_4921_length_5190_cov_0.643492","genemark",[[1,4733,5141,-1,"M408","NODE_4921_length_5190_cov_0.643492:hsp:36574:4.5.0.0","NODE_4921_length_5190_cov_0.643492","genemark","genemark-NODE_4921_length_5190_cov_0.643492-abinit-gene-0.4-mRNA-1 2026 2433 +","match_part"],[1,3613,4662,-1,"M1049","NODE_4921_length_5190_cov_0.643492:hsp:36575:4.5.0.0","NODE_4921_length_5190_cov_0.643492","genemark","genemark-NODE_4921_length_5190_cov_0.643492-abinit-gene-0.4-mRNA-1 977 2025 +","match_part"],[1,3069,3535,-1,"M466","NODE_4921_length_5190_cov_0.643492:hsp:36576:4.5.0.0","NODE_4921_length_5190_cov_0.643492","genemark","genemark-NODE_4921_length_5190_cov_0.643492-abinit-gene-0.4-mRNA-1 511 976 +","match_part"],[1,2948,3005,-1,"M57","NODE_4921_length_5190_cov_0.643492:hsp:36577:4.5.0.0","NODE_4921_length_5190_cov_0.643492","genemark","genemark-NODE_4921_length_5190_cov_0.643492-abinit-gene-0.4-mRNA-1 454 510 +","match_part"],[1,2549,2884,-1,"M335","NODE_4921_length_5190_cov_0.643492:hsp:36578:4.5.0.0","NODE_4921_length_5190_cov_0.643492","genemark","genemark-NODE_4921_length_5190_cov_0.643492-abinit-gene-0.4-mRNA-1 119 453 +","match_part"],[1,2353,2471,-1,"M118","NODE_4921_length_5190_cov_0.643492:hsp:36579:4.5.0.0","NODE_4921_length_5190_cov_0.643492","genemark","genemark-NODE_4921_length_5190_cov_0.643492-abinit-gene-0.4-mRNA-1 1 118 +","match_part"]],"5190","match"]],"urlTemplate":"lf-{Chunk}.json"}}