{"featureCount":4,"formatVersion":1,"histograms":{"meta":[{"arrayParams":{"chunkSize":10000,"length":2,"urlTemplate":"hist-10000-{Chunk}.json"},"basesPerBin":"10000"}],"stats":[{"basesPerBin":"10000","max":3,"mean":2.5}]},"intervals":{"classes":[{"attributes":["Start","End","Strand","Id","Name","Seq_id","Source","Subfeatures","Target_length","Type"],"isArrayAttr":{"Subfeatures":1}},{"attributes":["Start","End","Strand","Gap","Id","Seq_id","Source","Target","Type"],"isArrayAttr":{}},{"attributes":["Start","End","Strand","Id","Seq_id","Source","Target","Type"],"isArrayAttr":{}},{"attributes":["Start","End","Chunk"],"isArrayAttr":{"Sublist":1}}],"count":4,"lazyClass":3,"maxEnd":15538,"minStart":2302,"nclist":[[0,2302,3978,-1,"NODE_1227_length_16022_cov_5.821550:hit:93570:4.5.0.0","genemark-NODE_1227_length_16022_cov_5.821550-abinit-gene-0.1-mRNA-1","NODE_1227_length_16022_cov_5.821550","genemark",[[1,3722,3978,-1,"M256","NODE_1227_length_16022_cov_5.821550:hsp:474711:4.5.0.0","NODE_1227_length_16022_cov_5.821550","genemark","genemark-NODE_1227_length_16022_cov_5.821550-abinit-gene-0.1-mRNA-1 393 648 +","match_part"],[1,3584,3638,-1,"M54","NODE_1227_length_16022_cov_5.821550:hsp:474712:4.5.0.0","NODE_1227_length_16022_cov_5.821550","genemark","genemark-NODE_1227_length_16022_cov_5.821550-abinit-gene-0.1-mRNA-1 339 392 +","match_part"],[1,3122,3157,-1,"M35","NODE_1227_length_16022_cov_5.821550:hsp:474713:4.5.0.0","NODE_1227_length_16022_cov_5.821550","genemark","genemark-NODE_1227_length_16022_cov_5.821550-abinit-gene-0.1-mRNA-1 304 338 +","match_part"],[1,2980,3039,-1,"M59","NODE_1227_length_16022_cov_5.821550:hsp:474714:4.5.0.0","NODE_1227_length_16022_cov_5.821550","genemark","genemark-NODE_1227_length_16022_cov_5.821550-abinit-gene-0.1-mRNA-1 245 303 +","match_part"],[1,2826,2892,-1,"M66","NODE_1227_length_16022_cov_5.821550:hsp:474715:4.5.0.0","NODE_1227_length_16022_cov_5.821550","genemark","genemark-NODE_1227_length_16022_cov_5.821550-abinit-gene-0.1-mRNA-1 179 244 +","match_part"],[1,2716,2750,-1,"M34","NODE_1227_length_16022_cov_5.821550:hsp:474716:4.5.0.0","NODE_1227_length_16022_cov_5.821550","genemark","genemark-NODE_1227_length_16022_cov_5.821550-abinit-gene-0.1-mRNA-1 145 178 +","match_part"],[1,2577,2606,-1,"M29","NODE_1227_length_16022_cov_5.821550:hsp:474717:4.5.0.0","NODE_1227_length_16022_cov_5.821550","genemark","genemark-NODE_1227_length_16022_cov_5.821550-abinit-gene-0.1-mRNA-1 116 144 +","match_part"],[1,2409,2497,-1,"M88","NODE_1227_length_16022_cov_5.821550:hsp:474718:4.5.0.0","NODE_1227_length_16022_cov_5.821550","genemark","genemark-NODE_1227_length_16022_cov_5.821550-abinit-gene-0.1-mRNA-1 28 115 +","match_part"],[1,2302,2329,-1,"M27","NODE_1227_length_16022_cov_5.821550:hsp:474719:4.5.0.0","NODE_1227_length_16022_cov_5.821550","genemark","genemark-NODE_1227_length_16022_cov_5.821550-abinit-gene-0.1-mRNA-1 1 27 +","match_part"]],"16022","match"],[0,6854,7814,-1,"NODE_1227_length_16022_cov_5.821550:hit:93573:4.5.0.0","genemark-NODE_1227_length_16022_cov_5.821550-abinit-gene-0.2-mRNA-1","NODE_1227_length_16022_cov_5.821550","genemark",[[1,7030,7814,-1,"M784","NODE_1227_length_16022_cov_5.821550:hsp:474729:4.5.0.0","NODE_1227_length_16022_cov_5.821550","genemark","genemark-NODE_1227_length_16022_cov_5.821550-abinit-gene-0.2-mRNA-1 135 918 +","match_part"],[1,6854,6988,-1,"M134","NODE_1227_length_16022_cov_5.821550:hsp:474730:4.5.0.0","NODE_1227_length_16022_cov_5.821550","genemark","genemark-NODE_1227_length_16022_cov_5.821550-abinit-gene-0.2-mRNA-1 1 134 +","match_part"]],"16022","match"],[0,8525,11095,-1,"NODE_1227_length_16022_cov_5.821550:hit:93575:4.5.0.0","genemark-NODE_1227_length_16022_cov_5.821550-abinit-gene-0.3-mRNA-1","NODE_1227_length_16022_cov_5.821550","genemark",[[1,11079,11095,-1,"M16","NODE_1227_length_16022_cov_5.821550:hsp:474733:4.5.0.0","NODE_1227_length_16022_cov_5.821550","genemark","genemark-NODE_1227_length_16022_cov_5.821550-abinit-gene-0.3-mRNA-1 1968 1983 +","match_part"],[1,10950,11012,-1,"M62","NODE_1227_length_16022_cov_5.821550:hsp:474734:4.5.0.0","NODE_1227_length_16022_cov_5.821550","genemark","genemark-NODE_1227_length_16022_cov_5.821550-abinit-gene-0.3-mRNA-1 1906 1967 +","match_part"],[1,10692,10834,-1,"M142","NODE_1227_length_16022_cov_5.821550:hsp:474735:4.5.0.0","NODE_1227_length_16022_cov_5.821550","genemark","genemark-NODE_1227_length_16022_cov_5.821550-abinit-gene-0.3-mRNA-1 1764 1905 +","match_part"],[1,9984,10614,-1,"M630","NODE_1227_length_16022_cov_5.821550:hsp:474736:4.5.0.0","NODE_1227_length_16022_cov_5.821550","genemark","genemark-NODE_1227_length_16022_cov_5.821550-abinit-gene-0.3-mRNA-1 1134 1763 +","match_part"],[1,9579,9917,-1,"M338","NODE_1227_length_16022_cov_5.821550:hsp:474737:4.5.0.0","NODE_1227_length_16022_cov_5.821550","genemark","genemark-NODE_1227_length_16022_cov_5.821550-abinit-gene-0.3-mRNA-1 796 1133 +","match_part"],[1,9105,9477,-1,"M372","NODE_1227_length_16022_cov_5.821550:hsp:474738:4.5.0.0","NODE_1227_length_16022_cov_5.821550","genemark","genemark-NODE_1227_length_16022_cov_5.821550-abinit-gene-0.3-mRNA-1 424 795 +","match_part"],[1,8630,9033,-1,"M403","NODE_1227_length_16022_cov_5.821550:hsp:474739:4.5.0.0","NODE_1227_length_16022_cov_5.821550","genemark","genemark-NODE_1227_length_16022_cov_5.821550-abinit-gene-0.3-mRNA-1 21 423 +","match_part"],[1,8525,8545,-1,"M20","NODE_1227_length_16022_cov_5.821550:hsp:474740:4.5.0.0","NODE_1227_length_16022_cov_5.821550","genemark","genemark-NODE_1227_length_16022_cov_5.821550-abinit-gene-0.3-mRNA-1 1 20 +","match_part"]],"16022","match"],[0,11533,15538,1,"NODE_1227_length_16022_cov_5.821550:hit:93579:4.5.0.0","genemark-NODE_1227_length_16022_cov_5.821550-abinit-gene-0.0-mRNA-1","NODE_1227_length_16022_cov_5.821550","genemark",[[1,11533,12242,1,"M709","NODE_1227_length_16022_cov_5.821550:hsp:474761:4.5.0.0","NODE_1227_length_16022_cov_5.821550","genemark","genemark-NODE_1227_length_16022_cov_5.821550-abinit-gene-0.0-mRNA-1 1 709 +","match_part"],[1,12300,12375,1,"M75","NODE_1227_length_16022_cov_5.821550:hsp:474762:4.5.0.0","NODE_1227_length_16022_cov_5.821550","genemark","genemark-NODE_1227_length_16022_cov_5.821550-abinit-gene-0.0-mRNA-1 710 784 +","match_part"],[1,12432,14786,1,"M2354","NODE_1227_length_16022_cov_5.821550:hsp:474763:4.5.0.0","NODE_1227_length_16022_cov_5.821550","genemark","genemark-NODE_1227_length_16022_cov_5.821550-abinit-gene-0.0-mRNA-1 785 3138 +","match_part"],[1,14861,14971,1,"M110","NODE_1227_length_16022_cov_5.821550:hsp:474764:4.5.0.0","NODE_1227_length_16022_cov_5.821550","genemark","genemark-NODE_1227_length_16022_cov_5.821550-abinit-gene-0.0-mRNA-1 3139 3248 +","match_part"],[1,15037,15199,1,"M162","NODE_1227_length_16022_cov_5.821550:hsp:474765:4.5.0.0","NODE_1227_length_16022_cov_5.821550","genemark","genemark-NODE_1227_length_16022_cov_5.821550-abinit-gene-0.0-mRNA-1 3249 3410 +","match_part"],[1,15270,15538,1,"M268","NODE_1227_length_16022_cov_5.821550:hsp:474766:4.5.0.0","NODE_1227_length_16022_cov_5.821550","genemark","genemark-NODE_1227_length_16022_cov_5.821550-abinit-gene-0.0-mRNA-1 3411 3678 +","match_part"]],"16022","match"]],"urlTemplate":"lf-{Chunk}.json"}}