{"featureCount":5,"formatVersion":1,"histograms":{"meta":[{"arrayParams":{"chunkSize":10000,"length":2,"urlTemplate":"hist-20000-{Chunk}.json"},"basesPerBin":"20000"}],"stats":[{"basesPerBin":"20000","max":5,"mean":3}]},"intervals":{"classes":[{"attributes":["Start","End","Strand","Id","Name","Seq_id","Source","Subfeatures","Target_length","Type"],"isArrayAttr":{"Subfeatures":1}},{"attributes":["Start","End","Strand","Gap","Id","Seq_id","Source","Target","Type"],"isArrayAttr":{}},{"attributes":["Start","End","Strand","Id","Seq_id","Source","Target","Type"],"isArrayAttr":{}},{"attributes":["Start","End","Chunk"],"isArrayAttr":{"Sublist":1}}],"count":5,"lazyClass":3,"maxEnd":20514,"minStart":128,"nclist":[[0,128,314,-1,"NODE_388_length_28468_cov_6.970149:hit:42222:4.5.0.0","genemark-NODE_388_length_28468_cov_6.970149-abinit-gene-0.9-mRNA-1","NODE_388_length_28468_cov_6.970149","genemark",[[1,128,314,-1,"M186","NODE_388_length_28468_cov_6.970149:hsp:220643:4.5.0.0","NODE_388_length_28468_cov_6.970149","genemark","genemark-NODE_388_length_28468_cov_6.970149-abinit-gene-0.9-mRNA-1 1 186 +","match_part"]],"28468","match"],[0,341,3062,-1,"NODE_388_length_28468_cov_6.970149:hit:42223:4.5.0.0","genemark-NODE_388_length_28468_cov_6.970149-abinit-gene-0.10-mRNA-1","NODE_388_length_28468_cov_6.970149","genemark",[[1,2844,3062,-1,"M218","NODE_388_length_28468_cov_6.970149:hsp:220644:4.5.0.0","NODE_388_length_28468_cov_6.970149","genemark","genemark-NODE_388_length_28468_cov_6.970149-abinit-gene-0.10-mRNA-1 1052 1269 +","match_part"],[1,2215,2761,-1,"M546","NODE_388_length_28468_cov_6.970149:hsp:220645:4.5.0.0","NODE_388_length_28468_cov_6.970149","genemark","genemark-NODE_388_length_28468_cov_6.970149-abinit-gene-0.10-mRNA-1 506 1051 +","match_part"],[1,856,995,-1,"M139","NODE_388_length_28468_cov_6.970149:hsp:220646:4.5.0.0","NODE_388_length_28468_cov_6.970149","genemark","genemark-NODE_388_length_28468_cov_6.970149-abinit-gene-0.10-mRNA-1 367 505 +","match_part"],[1,539,782,-1,"M243","NODE_388_length_28468_cov_6.970149:hsp:220647:4.5.0.0","NODE_388_length_28468_cov_6.970149","genemark","genemark-NODE_388_length_28468_cov_6.970149-abinit-gene-0.10-mRNA-1 124 366 +","match_part"],[1,341,464,-1,"M123","NODE_388_length_28468_cov_6.970149:hsp:220648:4.5.0.0","NODE_388_length_28468_cov_6.970149","genemark","genemark-NODE_388_length_28468_cov_6.970149-abinit-gene-0.10-mRNA-1 1 123 +","match_part"]],"28468","match"],[0,8375,8858,1,"NODE_388_length_28468_cov_6.970149:hit:42224:4.5.0.0","genemark-NODE_388_length_28468_cov_6.970149-abinit-gene-0.7-mRNA-1","NODE_388_length_28468_cov_6.970149","genemark",[[1,8375,8858,1,"M483","NODE_388_length_28468_cov_6.970149:hsp:220649:4.5.0.0","NODE_388_length_28468_cov_6.970149","genemark","genemark-NODE_388_length_28468_cov_6.970149-abinit-gene-0.7-mRNA-1 1 483 +","match_part"]],"28468","match"],[0,17769,19109,1,"NODE_388_length_28468_cov_6.970149:hit:42227:4.5.0.0","genemark-NODE_388_length_28468_cov_6.970149-abinit-gene-0.8-mRNA-1","NODE_388_length_28468_cov_6.970149","genemark",[[1,17769,18003,1,"M234","NODE_388_length_28468_cov_6.970149:hsp:220658:4.5.0.0","NODE_388_length_28468_cov_6.970149","genemark","genemark-NODE_388_length_28468_cov_6.970149-abinit-gene-0.8-mRNA-1 1 234 +","match_part"],[1,18170,18546,1,"M376","NODE_388_length_28468_cov_6.970149:hsp:220659:4.5.0.0","NODE_388_length_28468_cov_6.970149","genemark","genemark-NODE_388_length_28468_cov_6.970149-abinit-gene-0.8-mRNA-1 235 610 +","match_part"],[1,18609,18672,1,"M63","NODE_388_length_28468_cov_6.970149:hsp:220660:4.5.0.0","NODE_388_length_28468_cov_6.970149","genemark","genemark-NODE_388_length_28468_cov_6.970149-abinit-gene-0.8-mRNA-1 611 673 +","match_part"],[1,18714,19109,1,"M395","NODE_388_length_28468_cov_6.970149:hsp:220661:4.5.0.0","NODE_388_length_28468_cov_6.970149","genemark","genemark-NODE_388_length_28468_cov_6.970149-abinit-gene-0.8-mRNA-1 674 1068 +","match_part"]],"28468","match"],[0,19606,20514,-1,"NODE_388_length_28468_cov_6.970149:hit:42230:4.5.0.0","genemark-NODE_388_length_28468_cov_6.970149-abinit-gene-0.11-mRNA-1","NODE_388_length_28468_cov_6.970149","genemark",[[1,20388,20514,-1,"M126","NODE_388_length_28468_cov_6.970149:hsp:220672:4.5.0.0","NODE_388_length_28468_cov_6.970149","genemark","genemark-NODE_388_length_28468_cov_6.970149-abinit-gene-0.11-mRNA-1 487 612 +","match_part"],[1,20165,20326,-1,"M161","NODE_388_length_28468_cov_6.970149:hsp:220673:4.5.0.0","NODE_388_length_28468_cov_6.970149","genemark","genemark-NODE_388_length_28468_cov_6.970149-abinit-gene-0.11-mRNA-1 326 486 +","match_part"],[1,19968,20078,-1,"M110","NODE_388_length_28468_cov_6.970149:hsp:220674:4.5.0.0","NODE_388_length_28468_cov_6.970149","genemark","genemark-NODE_388_length_28468_cov_6.970149-abinit-gene-0.11-mRNA-1 216 325 +","match_part"],[1,19771,19905,-1,"M134","NODE_388_length_28468_cov_6.970149:hsp:220675:4.5.0.0","NODE_388_length_28468_cov_6.970149","genemark","genemark-NODE_388_length_28468_cov_6.970149-abinit-gene-0.11-mRNA-1 82 215 +","match_part"],[1,19606,19687,-1,"M81","NODE_388_length_28468_cov_6.970149:hsp:220676:4.5.0.0","NODE_388_length_28468_cov_6.970149","genemark","genemark-NODE_388_length_28468_cov_6.970149-abinit-gene-0.11-mRNA-1 1 81 +","match_part"]],"28468","match"]],"urlTemplate":"lf-{Chunk}.json"}}