{"featureCount":2,"formatVersion":1,"histograms":{"meta":[{"arrayParams":{"chunkSize":10000,"length":1,"urlTemplate":"hist-20000-{Chunk}.json"},"basesPerBin":"20000"}],"stats":[{"basesPerBin":"20000","max":2,"mean":2}]},"intervals":{"classes":[{"attributes":["Start","End","Strand","Id","Name","Seq_id","Source","Subfeatures","Target_length","Type"],"isArrayAttr":{"Subfeatures":1}},{"attributes":["Start","End","Strand","Gap","Id","Seq_id","Source","Target","Type"],"isArrayAttr":{}},{"attributes":["Start","End","Strand","Id","Seq_id","Source","Target","Type"],"isArrayAttr":{}},{"attributes":["Start","End","Chunk"],"isArrayAttr":{"Sublist":1}}],"count":2,"lazyClass":3,"maxEnd":12091,"minStart":7334,"nclist":[[0,7334,11600,1,"NODE_1495_length_14257_cov_3.097594:hit:104870:4.5.0.0","genemark-NODE_1495_length_14257_cov_3.097594-abinit-gene-0.2-mRNA-1","NODE_1495_length_14257_cov_3.097594","genemark",[[1,7334,7475,1,"M141","NODE_1495_length_14257_cov_3.097594:hsp:525815:4.5.0.0","NODE_1495_length_14257_cov_3.097594","genemark","genemark-NODE_1495_length_14257_cov_3.097594-abinit-gene-0.2-mRNA-1 1 141 +","match_part"],[1,7593,7692,1,"M99","NODE_1495_length_14257_cov_3.097594:hsp:525816:4.5.0.0","NODE_1495_length_14257_cov_3.097594","genemark","genemark-NODE_1495_length_14257_cov_3.097594-abinit-gene-0.2-mRNA-1 142 240 +","match_part"],[1,7779,7942,1,"M163","NODE_1495_length_14257_cov_3.097594:hsp:525817:4.5.0.0","NODE_1495_length_14257_cov_3.097594","genemark","genemark-NODE_1495_length_14257_cov_3.097594-abinit-gene-0.2-mRNA-1 241 403 +","match_part"],[1,9050,9076,1,"M26","NODE_1495_length_14257_cov_3.097594:hsp:525818:4.5.0.0","NODE_1495_length_14257_cov_3.097594","genemark","genemark-NODE_1495_length_14257_cov_3.097594-abinit-gene-0.2-mRNA-1 404 429 +","match_part"],[1,9131,9227,1,"M96","NODE_1495_length_14257_cov_3.097594:hsp:525819:4.5.0.0","NODE_1495_length_14257_cov_3.097594","genemark","genemark-NODE_1495_length_14257_cov_3.097594-abinit-gene-0.2-mRNA-1 430 525 +","match_part"],[1,9310,9447,1,"M137","NODE_1495_length_14257_cov_3.097594:hsp:525820:4.5.0.0","NODE_1495_length_14257_cov_3.097594","genemark","genemark-NODE_1495_length_14257_cov_3.097594-abinit-gene-0.2-mRNA-1 526 662 +","match_part"],[1,9530,10009,1,"M479","NODE_1495_length_14257_cov_3.097594:hsp:525821:4.5.0.0","NODE_1495_length_14257_cov_3.097594","genemark","genemark-NODE_1495_length_14257_cov_3.097594-abinit-gene-0.2-mRNA-1 663 1141 +","match_part"],[1,10070,10162,1,"M92","NODE_1495_length_14257_cov_3.097594:hsp:525822:4.5.0.0","NODE_1495_length_14257_cov_3.097594","genemark","genemark-NODE_1495_length_14257_cov_3.097594-abinit-gene-0.2-mRNA-1 1142 1233 +","match_part"],[1,10223,10420,1,"M197","NODE_1495_length_14257_cov_3.097594:hsp:525823:4.5.0.0","NODE_1495_length_14257_cov_3.097594","genemark","genemark-NODE_1495_length_14257_cov_3.097594-abinit-gene-0.2-mRNA-1 1234 1430 +","match_part"],[1,10490,10956,1,"M466","NODE_1495_length_14257_cov_3.097594:hsp:525824:4.5.0.0","NODE_1495_length_14257_cov_3.097594","genemark","genemark-NODE_1495_length_14257_cov_3.097594-abinit-gene-0.2-mRNA-1 1431 1896 +","match_part"],[1,11027,11096,1,"M69","NODE_1495_length_14257_cov_3.097594:hsp:525825:4.5.0.0","NODE_1495_length_14257_cov_3.097594","genemark","genemark-NODE_1495_length_14257_cov_3.097594-abinit-gene-0.2-mRNA-1 1897 1965 +","match_part"],[1,11180,11600,1,"M420","NODE_1495_length_14257_cov_3.097594:hsp:525826:4.5.0.0","NODE_1495_length_14257_cov_3.097594","genemark","genemark-NODE_1495_length_14257_cov_3.097594-abinit-gene-0.2-mRNA-1 1966 2385 +","match_part"]],"14257","match"],[0,11731,12091,1,"NODE_1495_length_14257_cov_3.097594:hit:104873:4.5.0.0","genemark-NODE_1495_length_14257_cov_3.097594-abinit-gene-0.3-mRNA-1","NODE_1495_length_14257_cov_3.097594","genemark",[[1,11731,11892,1,"M161","NODE_1495_length_14257_cov_3.097594:hsp:525834:4.5.0.0","NODE_1495_length_14257_cov_3.097594","genemark","genemark-NODE_1495_length_14257_cov_3.097594-abinit-gene-0.3-mRNA-1 1 161 +","match_part"],[1,11955,12091,1,"M136","NODE_1495_length_14257_cov_3.097594:hsp:525835:4.5.0.0","NODE_1495_length_14257_cov_3.097594","genemark","genemark-NODE_1495_length_14257_cov_3.097594-abinit-gene-0.3-mRNA-1 162 297 +","match_part"]],"14257","match"]],"urlTemplate":"lf-{Chunk}.json"}}