{"featureCount":2,"formatVersion":1,"histograms":{"meta":[{"arrayParams":{"chunkSize":10000,"length":1,"urlTemplate":"hist-10000-{Chunk}.json"},"basesPerBin":"10000"}],"stats":[{"basesPerBin":"10000","max":2,"mean":2}]},"intervals":{"classes":[{"attributes":["Start","End","Strand","Id","Name","Seq_id","Source","Subfeatures","Target_length","Type"],"isArrayAttr":{"Subfeatures":1}},{"attributes":["Start","End","Strand","Gap","Id","Seq_id","Source","Target","Type"],"isArrayAttr":{}},{"attributes":["Start","End","Strand","Id","Seq_id","Source","Target","Type"],"isArrayAttr":{}},{"attributes":["Start","End","Chunk"],"isArrayAttr":{"Sublist":1}}],"count":2,"lazyClass":3,"maxEnd":6171,"minStart":763,"nclist":[[0,763,2962,-1,"NODE_3673_length_6719_cov_16.598604:hit:36639:4.5.0.0","genemark-NODE_3673_length_6719_cov_16.598604-abinit-gene-0.2-mRNA-1","NODE_3673_length_6719_cov_16.598604","genemark",[[1,2670,2962,-1,"M292","NODE_3673_length_6719_cov_16.598604:hsp:150941:4.5.0.0","NODE_3673_length_6719_cov_16.598604","genemark","genemark-NODE_3673_length_6719_cov_16.598604-abinit-gene-0.2-mRNA-1 1584 1875 +","match_part"],[1,2043,2579,-1,"M536","NODE_3673_length_6719_cov_16.598604:hsp:150942:4.5.0.0","NODE_3673_length_6719_cov_16.598604","genemark","genemark-NODE_3673_length_6719_cov_16.598604-abinit-gene-0.2-mRNA-1 1048 1583 +","match_part"],[1,1734,1965,-1,"M231","NODE_3673_length_6719_cov_16.598604:hsp:150943:4.5.0.0","NODE_3673_length_6719_cov_16.598604","genemark","genemark-NODE_3673_length_6719_cov_16.598604-abinit-gene-0.2-mRNA-1 817 1047 +","match_part"],[1,1332,1663,-1,"M331","NODE_3673_length_6719_cov_16.598604:hsp:150944:4.5.0.0","NODE_3673_length_6719_cov_16.598604","genemark","genemark-NODE_3673_length_6719_cov_16.598604-abinit-gene-0.2-mRNA-1 486 816 +","match_part"],[1,763,1248,-1,"M485","NODE_3673_length_6719_cov_16.598604:hsp:150945:4.5.0.0","NODE_3673_length_6719_cov_16.598604","genemark","genemark-NODE_3673_length_6719_cov_16.598604-abinit-gene-0.2-mRNA-1 1 485 +","match_part"]],"6719","match"],[0,4271,6171,-1,"NODE_3673_length_6719_cov_16.598604:hit:36642:4.5.0.0","genemark-NODE_3673_length_6719_cov_16.598604-abinit-gene-0.3-mRNA-1","NODE_3673_length_6719_cov_16.598604","genemark",[[1,5590,6171,-1,"M581","NODE_3673_length_6719_cov_16.598604:hsp:150956:4.5.0.0","NODE_3673_length_6719_cov_16.598604","genemark","genemark-NODE_3673_length_6719_cov_16.598604-abinit-gene-0.3-mRNA-1 1031 1611 +","match_part"],[1,5436,5525,-1,"M89","NODE_3673_length_6719_cov_16.598604:hsp:150957:4.5.0.0","NODE_3673_length_6719_cov_16.598604","genemark","genemark-NODE_3673_length_6719_cov_16.598604-abinit-gene-0.3-mRNA-1 942 1030 +","match_part"],[1,5033,5362,-1,"M329","NODE_3673_length_6719_cov_16.598604:hsp:150958:4.5.0.0","NODE_3673_length_6719_cov_16.598604","genemark","genemark-NODE_3673_length_6719_cov_16.598604-abinit-gene-0.3-mRNA-1 613 941 +","match_part"],[1,4683,4966,-1,"M283","NODE_3673_length_6719_cov_16.598604:hsp:150959:4.5.0.0","NODE_3673_length_6719_cov_16.598604","genemark","genemark-NODE_3673_length_6719_cov_16.598604-abinit-gene-0.3-mRNA-1 330 612 +","match_part"],[1,4271,4600,-1,"M329","NODE_3673_length_6719_cov_16.598604:hsp:150960:4.5.0.0","NODE_3673_length_6719_cov_16.598604","genemark","genemark-NODE_3673_length_6719_cov_16.598604-abinit-gene-0.3-mRNA-1 1 329 +","match_part"]],"6719","match"]],"urlTemplate":"lf-{Chunk}.json"}}