{"featureCount":4,"formatVersion":1,"histograms":{"meta":[{"arrayParams":{"chunkSize":10000,"length":2,"urlTemplate":"hist-1000-{Chunk}.json"},"basesPerBin":"1000"}],"stats":[{"basesPerBin":"1000","max":4,"mean":4}]},"intervals":{"classes":[{"attributes":["Start","End","Strand","Id","Name","Score","Seq_id","Source","Subfeatures","Target_length","Type"],"isArrayAttr":{"Subfeatures":1}},{"attributes":["Start","End","Strand","Gap","Id","Score","Seq_id","Source","Target","Type"],"isArrayAttr":{}},{"attributes":["Start","End","Chunk"],"isArrayAttr":{"Sublist":1}}],"count":4,"lazyClass":2,"maxEnd":1431,"minStart":0,"nclist":[[0,0,1431,-1,"NODE_9958_length_1926_cov_7.873263:hit:8631:3.2.0.0","TRINITY_DN5605_c0_g2_i3",375,"NODE_9958_length_1926_cov_7.873263","blastn",[[1,907,1431,-1,"M123 I2 M14 I6 M126 D1 M5 D1 M7 D5 M242","NODE_9958_length_1926_cov_7.873263:hsp:20159:3.2.0.0",375,"NODE_9958_length_1926_cov_7.873263","blastn","TRINITY_DN5605_c0_g2_i3 1 525 +","match_part"],[1,0,772,-1,"M347 D1 M78 I1 M346","NODE_9958_length_1926_cov_7.873263:hsp:20160:3.2.0.0",745,"NODE_9958_length_1926_cov_7.873263","blastn","TRINITY_DN5605_c0_g2_i3 526 1297 +","match_part"]],"1297","expressed_sequence_match"],[0,0,1431,-1,"NODE_9958_length_1926_cov_7.873263:hit:8632:3.2.0.0","TRINITY_DN5605_c0_g2_i2",351,"NODE_9958_length_1926_cov_7.873263","blastn",[[1,907,1431,-1,"M123 I2 M14 I6 M126 D1 M5 D1 M7 D5 M242","NODE_9958_length_1926_cov_7.873263:hsp:20161:3.2.0.0",351,"NODE_9958_length_1926_cov_7.873263","blastn","TRINITY_DN5605_c0_g2_i2 1 525 +","match_part"],[1,0,772,-1,"M347 D1 M29 I1 M395","NODE_9958_length_1926_cov_7.873263:hsp:20162:3.2.0.0",733,"NODE_9958_length_1926_cov_7.873263","blastn","TRINITY_DN5605_c0_g2_i2 526 1297 +","match_part"]],"1297","expressed_sequence_match"],[0,0,1431,-1,"NODE_9958_length_1926_cov_7.873263:hit:8634:3.2.0.0","TRINITY_DN5605_c0_g2_i1",351,"NODE_9958_length_1926_cov_7.873263","blastn",[[1,907,1431,-1,"M123 I2 M14 I6 M126 D1 M5 D1 M7 D5 M242","NODE_9958_length_1926_cov_7.873263:hsp:20165:3.2.0.0",351,"NODE_9958_length_1926_cov_7.873263","blastn","TRINITY_DN5605_c0_g2_i1 1 525 +","match_part"],[1,0,772,-1,"M772","NODE_9958_length_1926_cov_7.873263:hsp:20166:3.2.0.0",766,"NODE_9958_length_1926_cov_7.873263","blastn","TRINITY_DN5605_c0_g2_i1 526 1297 +","match_part"]],"1297","expressed_sequence_match",{"Sublist":[[0,0,1019,-1,"NODE_9958_length_1926_cov_7.873263:hit:8633:3.2.0.0","TRINITY_DN5605_c0_g2_i4",106,"NODE_9958_length_1926_cov_7.873263","blastn",[[1,907,1019,-1,"M112","NODE_9958_length_1926_cov_7.873263:hsp:20163:3.2.0.0",106,"NODE_9958_length_1926_cov_7.873263","blastn","TRINITY_DN5605_c0_g2_i4 1 112 +","match_part"],[1,0,772,-1,"M377 I1 M395","NODE_9958_length_1926_cov_7.873263:hsp:20164:3.2.0.0",744,"NODE_9958_length_1926_cov_7.873263","blastn","TRINITY_DN5605_c0_g2_i4 113 885 +","match_part"]],"885","expressed_sequence_match"]]}]],"urlTemplate":"lf-{Chunk}.json"}}