{"featureCount":2,"formatVersion":1,"histograms":{"meta":[{"arrayParams":{"chunkSize":10000,"length":1,"urlTemplate":"hist-5000-{Chunk}.json"},"basesPerBin":"5000"}],"stats":[{"basesPerBin":"5000","max":2,"mean":2}]},"intervals":{"classes":[{"attributes":["Start","End","Strand","Id","Name","Seq_id","Source","Subfeatures","Target_length","Type"],"isArrayAttr":{"Subfeatures":1}},{"attributes":["Start","End","Strand","Gap","Id","Seq_id","Source","Target","Type"],"isArrayAttr":{}},{"attributes":["Start","End","Strand","Id","Seq_id","Source","Target","Type"],"isArrayAttr":{}},{"attributes":["Start","End","Chunk"],"isArrayAttr":{"Sublist":1}}],"count":2,"lazyClass":3,"maxEnd":2051,"minStart":47,"nclist":[[0,47,1414,1,"NODE_9223_length_2129_cov_8.075924:hit:5779:4.5.0.0","genemark-NODE_9223_length_2129_cov_8.075924-abinit-gene-0.2-mRNA-1","NODE_9223_length_2129_cov_8.075924","genemark",[[1,47,120,1,"M73","NODE_9223_length_2129_cov_8.075924:hsp:13694:4.5.0.0","NODE_9223_length_2129_cov_8.075924","genemark","genemark-NODE_9223_length_2129_cov_8.075924-abinit-gene-0.2-mRNA-1 1 73 +","match_part"],[1,209,260,1,"M51","NODE_9223_length_2129_cov_8.075924:hsp:13695:4.5.0.0","NODE_9223_length_2129_cov_8.075924","genemark","genemark-NODE_9223_length_2129_cov_8.075924-abinit-gene-0.2-mRNA-1 74 124 +","match_part"],[1,316,382,1,"M66","NODE_9223_length_2129_cov_8.075924:hsp:13696:4.5.0.0","NODE_9223_length_2129_cov_8.075924","genemark","genemark-NODE_9223_length_2129_cov_8.075924-abinit-gene-0.2-mRNA-1 125 190 +","match_part"],[1,439,514,1,"M75","NODE_9223_length_2129_cov_8.075924:hsp:13697:4.5.0.0","NODE_9223_length_2129_cov_8.075924","genemark","genemark-NODE_9223_length_2129_cov_8.075924-abinit-gene-0.2-mRNA-1 191 265 +","match_part"],[1,600,639,1,"M39","NODE_9223_length_2129_cov_8.075924:hsp:13698:4.5.0.0","NODE_9223_length_2129_cov_8.075924","genemark","genemark-NODE_9223_length_2129_cov_8.075924-abinit-gene-0.2-mRNA-1 266 304 +","match_part"],[1,702,759,1,"M57","NODE_9223_length_2129_cov_8.075924:hsp:13699:4.5.0.0","NODE_9223_length_2129_cov_8.075924","genemark","genemark-NODE_9223_length_2129_cov_8.075924-abinit-gene-0.2-mRNA-1 305 361 +","match_part"],[1,818,1414,1,"M596","NODE_9223_length_2129_cov_8.075924:hsp:13700:4.5.0.0","NODE_9223_length_2129_cov_8.075924","genemark","genemark-NODE_9223_length_2129_cov_8.075924-abinit-gene-0.2-mRNA-1 362 957 +","match_part"]],"2129","match"],[0,1548,2051,-1,"NODE_9223_length_2129_cov_8.075924:hit:5784:4.5.0.0","genemark-NODE_9223_length_2129_cov_8.075924-abinit-gene-0.3-mRNA-1","NODE_9223_length_2129_cov_8.075924","genemark",[[1,1933,2051,-1,"M118","NODE_9223_length_2129_cov_8.075924:hsp:13714:4.5.0.0","NODE_9223_length_2129_cov_8.075924","genemark","genemark-NODE_9223_length_2129_cov_8.075924-abinit-gene-0.3-mRNA-1 342 459 +","match_part"],[1,1548,1889,-1,"M341","NODE_9223_length_2129_cov_8.075924:hsp:13715:4.5.0.0","NODE_9223_length_2129_cov_8.075924","genemark","genemark-NODE_9223_length_2129_cov_8.075924-abinit-gene-0.3-mRNA-1 1 341 +","match_part"]],"2129","match"]],"urlTemplate":"lf-{Chunk}.json"}}