{"featureCount":4,"formatVersion":1,"histograms":{"meta":[{"arrayParams":{"chunkSize":10000,"length":2,"urlTemplate":"hist-2000-{Chunk}.json"},"basesPerBin":"2000"}],"stats":[{"basesPerBin":"2000","max":4,"mean":2.5}]},"intervals":{"classes":[{"attributes":["Start","End","Strand","Aligned_coverage","Aligned_identity","Id","Name","Score","Seq_id","Source","Subfeatures","Target_length","Type"],"isArrayAttr":{"Subfeatures":1}},{"attributes":["Start","End","Strand","Gap","Id","Score","Seq_id","Source","Target","Type"],"isArrayAttr":{}},{"attributes":["Start","End","Chunk"],"isArrayAttr":{"Sublist":1}}],"count":4,"lazyClass":2,"maxEnd":2870,"minStart":1901,"nclist":[[0,1901,2702,1,"98.15","75.5","NODE_4957_length_5148_cov_3.818634:hit:10895:3.2.0.0","TRINITY_DN6148_c0_g1_i1",1556,"NODE_4957_length_5148_cov_3.818634","est2genome",[[1,1901,2324,1,"M5 D1 M17 I1 M2 I2 M16 I1 M9 D1 M19 I1 M15 I2 M1 I1 M26 I1 M3 I1 M17 I1 M7 I5 M5 I2 M30 I5 M5 I3 M244","NODE_4957_length_5148_cov_3.818634:hsp:38156:3.2.0.0",1556,"NODE_4957_length_5148_cov_3.818634","est2genome","TRINITY_DN6148_c0_g1_i1 13 459 +","match_part"],[1,2394,2432,1,"M38","NODE_4957_length_5148_cov_3.818634:hsp:38157:3.2.0.0",1556,"NODE_4957_length_5148_cov_3.818634","est2genome","TRINITY_DN6148_c0_g1_i1 460 497 +","match_part"],[1,2528,2573,1,"M4 D1 M4 D1 M20 I1 M15","NODE_4957_length_5148_cov_3.818634:hsp:38158:3.2.0.0",1556,"NODE_4957_length_5148_cov_3.818634","est2genome","TRINITY_DN6148_c0_g1_i1 498 541 +","match_part"],[1,2595,2702,1,"M5 I2 M102","NODE_4957_length_5148_cov_3.818634:hsp:38159:3.2.0.0",1556,"NODE_4957_length_5148_cov_3.818634","est2genome","TRINITY_DN6148_c0_g1_i1 542 650 +","match_part"]],"650","expressed_sequence_match",{"Sublist":[[0,2056,2599,1,"99.71","93.6","NODE_4957_length_5148_cov_3.818634:hit:10896:3.2.0.0","TRINITY_DN6148_c0_g1_i6",1468,"NODE_4957_length_5148_cov_3.818634","est2genome",[[1,2056,2324,1,"M6 D1 M261","NODE_4957_length_5148_cov_3.818634:hsp:38160:3.2.0.0",1468,"NODE_4957_length_5148_cov_3.818634","est2genome","TRINITY_DN6148_c0_g1_i6 2 268 +","match_part"],[1,2394,2450,1,"M50 D3 M3","NODE_4957_length_5148_cov_3.818634:hsp:38161:3.2.0.0",1468,"NODE_4957_length_5148_cov_3.818634","est2genome","TRINITY_DN6148_c0_g1_i6 269 321 +","match_part"],[1,2577,2599,1,"M22","NODE_4957_length_5148_cov_3.818634:hsp:38162:3.2.0.0",1468,"NODE_4957_length_5148_cov_3.818634","est2genome","TRINITY_DN6148_c0_g1_i6 322 343 +","match_part"]],"343","expressed_sequence_match"],[0,2274,2642,-1,"94.87","89.4","NODE_4957_length_5148_cov_3.818634:hit:10897:3.2.0.0","TRINITY_DN8840_c1_g1_i1",1154,"NODE_4957_length_5148_cov_3.818634","est2genome",[[1,2394,2642,-1,"M3 D1 M4 D1 M5 I1 M9 D1 M12 I2 M212","NODE_4957_length_5148_cov_3.818634:hsp:38163:3.2.0.0",1154,"NODE_4957_length_5148_cov_3.818634","est2genome","TRINITY_DN8840_c1_g1_i1 17 264 +","match_part"],[1,2274,2324,-1,"M5 D2 M43","NODE_4957_length_5148_cov_3.818634:hsp:38164:3.2.0.0",1154,"NODE_4957_length_5148_cov_3.818634","est2genome","TRINITY_DN8840_c1_g1_i1 265 312 +","match_part"]],"312","expressed_sequence_match"]]}],[0,2394,2870,1,"82.12","79.7","NODE_4957_length_5148_cov_3.818634:hit:10898:3.2.0.0","TRINITY_DN8840_c0_g1_i2",1021,"NODE_4957_length_5148_cov_3.818634","est2genome",[[1,2394,2439,1,"M45","NODE_4957_length_5148_cov_3.818634:hsp:38165:3.2.0.0",1021,"NODE_4957_length_5148_cov_3.818634","est2genome","TRINITY_DN8840_c0_g1_i2 2 46 +","match_part"],[1,2551,2870,1,"M1 D1 M9 D4 M12 I1 M5 D2 M15 I2 M126 D1 M75 D2 M1 D2 M7 D3 M4 D1 M5 D1 M12 D2 M9 D1 M7 I2 M11","NODE_4957_length_5148_cov_3.818634:hsp:38166:3.2.0.0",1021,"NODE_4957_length_5148_cov_3.818634","est2genome","TRINITY_DN8840_c0_g1_i2 47 350 +","match_part"]],"425","expressed_sequence_match"]],"urlTemplate":"lf-{Chunk}.json"}}