{"featureCount":3,"formatVersion":1,"histograms":{"meta":[{"arrayParams":{"chunkSize":10000,"length":2,"urlTemplate":"hist-10000-{Chunk}.json"},"basesPerBin":"10000"}],"stats":[{"basesPerBin":"10000","max":2,"mean":1.5}]},"intervals":{"classes":[{"attributes":["Start","End","Strand","Id","Name","Score","Seq_id","Source","Subfeatures","Target_length","Type"],"isArrayAttr":{"Subfeatures":1}},{"attributes":["Start","End","Strand","Gap","Id","Score","Seq_id","Source","Target","Type"],"isArrayAttr":{}},{"attributes":["Start","End","Chunk"],"isArrayAttr":{"Sublist":1}}],"count":3,"lazyClass":2,"maxEnd":11223,"minStart":2,"nclist":[[0,2,2145,-1,"NODE_1938_length_11765_cov_7.482987:hit:122434:4.5.0.0","augustus-NODE_1938_length_11765_cov_7.482987-abinit-gene-0.15-mRNA-1",0.06,"NODE_1938_length_11765_cov_7.482987","augustus",[[1,2104,2145,-1,"M41","NODE_1938_length_11765_cov_7.482987:hsp:602112:4.5.0.0",0.06,"NODE_1938_length_11765_cov_7.482987","augustus","augustus-NODE_1938_length_11765_cov_7.482987-abinit-gene-0.15-mRNA-1 1601 1641 +","match_part"],[1,1946,2017,-1,"M71","NODE_1938_length_11765_cov_7.482987:hsp:602113:4.5.0.0",0.06,"NODE_1938_length_11765_cov_7.482987","augustus","augustus-NODE_1938_length_11765_cov_7.482987-abinit-gene-0.15-mRNA-1 1530 1600 +","match_part"],[1,1438,1880,-1,"M442","NODE_1938_length_11765_cov_7.482987:hsp:602114:4.5.0.0",0.06,"NODE_1938_length_11765_cov_7.482987","augustus","augustus-NODE_1938_length_11765_cov_7.482987-abinit-gene-0.15-mRNA-1 1088 1529 +","match_part"],[1,1290,1379,-1,"M89","NODE_1938_length_11765_cov_7.482987:hsp:602115:4.5.0.0",0.06,"NODE_1938_length_11765_cov_7.482987","augustus","augustus-NODE_1938_length_11765_cov_7.482987-abinit-gene-0.15-mRNA-1 999 1087 +","match_part"],[1,1012,1223,-1,"M211","NODE_1938_length_11765_cov_7.482987:hsp:602116:4.5.0.0",0.06,"NODE_1938_length_11765_cov_7.482987","augustus","augustus-NODE_1938_length_11765_cov_7.482987-abinit-gene-0.15-mRNA-1 788 998 +","match_part"],[1,885,935,-1,"M50","NODE_1938_length_11765_cov_7.482987:hsp:602117:4.5.0.0",0.06,"NODE_1938_length_11765_cov_7.482987","augustus","augustus-NODE_1938_length_11765_cov_7.482987-abinit-gene-0.15-mRNA-1 738 787 +","match_part"],[1,748,805,-1,"M57","NODE_1938_length_11765_cov_7.482987:hsp:602118:4.5.0.0",0.06,"NODE_1938_length_11765_cov_7.482987","augustus","augustus-NODE_1938_length_11765_cov_7.482987-abinit-gene-0.15-mRNA-1 681 737 +","match_part"],[1,2,682,-1,"M680","NODE_1938_length_11765_cov_7.482987:hsp:602119:4.5.0.0",0.06,"NODE_1938_length_11765_cov_7.482987","augustus","augustus-NODE_1938_length_11765_cov_7.482987-abinit-gene-0.15-mRNA-1 1 680 +","match_part"]],"11765","match"],[0,4738,6400,1,"NODE_1938_length_11765_cov_7.482987:hit:122440:4.5.0.0","augustus-NODE_1938_length_11765_cov_7.482987-abinit-gene-0.14-mRNA-1",0.99,"NODE_1938_length_11765_cov_7.482987","augustus",[[1,4738,5078,1,"M340","NODE_1938_length_11765_cov_7.482987:hsp:602142:4.5.0.0",0.99,"NODE_1938_length_11765_cov_7.482987","augustus","augustus-NODE_1938_length_11765_cov_7.482987-abinit-gene-0.14-mRNA-1 1 340 +","match_part"],[1,5168,5515,1,"M347","NODE_1938_length_11765_cov_7.482987:hsp:602143:4.5.0.0",0.99,"NODE_1938_length_11765_cov_7.482987","augustus","augustus-NODE_1938_length_11765_cov_7.482987-abinit-gene-0.14-mRNA-1 341 687 +","match_part"],[1,5600,6175,1,"M575","NODE_1938_length_11765_cov_7.482987:hsp:602144:4.5.0.0",0.99,"NODE_1938_length_11765_cov_7.482987","augustus","augustus-NODE_1938_length_11765_cov_7.482987-abinit-gene-0.14-mRNA-1 688 1262 +","match_part"],[1,6258,6400,1,"M142","NODE_1938_length_11765_cov_7.482987:hsp:602145:4.5.0.0",0.99,"NODE_1938_length_11765_cov_7.482987","augustus","augustus-NODE_1938_length_11765_cov_7.482987-abinit-gene-0.14-mRNA-1 1263 1404 +","match_part"]],"11765","match"],[0,10221,11223,-1,"NODE_1938_length_11765_cov_7.482987:hit:122442:4.5.0.0","augustus-NODE_1938_length_11765_cov_7.482987-abinit-gene-0.16-mRNA-1",0.24,"NODE_1938_length_11765_cov_7.482987","augustus",[[1,11061,11223,-1,"M162","NODE_1938_length_11765_cov_7.482987:hsp:602151:4.5.0.0",0.24,"NODE_1938_length_11765_cov_7.482987","augustus","augustus-NODE_1938_length_11765_cov_7.482987-abinit-gene-0.16-mRNA-1 547 708 +","match_part"],[1,10830,10985,-1,"M155","NODE_1938_length_11765_cov_7.482987:hsp:602152:4.5.0.0",0.24,"NODE_1938_length_11765_cov_7.482987","augustus","augustus-NODE_1938_length_11765_cov_7.482987-abinit-gene-0.16-mRNA-1 392 546 +","match_part"],[1,10660,10754,-1,"M94","NODE_1938_length_11765_cov_7.482987:hsp:602153:4.5.0.0",0.24,"NODE_1938_length_11765_cov_7.482987","augustus","augustus-NODE_1938_length_11765_cov_7.482987-abinit-gene-0.16-mRNA-1 298 391 +","match_part"],[1,10514,10586,-1,"M72","NODE_1938_length_11765_cov_7.482987:hsp:602154:4.5.0.0",0.24,"NODE_1938_length_11765_cov_7.482987","augustus","augustus-NODE_1938_length_11765_cov_7.482987-abinit-gene-0.16-mRNA-1 226 297 +","match_part"],[1,10221,10446,-1,"M225","NODE_1938_length_11765_cov_7.482987:hsp:602155:4.5.0.0",0.24,"NODE_1938_length_11765_cov_7.482987","augustus","augustus-NODE_1938_length_11765_cov_7.482987-abinit-gene-0.16-mRNA-1 1 225 +","match_part"]],"11765","match"]],"urlTemplate":"lf-{Chunk}.json"}}