{"featureCount":7,"formatVersion":1,"histograms":{"meta":[{"arrayParams":{"chunkSize":10000,"length":3,"urlTemplate":"hist-500-{Chunk}.json"},"basesPerBin":"500"}],"stats":[{"basesPerBin":"500","max":7,"mean":4.33333333333333}]},"intervals":{"classes":[{"attributes":["Start","End","Strand","Id","Name","Score","Seq_id","Source","Subfeatures","Target_length","Type"],"isArrayAttr":{"Subfeatures":1}},{"attributes":["Start","End","Strand","Gap","Id","Score","Seq_id","Source","Target","Type"],"isArrayAttr":{}},{"attributes":["Start","End","Chunk"],"isArrayAttr":{"Sublist":1}}],"count":7,"lazyClass":2,"maxEnd":1048,"minStart":20,"nclist":[[0,20,1015,1,"NODE_14045_length_1241_cov_1.787253:hit:141:3.2.0.0","TRINITY_DN1526_c0_g1_i11",410,"NODE_14045_length_1241_cov_1.787253","blastn",[[1,20,612,1,"M206 I1 M28 D2 M270 D1 M85","NODE_14045_length_1241_cov_1.787253:hsp:323:3.2.0.0",410,"NODE_14045_length_1241_cov_1.787253","blastn","TRINITY_DN1526_c0_g1_i11 160 749 +","match_part"],[1,707,1015,1,"M308","NODE_14045_length_1241_cov_1.787253:hsp:324:3.2.0.0",272,"NODE_14045_length_1241_cov_1.787253","blastn","TRINITY_DN1526_c0_g1_i11 745 1052 +","match_part"]],"1052","expressed_sequence_match",{"Sublist":[[0,326,760,-1,"NODE_14045_length_1241_cov_1.787253:hit:142:3.2.0.0","TRINITY_DN9459_c0_g2_i2",53,"NODE_14045_length_1241_cov_1.787253","blastn",[[1,707,760,-1,"M53","NODE_14045_length_1241_cov_1.787253:hsp:325:3.2.0.0",53,"NODE_14045_length_1241_cov_1.787253","blastn","TRINITY_DN9459_c0_g2_i2 3 55 +","match_part"],[1,326,612,-1,"M78 D2 M56 I1 M12 D5 M34 I2 M99","NODE_14045_length_1241_cov_1.787253:hsp:326:3.2.0.0",143,"NODE_14045_length_1241_cov_1.787253","blastn","TRINITY_DN9459_c0_g2_i2 51 332 +","match_part"]],"350","expressed_sequence_match"],[0,354,760,1,"NODE_14045_length_1241_cov_1.787253:hit:143:3.2.0.0","TRINITY_DN9459_c0_g1_i3",240,"NODE_14045_length_1241_cov_1.787253","blastn",[[1,354,760,1,"M104 D5 M13 I1 M50 D1 M134 I1 M32 D1 M4 D1 M61","NODE_14045_length_1241_cov_1.787253:hsp:327:3.2.0.0",240,"NODE_14045_length_1241_cov_1.787253","blastn","TRINITY_DN9459_c0_g1_i3 1 400 +","match_part"]],"402","expressed_sequence_match"],[0,354,760,1,"NODE_14045_length_1241_cov_1.787253:hit:144:3.2.0.0","TRINITY_DN9459_c0_g1_i1",148,"NODE_14045_length_1241_cov_1.787253","blastn",[[1,354,612,1,"M104 D5 M13 I1 M50 D2 M84","NODE_14045_length_1241_cov_1.787253:hsp:328:3.2.0.0",148,"NODE_14045_length_1241_cov_1.787253","blastn","TRINITY_DN9459_c0_g1_i1 1 252 +","match_part"],[1,707,760,1,"M53","NODE_14045_length_1241_cov_1.787253:hsp:329:3.2.0.0",53,"NODE_14045_length_1241_cov_1.787253","blastn","TRINITY_DN9459_c0_g1_i1 248 300 +","match_part"]],"302","expressed_sequence_match"],[0,540,760,1,"NODE_14045_length_1241_cov_1.787253:hit:145:3.2.0.0","TRINITY_DN9459_c0_g1_i2",54,"NODE_14045_length_1241_cov_1.787253","blastn",[[1,540,612,1,"M72","NODE_14045_length_1241_cov_1.787253:hsp:330:3.2.0.0",54,"NODE_14045_length_1241_cov_1.787253","blastn","TRINITY_DN9459_c0_g1_i2 100 171 +","match_part"],[1,707,760,1,"M53","NODE_14045_length_1241_cov_1.787253:hsp:331:3.2.0.0",53,"NODE_14045_length_1241_cov_1.787253","blastn","TRINITY_DN9459_c0_g1_i2 167 219 +","match_part"]],"221","expressed_sequence_match"],[0,540,760,-1,"NODE_14045_length_1241_cov_1.787253:hit:146:3.2.0.0","TRINITY_DN9459_c0_g2_i1",53,"NODE_14045_length_1241_cov_1.787253","blastn",[[1,707,760,-1,"M53","NODE_14045_length_1241_cov_1.787253:hsp:332:3.2.0.0",53,"NODE_14045_length_1241_cov_1.787253","blastn","TRINITY_DN9459_c0_g2_i1 3 55 +","match_part"],[1,540,612,-1,"M72","NODE_14045_length_1241_cov_1.787253:hsp:333:3.2.0.0",54,"NODE_14045_length_1241_cov_1.787253","blastn","TRINITY_DN9459_c0_g2_i1 51 122 +","match_part"]],"221","expressed_sequence_match"]]}],[0,794,1048,1,"NODE_14045_length_1241_cov_1.787253:hit:147:3.2.0.0","TRINITY_DN1526_c0_g1_i9",194,"NODE_14045_length_1241_cov_1.787253","blastn",[[1,794,1048,1,"M254","NODE_14045_length_1241_cov_1.787253:hsp:334:3.2.0.0",194,"NODE_14045_length_1241_cov_1.787253","blastn","TRINITY_DN1526_c0_g1_i9 1 254 +","match_part"]],"254","expressed_sequence_match"]],"urlTemplate":"lf-{Chunk}.json"}}