{"featureCount":14,"formatVersion":1,"histograms":{"meta":[{"arrayParams":{"chunkSize":10000,"length":6,"urlTemplate":"hist-500-{Chunk}.json"},"basesPerBin":"500"}],"stats":[{"basesPerBin":"500","max":6,"mean":4}]},"intervals":{"classes":[{"attributes":["Start","End","Strand","Id","Name","Score","Seq_id","Source","Subfeatures","Target_length","Type"],"isArrayAttr":{"Subfeatures":1}},{"attributes":["Start","End","Strand","Gap","Id","Score","Seq_id","Source","Target","Type"],"isArrayAttr":{}},{"attributes":["Start","End","Chunk"],"isArrayAttr":{"Sublist":1}}],"count":14,"lazyClass":2,"maxEnd":2707,"minStart":45,"nclist":[[0,45,340,-1,"NODE_7496_length_2880_cov_6.197966:hit:11386:3.2.0.0","TRINITY_DN13470_c0_g1_i1",141,"NODE_7496_length_2880_cov_6.197966","blastn",[[1,175,340,-1,"M165","NODE_7496_length_2880_cov_6.197966:hsp:33603:3.2.0.0",141,"NODE_7496_length_2880_cov_6.197966","blastn","TRINITY_DN13470_c0_g1_i1 1 165 +","match_part"],[1,45,109,-1,"M64","NODE_7496_length_2880_cov_6.197966:hsp:33604:3.2.0.0",64,"NODE_7496_length_2880_cov_6.197966","blastn","TRINITY_DN13470_c0_g1_i1 164 227 +","match_part"]],"240","expressed_sequence_match"],[0,45,340,-1,"NODE_7496_length_2880_cov_6.197966:hit:11387:3.2.0.0","TRINITY_DN13470_c0_g1_i2",271,"NODE_7496_length_2880_cov_6.197966","blastn",[[1,45,340,-1,"M295","NODE_7496_length_2880_cov_6.197966:hsp:33605:3.2.0.0",271,"NODE_7496_length_2880_cov_6.197966","blastn","TRINITY_DN13470_c0_g1_i2 1 295 +","match_part"]],"308","expressed_sequence_match"],[0,45,340,-1,"NODE_7496_length_2880_cov_6.197966:hit:11388:3.2.0.0","TRINITY_DN13470_c0_g1_i3",213,"NODE_7496_length_2880_cov_6.197966","blastn",[[1,45,340,-1,"M202 I1 M93","NODE_7496_length_2880_cov_6.197966:hsp:33606:3.2.0.0",213,"NODE_7496_length_2880_cov_6.197966","blastn","TRINITY_DN13470_c0_g1_i3 1 296 +","match_part"]],"309","expressed_sequence_match"],[0,261,815,-1,"NODE_7496_length_2880_cov_6.197966:hit:11389:3.2.0.0","TRINITY_DN20808_c0_g1_i1",89,"NODE_7496_length_2880_cov_6.197966","blastn",[[1,702,815,-1,"M113","NODE_7496_length_2880_cov_6.197966:hsp:33607:3.2.0.0",89,"NODE_7496_length_2880_cov_6.197966","blastn","TRINITY_DN20808_c0_g1_i1 1 113 +","match_part"],[1,261,320,-1,"M59","NODE_7496_length_2880_cov_6.197966:hsp:33608:3.2.0.0",53,"NODE_7496_length_2880_cov_6.197966","blastn","TRINITY_DN20808_c0_g1_i1 149 207 +","match_part"]],"207","expressed_sequence_match"],[0,585,815,-1,"NODE_7496_length_2880_cov_6.197966:hit:11390:3.2.0.0","TRINITY_DN20808_c0_g1_i2",153,"NODE_7496_length_2880_cov_6.197966","blastn",[[1,585,815,-1,"M108 D3 M119","NODE_7496_length_2880_cov_6.197966:hsp:33609:3.2.0.0",153,"NODE_7496_length_2880_cov_6.197966","blastn","TRINITY_DN20808_c0_g1_i2 1 227 +","match_part"]],"245","expressed_sequence_match"],[0,733,1038,1,"NODE_7496_length_2880_cov_6.197966:hit:11391:3.2.0.0","TRINITY_DN17553_c0_g1_i1",206,"NODE_7496_length_2880_cov_6.197966","blastn",[[1,733,1038,1,"M162 I1 M70 D1 M72","NODE_7496_length_2880_cov_6.197966:hsp:33610:3.2.0.0",206,"NODE_7496_length_2880_cov_6.197966","blastn","TRINITY_DN17553_c0_g1_i1 1 305 +","match_part"]],"305","expressed_sequence_match"],[0,1097,1518,-1,"NODE_7496_length_2880_cov_6.197966:hit:11392:3.2.0.0","TRINITY_DN9919_c0_g1_i1",148,"NODE_7496_length_2880_cov_6.197966","blastn",[[1,1334,1518,-1,"M184","NODE_7496_length_2880_cov_6.197966:hsp:33611:3.2.0.0",148,"NODE_7496_length_2880_cov_6.197966","blastn","TRINITY_DN9919_c0_g1_i1 1 184 +","match_part"],[1,1097,1245,-1,"M148","NODE_7496_length_2880_cov_6.197966:hsp:33612:3.2.0.0",124,"NODE_7496_length_2880_cov_6.197966","blastn","TRINITY_DN9919_c0_g1_i1 182 329 +","match_part"]],"329","expressed_sequence_match"],[0,1222,1518,-1,"NODE_7496_length_2880_cov_6.197966:hit:11393:3.2.0.0","TRINITY_DN9919_c0_g1_i2",225,"NODE_7496_length_2880_cov_6.197966","blastn",[[1,1222,1518,-1,"M221 D1 M74","NODE_7496_length_2880_cov_6.197966:hsp:33613:3.2.0.0",225,"NODE_7496_length_2880_cov_6.197966","blastn","TRINITY_DN9919_c0_g1_i2 1 295 +","match_part"]],"295","expressed_sequence_match"],[0,1472,1907,1,"NODE_7496_length_2880_cov_6.197966:hit:11394:3.2.0.0","TRINITY_DN7600_c1_g1_i1",352,"NODE_7496_length_2880_cov_6.197966","blastn",[[1,1472,1907,1,"M131 D4 M300","NODE_7496_length_2880_cov_6.197966:hsp:33614:3.2.0.0",352,"NODE_7496_length_2880_cov_6.197966","blastn","TRINITY_DN7600_c1_g1_i1 1 431 +","match_part"]],"447","expressed_sequence_match"],[0,1472,1907,1,"NODE_7496_length_2880_cov_6.197966:hit:11395:3.2.0.0","TRINITY_DN7600_c1_g1_i3",381,"NODE_7496_length_2880_cov_6.197966","blastn",[[1,1472,1907,1,"M435","NODE_7496_length_2880_cov_6.197966:hsp:33615:3.2.0.0",381,"NODE_7496_length_2880_cov_6.197966","blastn","TRINITY_DN7600_c1_g1_i3 1 435 +","match_part"]],"451","expressed_sequence_match"],[0,1472,1907,1,"NODE_7496_length_2880_cov_6.197966:hit:11396:3.2.0.0","TRINITY_DN7600_c1_g1_i2",346,"NODE_7496_length_2880_cov_6.197966","blastn",[[1,1472,1907,1,"M131 D4 M300","NODE_7496_length_2880_cov_6.197966:hsp:33616:3.2.0.0",346,"NODE_7496_length_2880_cov_6.197966","blastn","TRINITY_DN7600_c1_g1_i2 1 431 +","match_part"]],"447","expressed_sequence_match"],[0,1803,2071,1,"NODE_7496_length_2880_cov_6.197966:hit:11397:3.2.0.0","TRINITY_DN15968_c0_g1_i1",256,"NODE_7496_length_2880_cov_6.197966","blastn",[[1,1803,2071,1,"M268","NODE_7496_length_2880_cov_6.197966:hsp:33617:3.2.0.0",256,"NODE_7496_length_2880_cov_6.197966","blastn","TRINITY_DN15968_c0_g1_i1 7 274 +","match_part"]],"274","expressed_sequence_match"],[0,2046,2707,1,"NODE_7496_length_2880_cov_6.197966:hit:11398:3.2.0.0","TRINITY_DN7600_c0_g1_i2",63,"NODE_7496_length_2880_cov_6.197966","blastn",[[1,2046,2115,1,"M69","NODE_7496_length_2880_cov_6.197966:hsp:33618:3.2.0.0",63,"NODE_7496_length_2880_cov_6.197966","blastn","TRINITY_DN7600_c0_g1_i2 1 69 +","match_part"],[1,2217,2258,1,"M41","NODE_7496_length_2880_cov_6.197966:hsp:33619:3.2.0.0",41,"NODE_7496_length_2880_cov_6.197966","blastn","TRINITY_DN7600_c0_g1_i2 73 113 +","match_part"],[1,2339,2448,1,"M109","NODE_7496_length_2880_cov_6.197966:hsp:33620:3.2.0.0",109,"NODE_7496_length_2880_cov_6.197966","blastn","TRINITY_DN7600_c0_g1_i2 114 222 +","match_part"],[1,2581,2707,1,"M126","NODE_7496_length_2880_cov_6.197966:hsp:33621:3.2.0.0",114,"NODE_7496_length_2880_cov_6.197966","blastn","TRINITY_DN7600_c0_g1_i2 234 359 +","match_part"]],"359","expressed_sequence_match"],[0,2269,2707,1,"NODE_7496_length_2880_cov_6.197966:hit:11399:3.2.0.0","TRINITY_DN7600_c0_g1_i1",396,"NODE_7496_length_2880_cov_6.197966","blastn",[[1,2269,2707,1,"M438","NODE_7496_length_2880_cov_6.197966:hsp:33622:3.2.0.0",396,"NODE_7496_length_2880_cov_6.197966","blastn","TRINITY_DN7600_c0_g1_i1 1 438 +","match_part"]],"438","expressed_sequence_match"]],"urlTemplate":"lf-{Chunk}.json"}}