{"featureCount":2,"formatVersion":1,"histograms":{"meta":[{"arrayParams":{"chunkSize":10000,"length":1,"urlTemplate":"hist-10000-{Chunk}.json"},"basesPerBin":"10000"}],"stats":[{"basesPerBin":"10000","max":2,"mean":2}]},"intervals":{"classes":[{"attributes":["Start","End","Strand","Id","Name","Seq_id","Source","Subfeatures","Target_length","Type"],"isArrayAttr":{"Subfeatures":1}},{"attributes":["Start","End","Strand","Gap","Id","Seq_id","Source","Target","Type"],"isArrayAttr":{}},{"attributes":["Start","End","Strand","Id","Seq_id","Source","Target","Type"],"isArrayAttr":{}},{"attributes":["Start","End","Chunk"],"isArrayAttr":{"Sublist":1}}],"count":2,"lazyClass":3,"maxEnd":5157,"minStart":1106,"nclist":[[0,1106,2963,1,"NODE_3269_length_7439_cov_2.279814:hit:29483:4.5.0.0","genemark-NODE_3269_length_7439_cov_2.279814-abinit-gene-0.0-mRNA-1","NODE_3269_length_7439_cov_2.279814","genemark",[[1,1106,1664,1,"M558","NODE_3269_length_7439_cov_2.279814:hsp:124769:4.5.0.0","NODE_3269_length_7439_cov_2.279814","genemark","genemark-NODE_3269_length_7439_cov_2.279814-abinit-gene-0.0-mRNA-1 1 558 +","match_part"],[1,1728,1879,1,"M151","NODE_3269_length_7439_cov_2.279814:hsp:124770:4.5.0.0","NODE_3269_length_7439_cov_2.279814","genemark","genemark-NODE_3269_length_7439_cov_2.279814-abinit-gene-0.0-mRNA-1 559 709 +","match_part"],[1,1971,2963,1,"M992","NODE_3269_length_7439_cov_2.279814:hsp:124771:4.5.0.0","NODE_3269_length_7439_cov_2.279814","genemark","genemark-NODE_3269_length_7439_cov_2.279814-abinit-gene-0.0-mRNA-1 710 1701 +","match_part"]],"7439","match"],[0,3492,5157,-1,"NODE_3269_length_7439_cov_2.279814:hit:29487:4.5.0.0","genemark-NODE_3269_length_7439_cov_2.279814-abinit-gene-0.1-mRNA-1","NODE_3269_length_7439_cov_2.279814","genemark",[[1,4710,5157,-1,"M447","NODE_3269_length_7439_cov_2.279814:hsp:124783:4.5.0.0","NODE_3269_length_7439_cov_2.279814","genemark","genemark-NODE_3269_length_7439_cov_2.279814-abinit-gene-0.1-mRNA-1 1006 1452 +","match_part"],[1,4450,4637,-1,"M187","NODE_3269_length_7439_cov_2.279814:hsp:124784:4.5.0.0","NODE_3269_length_7439_cov_2.279814","genemark","genemark-NODE_3269_length_7439_cov_2.279814-abinit-gene-0.1-mRNA-1 819 1005 +","match_part"],[1,4045,4377,-1,"M332","NODE_3269_length_7439_cov_2.279814:hsp:124785:4.5.0.0","NODE_3269_length_7439_cov_2.279814","genemark","genemark-NODE_3269_length_7439_cov_2.279814-abinit-gene-0.1-mRNA-1 487 818 +","match_part"],[1,3492,3978,-1,"M486","NODE_3269_length_7439_cov_2.279814:hsp:124786:4.5.0.0","NODE_3269_length_7439_cov_2.279814","genemark","genemark-NODE_3269_length_7439_cov_2.279814-abinit-gene-0.1-mRNA-1 1 486 +","match_part"]],"7439","match"]],"urlTemplate":"lf-{Chunk}.json"}}