{"featureCount":4,"formatVersion":1,"histograms":{"meta":[{"arrayParams":{"chunkSize":10000,"length":2,"urlTemplate":"hist-20000-{Chunk}.json"},"basesPerBin":"20000"}],"stats":[{"basesPerBin":"20000","max":4,"mean":2.5}]},"intervals":{"classes":[{"attributes":["Start","End","Strand","Id","Name","Score","Seq_id","Source","Subfeatures","Target_length","Type"],"isArrayAttr":{"Subfeatures":1}},{"attributes":["Start","End","Strand","Gap","Id","Score","Seq_id","Source","Target","Type"],"isArrayAttr":{}},{"attributes":["Start","End","Chunk"],"isArrayAttr":{"Sublist":1}}],"count":4,"lazyClass":2,"maxEnd":24044,"minStart":8605,"nclist":[[0,8605,9014,-1,"NODE_573_length_24046_cov_6.700263:hit:55645:4.5.0.0","augustus-NODE_573_length_24046_cov_6.700263-abinit-gene-0.3-mRNA-1",0.33,"NODE_573_length_24046_cov_6.700263","augustus",[[1,8974,9014,-1,"M40","NODE_573_length_24046_cov_6.700263:hsp:288703:4.5.0.0",0.33,"NODE_573_length_24046_cov_6.700263","augustus","augustus-NODE_573_length_24046_cov_6.700263-abinit-gene-0.3-mRNA-1 237 276 +","match_part"],[1,8844,8902,-1,"M58","NODE_573_length_24046_cov_6.700263:hsp:288704:4.5.0.0",0.33,"NODE_573_length_24046_cov_6.700263","augustus","augustus-NODE_573_length_24046_cov_6.700263-abinit-gene-0.3-mRNA-1 179 236 +","match_part"],[1,8605,8783,-1,"M178","NODE_573_length_24046_cov_6.700263:hsp:288705:4.5.0.0",0.33,"NODE_573_length_24046_cov_6.700263","augustus","augustus-NODE_573_length_24046_cov_6.700263-abinit-gene-0.3-mRNA-1 1 178 +","match_part"]],"24046","match"],[0,9275,13471,1,"NODE_573_length_24046_cov_6.700263:hit:55647:4.5.0.0","augustus-NODE_573_length_24046_cov_6.700263-abinit-gene-0.0-mRNA-1",0.12,"NODE_573_length_24046_cov_6.700263","augustus",[[1,9275,9306,1,"M31","NODE_573_length_24046_cov_6.700263:hsp:288716:4.5.0.0",0.12,"NODE_573_length_24046_cov_6.700263","augustus","augustus-NODE_573_length_24046_cov_6.700263-abinit-gene-0.0-mRNA-1 1 31 +","match_part"],[1,9372,9917,1,"M545","NODE_573_length_24046_cov_6.700263:hsp:288717:4.5.0.0",0.12,"NODE_573_length_24046_cov_6.700263","augustus","augustus-NODE_573_length_24046_cov_6.700263-abinit-gene-0.0-mRNA-1 32 576 +","match_part"],[1,9980,10211,1,"M231","NODE_573_length_24046_cov_6.700263:hsp:288718:4.5.0.0",0.12,"NODE_573_length_24046_cov_6.700263","augustus","augustus-NODE_573_length_24046_cov_6.700263-abinit-gene-0.0-mRNA-1 577 807 +","match_part"],[1,10282,10718,1,"M436","NODE_573_length_24046_cov_6.700263:hsp:288719:4.5.0.0",0.12,"NODE_573_length_24046_cov_6.700263","augustus","augustus-NODE_573_length_24046_cov_6.700263-abinit-gene-0.0-mRNA-1 808 1243 +","match_part"],[1,10785,11059,1,"M274","NODE_573_length_24046_cov_6.700263:hsp:288720:4.5.0.0",0.12,"NODE_573_length_24046_cov_6.700263","augustus","augustus-NODE_573_length_24046_cov_6.700263-abinit-gene-0.0-mRNA-1 1244 1517 +","match_part"],[1,11481,11705,1,"M224","NODE_573_length_24046_cov_6.700263:hsp:288721:4.5.0.0",0.12,"NODE_573_length_24046_cov_6.700263","augustus","augustus-NODE_573_length_24046_cov_6.700263-abinit-gene-0.0-mRNA-1 1518 1741 +","match_part"],[1,11783,12551,1,"M768","NODE_573_length_24046_cov_6.700263:hsp:288722:4.5.0.0",0.12,"NODE_573_length_24046_cov_6.700263","augustus","augustus-NODE_573_length_24046_cov_6.700263-abinit-gene-0.0-mRNA-1 1742 2509 +","match_part"],[1,12624,12764,1,"M140","NODE_573_length_24046_cov_6.700263:hsp:288723:4.5.0.0",0.12,"NODE_573_length_24046_cov_6.700263","augustus","augustus-NODE_573_length_24046_cov_6.700263-abinit-gene-0.0-mRNA-1 2510 2649 +","match_part"],[1,12827,13016,1,"M189","NODE_573_length_24046_cov_6.700263:hsp:288724:4.5.0.0",0.12,"NODE_573_length_24046_cov_6.700263","augustus","augustus-NODE_573_length_24046_cov_6.700263-abinit-gene-0.0-mRNA-1 2650 2838 +","match_part"],[1,13081,13471,1,"M390","NODE_573_length_24046_cov_6.700263:hsp:288725:4.5.0.0",0.12,"NODE_573_length_24046_cov_6.700263","augustus","augustus-NODE_573_length_24046_cov_6.700263-abinit-gene-0.0-mRNA-1 2839 3228 +","match_part"]],"24046","match"],[0,13716,15784,1,"NODE_573_length_24046_cov_6.700263:hit:55652:4.5.0.0","augustus-NODE_573_length_24046_cov_6.700263-abinit-gene-0.1-mRNA-1",0.22,"NODE_573_length_24046_cov_6.700263","augustus",[[1,13716,13993,1,"M277","NODE_573_length_24046_cov_6.700263:hsp:288753:4.5.0.0",0.22,"NODE_573_length_24046_cov_6.700263","augustus","augustus-NODE_573_length_24046_cov_6.700263-abinit-gene-0.1-mRNA-1 1 277 +","match_part"],[1,14056,14313,1,"M257","NODE_573_length_24046_cov_6.700263:hsp:288754:4.5.0.0",0.22,"NODE_573_length_24046_cov_6.700263","augustus","augustus-NODE_573_length_24046_cov_6.700263-abinit-gene-0.1-mRNA-1 278 534 +","match_part"],[1,14377,14518,1,"M141","NODE_573_length_24046_cov_6.700263:hsp:288755:4.5.0.0",0.22,"NODE_573_length_24046_cov_6.700263","augustus","augustus-NODE_573_length_24046_cov_6.700263-abinit-gene-0.1-mRNA-1 535 675 +","match_part"],[1,14582,14708,1,"M126","NODE_573_length_24046_cov_6.700263:hsp:288756:4.5.0.0",0.22,"NODE_573_length_24046_cov_6.700263","augustus","augustus-NODE_573_length_24046_cov_6.700263-abinit-gene-0.1-mRNA-1 676 801 +","match_part"],[1,14791,14938,1,"M147","NODE_573_length_24046_cov_6.700263:hsp:288757:4.5.0.0",0.22,"NODE_573_length_24046_cov_6.700263","augustus","augustus-NODE_573_length_24046_cov_6.700263-abinit-gene-0.1-mRNA-1 802 948 +","match_part"],[1,15032,15110,1,"M78","NODE_573_length_24046_cov_6.700263:hsp:288758:4.5.0.0",0.22,"NODE_573_length_24046_cov_6.700263","augustus","augustus-NODE_573_length_24046_cov_6.700263-abinit-gene-0.1-mRNA-1 949 1026 +","match_part"],[1,15170,15266,1,"M96","NODE_573_length_24046_cov_6.700263:hsp:288759:4.5.0.0",0.22,"NODE_573_length_24046_cov_6.700263","augustus","augustus-NODE_573_length_24046_cov_6.700263-abinit-gene-0.1-mRNA-1 1027 1122 +","match_part"],[1,15337,15456,1,"M119","NODE_573_length_24046_cov_6.700263:hsp:288760:4.5.0.0",0.22,"NODE_573_length_24046_cov_6.700263","augustus","augustus-NODE_573_length_24046_cov_6.700263-abinit-gene-0.1-mRNA-1 1123 1241 +","match_part"],[1,15531,15784,1,"M253","NODE_573_length_24046_cov_6.700263:hsp:288761:4.5.0.0",0.22,"NODE_573_length_24046_cov_6.700263","augustus","augustus-NODE_573_length_24046_cov_6.700263-abinit-gene-0.1-mRNA-1 1242 1494 +","match_part"]],"24046","match"],[0,18635,24044,1,"NODE_573_length_24046_cov_6.700263:hit:55656:4.5.0.0","augustus-NODE_573_length_24046_cov_6.700263-abinit-gene-0.2-mRNA-1",0.24,"NODE_573_length_24046_cov_6.700263","augustus",[[1,18635,23558,1,"M4923","NODE_573_length_24046_cov_6.700263:hsp:288768:4.5.0.0",0.24,"NODE_573_length_24046_cov_6.700263","augustus","augustus-NODE_573_length_24046_cov_6.700263-abinit-gene-0.2-mRNA-1 1 4923 +","match_part"],[1,23753,24044,1,"M291","NODE_573_length_24046_cov_6.700263:hsp:288769:4.5.0.0",0.24,"NODE_573_length_24046_cov_6.700263","augustus","augustus-NODE_573_length_24046_cov_6.700263-abinit-gene-0.2-mRNA-1 4924 5214 +","match_part"]],"24046","match"]],"urlTemplate":"lf-{Chunk}.json"}}