{"featureCount":9,"formatVersion":1,"histograms":{"meta":[{"arrayParams":{"chunkSize":10000,"length":3,"urlTemplate":"hist-20000-{Chunk}.json"},"basesPerBin":"20000"}],"stats":[{"basesPerBin":"20000","max":4,"mean":3.33333333333333}]},"intervals":{"classes":[{"attributes":["Start","End","Strand","Id","Name","Score","Seq_id","Source","Subfeatures","Target_length","Type"],"isArrayAttr":{"Subfeatures":1}},{"attributes":["Start","End","Strand","Gap","Id","Score","Seq_id","Source","Target","Type"],"isArrayAttr":{}},{"attributes":["Start","End","Chunk"],"isArrayAttr":{"Sublist":1}}],"count":9,"lazyClass":2,"maxEnd":52530,"minStart":614,"nclist":[[0,614,2040,1,"NODE_49_length_54515_cov_9.496222:hit:6836:4.5.0.0","augustus-NODE_49_length_54515_cov_9.496222-abinit-gene-0.0-mRNA-1",0.98,"NODE_49_length_54515_cov_9.496222","augustus",[[1,614,1488,1,"M874","NODE_49_length_54515_cov_9.496222:hsp:34908:4.5.0.0",0.98,"NODE_49_length_54515_cov_9.496222","augustus","augustus-NODE_49_length_54515_cov_9.496222-abinit-gene-0.0-mRNA-1 1 874 +","match_part"],[1,1555,2040,1,"M485","NODE_49_length_54515_cov_9.496222:hsp:34909:4.5.0.0",0.98,"NODE_49_length_54515_cov_9.496222","augustus","augustus-NODE_49_length_54515_cov_9.496222-abinit-gene-0.0-mRNA-1 875 1359 +","match_part"]],"54515","match"],[0,2868,4809,-1,"NODE_49_length_54515_cov_9.496222:hit:6839:4.5.0.0","augustus-NODE_49_length_54515_cov_9.496222-abinit-gene-0.4-mRNA-1",0.83,"NODE_49_length_54515_cov_9.496222","augustus",[[1,4511,4809,-1,"M298","NODE_49_length_54515_cov_9.496222:hsp:34915:4.5.0.0",0.83,"NODE_49_length_54515_cov_9.496222","augustus","augustus-NODE_49_length_54515_cov_9.496222-abinit-gene-0.4-mRNA-1 1551 1848 +","match_part"],[1,2868,4418,-1,"M1550","NODE_49_length_54515_cov_9.496222:hsp:34916:4.5.0.0",0.83,"NODE_49_length_54515_cov_9.496222","augustus","augustus-NODE_49_length_54515_cov_9.496222-abinit-gene-0.4-mRNA-1 1 1550 +","match_part"]],"54515","match"],[0,12756,14727,-1,"NODE_49_length_54515_cov_9.496222:hit:6842:4.5.0.0","augustus-NODE_49_length_54515_cov_9.496222-abinit-gene-0.5-mRNA-1",0.28,"NODE_49_length_54515_cov_9.496222","augustus",[[1,14663,14727,-1,"M64","NODE_49_length_54515_cov_9.496222:hsp:34932:4.5.0.0",0.28,"NODE_49_length_54515_cov_9.496222","augustus","augustus-NODE_49_length_54515_cov_9.496222-abinit-gene-0.5-mRNA-1 1086 1149 +","match_part"],[1,14520,14578,-1,"M58","NODE_49_length_54515_cov_9.496222:hsp:34933:4.5.0.0",0.28,"NODE_49_length_54515_cov_9.496222","augustus","augustus-NODE_49_length_54515_cov_9.496222-abinit-gene-0.5-mRNA-1 1028 1085 +","match_part"],[1,14357,14445,-1,"M88","NODE_49_length_54515_cov_9.496222:hsp:34934:4.5.0.0",0.28,"NODE_49_length_54515_cov_9.496222","augustus","augustus-NODE_49_length_54515_cov_9.496222-abinit-gene-0.5-mRNA-1 940 1027 +","match_part"],[1,14183,14275,-1,"M92","NODE_49_length_54515_cov_9.496222:hsp:34935:4.5.0.0",0.28,"NODE_49_length_54515_cov_9.496222","augustus","augustus-NODE_49_length_54515_cov_9.496222-abinit-gene-0.5-mRNA-1 848 939 +","match_part"],[1,13887,14092,-1,"M205","NODE_49_length_54515_cov_9.496222:hsp:34936:4.5.0.0",0.28,"NODE_49_length_54515_cov_9.496222","augustus","augustus-NODE_49_length_54515_cov_9.496222-abinit-gene-0.5-mRNA-1 643 847 +","match_part"],[1,13751,13811,-1,"M60","NODE_49_length_54515_cov_9.496222:hsp:34937:4.5.0.0",0.28,"NODE_49_length_54515_cov_9.496222","augustus","augustus-NODE_49_length_54515_cov_9.496222-abinit-gene-0.5-mRNA-1 583 642 +","match_part"],[1,13599,13665,-1,"M66","NODE_49_length_54515_cov_9.496222:hsp:34938:4.5.0.0",0.28,"NODE_49_length_54515_cov_9.496222","augustus","augustus-NODE_49_length_54515_cov_9.496222-abinit-gene-0.5-mRNA-1 517 582 +","match_part"],[1,13484,13516,-1,"M32","NODE_49_length_54515_cov_9.496222:hsp:34939:4.5.0.0",0.28,"NODE_49_length_54515_cov_9.496222","augustus","augustus-NODE_49_length_54515_cov_9.496222-abinit-gene-0.5-mRNA-1 485 516 +","match_part"],[1,13334,13404,-1,"M70","NODE_49_length_54515_cov_9.496222:hsp:34940:4.5.0.0",0.28,"NODE_49_length_54515_cov_9.496222","augustus","augustus-NODE_49_length_54515_cov_9.496222-abinit-gene-0.5-mRNA-1 415 484 +","match_part"],[1,13162,13259,-1,"M97","NODE_49_length_54515_cov_9.496222:hsp:34941:4.5.0.0",0.28,"NODE_49_length_54515_cov_9.496222","augustus","augustus-NODE_49_length_54515_cov_9.496222-abinit-gene-0.5-mRNA-1 318 414 +","match_part"],[1,12756,13073,-1,"M317","NODE_49_length_54515_cov_9.496222:hsp:34942:4.5.0.0",0.28,"NODE_49_length_54515_cov_9.496222","augustus","augustus-NODE_49_length_54515_cov_9.496222-abinit-gene-0.5-mRNA-1 1 317 +","match_part"]],