{"featureCount":2,"formatVersion":1,"histograms":{"meta":[{"arrayParams":{"chunkSize":10000,"length":1,"urlTemplate":"hist-2000-{Chunk}.json"},"basesPerBin":"2000"}],"stats":[{"basesPerBin":"2000","max":2,"mean":2}]},"intervals":{"classes":[{"attributes":["Start","End","Strand","Id","Name","Score","Seq_id","Source","Subfeatures","Target_length","Type"],"isArrayAttr":{"Subfeatures":1}},{"attributes":["Start","End","Strand","Gap","Id","Score","Seq_id","Source","Target","Type"],"isArrayAttr":{}},{"attributes":["Start","End","Chunk"],"isArrayAttr":{"Sublist":1}}],"count":2,"lazyClass":2,"maxEnd":998,"minStart":165,"nclist":[[0,165,998,1,"NODE_12730_length_1398_cov_2.287962:hit:2069:3.2.0.0","TRINITY_DN3910_c0_g1_i11",175,"NODE_12730_length_1398_cov_2.287962","blastn",[[1,165,526,1,"M63 I4 M132 D2 M164","NODE_12730_length_1398_cov_2.287962:hsp:4326:3.2.0.0",175,"NODE_12730_length_1398_cov_2.287962","blastn","TRINITY_DN3910_c0_g1_i11 1 363 +","match_part"],[1,561,843,1,"M208 D1 M2 D1 M70","NODE_12730_length_1398_cov_2.287962:hsp:4327:3.2.0.0",242,"NODE_12730_length_1398_cov_2.287962","blastn","TRINITY_DN3910_c0_g1_i11 366 645 +","match_part"],[1,925,998,1,"M73","NODE_12730_length_1398_cov_2.287962:hsp:4328:3.2.0.0",73,"NODE_12730_length_1398_cov_2.287962","blastn","TRINITY_DN3910_c0_g1_i11 644 716 +","match_part"]],"720","expressed_sequence_match",{"Sublist":[[0,165,843,1,"NODE_12730_length_1398_cov_2.287962:hit:2070:3.2.0.0","TRINITY_DN3910_c0_g1_i7",175,"NODE_12730_length_1398_cov_2.287962","blastn",[[1,165,526,1,"M63 I4 M132 D2 M164","NODE_12730_length_1398_cov_2.287962:hsp:4329:3.2.0.0",175,"NODE_12730_length_1398_cov_2.287962","blastn","TRINITY_DN3910_c0_g1_i7 1 363 +","match_part"],[1,561,843,1,"M168 D3 M37 D1 M2 D1 M70","NODE_12730_length_1398_cov_2.287962:hsp:4330:3.2.0.0",219,"NODE_12730_length_1398_cov_2.287962","blastn","TRINITY_DN3910_c0_g1_i7 366 642 +","match_part"]],"642","expressed_sequence_match"]]}]],"urlTemplate":"lf-{Chunk}.json"}}