{"featureCount":2,"formatVersion":1,"histograms":{"meta":[{"arrayParams":{"chunkSize":10000,"length":1,"urlTemplate":"hist-10000-{Chunk}.json"},"basesPerBin":"10000"}],"stats":[{"basesPerBin":"10000","max":2,"mean":2}]},"intervals":{"classes":[{"attributes":["Start","End","Strand","Id","Name","Score","Seq_id","Source","Subfeatures","Target_length","Type"],"isArrayAttr":{"Subfeatures":1}},{"attributes":["Start","End","Strand","Gap","Id","Score","Seq_id","Source","Target","Type"],"isArrayAttr":{}},{"attributes":["Start","End","Chunk"],"isArrayAttr":{"Sublist":1}}],"count":2,"lazyClass":2,"maxEnd":6493,"minStart":2571,"nclist":[[0,2571,3698,-1,"NODE_3201_length_7596_cov_6.361226:hit:28370:4.5.0.0","augustus-NODE_3201_length_7596_cov_6.361226-abinit-gene-0.0-mRNA-1",0.54,"NODE_3201_length_7596_cov_6.361226","augustus",[[1,3473,3698,-1,"M225","NODE_3201_length_7596_cov_6.361226:hsp:121091:4.5.0.0",0.54,"NODE_3201_length_7596_cov_6.361226","augustus","augustus-NODE_3201_length_7596_cov_6.361226-abinit-gene-0.0-mRNA-1 724 948 +","match_part"],[1,3175,3388,-1,"M213","NODE_3201_length_7596_cov_6.361226:hsp:121092:4.5.0.0",0.54,"NODE_3201_length_7596_cov_6.361226","augustus","augustus-NODE_3201_length_7596_cov_6.361226-abinit-gene-0.0-mRNA-1 511 723 +","match_part"],[1,2571,3081,-1,"M510","NODE_3201_length_7596_cov_6.361226:hsp:121093:4.5.0.0",0.54,"NODE_3201_length_7596_cov_6.361226","augustus","augustus-NODE_3201_length_7596_cov_6.361226-abinit-gene-0.0-mRNA-1 1 510 +","match_part"]],"7596","match"],[0,4478,6493,-1,"NODE_3201_length_7596_cov_6.361226:hit:28373:4.5.0.0","augustus-NODE_3201_length_7596_cov_6.361226-abinit-gene-0.1-mRNA-1",0.31,"NODE_3201_length_7596_cov_6.361226","augustus",[[1,6381,6493,-1,"M112","NODE_3201_length_7596_cov_6.361226:hsp:121104:4.5.0.0",0.31,"NODE_3201_length_7596_cov_6.361226","augustus","augustus-NODE_3201_length_7596_cov_6.361226-abinit-gene-0.1-mRNA-1 1518 1629 +","match_part"],[1,6030,6308,-1,"M278","NODE_3201_length_7596_cov_6.361226:hsp:121105:4.5.0.0",0.31,"NODE_3201_length_7596_cov_6.361226","augustus","augustus-NODE_3201_length_7596_cov_6.361226-abinit-gene-0.1-mRNA-1 1240 1517 +","match_part"],[1,5853,5917,-1,"M64","NODE_3201_length_7596_cov_6.361226:hsp:121106:4.5.0.0",0.31,"NODE_3201_length_7596_cov_6.361226","augustus","augustus-NODE_3201_length_7596_cov_6.361226-abinit-gene-0.1-mRNA-1 1176 1239 +","match_part"],[1,5548,5758,-1,"M210","NODE_3201_length_7596_cov_6.361226:hsp:121107:4.5.0.0",0.31,"NODE_3201_length_7596_cov_6.361226","augustus","augustus-NODE_3201_length_7596_cov_6.361226-abinit-gene-0.1-mRNA-1 966 1175 +","match_part"],[1,4478,5443,-1,"M965","NODE_3201_length_7596_cov_6.361226:hsp:121108:4.5.0.0",0.31,"NODE_3201_length_7596_cov_6.361226","augustus","augustus-NODE_3201_length_7596_cov_6.361226-abinit-gene-0.1-mRNA-1 1 965 +","match_part"]],"7596","match"]],"urlTemplate":"lf-{Chunk}.json"}}