{"featureCount":3,"formatVersion":1,"histograms":{"meta":[{"arrayParams":{"chunkSize":10000,"length":1,"urlTemplate":"hist-10000-{Chunk}.json"},"basesPerBin":"10000"}],"stats":[{"basesPerBin":"10000","max":3,"mean":3}]},"intervals":{"classes":[{"attributes":["Start","End","Strand","Aligned_coverage","Aligned_identity","Id","Name","Score","Seq_id","Source","Subfeatures","Target_length","Type"],"isArrayAttr":{"Subfeatures":1}},{"attributes":["Start","End","Strand","Gap","Id","Score","Seq_id","Source","Target","Type"],"isArrayAttr":{}},{"attributes":["Start","End","Chunk"],"isArrayAttr":{"Sublist":1}}],"count":3,"lazyClass":2,"maxEnd":8685,"minStart":8217,"nclist":[[0,8217,8636,1,"100","87.5","NODE_1336_length_15293_cov_3.756297:hit:98468:3.2.0.0","TRINITY_DN11682_c0_g1_i5",1563,"NODE_1336_length_15293_cov_3.756297","est2genome",[[1,8217,8636,1,"M81 I1 M31 D1 M60 I1 M14 I1 M7 D3 M17 I1 M51 I1 M7 D1 M2 D1 M85 D2 M56","NODE_1336_length_15293_cov_3.756297:hsp:497538:3.2.0.0",1563,"NODE_1336_length_15293_cov_3.756297","est2genome","TRINITY_DN11682_c0_g1_i5 1 416 +","match_part"]],"416","expressed_sequence_match"],[0,8233,8685,1,"84.43","90.3","NODE_1336_length_15293_cov_3.756297:hit:98469:3.2.0.0","TRINITY_DN3257_c0_g1_i1",1784,"NODE_1336_length_15293_cov_3.756297","est2genome",[[1,8233,8685,1,"M3 D1 M101 D1 M148 I1 M16 D3 M8 I1 M11 I1 M40 D1 M41 I1 M78","NODE_1336_length_15293_cov_3.756297:hsp:497539:3.2.0.0",1784,"NODE_1336_length_15293_cov_3.756297","est2genome","TRINITY_DN3257_c0_g1_i1 84 533 -","match_part"]],"533","expressed_sequence_match"],[0,8233,8685,1,"84.46","89.6","NODE_1336_length_15293_cov_3.756297:hit:98470:3.2.0.0","TRINITY_DN3257_c0_g1_i2",1757,"NODE_1336_length_15293_cov_3.756297","est2genome",[[1,8233,8685,1,"M3 D1 M101 D1 M148 I1 M18 D2 M7 I1 M10 I1 M41 D1 M41 I1 M78","NODE_1336_length_15293_cov_3.756297:hsp:497540:3.2.0.0",1757,"NODE_1336_length_15293_cov_3.756297","est2genome","TRINITY_DN3257_c0_g1_i2 84 534 -","match_part"]],"534","expressed_sequence_match"]],"urlTemplate":"lf-{Chunk}.json"}}