{"featureCount":3,"formatVersion":1,"histograms":{"meta":[{"arrayParams":{"chunkSize":10000,"length":2,"urlTemplate":"hist-2000-{Chunk}.json"},"basesPerBin":"2000"}],"stats":[{"basesPerBin":"2000","max":3,"mean":2}]},"intervals":{"classes":[{"attributes":["Start","End","Strand","Id","Name","Score","Seq_id","Source","Subfeatures","Target_length","Type"],"isArrayAttr":{"Subfeatures":1}},{"attributes":["Start","End","Strand","Gap","Id","Score","Seq_id","Source","Target","Type"],"isArrayAttr":{}},{"attributes":["Start","End","Chunk"],"isArrayAttr":{"Sublist":1}}],"count":3,"lazyClass":2,"maxEnd":2238,"minStart":219,"nclist":[[0,219,436,1,"NODE_8372_length_2449_cov_8.586133:hit:1955:3.2.0.0","TRINITY_DN19116_c0_g1_i1",187,"NODE_8372_length_2449_cov_8.586133","blastn",[[1,219,436,1,"M217","NODE_8372_length_2449_cov_8.586133:hsp:4781:3.2.0.0",187,"NODE_8372_length_2449_cov_8.586133","blastn","TRINITY_DN19116_c0_g1_i1 1 217 +","match_part"]],"217","expressed_sequence_match"],[0,219,436,1,"NODE_8372_length_2449_cov_8.586133:hit:1956:3.2.0.0","TRINITY_DN19116_c0_g1_i2",193,"NODE_8372_length_2449_cov_8.586133","blastn",[[1,219,436,1,"M217","NODE_8372_length_2449_cov_8.586133:hsp:4782:3.2.0.0",193,"NODE_8372_length_2449_cov_8.586133","blastn","TRINITY_DN19116_c0_g1_i2 1 217 +","match_part"]],"217","expressed_sequence_match"],[0,1655,2238,1,"NODE_8372_length_2449_cov_8.586133:hit:1957:3.2.0.0","TRINITY_DN16986_c0_g1_i1",60,"NODE_8372_length_2449_cov_8.586133","blastn",[[1,1655,1727,1,"M72","NODE_8372_length_2449_cov_8.586133:hsp:4783:3.2.0.0",60,"NODE_8372_length_2449_cov_8.586133","blastn","TRINITY_DN16986_c0_g1_i1 1 72 +","match_part"],[1,1802,1879,1,"M77","NODE_8372_length_2449_cov_8.586133:hsp:4784:3.2.0.0",77,"NODE_8372_length_2449_cov_8.586133","blastn","TRINITY_DN16986_c0_g1_i1 73 149 +","match_part"],[1,2005,2238,1,"M233","NODE_8372_length_2449_cov_8.586133:hsp:4785:3.2.0.0",215,"NODE_8372_length_2449_cov_8.586133","blastn","TRINITY_DN16986_c0_g1_i1 148 380 +","match_part"]],"380","expressed_sequence_match"]],"urlTemplate":"lf-{Chunk}.json"}}