{"featureCount":3,"formatVersion":1,"histograms":{"meta":[{"arrayParams":{"chunkSize":10000,"length":1,"urlTemplate":"hist-5000-{Chunk}.json"},"basesPerBin":"5000"}],"stats":[{"basesPerBin":"5000","max":3,"mean":3}]},"intervals":{"classes":[{"attributes":["Start","End","Strand","Aligned_coverage","Aligned_identity","Id","Name","Score","Seq_id","Source","Subfeatures","Target_length","Type"],"isArrayAttr":{"Subfeatures":1}},{"attributes":["Start","End","Strand","Gap","Id","Score","Seq_id","Source","Target","Type"],"isArrayAttr":{}},{"attributes":["Start","End","Chunk"],"isArrayAttr":{"Sublist":1}}],"count":3,"lazyClass":2,"maxEnd":2598,"minStart":0,"nclist":[[0,0,296,-1,"84.38","96.3","NODE_6031_length_4056_cov_2.590736:hit:343:3.2.0.0","TRINITY_DN6618_c3_g1_i1",1367,"NODE_6031_length_4056_cov_2.590736","est2genome",[[1,0,296,-1,"M32 D1 M207 I1 M11 I1 M45","NODE_6031_length_4056_cov_2.590736:hsp:1131:3.2.0.0",1367,"NODE_6031_length_4056_cov_2.590736","est2genome","TRINITY_DN6618_c3_g1_i1 1 297 +","match_part"]],"352","expressed_sequence_match"],[0,362,675,-1,"82.97","87.3","NODE_6031_length_4056_cov_2.590736:hit:344:3.2.0.0","TRINITY_DN39937_c0_g1_i1",1156,"NODE_6031_length_4056_cov_2.590736","est2genome",[[1,362,675,-1,"M14 D1 M48 D1 M10 D2 M4 D2 M178 D2 M5 D1 M33 I2 M1 I1 M11","NODE_6031_length_4056_cov_2.590736:hsp:1132:3.2.0.0",1156,"NODE_6031_length_4056_cov_2.590736","est2genome","TRINITY_DN39937_c0_g1_i1 3 309 +","match_part"]],"370","expressed_sequence_match"],[0,748,2598,-1,"99.94","99","NODE_6031_length_4056_cov_2.590736:hit:345:3.2.0.0","TRINITY_DN18172_c0_g1_i1",8454,"NODE_6031_length_4056_cov_2.590736","est2genome",[[1,1060,2598,-1,"M1538","NODE_6031_length_4056_cov_2.590736:hsp:1133:3.2.0.0",8454,"NODE_6031_length_4056_cov_2.590736","est2genome","TRINITY_DN18172_c0_g1_i1 211 1748 -","match_part"],[1,748,949,-1,"M63 D4 M30 I3 M27 I9 M77","NODE_6031_length_4056_cov_2.590736:hsp:1134:3.2.0.0",8454,"NODE_6031_length_4056_cov_2.590736","est2genome","TRINITY_DN18172_c0_g1_i1 2 210 -","match_part"]],"1748","expressed_sequence_match"]],"urlTemplate":"lf-{Chunk}.json"}}