{"featureCount":4,"formatVersion":1,"histograms":{"meta":[{"arrayParams":{"chunkSize":10000,"length":2,"urlTemplate":"hist-5000-{Chunk}.json"},"basesPerBin":"5000"}],"stats":[{"basesPerBin":"5000","max":3,"mean":2}]},"intervals":{"classes":[{"attributes":["Start","End","Strand","Id","Name","Seq_id","Source","Subfeatures","Target_length","Type"],"isArrayAttr":{"Subfeatures":1}},{"attributes":["Start","End","Strand","Gap","Id","Seq_id","Source","Target","Type"],"isArrayAttr":{}},{"attributes":["Start","End","Strand","Id","Seq_id","Source","Target","Type"],"isArrayAttr":{}},{"attributes":["Start","End","Chunk"],"isArrayAttr":{"Sublist":1}}],"count":4,"lazyClass":3,"maxEnd":6627,"minStart":12,"nclist":[[0,12,2690,1,"NODE_3084_length_7908_cov_6.557640:hit:26067:4.5.0.0","genemark-NODE_3084_length_7908_cov_6.557640-abinit-gene-0.16-mRNA-1","NODE_3084_length_7908_cov_6.557640","genemark",[[1,12,115,1,"M103","NODE_3084_length_7908_cov_6.557640:hsp:111443:4.5.0.0","NODE_3084_length_7908_cov_6.557640","genemark","genemark-NODE_3084_length_7908_cov_6.557640-abinit-gene-0.16-mRNA-1 1 103 +","match_part"],[1,191,763,1,"M572","NODE_3084_length_7908_cov_6.557640:hsp:111444:4.5.0.0","NODE_3084_length_7908_cov_6.557640","genemark","genemark-NODE_3084_length_7908_cov_6.557640-abinit-gene-0.16-mRNA-1 104 675 +","match_part"],[1,831,918,1,"M87","NODE_3084_length_7908_cov_6.557640:hsp:111445:4.5.0.0","NODE_3084_length_7908_cov_6.557640","genemark","genemark-NODE_3084_length_7908_cov_6.557640-abinit-gene-0.16-mRNA-1 676 762 +","match_part"],[1,992,1148,1,"M156","NODE_3084_length_7908_cov_6.557640:hsp:111446:4.5.0.0","NODE_3084_length_7908_cov_6.557640","genemark","genemark-NODE_3084_length_7908_cov_6.557640-abinit-gene-0.16-mRNA-1 763 918 +","match_part"],[1,1227,1446,1,"M219","NODE_3084_length_7908_cov_6.557640:hsp:111447:4.5.0.0","NODE_3084_length_7908_cov_6.557640","genemark","genemark-NODE_3084_length_7908_cov_6.557640-abinit-gene-0.16-mRNA-1 919 1137 +","match_part"],[1,1529,1703,1,"M174","NODE_3084_length_7908_cov_6.557640:hsp:111448:4.5.0.0","NODE_3084_length_7908_cov_6.557640","genemark","genemark-NODE_3084_length_7908_cov_6.557640-abinit-gene-0.16-mRNA-1 1138 1311 +","match_part"],[1,1773,1855,1,"M82","NODE_3084_length_7908_cov_6.557640:hsp:111449:4.5.0.0","NODE_3084_length_7908_cov_6.557640","genemark","genemark-NODE_3084_length_7908_cov_6.557640-abinit-gene-0.16-mRNA-1 1312 1393 +","match_part"],[1,1930,2066,1,"M136","NODE_3084_length_7908_cov_6.557640:hsp:111450:4.5.0.0","NODE_3084_length_7908_cov_6.557640","genemark","genemark-NODE_3084_length_7908_cov_6.557640-abinit-gene-0.16-mRNA-1 1394 1529 +","match_part"],[1,2143,2234,1,"M91","NODE_3084_length_7908_cov_6.557640:hsp:111451:4.5.0.0","NODE_3084_length_7908_cov_6.557640","genemark","genemark-NODE_3084_length_7908_cov_6.557640-abinit-gene-0.16-mRNA-1 1530 1620 +","match_part"],[1,2312,2487,1,"M175","NODE_3084_length_7908_cov_6.557640:hsp:111452:4.5.0.0","NODE_3084_length_7908_cov_6.557640","genemark","genemark-NODE_3084_length_7908_cov_6.557640-abinit-gene-0.16-mRNA-1 1621 1795 +","match_part"],[1,2547,2690,1,"M143","NODE_3084_length_7908_cov_6.557640:hsp:111453:4.5.0.0","NODE_3084_length_7908_cov_6.557640","genemark","genemark-NODE_3084_length_7908_cov_6.557640-abinit-gene-0.16-mRNA-1 1796 1938 +","match_part"]],"7908","match"],[0,2742,3117,1,"NODE_3084_length_7908_cov_6.557640:hit:26069:4.5.0.0","genemark-NODE_3084_length_7908_cov_6.557640-abinit-gene-0.17-mRNA-1","NODE_3084_length_7908_cov_6.557640","genemark",[[1,2742,2814,1,"M72","NODE_3084_length_7908_cov_6.557640:hsp:111465:4.5.0.0","NODE_3084_length_7908_cov_6.557640","genemark","genemark-NODE_3084_length_7908_cov_6.557640-abinit-gene-0.17-mRNA-1 1 72 +","match_part"],[1,2907,2994,1,"M87","NODE_3084_length_7908_cov_6.557640:hsp:111466:4.5.0.0","NODE_3084_length_7908_cov_6.557640","genemark","genemark-NODE_3084_length_7908_cov_6.557640-abinit-gene-0.17-mRNA-1 73 159 +","match_part"],[1,3087,3117,1,"M30","NODE_3084_length_7908_cov_6.557640:hsp:111467:4.5.0.0","NODE_3084_length_7908_cov_6.557640","genemark","genemark-NODE_3084_length_7908_cov_6.557640-abinit-gene-0.17-mRNA-1 160 189 +","match_part"]],"7908","match"],[0,3668,4788,-1,"NODE_3084_length_7908_cov_6.557640:hit:26071:4.5.0.0","genemark-NODE_3084_length_7908_cov_6.557640-abinit-gene-0.18-mRNA-1","NODE_3084_length_7908_cov_6.557640","genemark",[[1,4623,4788,-1,"M165","NODE_3084_length_7908_cov_6.557640:hsp:111473:4.5.0.0","NODE_3084_length_7908_cov_6.557640","genemark","genemark-NODE_3084_length_7908_cov_6.557640-abinit-gene-0.18-mRNA-1 703 867 +","match_part"],[1,4358,4552,-1,"M194","NODE_3084_length_7908_cov_6.557640:hsp:111474:4.5.0.0","NODE_3084_length_7908_cov_6.557640","genemark","genemark-NODE_3084_length_7908_cov_6.557640-abinit-gene-0.18-mRNA-1 509 702 +","match_part"],[1,3965,4270,-1,"M305","NODE_3084_length_7908_cov_6.557640:hsp:111475:4.5.0.0","NODE_3084_length_7908_cov_6.557640","genemark","genemark-NODE_3084_length_7908_cov_6.557640-abinit-gene-0.18-mRNA-1 204 508 +","match_part"],[1,3668,3871,-1,"M203","NODE_3084_length_7908_cov_6.557640:hsp:111476:4.5.0.0","NODE_3084_length_7908_cov_6.557640","genemark","genemark-NODE_3084_length_7908_cov_6.557640-abinit-gene-0.18-mRNA-1 1 203 +","match_part"]],"7908","match"],[0,5323,6627,-1,"NODE_3084_length_7908_cov_6.557640:hit:26074:4.5.0.0","genemark-NODE_3084_length_7908_cov_6.557640-abinit-gene-0.19-mRNA-1","NODE_3084_length_7908_cov_6.557640","genemark",[[1,6561,6627,-1,"M66","NODE_3084_length_7908_cov_6.557640:hsp:111487:4.5.0.0","NODE_3084_length_7908_cov_6.557640","genemark","genemark-NODE_3084_length_7908_cov_6.557640-abinit-gene-0.19-mRNA-1 910 975 +","match_part"],[1,6413,6514,-1,"M101","NODE_3084_length_7908_cov_6.557640:hsp:111488:4.5.0.0","NODE_3084_length_7908_cov_6.557640","genemark","genemark-NODE_3084_length_7908_cov_6.557640-abinit-gene-0.19-mRNA-1 809 909 +","match_part"],[1,5963,6363,-1,"M400","NODE_3084_length_7908_cov_6.557640:hsp:111489:4.5.0.0","NODE_3084_length_7908_cov_6.557640","genemark","genemark-NODE_3084_length_7908_cov_6.557640-abinit-gene-0.19-mRNA-1 409 808 +","match_part"],[1,5847,5890,-1,"M43","NODE_3084_length_7908_cov_6.557640:hsp:111490:4.5.0.0","NODE_3084_length_7908_cov_6.557640","genemark","genemark-NODE_3084_length_7908_cov_6.557640-abinit-gene-0.19-mRNA-1 366 408 +","match_part"],[1,5623,5773,-1,"M150","NODE_3084_length_7908_cov_6.557640:hsp:111491:4.5.0.0","NODE_3084_length_7908_cov_6.557640","genemark","genemark-NODE_3084_length_7908_cov_6.557640-abinit-gene-0.19-mRNA-1 216 365 +","match_part"],[1,5323,5538,-1,"M215","NODE_3084_length_7908_cov_6.557640:hsp:111492:4.5.0.0","NODE_3084_length_7908_cov_6.557640","genemark","genemark-NODE_3084_length_7908_cov_6.557640-abinit-gene-0.19-mRNA-1 1 215 +","match_part"]],"7908","match"]],"urlTemplate":"lf-{Chunk}.json"}}