{"featureCount":5,"formatVersion":1,"histograms":{"meta":[{"arrayParams":{"chunkSize":10000,"length":2,"urlTemplate":"hist-10000-{Chunk}.json"},"basesPerBin":"10000"}],"stats":[{"basesPerBin":"10000","max":4,"mean":3}]},"intervals":{"classes":[{"attributes":["Start","End","Strand","Id","Name","Score","Seq_id","Source","Subfeatures","Target_length","Type"],"isArrayAttr":{"Subfeatures":1}},{"attributes":["Start","End","Strand","Gap","Id","Score","Seq_id","Source","Target","Type"],"isArrayAttr":{}},{"attributes":["Start","End","Chunk"],"isArrayAttr":{"Sublist":1}}],"count":5,"lazyClass":2,"maxEnd":18053,"minStart":3789,"nclist":[[0,3789,7756,1,"NODE_724_length_21333_cov_6.999717:hit:66352:4.5.0.0","augustus-NODE_724_length_21333_cov_6.999717-abinit-gene-0.0-mRNA-1",0.03,"NODE_724_length_21333_cov_6.999717","augustus",[[1,3789,4273,1,"M484","NODE_724_length_21333_cov_6.999717:hsp:340854:4.5.0.0",0.03,"NODE_724_length_21333_cov_6.999717","augustus","augustus-NODE_724_length_21333_cov_6.999717-abinit-gene-0.0-mRNA-1 1 484 +","match_part"],[1,4344,4516,1,"M172","NODE_724_length_21333_cov_6.999717:hsp:340855:4.5.0.0",0.03,"NODE_724_length_21333_cov_6.999717","augustus","augustus-NODE_724_length_21333_cov_6.999717-abinit-gene-0.0-mRNA-1 485 656 +","match_part"],[1,4594,4926,1,"M332","NODE_724_length_21333_cov_6.999717:hsp:340856:4.5.0.0",0.03,"NODE_724_length_21333_cov_6.999717","augustus","augustus-NODE_724_length_21333_cov_6.999717-abinit-gene-0.0-mRNA-1 657 988 +","match_part"],[1,5013,5594,1,"M581","NODE_724_length_21333_cov_6.999717:hsp:340857:4.5.0.0",0.03,"NODE_724_length_21333_cov_6.999717","augustus","augustus-NODE_724_length_21333_cov_6.999717-abinit-gene-0.0-mRNA-1 989 1569 +","match_part"],[1,5661,5930,1,"M269","NODE_724_length_21333_cov_6.999717:hsp:340858:4.5.0.0",0.03,"NODE_724_length_21333_cov_6.999717","augustus","augustus-NODE_724_length_21333_cov_6.999717-abinit-gene-0.0-mRNA-1 1570 1838 +","match_part"],[1,7130,7201,1,"M71","NODE_724_length_21333_cov_6.999717:hsp:340859:4.5.0.0",0.03,"NODE_724_length_21333_cov_6.999717","augustus","augustus-NODE_724_length_21333_cov_6.999717-abinit-gene-0.0-mRNA-1 1839 1909 +","match_part"],[1,7295,7471,1,"M176","NODE_724_length_21333_cov_6.999717:hsp:340860:4.5.0.0",0.03,"NODE_724_length_21333_cov_6.999717","augustus","augustus-NODE_724_length_21333_cov_6.999717-abinit-gene-0.0-mRNA-1 1910 2085 +","match_part"],[1,7567,7756,1,"M189","NODE_724_length_21333_cov_6.999717:hsp:340861:4.5.0.0",0.03,"NODE_724_length_21333_cov_6.999717","augustus","augustus-NODE_724_length_21333_cov_6.999717-abinit-gene-0.0-mRNA-1 2086 2274 +","match_part"]],"21333","match"],[0,8484,11047,-1,"NODE_724_length_21333_cov_6.999717:hit:66357:4.5.0.0","augustus-NODE_724_length_21333_cov_6.999717-abinit-gene-0.4-mRNA-1",0.32,"NODE_724_length_21333_cov_6.999717","augustus",[[1,10852,11047,-1,"M195","NODE_724_length_21333_cov_6.999717:hsp:340878:4.5.0.0",0.32,"NODE_724_length_21333_cov_6.999717","augustus","augustus-NODE_724_length_21333_cov_6.999717-abinit-gene-0.4-mRNA-1 1978 2172 +","match_part"],[1,10480,10774,-1,"M294","NODE_724_length_21333_cov_6.999717:hsp:340879:4.5.0.0",0.32,"NODE_724_length_21333_cov_6.999717","augustus","augustus-NODE_724_length_21333_cov_6.999717-abinit-gene-0.4-mRNA-1 1684 1977 +","match_part"],[1,9947,10397,-1,"M450","NODE_724_length_21333_cov_6.999717:hsp:340880:4.5.0.0",0.32,"NODE_724_length_21333_cov_6.999717","augustus","augustus-NODE_724_length_21333_cov_6.999717-abinit-gene-0.4-mRNA-1 1234 1683 +","match_part"],[1,9701,9854,-1,"M153","NODE_724_length_21333_cov_6.999717:hsp:340881:4.5.0.0",0.32,"NODE_724_length_21333_cov_6.999717","augustus","augustus-NODE_724_length_21333_cov_6.999717-abinit-gene-0.4-mRNA-1 1081 1233 +","match_part"],[1,8833,9622,-1,"M789","NODE_724_length_21333_cov_6.999717:hsp:340882:4.5.0.0",0.32,"NODE_724_length_21333_cov_6.999717","augustus","augustus-NODE_724_length_21333_cov_6.999717-abinit-gene-0.4-mRNA-1 292 1080 +","match_part"],[1,8484,8775,-1,"M291","NODE_724_length_21333_cov_6.999717:hsp:340883:4.5.0.0",0.32,"NODE_724_length_21333_cov_6.999717","augustus","augustus-NODE_724_length_21333_cov_6.999717-abinit-gene-0.4-mRNA-1 1 291 +","match_part"]],"21333","match"],[0,13330,15047,1,"NODE_724_length_21333_cov_6.999717:hit:66358:4.5.0.0","augustus-NODE_724_length_21333_cov_6.999717-abinit-gene-0.1-mRNA-1",0.64,"NODE_724_length_21333_cov_6.999717","augustus",[[1,13330,13599,1,"M269","NODE_724_length_21333_cov_6.999717:hsp:340884:4.5.0.0",0.64,"NODE_724_length_21333_cov_6.999717","augustus","augustus-NODE_724_length_21333_cov_6.999717-abinit-gene-0.1-mRNA-1 1 269 +","match_part"],[1,13654,14655,1,"M1001","NODE_724_length_21333_cov_6.999717:hsp:340885:4.5.0.0",0.64,"NODE_724_length_21333_cov_6.999717","augustus","augustus-NODE_724_length_21333_cov_6.999717-abinit-gene-0.1-mRNA-1 270 1270 +","match_part"],[1,14775,15047,1,"M272","NODE_724_length_21333_cov_6.999717:hsp:340886:4.5.0.0",0.64,"NODE_724_length_21333_cov_6.999717","augustus","augustus-NODE_724_length_21333_cov_6.999717-abinit-gene-0.1-mRNA-1 1271 1542 +","match_part"]],"21333","match"],[0,15858,17232,1,"NODE_724_length_21333_cov_6.999717:hit:66363:4.5.0.0","augustus-NODE_724_length_21333_cov_6.999717-abinit-gene-0.2-mRNA-1",0.54,"NODE_724_length_21333_cov_6.999717","augustus",[[1,15858,15938,1,"M80","NODE_724_length_21333_cov_6.999717:hsp:340898:4.5.0.0",0.54,"NODE_724_length_21333_cov_6.999717","augustus","augustus-NODE_724_length_21333_cov_6.999717-abinit-gene-0.2-mRNA-1 1 80 +","match_part"],[1,16016,16214,1,"M198","NODE_724_length_21333_cov_6.999717:hsp:340899:4.5.0.0",0.54,"NODE_724_length_21333_cov_6.999717","augustus","augustus-NODE_724_length_21333_cov_6.999717-abinit-gene-0.2-mRNA-1 81 278 +","match_part"],[1,16276,16397,1,"M121","NODE_724_length_21333_cov_6.999717:hsp:340900:4.5.0.0",0.54,"NODE_724_length_21333_cov_6.999717","augustus","augustus-NODE_724_length_21333_cov_6.999717-abinit-gene-0.2-mRNA-1 279 399 +","match_part"],[1,17043,17232,1,"M189","NODE_724_length_21333_cov_6.999717:hsp:340901:4.5.0.0",0.54,"NODE_724_length_21333_cov_6.999717","augustus","augustus-NODE_724_length_21333_cov_6.999717-abinit-gene-0.2-mRNA-1 400 588 +","match_part"]],"21333","match"],[0,17360,18053,1,"NODE_724_length_21333_cov_6.999717:hit:66366:4.5.0.0","augustus-NODE_724_length_21333_cov_6.999717-abinit-gene-0.3-mRNA-1",0.52,"NODE_724_length_21333_cov_6.999717","augustus",[[1,17360,18053,1,"M693","NODE_724_length_21333_cov_6.999717:hsp:340905:4.5.0.0",0.52,"NODE_724_length_21333_cov_6.999717","augustus","augustus-NODE_724_length_21333_cov_6.999717-abinit-gene-0.3-mRNA-1 1 693 +","match_part"]],"21333","match"]],"urlTemplate":"lf-{Chunk}.json"}}