{"featureCount":1,"formatVersion":1,"histograms":{"meta":[{"arrayParams":{"chunkSize":10000,"length":1,"urlTemplate":"hist-10000-{Chunk}.json"},"basesPerBin":"10000"}],"stats":[{"basesPerBin":"10000","max":1,"mean":1}]},"intervals":{"classes":[{"attributes":["Start","End","Strand","Id","Name","Score","Seq_id","Source","Subfeatures","Target_length","Type"],"isArrayAttr":{"Subfeatures":1}},{"attributes":["Start","End","Strand","Gap","Id","Score","Seq_id","Source","Target","Type"],"isArrayAttr":{}},{"attributes":["Start","End","Chunk"],"isArrayAttr":{"Sublist":1}}],"count":1,"lazyClass":2,"maxEnd":2683,"minStart":1682,"nclist":[[0,1682,2683,-1,"NODE_7832_length_2685_cov_5.812744:hit:13309:4.5.0.0","augustus-NODE_7832_length_2685_cov_5.812744-abinit-gene-0.7-mRNA-1",0.48,"NODE_7832_length_2685_cov_5.812744","augustus",[[1,2562,2683,-1,"M121","NODE_7832_length_2685_cov_5.812744:hsp:39092:4.5.0.0",0.48,"NODE_7832_length_2685_cov_5.812744","augustus","augustus-NODE_7832_length_2685_cov_5.812744-abinit-gene-0.7-mRNA-1 528 648 +","match_part"],[1,2249,2456,-1,"M207","NODE_7832_length_2685_cov_5.812744:hsp:39093:4.5.0.0",0.48,"NODE_7832_length_2685_cov_5.812744","augustus","augustus-NODE_7832_length_2685_cov_5.812744-abinit-gene-0.7-mRNA-1 321 527 +","match_part"],[1,2099,2161,-1,"M62","NODE_7832_length_2685_cov_5.812744:hsp:39094:4.5.0.0",0.48,"NODE_7832_length_2685_cov_5.812744","augustus","augustus-NODE_7832_length_2685_cov_5.812744-abinit-gene-0.7-mRNA-1 259 320 +","match_part"],[1,1954,2006,-1,"M52","NODE_7832_length_2685_cov_5.812744:hsp:39095:4.5.0.0",0.48,"NODE_7832_length_2685_cov_5.812744","augustus","augustus-NODE_7832_length_2685_cov_5.812744-abinit-gene-0.7-mRNA-1 207 258 +","match_part"],[1,1682,1888,-1,"M206","NODE_7832_length_2685_cov_5.812744:hsp:39096:4.5.0.0",0.48,"NODE_7832_length_2685_cov_5.812744","augustus","augustus-NODE_7832_length_2685_cov_5.812744-abinit-gene-0.7-mRNA-1 1 206 +","match_part"]],"2685","match"]],"urlTemplate":"lf-{Chunk}.json"}}