{"featureCount":8,"formatVersion":1,"histograms":{"meta":[{"arrayParams":{"chunkSize":10000,"length":3,"urlTemplate":"hist-10000-{Chunk}.json"},"basesPerBin":"10000"}],"stats":[{"basesPerBin":"10000","max":5,"mean":3.33333333333333}]},"intervals":{"classes":[{"attributes":["Start","End","Strand","Id","Name","Seq_id","Source","Subfeatures","Target_length","Type"],"isArrayAttr":{"Subfeatures":1}},{"attributes":["Start","End","Strand","Gap","Id","Seq_id","Source","Target","Type"],"isArrayAttr":{}},{"attributes":["Start","End","Strand","Id","Seq_id","Source","Target","Type"],"isArrayAttr":{}},{"attributes":["Start","End","Chunk"],"isArrayAttr":{"Sublist":1}}],"count":8,"lazyClass":3,"maxEnd":24502,"minStart":876,"nclist":[[0,876,3184,1,"NODE_515_length_25202_cov_8.459741:hit:51456:4.5.0.0","genemark-NODE_515_length_25202_cov_8.459741-abinit-gene-0.28-mRNA-1","NODE_515_length_25202_cov_8.459741","genemark",[[1,876,1351,1,"M475","NODE_515_length_25202_cov_8.459741:hsp:268285:4.5.0.0","NODE_515_length_25202_cov_8.459741","genemark","genemark-NODE_515_length_25202_cov_8.459741-abinit-gene-0.28-mRNA-1 1 475 +","match_part"],[1,1421,1587,1,"M166","NODE_515_length_25202_cov_8.459741:hsp:268286:4.5.0.0","NODE_515_length_25202_cov_8.459741","genemark","genemark-NODE_515_length_25202_cov_8.459741-abinit-gene-0.28-mRNA-1 476 641 +","match_part"],[1,1658,1990,1,"M332","NODE_515_length_25202_cov_8.459741:hsp:268287:4.5.0.0","NODE_515_length_25202_cov_8.459741","genemark","genemark-NODE_515_length_25202_cov_8.459741-abinit-gene-0.28-mRNA-1 642 973 +","match_part"],[1,2075,2689,1,"M614","NODE_515_length_25202_cov_8.459741:hsp:268288:4.5.0.0","NODE_515_length_25202_cov_8.459741","genemark","genemark-NODE_515_length_25202_cov_8.459741-abinit-gene-0.28-mRNA-1 974 1587 +","match_part"],[1,2761,3184,1,"M423","NODE_515_length_25202_cov_8.459741:hsp:268289:4.5.0.0","NODE_515_length_25202_cov_8.459741","genemark","genemark-NODE_515_length_25202_cov_8.459741-abinit-gene-0.28-mRNA-1 1588 2010 +","match_part"]],"25202","match"],[0,6730,7472,1,"NODE_515_length_25202_cov_8.459741:hit:51460:4.5.0.0","genemark-NODE_515_length_25202_cov_8.459741-abinit-gene-0.29-mRNA-1","NODE_515_length_25202_cov_8.459741","genemark",[[1,6730,6921,1,"M191","NODE_515_length_25202_cov_8.459741:hsp:268300:4.5.0.0","NODE_515_length_25202_cov_8.459741","genemark","genemark-NODE_515_length_25202_cov_8.459741-abinit-gene-0.29-mRNA-1 1 191 +","match_part"],[1,6988,7184,1,"M196","NODE_515_length_25202_cov_8.459741:hsp:268301:4.5.0.0","NODE_515_length_25202_cov_8.459741","genemark","genemark-NODE_515_length_25202_cov_8.459741-abinit-gene-0.29-mRNA-1 192 387 +","match_part"],[1,7280,7472,1,"M192","NODE_515_length_25202_cov_8.459741:hsp:268302:4.5.0.0","NODE_515_length_25202_cov_8.459741","genemark","genemark-NODE_515_length_25202_cov_8.459741-abinit-gene-0.29-mRNA-1 388 579 +","match_part"]],"25202","match"],[0,9359,11748,-1,"NODE_515_length_25202_cov_8.459741:hit:51463:4.5.0.0","genemark-NODE_515_length_25202_cov_8.459741-abinit-gene-0.34-mRNA-1","NODE_515_length_25202_cov_8.459741","genemark",[[1,11580,11748,-1,"M168","NODE_515_length_25202_cov_8.459741:hsp:268312:4.5.0.0","NODE_515_length_25202_cov_8.459741","genemark","genemark-NODE_515_length_25202_cov_8.459741-abinit-gene-0.34-mRNA-1 1741 1908 +","match_part"],[1,11183,11516,-1,"M333","NODE_515_length_25202_cov_8.459741:hsp:268313:4.5.0.0","NODE_515_length_25202_cov_8.459741","genemark","genemark-NODE_515_length_25202_cov_8.459741-abinit-gene-0.34-mRNA-1 1408 1740 +","match_part"],[1,10614,11079,-1,"M465","NODE_515_length_25202_cov_8.459741:hsp:268314:4.5.0.0","NODE_515_length_25202_cov_8.459741","genemark","genemark-NODE_515_length_25202_cov_8.459741-abinit-gene-0.34-mRNA-1 943 1407 +","match_part"],[1,10392,10548,-1,"M156","NODE_515_length_25202_cov_8.459741:hsp:268315:4.5.0.0","NODE_515_length_25202_cov_8.459741","genemark","genemark-NODE_515_length_25202_cov_8.459741-abinit-gene-0.34-mRNA-1 787 942 +","match_part"],[1,9695,10295,-1,"M600","NODE_515_length_25202_cov_8.459741:hsp:268316:4.5.0.0","NODE_515_length_25202_cov_8.459741","genemark","genemark-NODE_515_length_25202_cov_8.459741-abinit-gene-0.34-mRNA-1 187 786 +","match_part"],[1,9430,9612,-1,"M182","NODE_515_length_25202_cov_8.459741:hsp:268317:4.5.0.0","NODE_515_length_25202_cov_8.459741","genemark","genemark-NODE_515_length_25202_cov_8.459741-abinit-gene-0.34-mRNA-1 5 186 +","match_part"],[1,9359,9363,-1,"M4","NODE_515_length_25202_cov_8.459741:hsp:268318:4.5.0.0","NODE_515_length_25202_cov_8.459741","genemark","genemark-NODE_515_length_25202_cov_8.459741-abinit-gene-0.34-mRNA-1 1 4 +","match_part"]],"25202","match"],[0,13169,13439,1,"NODE_515_length_25202_cov_8.459741:hit:51466:4.5.0.0","genemark-NODE_515_length_25202_cov_8.459741-abinit-gene-0.30-mRNA-1","NODE_515_length_25202_cov_8.459741","genemark",[[1,13169,13439,1,"M270","NODE_515_length_25202_cov_8.459741:hsp:268336:4.5.0.0","NODE_515_length_25202_cov_8.459741","genemark","genemark-NODE_515_length_25202_cov_8.459741-abinit-gene-0.30-mRNA-1 1 270 +","match_part"]],"25202","match"],[0,13743,17758,1,"NODE_515_length_25202_cov_8.459741:hit:51468:4.5.0.0","genemark-NODE_515_length_25202_cov_8.459741-abinit-gene-0.31-mRNA-1","NODE_515_length_25202_cov_8.459741","genemark",[[1,13743,13780,1,"M37","NODE_515_length_25202_cov_8.459741:hsp:268338:4.5.0.0","NODE_515_length_25202_cov_8.459741","genemark","genemark-NODE_515_length_25202_cov_8.459741-abinit-gene-0.31-mRNA-1 1 37 +","match_part"],[1,13841,14056,1,"M215","NODE_515_length_25202_cov_8.459741:hsp:268339:4.5.0.0","NODE_515_length_25202_cov_8.459741","genemark","genemark-NODE_515_length_25202_cov_8.459741-abinit-gene-0.31-mRNA-1 38 252 +","match_part"],[1,14124,14470,1,"M346","NODE_515_length_25202_cov_8.459741:hsp:268340:4.5.0.0","NODE_515_length_25202_cov_8.459741","genemark","genemark-NODE_515_length_25202_cov_8.459741-abinit-gene-0.31-mRNA-1 253 598 +","match_part"],[1,14530,14550,1,"M20","NODE_515_length_25202_cov_8.459741:hsp:268341:4.5.0.0","NODE_515_length_25202_cov_8.459741","genemark","genemark-NODE_515_length_25202_cov_8.459741-abinit-gene-0.31-mRNA-1 599 618 +","match_part"],[1,15016,15449,1,"M433","NODE_515_length_25202_cov_8.459741:hsp:268342:4.5.0.0","NODE_515_length_25202_cov_8.459741","genemark","genemark-NODE_515_length_25202_cov_8.459741-abinit-gene-0.31-mRNA-1 619 1051 +","match_part"],[1,15666,15826,1,"M160","NODE_515_length_25202_cov_8.459741:hsp:268343:4.5.0.0","NODE_515_length_25202_cov_8.459741","genemark","genemark-NODE_515_length_25202_cov_8.459741-abinit-gene-0.31-mRNA-1 1052 1211 +","match_part"],[1,15897,16141,1,"M244","NODE_515_length_25202_cov_8.459741:hsp:268344:4.5.0.0","NODE_515_length_25202_cov_8.459741","genemark","genemark-NODE_515_length_25202_cov_8.459741-abinit-gene-0.31-mRNA-1 1212 1455 +","match_part"],[1,16213,16502,1,"M289","NODE_515_length_25202_cov_8.459741:hsp:268345:4.5.0.0","NODE_515_length_25202_cov_8.459741","genemark","genemark-NODE_515_length_25202_cov_8.459741-abinit-gene-0.31-mRNA-1 1456 1744 +","match_part"],[1,16583,17464,1,"M881","NODE_515_length_25202_cov_8.459741:hsp:268346:4.5.0.0","NODE_515_length_25202_cov_8.459741","genemark","genemark-NODE_515_length_25202_cov_8.459741-abinit-gene-0.31-mRNA-1 1745 2625 +","match_part"],[1,17542,17758,1,"M216","NODE_515_length_25202_cov_8.459741:hsp:268347:4.5.0.0","NODE_515_length_25202_cov_8.459741","genemark","genemark-NODE_515_length_25202_cov_8.459741-abinit-gene-0.31-mRNA-1 2626 2841 +","match_part"]],