{"featureCount":6,"formatVersion":1,"histograms":{"meta":[{"arrayParams":{"chunkSize":10000,"length":2,"urlTemplate":"hist-5000-{Chunk}.json"},"basesPerBin":"5000"}],"stats":[{"basesPerBin":"5000","max":6,"mean":6}]},"intervals":{"classes":[{"attributes":["Start","End","Strand","Aligned_coverage","Aligned_identity","Id","Name","Score","Seq_id","Source","Subfeatures","Target_length","Type"],"isArrayAttr":{"Subfeatures":1}},{"attributes":["Start","End","Strand","Gap","Id","Score","Seq_id","Source","Target","Type"],"isArrayAttr":{}},{"attributes":["Start","End","Chunk"],"isArrayAttr":{"Sublist":1}}],"count":6,"lazyClass":2,"maxEnd":6228,"minStart":4650,"nclist":[[0,4650,6228,1,"93.19","83.7","NODE_2587_length_9299_cov_7.759922:hit:16131:3.10.0.0","sp|Q4P331.1|IF4A_USTMA",1572,"NODE_2587_length_9299_cov_7.759922","protein2genome",[[1,4650,4679,1,"M9 F2","NODE_2587_length_9299_cov_7.759922:hsp:69534:3.10.0.0",1572,"NODE_2587_length_9299_cov_7.759922","protein2genome","sp|Q4P331.1|IF4A_USTMA 29 37","match_part"],[1,4756,5015,1,"R2 M87","NODE_2587_length_9299_cov_7.759922:hsp:69535:3.10.0.0",1572,"NODE_2587_length_9299_cov_7.759922","protein2genome","sp|Q4P331.1|IF4A_USTMA 38 124","match_part"],[1,5087,5583,1,"M165 F1","NODE_2587_length_9299_cov_7.759922:hsp:69536:3.10.0.0",1572,"NODE_2587_length_9299_cov_7.759922","protein2genome","sp|Q4P331.1|IF4A_USTMA 125 289","match_part"],[1,5656,5708,1,"R1 M17 F2","NODE_2587_length_9299_cov_7.759922:hsp:69537:3.10.0.0",1572,"NODE_2587_length_9299_cov_7.759922","protein2genome","sp|Q4P331.1|IF4A_USTMA 290 306","match_part"],[1,5776,5935,1,"R2 M53 F2","NODE_2587_length_9299_cov_7.759922:hsp:69538:3.10.0.0",1572,"NODE_2587_length_9299_cov_7.759922","protein2genome","sp|Q4P331.1|IF4A_USTMA 307 359","match_part"],[1,6006,6133,1,"R2 M43","NODE_2587_length_9299_cov_7.759922:hsp:69539:3.10.0.0",1572,"NODE_2587_length_9299_cov_7.759922","protein2genome","sp|Q4P331.1|IF4A_USTMA 360 402","match_part"],[1,6201,6228,1,"M9","NODE_2587_length_9299_cov_7.759922:hsp:69540:3.10.0.0",1572,"NODE_2587_length_9299_cov_7.759922","protein2genome","sp|Q4P331.1|IF4A_USTMA 403 411","match_part"]],"411","protein_match"],[0,4751,6228,1,"93.52","78.2","NODE_2587_length_9299_cov_7.759922:hit:16132:3.10.0.0","sp|P0CQ70.1|IF4A_CRYNJ",1448,"NODE_2587_length_9299_cov_7.759922","protein2genome",[[1,4751,5015,1,"M88","NODE_2587_length_9299_cov_7.759922:hsp:69541:3.10.0.0",1448,"NODE_2587_length_9299_cov_7.759922","protein2genome","sp|P0CQ70.1|IF4A_CRYNJ 27 114","match_part"],[1,5087,5583,1,"M165 F1","NODE_2587_length_9299_cov_7.759922:hsp:69542:3.10.0.0",1448,"NODE_2587_length_9299_cov_7.759922","protein2genome","sp|P0CQ70.1|IF4A_CRYNJ 115 279","match_part"],[1,5656,5708,1,"R1 M17 F2","NODE_2587_length_9299_cov_7.759922:hsp:69543:3.10.0.0",1448,"NODE_2587_length_9299_cov_7.759922","protein2genome","sp|P0CQ70.1|IF4A_CRYNJ 280 296","match_part"],[1,5776,5935,1,"R2 M53 F2","NODE_2587_length_9299_cov_7.759922:hsp:69544:3.10.0.0",1448,"NODE_2587_length_9299_cov_7.759922","protein2genome","sp|P0CQ70.1|IF4A_CRYNJ 297 349","match_part"],[1,6006,6133,1,"R2 M43","NODE_2587_length_9299_cov_7.759922:hsp:69545:3.10.0.0",1448,"NODE_2587_length_9299_cov_7.759922","protein2genome","sp|P0CQ70.1|IF4A_CRYNJ 350 392","match_part"],[1,6201,6228,1,"M9","NODE_2587_length_9299_cov_7.759922:hsp:69546:3.10.0.0",1448,"NODE_2587_length_9299_cov_7.759922","protein2genome","sp|P0CQ70.1|IF4A_CRYNJ 393 401","match_part"]],"401","protein_match"],[0,4751,6228,1,"93.52","78.2","NODE_2587_length_9299_cov_7.759922:hit:16133:3.10.0.0","sp|P0CQ71.1|IF4A_CRYNB",1448,"NODE_2587_length_9299_cov_7.759922","protein2genome",[[1,4751,5015,1,"M88","NODE_2587_length_9299_cov_7.759922:hsp:69547:3.10.0.0",1448,"NODE_2587_length_9299_cov_7.759922","protein2genome","sp|P0CQ71.1|IF4A_CRYNB 27 114","match_part"],[1,5087,5583,1,"M165 F1","NODE_2587_length_9299_cov_7.759922:hsp:69548:3.10.0.0",1448,"NODE_2587_length_9299_cov_7.759922","protein2genome","sp|P0CQ71.1|IF4A_CRYNB 115 279","match_part"],[1,5656,5708,1,"R1 M17 F2","NODE_2587_length_9299_cov_7.759922:hsp:69549:3.10.0.0",1448,"NODE_2587_length_9299_cov_7.759922","protein2genome","sp|P0CQ71.1|IF4A_CRYNB 280 296","match_part"],[1,5776,5935,1,"R2 M53 F2","NODE_2587_length_9299_cov_7.759922:hsp:69550:3.10.0.0",1448,"NODE_2587_length_9299_cov_7.759922","protein2genome","sp|P0CQ71.1|IF4A_CRYNB 297 349","match_part"],[1,6006,6133,1,"R2 M43","NODE_2587_length_9299_cov_7.759922:hsp:69551:3.10.0.0",1448,"NODE_2587_length_9299_cov_7.759922","protein2genome","sp|P0CQ71.1|IF4A_CRYNB 350 392","match_part"],[1,6201,6228,1,"M9","NODE_2587_length_9299_cov_7.759922:hsp:69552:3.10.0.0",1448,"NODE_2587_length_9299_cov_7.759922","protein2genome","sp|P0CQ71.1|IF4A_CRYNB 393 401","match_part"]],"401","protein_match",{"Sublist":[[0,4754,5582,1,"63.48","75","NODE_2587_length_9299_cov_7.759922:hit:16134:3.10.0.0","sp|Q4P184.1|FAL1_USTMA",981,"NODE_2587_length_9299_cov_7.759922","protein2genome",[[1,4754,5015,1,"M87","NODE_2587_length_9299_cov_7.759922:hsp:69553:3.10.0.0",981,"NODE_2587_length_9299_cov_7.759922","protein2genome","sp|Q4P184.1|FAL1_USTMA 24 110","match_part"],[1,5087,5582,1,"M165","NODE_2587_length_9299_cov_7.759922:hsp:69554:3.10.0.0",981,"NODE_2587_length_9299_cov_7.759922","protein2genome","sp|Q4P184.1|FAL1_USTMA 111 275","match_part"]],"397","protein_match"],[0,4757,6225,1,"93.94","72.7","NODE_2587_length_9299_cov_7.759922:hit:16135:3.10.0.0","sp|P0CQ72.1|FAL1_CRYNJ",1359,"NODE_2587_length_9299_cov_7.759922","protein2genome",[[1,4757,5015,1,"M86","NODE_2587_length_9299_cov_7.759922:hsp:69555:3.10.0.0",1359,"NODE_2587_length_9299_cov_7.759922","protein2genome","sp|P0CQ72.1|FAL1_CRYNJ 24 109","match_part"],[1,5087,5583,1,"M165 F1","NODE_2587_length_9299_cov_7.759922:hsp:69556:3.10.0.0",1359,"NODE_2587_length_9299_cov_7.759922","protein2genome","sp|P0CQ72.1|FAL1_CRYNJ 110 274","match_part"],[1,5656,5708,1,"R1 M17 F2","NODE_2587_length_9299_cov_7.759922:hsp:69557:3.10.0.0",1359,"NODE_2587_length_9299_cov_7.759922","protein2genome","sp|P0CQ72.1|FAL1_CRYNJ 275 291","match_part"],[1,5776,5935,1,"R2 M53 F2","NODE_2587_length_9299_cov_7.759922:hsp:69558:3.10.0.0",1359,"NODE_2587_length_9299_cov_7.759922","protein2genome","sp|P0CQ72.1|FAL1_CRYNJ 292 344","match_part"],[1,6006,6133,1,"R2 M43","NODE_2587_length_9299_cov_7.759922:hsp:69559:3.10.0.0",1359,"NODE_2587_length_9299_cov_7.759922","protein2genome","sp|P0CQ72.1|FAL1_CRYNJ 345 387","match_part"],[1,6201,6225,1,"M8","NODE_2587_length_9299_cov_7.759922:hsp:69560:3.10.0.0",1359,"NODE_2587_length_9299_cov_7.759922","protein2genome","sp|P0CQ72.1|FAL1_CRYNJ 388 395","match_part"]],"396","protein_match"],[0,4757,6225,1,"93.94","72.7","NODE_2587_length_9299_cov_7.759922:hit:16136:3.10.0.0","sp|P0CQ73.1|FAL1_CRYNB",1359,"NODE_2587_length_9299_cov_7.759922","protein2genome",[[1,4757,5015,1,"M86","NODE_2587_length_9299_cov_7.759922:hsp:69561:3.10.0.0",1359,"NODE_2587_length_9299_cov_7.759922","protein2genome","sp|P0CQ73.1|FAL1_CRYNB 24 109","match_part"],[1,5087,5583,1,"M165 F1","NODE_2587_length_9299_cov_7.759922:hsp:69562:3.10.0.0",1359,"NODE_2587_length_9299_cov_7.759922","protein2genome","sp|P0CQ73.1|FAL1_CRYNB 110 274","match_part"],[1,5656,5708,1,"R1 M17 F2","NODE_2587_length_9299_cov_7.759922:hsp:69563:3.10.0.0",1359,"NODE_2587_length_9299_cov_7.759922","protein2genome","sp|P0CQ73.1|FAL1_CRYNB 275 291","match_part"],[1,5776,5935,1,"R2 M53 F2","NODE_2587_length_9299_cov_7.759922:hsp:69564:3.10.0.0",1359,"NODE_2587_length_9299_cov_7.759922","protein2genome","sp|P0CQ73.1|FAL1_CRYNB 292 344","match_part"],[1,6006,6133,1,"R2 M43","NODE_2587_length_9299_cov_7.759922:hsp:69565:3.10.0.0",1359,"NODE_2587_length_9299_cov_7.759922","protein2genome","sp|P0CQ73.1|FAL1_CRYNB 345 387","match_part"],[1,6201,6225,1,"M8","NODE_2587_length_9299_cov_7.759922:hsp:69566:3.10.0.0",1359,"NODE_2587_length_9299_cov_7.759922","protein2genome","sp|P0CQ73.1|FAL1_CRYNB 388 395","match_part"]],"396","protein_match"]]}]],