{"featureCount":1,"formatVersion":1,"histograms":{"meta":[{"arrayParams":{"chunkSize":10000,"length":1,"urlTemplate":"hist-20000-{Chunk}.json"},"basesPerBin":"20000"}],"stats":[{"basesPerBin":"20000","max":1,"mean":1}]},"intervals":{"classes":[{"attributes":["Start","End","Strand","Aligned_coverage","Aligned_identity","Id","Name","Score","Seq_id","Source","Subfeatures","Target_length","Type"],"isArrayAttr":{"Subfeatures":1}},{"attributes":["Start","End","Strand","Gap","Id","Score","Seq_id","Source","Target","Type"],"isArrayAttr":{}},{"attributes":["Start","End","Chunk"],"isArrayAttr":{"Sublist":1}}],"count":1,"lazyClass":2,"maxEnd":4245,"minStart":1135,"nclist":[[0,1135,4245,1,"100","99.9","NODE_5721_length_4343_cov_6.480076:hit:17742:3.2.0.0","TRINITY_DN10543_c0_g1_i1",13523,"NODE_5721_length_4343_cov_6.480076","est2genome",[[1,1135,2203,1,"M1068","NODE_5721_length_4343_cov_6.480076:hsp:61307:3.2.0.0",13523,"NODE_5721_length_4343_cov_6.480076","est2genome","TRINITY_DN10543_c0_g1_i1 1 1068 +","match_part"],[1,2263,2346,1,"M83","NODE_5721_length_4343_cov_6.480076:hsp:61308:3.2.0.0",13523,"NODE_5721_length_4343_cov_6.480076","est2genome","TRINITY_DN10543_c0_g1_i1 1069 1151 +","match_part"],[1,2421,2717,1,"M296","NODE_5721_length_4343_cov_6.480076:hsp:61309:3.2.0.0",13523,"NODE_5721_length_4343_cov_6.480076","est2genome","TRINITY_DN10543_c0_g1_i1 1152 1447 +","match_part"],[1,2806,3089,1,"M283","NODE_5721_length_4343_cov_6.480076:hsp:61310:3.2.0.0",13523,"NODE_5721_length_4343_cov_6.480076","est2genome","TRINITY_DN10543_c0_g1_i1 1448 1730 +","match_part"],[1,3155,3803,1,"M355 D1 M292","NODE_5721_length_4343_cov_6.480076:hsp:61311:3.2.0.0",13523,"NODE_5721_length_4343_cov_6.480076","est2genome","TRINITY_DN10543_c0_g1_i1 1731 2377 +","match_part"],[1,3890,4245,1,"M355","NODE_5721_length_4343_cov_6.480076:hsp:61312:3.2.0.0",13523,"NODE_5721_length_4343_cov_6.480076","est2genome","TRINITY_DN10543_c0_g1_i1 2378 2732 +","match_part"]],"2732","expressed_sequence_match"]],"urlTemplate":"lf-{Chunk}.json"}}