{"featureCount":1,"formatVersion":1,"histograms":{"meta":[{"arrayParams":{"chunkSize":10000,"length":1,"urlTemplate":"hist-20000-{Chunk}.json"},"basesPerBin":"20000"}],"stats":[{"basesPerBin":"20000","max":1,"mean":1}]},"intervals":{"classes":[{"attributes":["Start","End","Strand","Id","Name","Score","Seq_id","Source","Subfeatures","Target_length","Type"],"isArrayAttr":{"Subfeatures":1}},{"attributes":["Start","End","Strand","Gap","Id","Score","Seq_id","Source","Target","Type"],"isArrayAttr":{}},{"attributes":["Start","End","Chunk"],"isArrayAttr":{"Sublist":1}}],"count":1,"lazyClass":2,"maxEnd":4975,"minStart":442,"nclist":[[0,442,4975,-1,"NODE_4566_length_5627_cov_1.519273:hit:6509:4.5.0.0","augustus-NODE_4566_length_5627_cov_1.519273-abinit-gene-0.6-mRNA-1",0.01,"NODE_4566_length_5627_cov_1.519273","augustus",[[1,4935,4975,-1,"M40","NODE_4566_length_5627_cov_1.519273:hsp:22862:4.5.0.0",0.01,"NODE_4566_length_5627_cov_1.519273","augustus","augustus-NODE_4566_length_5627_cov_1.519273-abinit-gene-0.6-mRNA-1 3570 3609 +","match_part"],[1,4638,4794,-1,"M156","NODE_4566_length_5627_cov_1.519273:hsp:22863:4.5.0.0",0.01,"NODE_4566_length_5627_cov_1.519273","augustus","augustus-NODE_4566_length_5627_cov_1.519273-abinit-gene-0.6-mRNA-1 3414 3569 +","match_part"],[1,4408,4494,-1,"M86","NODE_4566_length_5627_cov_1.519273:hsp:22864:4.5.0.0",0.01,"NODE_4566_length_5627_cov_1.519273","augustus","augustus-NODE_4566_length_5627_cov_1.519273-abinit-gene-0.6-mRNA-1 3328 3413 +","match_part"],[1,3411,4253,-1,"M842","NODE_4566_length_5627_cov_1.519273:hsp:22865:4.5.0.0",0.01,"NODE_4566_length_5627_cov_1.519273","augustus","augustus-NODE_4566_length_5627_cov_1.519273-abinit-gene-0.6-mRNA-1 2486 3327 +","match_part"],[1,3009,3327,-1,"M318","NODE_4566_length_5627_cov_1.519273:hsp:22866:4.5.0.0",0.01,"NODE_4566_length_5627_cov_1.519273","augustus","augustus-NODE_4566_length_5627_cov_1.519273-abinit-gene-0.6-mRNA-1 2168 2485 +","match_part"],[1,2181,2911,-1,"M730","NODE_4566_length_5627_cov_1.519273:hsp:22867:4.5.0.0",0.01,"NODE_4566_length_5627_cov_1.519273","augustus","augustus-NODE_4566_length_5627_cov_1.519273-abinit-gene-0.6-mRNA-1 1438 2167 +","match_part"],[1,1919,2108,-1,"M189","NODE_4566_length_5627_cov_1.519273:hsp:22868:4.5.0.0",0.01,"NODE_4566_length_5627_cov_1.519273","augustus","augustus-NODE_4566_length_5627_cov_1.519273-abinit-gene-0.6-mRNA-1 1249 1437 +","match_part"],[1,1785,1859,-1,"M74","NODE_4566_length_5627_cov_1.519273:hsp:22869:4.5.0.0",0.01,"NODE_4566_length_5627_cov_1.519273","augustus","augustus-NODE_4566_length_5627_cov_1.519273-abinit-gene-0.6-mRNA-1 1175 1248 +","match_part"],[1,1261,1721,-1,"M460","NODE_4566_length_5627_cov_1.519273:hsp:22870:4.5.0.0",0.01,"NODE_4566_length_5627_cov_1.519273","augustus","augustus-NODE_4566_length_5627_cov_1.519273-abinit-gene-0.6-mRNA-1 715 1174 +","match_part"],[1,647,1212,-1,"M565","NODE_4566_length_5627_cov_1.519273:hsp:22871:4.5.0.0",0.01,"NODE_4566_length_5627_cov_1.519273","augustus","augustus-NODE_4566_length_5627_cov_1.519273-abinit-gene-0.6-mRNA-1 150 714 +","match_part"],[1,442,591,-1,"M149","NODE_4566_length_5627_cov_1.519273:hsp:22872:4.5.0.0",0.01,"NODE_4566_length_5627_cov_1.519273","augustus","augustus-NODE_4566_length_5627_cov_1.519273-abinit-gene-0.6-mRNA-1 1 149 +","match_part"]],"5627","match"]],"urlTemplate":"lf-{Chunk}.json"}}