{"featureCount":3,"formatVersion":1,"histograms":{"meta":[{"arrayParams":{"chunkSize":10000,"length":1,"urlTemplate":"hist-10000-{Chunk}.json"},"basesPerBin":"10000"}],"stats":[{"basesPerBin":"10000","max":3,"mean":3}]},"intervals":{"classes":[{"attributes":["Start","End","Strand","Id","Name","Seq_id","Source","Subfeatures","Target_length","Type"],"isArrayAttr":{"Subfeatures":1}},{"attributes":["Start","End","Strand","Gap","Id","Seq_id","Source","Target","Type"],"isArrayAttr":{}},{"attributes":["Start","End","Strand","Id","Seq_id","Source","Target","Type"],"isArrayAttr":{}},{"attributes":["Start","End","Chunk"],"isArrayAttr":{"Sublist":1}}],"count":3,"lazyClass":3,"maxEnd":9434,"minStart":556,"nclist":[[0,556,1067,-1,"NODE_2368_length_10043_cov_7.212081:hit:10602:4.5.0.0","genemark-NODE_2368_length_10043_cov_7.212081-abinit-gene-0.11-mRNA-1","NODE_2368_length_10043_cov_7.212081","genemark",[[1,903,1067,-1,"M164","NODE_2368_length_10043_cov_7.212081:hsp:47084:4.5.0.0","NODE_2368_length_10043_cov_7.212081","genemark","genemark-NODE_2368_length_10043_cov_7.212081-abinit-gene-0.11-mRNA-1 197 360 +","match_part"],[1,751,827,-1,"M76","NODE_2368_length_10043_cov_7.212081:hsp:47085:4.5.0.0","NODE_2368_length_10043_cov_7.212081","genemark","genemark-NODE_2368_length_10043_cov_7.212081-abinit-gene-0.11-mRNA-1 121 196 +","match_part"],[1,556,676,-1,"M120","NODE_2368_length_10043_cov_7.212081:hsp:47086:4.5.0.0","NODE_2368_length_10043_cov_7.212081","genemark","genemark-NODE_2368_length_10043_cov_7.212081-abinit-gene-0.11-mRNA-1 1 120 +","match_part"]],"10043","match"],[0,1347,4161,1,"NODE_2368_length_10043_cov_7.212081:hit:10604:4.5.0.0","genemark-NODE_2368_length_10043_cov_7.212081-abinit-gene-0.9-mRNA-1","NODE_2368_length_10043_cov_7.212081","genemark",[[1,1347,1516,1,"M169","NODE_2368_length_10043_cov_7.212081:hsp:47099:4.5.0.0","NODE_2368_length_10043_cov_7.212081","genemark","genemark-NODE_2368_length_10043_cov_7.212081-abinit-gene-0.9-mRNA-1 1 169 +","match_part"],[1,1614,2251,1,"M637","NODE_2368_length_10043_cov_7.212081:hsp:47100:4.5.0.0","NODE_2368_length_10043_cov_7.212081","genemark","genemark-NODE_2368_length_10043_cov_7.212081-abinit-gene-0.9-mRNA-1 170 806 +","match_part"],[1,2319,2359,1,"M40","NODE_2368_length_10043_cov_7.212081:hsp:47101:4.5.0.0","NODE_2368_length_10043_cov_7.212081","genemark","genemark-NODE_2368_length_10043_cov_7.212081-abinit-gene-0.9-mRNA-1 807 846 +","match_part"],[1,2470,2594,1,"M124","NODE_2368_length_10043_cov_7.212081:hsp:47102:4.5.0.0","NODE_2368_length_10043_cov_7.212081","genemark","genemark-NODE_2368_length_10043_cov_7.212081-abinit-gene-0.9-mRNA-1 847 970 +","match_part"],[1,2673,2812,1,"M139","NODE_2368_length_10043_cov_7.212081:hsp:47103:4.5.0.0","NODE_2368_length_10043_cov_7.212081","genemark","genemark-NODE_2368_length_10043_cov_7.212081-abinit-gene-0.9-mRNA-1 971 1109 +","match_part"],[1,2887,2999,1,"M112","NODE_2368_length_10043_cov_7.212081:hsp:47104:4.5.0.0","NODE_2368_length_10043_cov_7.212081","genemark","genemark-NODE_2368_length_10043_cov_7.212081-abinit-gene-0.9-mRNA-1 1110 1221 +","match_part"],[1,3065,3221,1,"M156","NODE_2368_length_10043_cov_7.212081:hsp:47105:4.5.0.0","NODE_2368_length_10043_cov_7.212081","genemark","genemark-NODE_2368_length_10043_cov_7.212081-abinit-gene-0.9-mRNA-1 1222 1377 +","match_part"],[1,3285,3555,1,"M270","NODE_2368_length_10043_cov_7.212081:hsp:47106:4.5.0.0","NODE_2368_length_10043_cov_7.212081","genemark","genemark-NODE_2368_length_10043_cov_7.212081-abinit-gene-0.9-mRNA-1 1378 1647 +","match_part"],[1,3933,4161,1,"M228","NODE_2368_length_10043_cov_7.212081:hsp:47107:4.5.0.0","NODE_2368_length_10043_cov_7.212081","genemark","genemark-NODE_2368_length_10043_cov_7.212081-abinit-gene-0.9-mRNA-1 1648 1875 +","match_part"]],"10043","match"],[0,9245,9434,1,"NODE_2368_length_10043_cov_7.212081:hit:10608:4.5.0.0","genemark-NODE_2368_length_10043_cov_7.212081-abinit-gene-0.10-mRNA-1","NODE_2368_length_10043_cov_7.212081","genemark",[[1,9245,9434,1,"M189","NODE_2368_length_10043_cov_7.212081:hsp:47115:4.5.0.0","NODE_2368_length_10043_cov_7.212081","genemark","genemark-NODE_2368_length_10043_cov_7.212081-abinit-gene-0.10-mRNA-1 1 189 +","match_part"]],"10043","match"]],"urlTemplate":"lf-{Chunk}.json"}}