{"featureCount":1,"formatVersion":1,"histograms":{"meta":[{"arrayParams":{"chunkSize":10000,"length":1,"urlTemplate":"hist-20000-{Chunk}.json"},"basesPerBin":"20000"}],"stats":[{"basesPerBin":"20000","max":1,"mean":1}]},"intervals":{"classes":[{"attributes":["Start","End","Strand","Id","Name","Seq_id","Source","Subfeatures","Target_length","Type"],"isArrayAttr":{"Subfeatures":1}},{"attributes":["Start","End","Strand","Gap","Id","Seq_id","Source","Target","Type"],"isArrayAttr":{}},{"attributes":["Start","End","Strand","Id","Seq_id","Source","Target","Type"],"isArrayAttr":{}},{"attributes":["Start","End","Chunk"],"isArrayAttr":{"Sublist":1}}],"count":1,"lazyClass":3,"maxEnd":5322,"minStart":3068,"nclist":[[0,3068,5322,-1,"NODE_2908_length_8375_cov_1.688409:hit:22794:4.5.0.0","genemark-NODE_2908_length_8375_cov_1.688409-abinit-gene-0.6-mRNA-1","NODE_2908_length_8375_cov_1.688409","genemark",[[1,5213,5322,-1,"M109","NODE_2908_length_8375_cov_1.688409:hsp:98185:4.5.0.0","NODE_2908_length_8375_cov_1.688409","genemark","genemark-NODE_2908_length_8375_cov_1.688409-abinit-gene-0.6-mRNA-1 1284 1392 +","match_part"],[1,4698,4767,-1,"M69","NODE_2908_length_8375_cov_1.688409:hsp:98186:4.5.0.0","NODE_2908_length_8375_cov_1.688409","genemark","genemark-NODE_2908_length_8375_cov_1.688409-abinit-gene-0.6-mRNA-1 1215 1283 +","match_part"],[1,4442,4582,-1,"M140","NODE_2908_length_8375_cov_1.688409:hsp:98187:4.5.0.0","NODE_2908_length_8375_cov_1.688409","genemark","genemark-NODE_2908_length_8375_cov_1.688409-abinit-gene-0.6-mRNA-1 1075 1214 +","match_part"],[1,4312,4381,-1,"M69","NODE_2908_length_8375_cov_1.688409:hsp:98188:4.5.0.0","NODE_2908_length_8375_cov_1.688409","genemark","genemark-NODE_2908_length_8375_cov_1.688409-abinit-gene-0.6-mRNA-1 1006 1074 +","match_part"],[1,3939,4249,-1,"M310","NODE_2908_length_8375_cov_1.688409:hsp:98189:4.5.0.0","NODE_2908_length_8375_cov_1.688409","genemark","genemark-NODE_2908_length_8375_cov_1.688409-abinit-gene-0.6-mRNA-1 696 1005 +","match_part"],[1,3620,3892,-1,"M272","NODE_2908_length_8375_cov_1.688409:hsp:98190:4.5.0.0","NODE_2908_length_8375_cov_1.688409","genemark","genemark-NODE_2908_length_8375_cov_1.688409-abinit-gene-0.6-mRNA-1 424 695 +","match_part"],[1,3340,3564,-1,"M224","NODE_2908_length_8375_cov_1.688409:hsp:98191:4.5.0.0","NODE_2908_length_8375_cov_1.688409","genemark","genemark-NODE_2908_length_8375_cov_1.688409-abinit-gene-0.6-mRNA-1 200 423 +","match_part"],[1,3068,3267,-1,"M199","NODE_2908_length_8375_cov_1.688409:hsp:98192:4.5.0.0","NODE_2908_length_8375_cov_1.688409","genemark","genemark-NODE_2908_length_8375_cov_1.688409-abinit-gene-0.6-mRNA-1 1 199 +","match_part"]],"8375","match"]],"urlTemplate":"lf-{Chunk}.json"}}