{"featureCount":9,"formatVersion":1,"histograms":{"meta":[{"arrayParams":{"chunkSize":10000,"length":3,"urlTemplate":"hist-10000-{Chunk}.json"},"basesPerBin":"10000"}],"stats":[{"basesPerBin":"10000","max":5,"mean":3.66666666666667}]},"intervals":{"classes":[{"attributes":["Start","End","Strand","Id","Name","Score","Seq_id","Source","Subfeatures","Target_length","Type"],"isArrayAttr":{"Subfeatures":1}},{"attributes":["Start","End","Strand","Gap","Id","Score","Seq_id","Source","Target","Type"],"isArrayAttr":{}},{"attributes":["Start","End","Chunk"],"isArrayAttr":{"Sublist":1}}],"count":9,"lazyClass":2,"maxEnd":26025,"minStart":337,"nclist":[[0,337,1985,-1,"NODE_469_length_26359_cov_6.920555:hit:48227:4.5.0.0","augustus-NODE_469_length_26359_cov_6.920555-abinit-gene-0.4-mRNA-1",0.43,"NODE_469_length_26359_cov_6.920555","augustus",[[1,1815,1985,-1,"M170","NODE_469_length_26359_cov_6.920555:hsp:253071:4.5.0.0",0.43,"NODE_469_length_26359_cov_6.920555","augustus","augustus-NODE_469_length_26359_cov_6.920555-abinit-gene-0.4-mRNA-1 1031 1200 +","match_part"],[1,1637,1731,-1,"M94","NODE_469_length_26359_cov_6.920555:hsp:253072:4.5.0.0",0.43,"NODE_469_length_26359_cov_6.920555","augustus","augustus-NODE_469_length_26359_cov_6.920555-abinit-gene-0.4-mRNA-1 937 1030 +","match_part"],[1,1477,1570,-1,"M93","NODE_469_length_26359_cov_6.920555:hsp:253073:4.5.0.0",0.43,"NODE_469_length_26359_cov_6.920555","augustus","augustus-NODE_469_length_26359_cov_6.920555-abinit-gene-0.4-mRNA-1 844 936 +","match_part"],[1,1340,1409,-1,"M69","NODE_469_length_26359_cov_6.920555:hsp:253074:4.5.0.0",0.43,"NODE_469_length_26359_cov_6.920555","augustus","augustus-NODE_469_length_26359_cov_6.920555-abinit-gene-0.4-mRNA-1 775 843 +","match_part"],[1,989,1276,-1,"M287","NODE_469_length_26359_cov_6.920555:hsp:253075:4.5.0.0",0.43,"NODE_469_length_26359_cov_6.920555","augustus","augustus-NODE_469_length_26359_cov_6.920555-abinit-gene-0.4-mRNA-1 488 774 +","match_part"],[1,430,897,-1,"M467","NODE_469_length_26359_cov_6.920555:hsp:253076:4.5.0.0",0.43,"NODE_469_length_26359_cov_6.920555","augustus","augustus-NODE_469_length_26359_cov_6.920555-abinit-gene-0.4-mRNA-1 21 487 +","match_part"],[1,337,357,-1,"M20","NODE_469_length_26359_cov_6.920555:hsp:253077:4.5.0.0",0.43,"NODE_469_length_26359_cov_6.920555","augustus","augustus-NODE_469_length_26359_cov_6.920555-abinit-gene-0.4-mRNA-1 1 20 +","match_part"]],"26359","match"],[0,4194,4569,-1,"NODE_469_length_26359_cov_6.920555:hit:48231:4.5.0.0","augustus-NODE_469_length_26359_cov_6.920555-abinit-gene-0.5-mRNA-1",0.77,"NODE_469_length_26359_cov_6.920555","augustus",[[1,4194,4569,-1,"M375","NODE_469_length_26359_cov_6.920555:hsp:253099:4.5.0.0",0.77,"NODE_469_length_26359_cov_6.920555","augustus","augustus-NODE_469_length_26359_cov_6.920555-abinit-gene-0.5-mRNA-1 1 375 +","match_part"]],"26359","match"],[0,4934,5582,1,"NODE_469_length_26359_cov_6.920555:hit:48233:4.5.0.0","augustus-NODE_469_length_26359_cov_6.920555-abinit-gene-0.0-mRNA-1",0.39,"NODE_469_length_26359_cov_6.920555","augustus",[[1,4934,5510,1,"M576","NODE_469_length_26359_cov_6.920555:hsp:253101:4.5.0.0",0.39,"NODE_469_length_26359_cov_6.920555","augustus","augustus-NODE_469_length_26359_cov_6.920555-abinit-gene-0.0-mRNA-1 1 576 +","match_part"],[1,5573,5582,1,"M9","NODE_469_length_26359_cov_6.920555:hsp:253102:4.5.0.0",0.39,"NODE_469_length_26359_cov_6.920555","augustus","augustus-NODE_469_length_26359_cov_6.920555-abinit-gene-0.0-mRNA-1 577 585 +","match_part"]],"26359","match"],[0,8960,10225,-1,"NODE_469_length_26359_cov_6.920555:hit:48236:4.5.0.0","augustus-NODE_469_length_26359_cov_6.920555-abinit-gene-0.6-mRNA-1",0.62,"NODE_469_length_26359_cov_6.920555","augustus",[[1,10206,10225,-1,"M19","NODE_469_length_26359_cov_6.920555:hsp:253107:4.5.0.0",0.62,"NODE_469_length_26359_cov_6.920555","augustus","augustus-NODE_469_length_26359_cov_6.920555-abinit-gene-0.6-mRNA-1 1020 1038 +","match_part"],[1,9954,10131,-1,"M177","NODE_469_length_26359_cov_6.920555:hsp:253108:4.5.0.0",0.62,"NODE_469_length_26359_cov_6.920555","augustus","augustus-NODE_469_length_26359_cov_6.920555-abinit-gene-0.6-mRNA-1 843 1019 +","match_part"],[1,9558,9871,-1,"M313","NODE_469_length_26359_cov_6.920555:hsp:253109:4.5.0.0",0.62,"NODE_469_length_26359_cov_6.920555","augustus","augustus-NODE_469_length_26359_cov_6.920555-abinit-gene-0.6-mRNA-1 530 842 +","match_part"],[1,8960,9489,-1,"M529","NODE_469_length_26359_cov_6.920555:hsp:253110:4.5.0.0",0.62,"NODE_469_length_26359_cov_6.920555","augustus","augustus-NODE_469_length_26359_cov_6.920555-abinit-gene-0.6-mRNA-1 1 529 +","match_part"]],"26359","match"],[0,10415,12240,1,"NODE_469_length_26359_cov_6.920555:hit:48239:4.5.0.0","augustus-NODE_469_length_26359_cov_6.920555-abinit-gene-0.1-mRNA-1",0.73,"NODE_469_length_26359_cov_6.920555","augustus",[[1,10415,10712,1,"M297","NODE_469_length_26359_cov_6.920555:hsp:253126:4.5.0.0",0.73,"NODE_469_length_26359_cov_6.920555","augustus","augustus-NODE_469_length_26359_cov_6.920555-abinit-gene-0.1-mRNA-1 1 297 +","match_part"],[1,10781,10937,1,"M156","NODE_469_length_26359_cov_6.920555:hsp:253127:4.5.0.0",0.73,"NODE_469_length_26359_cov_6.920555","augustus","augustus-NODE_469_length_26359_cov_6.920555-abinit-gene-0.1-mRNA-1 298 453 +","match_part"],[1,11100,11214,1,"M114","NODE_469_length_26359_cov_6.920555:hsp:253128:4.5.0.0",0.73,"NODE_469_length_26359_cov_6.920555","augustus","augustus-NODE_469_length_26359_cov_6.920555-abinit-gene-0.1-mRNA-1 454 567 +","match_part"],[1,11284,11428,1,"M144","NODE_469_length_26359_cov_6.920555:hsp:253129:4.5.0.0",0.73,"NODE_469_length_26359_cov_6.920555","augustus","augustus-NODE_469_length_26359_cov_6.920555-abinit-gene-0.1-mRNA-1 568 711 +","match_part"],[1,11508,11577,1,"M69","NODE_469_length_26359_cov_6.920555:hsp:253130:4.5.0.0",0.73,"NODE_469_length_26359_cov_6.920555","augustus","augustus-NODE_469_length_26359_cov_6.920555-abinit-gene-0.1-mRNA-1 712 780 +","match_part"],[1,11638,11725,1,"M87","NODE_469_length_26359_cov_6.920555:hsp:253131:4.5.0.0",0.73,"NODE_469_length_26359_cov_6.920555","augustus","augustus-NODE_469_length_26359_cov_6.920555-abinit-gene-0.1-mRNA-1 781 867 +","match_part"],[1,11831,11947,1,"M116","NODE_469_length_26359_cov_6.920555:hsp:253132:4.5.0.0",0.73,"NODE_469_length_26359_cov_6.920555","augustus","augustus-NODE_469_length_26359_cov_6.920555-abinit-gene-0.1-mRNA-1 868 983 +","match_part"],[1,12005,12240,1,"M235","NODE_469_length_26359_cov_6.920555:hsp:253133:4.5.0.0",0.73,"NODE_469_length_26359_cov_6.920555","augustus","augustus-NODE_469_length_26359_cov_6.920555-abinit-gene-0.1-mRNA-1 984 1218 +","match_part"]],