{"featureCount":4,"formatVersion":1,"histograms":{"meta":[{"arrayParams":{"chunkSize":10000,"length":2,"urlTemplate":"hist-2000-{Chunk}.json"},"basesPerBin":"2000"}],"stats":[{"basesPerBin":"2000","max":4,"mean":4}]},"intervals":{"classes":[{"attributes":["Start","End","Strand","Id","Name","Score","Seq_id","Source","Subfeatures","Target_length","Type"],"isArrayAttr":{"Subfeatures":1}},{"attributes":["Start","End","Strand","Gap","Id","Score","Seq_id","Source","Target","Type"],"isArrayAttr":{}},{"attributes":["Start","End","Chunk"],"isArrayAttr":{"Sublist":1}}],"count":4,"lazyClass":2,"maxEnd":2790,"minStart":0,"nclist":[[0,0,2790,1,"NODE_6532_length_3598_cov_8.670412:hit:4649:3.2.0.0","TRINITY_DN2591_c0_g1_i3",670,"NODE_6532_length_3598_cov_8.670412","blastn",[[1,0,688,1,"M688","NODE_6532_length_3598_cov_8.670412:hsp:14123:3.2.0.0",670,"NODE_6532_length_3598_cov_8.670412","blastn","TRINITY_DN2591_c0_g1_i3 437 1124 +","match_part"],[1,752,950,1,"M198","NODE_6532_length_3598_cov_8.670412:hsp:14124:3.2.0.0",186,"NODE_6532_length_3598_cov_8.670412","blastn","TRINITY_DN2591_c0_g1_i3 1124 1321 +","match_part"],[1,1047,1261,1,"M214","NODE_6532_length_3598_cov_8.670412:hsp:14125:3.2.0.0",208,"NODE_6532_length_3598_cov_8.670412","blastn","TRINITY_DN2591_c0_g1_i3 1322 1535 +","match_part"],[1,1344,1453,1,"M109","NODE_6532_length_3598_cov_8.670412:hsp:14126:3.2.0.0",103,"NODE_6532_length_3598_cov_8.670412","blastn","TRINITY_DN2591_c0_g1_i3 1536 1644 +","match_part"],[1,1663,1821,1,"M158","NODE_6532_length_3598_cov_8.670412:hsp:14127:3.2.0.0",158,"NODE_6532_length_3598_cov_8.670412","blastn","TRINITY_DN2591_c0_g1_i3 1695 1852 +","match_part"],[1,1916,2790,1,"M874","NODE_6532_length_3598_cov_8.670412:hsp:14128:3.2.0.0",856,"NODE_6532_length_3598_cov_8.670412","blastn","TRINITY_DN2591_c0_g1_i3 1853 2726 +","match_part"]],"2829","expressed_sequence_match",{"Sublist":[[0,0,2737,1,"NODE_6532_length_3598_cov_8.670412:hit:4646:3.2.0.0","TRINITY_DN2591_c0_g1_i4",670,"NODE_6532_length_3598_cov_8.670412","blastn",[[1,0,688,1,"M688","NODE_6532_length_3598_cov_8.670412:hsp:14106:3.2.0.0",670,"NODE_6532_length_3598_cov_8.670412","blastn","TRINITY_DN2591_c0_g1_i4 437 1124 +","match_part"],[1,752,950,1,"M198","NODE_6532_length_3598_cov_8.670412:hsp:14107:3.2.0.0",186,"NODE_6532_length_3598_cov_8.670412","blastn","TRINITY_DN2591_c0_g1_i4 1124 1321 +","match_part"],[1,1047,1261,1,"M214","NODE_6532_length_3598_cov_8.670412:hsp:14108:3.2.0.0",208,"NODE_6532_length_3598_cov_8.670412","blastn","TRINITY_DN2591_c0_g1_i4 1322 1535 +","match_part"],[1,1344,1453,1,"M109","NODE_6532_length_3598_cov_8.670412:hsp:14109:3.2.0.0",103,"NODE_6532_length_3598_cov_8.670412","blastn","TRINITY_DN2591_c0_g1_i4 1536 1644 +","match_part"],[1,1663,1821,1,"M158","NODE_6532_length_3598_cov_8.670412:hsp:14110:3.2.0.0",158,"NODE_6532_length_3598_cov_8.670412","blastn","TRINITY_DN2591_c0_g1_i4 1695 1852 +","match_part"],[1,1916,2737,1,"M821","NODE_6532_length_3598_cov_8.670412:hsp:14111:3.2.0.0",803,"NODE_6532_length_3598_cov_8.670412","blastn","TRINITY_DN2591_c0_g1_i4 1853 2673 +","match_part"]],"2738","expressed_sequence_match"],[0,0,2737,1,"NODE_6532_length_3598_cov_8.670412:hit:4647:3.2.0.0","TRINITY_DN2591_c0_g1_i6",670,"NODE_6532_length_3598_cov_8.670412","blastn",[[1,0,688,1,"M688","NODE_6532_length_3598_cov_8.670412:hsp:14112:3.2.0.0",670,"NODE_6532_length_3598_cov_8.670412","blastn","TRINITY_DN2591_c0_g1_i6 437 1124 +","match_part"],[1,752,950,1,"M198","NODE_6532_length_3598_cov_8.670412:hsp:14113:3.2.0.0",186,"NODE_6532_length_3598_cov_8.670412","blastn","TRINITY_DN2591_c0_g1_i6 1124 1321 +","match_part"],[1,1047,1453,1,"M406","NODE_6532_length_3598_cov_8.670412:hsp:14114:3.2.0.0",394,"NODE_6532_length_3598_cov_8.670412","blastn","TRINITY_DN2591_c0_g1_i6 1322 1727 +","match_part"],[1,1663,1821,1,"M158","NODE_6532_length_3598_cov_8.670412:hsp:14115:3.2.0.0",158,"NODE_6532_length_3598_cov_8.670412","blastn","TRINITY_DN2591_c0_g1_i6 1778 1935 +","match_part"],[1,1916,2737,1,"M821","NODE_6532_length_3598_cov_8.670412:hsp:14116:3.2.0.0",803,"NODE_6532_length_3598_cov_8.670412","blastn","TRINITY_DN2591_c0_g1_i6 1936 2756 +","match_part"]],"2756","expressed_sequence_match"],[0,0,2737,1,"NODE_6532_length_3598_cov_8.670412:hit:4648:3.2.0.0","TRINITY_DN2591_c0_g1_i1",670,"NODE_6532_length_3598_cov_8.670412","blastn",[[1,0,688,1,"M688","NODE_6532_length_3598_cov_8.670412:hsp:14117:3.2.0.0",670,"NODE_6532_length_3598_cov_8.670412","blastn","TRINITY_DN2591_c0_g1_i1 437 1124 +","match_part"],[1,752,950,1,"M198","NODE_6532_length_3598_cov_8.670412:hsp:14118:3.2.0.0",186,"NODE_6532_length_3598_cov_8.670412","blastn","TRINITY_DN2591_c0_g1_i1 1124 1321 +","match_part"],[1,1047,1261,1,"M214","NODE_6532_length_3598_cov_8.670412:hsp:14119:3.2.0.0",208,"NODE_6532_length_3598_cov_8.670412","blastn","TRINITY_DN2591_c0_g1_i1 1322 1535 +","match_part"],[1,1344,1453,1,"M109","NODE_6532_length_3598_cov_8.670412:hsp:14120:3.2.0.0",103,"NODE_6532_length_3598_cov_8.670412","blastn","TRINITY_DN2591_c0_g1_i1 1536 1644 +","match_part"],[1,1663,1821,1,"M158","NODE_6532_length_3598_cov_8.670412:hsp:14121:3.2.0.0",158,"NODE_6532_length_3598_cov_8.670412","blastn","TRINITY_DN2591_c0_g1_i1 1695 1852 +","match_part"],[1,1916,2737,1,"M821","NODE_6532_length_3598_cov_8.670412:hsp:14122:3.2.0.0",803,"NODE_6532_length_3598_cov_8.670412","blastn","TRINITY_DN2591_c0_g1_i1 1853 2673 +","match_part"]],"2673","expressed_sequence_match"]]}]],"urlTemplate":"lf-{Chunk}.json"}}