{"featureCount":3,"formatVersion":1,"histograms":{"meta":[{"arrayParams":{"chunkSize":10000,"length":1,"urlTemplate":"hist-10000-{Chunk}.json"},"basesPerBin":"10000"}],"stats":[{"basesPerBin":"10000","max":3,"mean":3}]},"intervals":{"classes":[{"attributes":["Start","End","Strand","Id","Name","Score","Seq_id","Source","Subfeatures","Target_length","Type"],"isArrayAttr":{"Subfeatures":1}},{"attributes":["Start","End","Strand","Gap","Id","Score","Seq_id","Source","Target","Type"],"isArrayAttr":{}},{"attributes":["Start","End","Chunk"],"isArrayAttr":{"Sublist":1}}],"count":3,"lazyClass":2,"maxEnd":7463,"minStart":28,"nclist":[[0,28,1026,1,"NODE_3162_length_7707_cov_3.550132:hit:27535:4.5.0.0","augustus-NODE_3162_length_7707_cov_3.550132-abinit-gene-0.0-mRNA-1",0.22,"NODE_3162_length_7707_cov_3.550132","augustus",[[1,28,577,1,"M549","NODE_3162_length_7707_cov_3.550132:hsp:117112:4.5.0.0",0.22,"NODE_3162_length_7707_cov_3.550132","augustus","augustus-NODE_3162_length_7707_cov_3.550132-abinit-gene-0.0-mRNA-1 1 549 +","match_part"],[1,653,855,1,"M202","NODE_3162_length_7707_cov_3.550132:hsp:117113:4.5.0.0",0.22,"NODE_3162_length_7707_cov_3.550132","augustus","augustus-NODE_3162_length_7707_cov_3.550132-abinit-gene-0.0-mRNA-1 550 751 +","match_part"],[1,928,1026,1,"M98","NODE_3162_length_7707_cov_3.550132:hsp:117114:4.5.0.0",0.22,"NODE_3162_length_7707_cov_3.550132","augustus","augustus-NODE_3162_length_7707_cov_3.550132-abinit-gene-0.0-mRNA-1 752 849 +","match_part"]],"7707","match"],[0,4146,5801,-1,"NODE_3162_length_7707_cov_3.550132:hit:27538:4.5.0.0","augustus-NODE_3162_length_7707_cov_3.550132-abinit-gene-0.1-mRNA-1",0.38,"NODE_3162_length_7707_cov_3.550132","augustus",[[1,5628,5801,-1,"M173","NODE_3162_length_7707_cov_3.550132:hsp:117121:4.5.0.0",0.38,"NODE_3162_length_7707_cov_3.550132","augustus","augustus-NODE_3162_length_7707_cov_3.550132-abinit-gene-0.1-mRNA-1 941 1113 +","match_part"],[1,4880,5531,-1,"M651","NODE_3162_length_7707_cov_3.550132:hsp:117122:4.5.0.0",0.38,"NODE_3162_length_7707_cov_3.550132","augustus","augustus-NODE_3162_length_7707_cov_3.550132-abinit-gene-0.1-mRNA-1 290 940 +","match_part"],[1,4733,4789,-1,"M56","NODE_3162_length_7707_cov_3.550132:hsp:117123:4.5.0.0",0.38,"NODE_3162_length_7707_cov_3.550132","augustus","augustus-NODE_3162_length_7707_cov_3.550132-abinit-gene-0.1-mRNA-1 234 289 +","match_part"],[1,4526,4653,-1,"M127","NODE_3162_length_7707_cov_3.550132:hsp:117124:4.5.0.0",0.38,"NODE_3162_length_7707_cov_3.550132","augustus","augustus-NODE_3162_length_7707_cov_3.550132-abinit-gene-0.1-mRNA-1 107 233 +","match_part"],[1,4146,4252,-1,"M106","NODE_3162_length_7707_cov_3.550132:hsp:117125:4.5.0.0",0.38,"NODE_3162_length_7707_cov_3.550132","augustus","augustus-NODE_3162_length_7707_cov_3.550132-abinit-gene-0.1-mRNA-1 1 106 +","match_part"]],"7707","match"],[0,6246,7463,-1,"NODE_3162_length_7707_cov_3.550132:hit:27540:4.5.0.0","augustus-NODE_3162_length_7707_cov_3.550132-abinit-gene-0.2-mRNA-1",0.33,"NODE_3162_length_7707_cov_3.550132","augustus",[[1,7414,7463,-1,"M49","NODE_3162_length_7707_cov_3.550132:hsp:117130:4.5.0.0",0.33,"NODE_3162_length_7707_cov_3.550132","augustus","augustus-NODE_3162_length_7707_cov_3.550132-abinit-gene-0.2-mRNA-1 582 630 +","match_part"],[1,6246,6827,-1,"M581","NODE_3162_length_7707_cov_3.550132:hsp:117131:4.5.0.0",0.33,"NODE_3162_length_7707_cov_3.550132","augustus","augustus-NODE_3162_length_7707_cov_3.550132-abinit-gene-0.2-mRNA-1 1 581 +","match_part"]],"7707","match"]],"urlTemplate":"lf-{Chunk}.json"}}