{"featureCount":2,"formatVersion":1,"histograms":{"meta":[{"arrayParams":{"chunkSize":10000,"length":1,"urlTemplate":"hist-10000-{Chunk}.json"},"basesPerBin":"10000"}],"stats":[{"basesPerBin":"10000","max":2,"mean":2}]},"intervals":{"classes":[{"attributes":["Start","End","Strand","Id","Name","Score","Seq_id","Source","Subfeatures","Target_length","Type"],"isArrayAttr":{"Subfeatures":1}},{"attributes":["Start","End","Strand","Gap","Id","Score","Seq_id","Source","Target","Type"],"isArrayAttr":{}},{"attributes":["Start","End","Chunk"],"isArrayAttr":{"Sublist":1}}],"count":2,"lazyClass":2,"maxEnd":5486,"minStart":55,"nclist":[[0,55,1391,1,"NODE_4650_length_5527_cov_1.949063:hit:7473:4.5.0.0","augustus-NODE_4650_length_5527_cov_1.949063-abinit-gene-0.3-mRNA-1",0.54,"NODE_4650_length_5527_cov_1.949063","augustus",[[1,55,166,1,"M111","NODE_4650_length_5527_cov_1.949063:hsp:26452:4.5.0.0",0.54,"NODE_4650_length_5527_cov_1.949063","augustus","augustus-NODE_4650_length_5527_cov_1.949063-abinit-gene-0.3-mRNA-1 1 111 +","match_part"],[1,252,755,1,"M503","NODE_4650_length_5527_cov_1.949063:hsp:26453:4.5.0.0",0.54,"NODE_4650_length_5527_cov_1.949063","augustus","augustus-NODE_4650_length_5527_cov_1.949063-abinit-gene-0.3-mRNA-1 112 614 +","match_part"],[1,855,1009,1,"M154","NODE_4650_length_5527_cov_1.949063:hsp:26454:4.5.0.0",0.54,"NODE_4650_length_5527_cov_1.949063","augustus","augustus-NODE_4650_length_5527_cov_1.949063-abinit-gene-0.3-mRNA-1 615 768 +","match_part"],[1,1076,1391,1,"M315","NODE_4650_length_5527_cov_1.949063:hsp:26455:4.5.0.0",0.54,"NODE_4650_length_5527_cov_1.949063","augustus","augustus-NODE_4650_length_5527_cov_1.949063-abinit-gene-0.3-mRNA-1 769 1083 +","match_part"]],"5527","match"],[0,1898,5486,-1,"NODE_4650_length_5527_cov_1.949063:hit:7476:4.5.0.0","augustus-NODE_4650_length_5527_cov_1.949063-abinit-gene-0.4-mRNA-1",0.35,"NODE_4650_length_5527_cov_1.949063","augustus",[[1,5208,5486,-1,"M278","NODE_4650_length_5527_cov_1.949063:hsp:26462:4.5.0.0",0.35,"NODE_4650_length_5527_cov_1.949063","augustus","augustus-NODE_4650_length_5527_cov_1.949063-abinit-gene-0.4-mRNA-1 2789 3066 +","match_part"],[1,5020,5131,-1,"M111","NODE_4650_length_5527_cov_1.949063:hsp:26463:4.5.0.0",0.35,"NODE_4650_length_5527_cov_1.949063","augustus","augustus-NODE_4650_length_5527_cov_1.949063-abinit-gene-0.4-mRNA-1 2678 2788 +","match_part"],[1,3789,4946,-1,"M1157","NODE_4650_length_5527_cov_1.949063:hsp:26464:4.5.0.0",0.35,"NODE_4650_length_5527_cov_1.949063","augustus","augustus-NODE_4650_length_5527_cov_1.949063-abinit-gene-0.4-mRNA-1 1521 2677 +","match_part"],[1,3505,3721,-1,"M216","NODE_4650_length_5527_cov_1.949063:hsp:26465:4.5.0.0",0.35,"NODE_4650_length_5527_cov_1.949063","augustus","augustus-NODE_4650_length_5527_cov_1.949063-abinit-gene-0.4-mRNA-1 1305 1520 +","match_part"],[1,2955,3446,-1,"M491","NODE_4650_length_5527_cov_1.949063:hsp:26466:4.5.0.0",0.35,"NODE_4650_length_5527_cov_1.949063","augustus","augustus-NODE_4650_length_5527_cov_1.949063-abinit-gene-0.4-mRNA-1 814 1304 +","match_part"],[1,2775,2880,-1,"M105","NODE_4650_length_5527_cov_1.949063:hsp:26467:4.5.0.0",0.35,"NODE_4650_length_5527_cov_1.949063","augustus","augustus-NODE_4650_length_5527_cov_1.949063-abinit-gene-0.4-mRNA-1 709 813 +","match_part"],[1,2538,2703,-1,"M165","NODE_4650_length_5527_cov_1.949063:hsp:26468:4.5.0.0",0.35,"NODE_4650_length_5527_cov_1.949063","augustus","augustus-NODE_4650_length_5527_cov_1.949063-abinit-gene-0.4-mRNA-1 544 708 +","match_part"],[1,1898,2441,-1,"M543","NODE_4650_length_5527_cov_1.949063:hsp:26469:4.5.0.0",0.35,"NODE_4650_length_5527_cov_1.949063","augustus","augustus-NODE_4650_length_5527_cov_1.949063-abinit-gene-0.4-mRNA-1 1 543 +","match_part"]],"5527","match"]],"urlTemplate":"lf-{Chunk}.json"}}