{"featureCount":2,"formatVersion":1,"histograms":{"meta":[{"arrayParams":{"chunkSize":10000,"length":1,"urlTemplate":"hist-10000-{Chunk}.json"},"basesPerBin":"10000"}],"stats":[{"basesPerBin":"10000","max":2,"mean":2}]},"intervals":{"classes":[{"attributes":["Start","End","Strand","Id","Name","Score","Seq_id","Source","Subfeatures","Target_length","Type"],"isArrayAttr":{"Subfeatures":1}},{"attributes":["Start","End","Strand","Gap","Id","Score","Seq_id","Source","Target","Type"],"isArrayAttr":{}},{"attributes":["Start","End","Chunk"],"isArrayAttr":{"Sublist":1}}],"count":2,"lazyClass":2,"maxEnd":5472,"minStart":130,"nclist":[[0,130,894,1,"NODE_4474_length_5723_cov_5.574339:hit:5428:4.5.0.0","augustus-NODE_4474_length_5723_cov_5.574339-abinit-gene-0.1-mRNA-1",0.05,"NODE_4474_length_5723_cov_5.574339","augustus",[[1,130,155,1,"M25","NODE_4474_length_5723_cov_5.574339:hsp:19125:4.5.0.0",0.05,"NODE_4474_length_5723_cov_5.574339","augustus","augustus-NODE_4474_length_5723_cov_5.574339-abinit-gene-0.1-mRNA-1 1 25 +","match_part"],[1,254,360,1,"M106","NODE_4474_length_5723_cov_5.574339:hsp:19126:4.5.0.0",0.05,"NODE_4474_length_5723_cov_5.574339","augustus","augustus-NODE_4474_length_5723_cov_5.574339-abinit-gene-0.1-mRNA-1 26 131 +","match_part"],[1,646,700,1,"M54","NODE_4474_length_5723_cov_5.574339:hsp:19127:4.5.0.0",0.05,"NODE_4474_length_5723_cov_5.574339","augustus","augustus-NODE_4474_length_5723_cov_5.574339-abinit-gene-0.1-mRNA-1 132 185 +","match_part"],[1,773,894,1,"M121","NODE_4474_length_5723_cov_5.574339:hsp:19128:4.5.0.0",0.05,"NODE_4474_length_5723_cov_5.574339","augustus","augustus-NODE_4474_length_5723_cov_5.574339-abinit-gene-0.1-mRNA-1 186 306 +","match_part"]],"5723","match"],[0,984,5472,1,"NODE_4474_length_5723_cov_5.574339:hit:5430:4.5.0.0","augustus-NODE_4474_length_5723_cov_5.574339-abinit-gene-0.2-mRNA-1",0.19,"NODE_4474_length_5723_cov_5.574339","augustus",[[1,984,1743,1,"M759","NODE_4474_length_5723_cov_5.574339:hsp:19134:4.5.0.0",0.19,"NODE_4474_length_5723_cov_5.574339","augustus","augustus-NODE_4474_length_5723_cov_5.574339-abinit-gene-0.2-mRNA-1 1 759 +","match_part"],[1,1809,3362,1,"M1553","NODE_4474_length_5723_cov_5.574339:hsp:19135:4.5.0.0",0.19,"NODE_4474_length_5723_cov_5.574339","augustus","augustus-NODE_4474_length_5723_cov_5.574339-abinit-gene-0.2-mRNA-1 760 2312 +","match_part"],[1,3428,3463,1,"M35","NODE_4474_length_5723_cov_5.574339:hsp:19136:4.5.0.0",0.19,"NODE_4474_length_5723_cov_5.574339","augustus","augustus-NODE_4474_length_5723_cov_5.574339-abinit-gene-0.2-mRNA-1 2313 2347 +","match_part"],[1,3652,5472,1,"M1820","NODE_4474_length_5723_cov_5.574339:hsp:19137:4.5.0.0",0.19,"NODE_4474_length_5723_cov_5.574339","augustus","augustus-NODE_4474_length_5723_cov_5.574339-abinit-gene-0.2-mRNA-1 2348 4167 +","match_part"]],"5723","match"]],"urlTemplate":"lf-{Chunk}.json"}}