{"featureCount":2,"formatVersion":1,"histograms":{"meta":[{"arrayParams":{"chunkSize":10000,"length":1,"urlTemplate":"hist-10000-{Chunk}.json"},"basesPerBin":"10000"}],"stats":[{"basesPerBin":"10000","max":2,"mean":2}]},"intervals":{"classes":[{"attributes":["Start","End","Strand","Aligned_coverage","Aligned_identity","Id","Name","Score","Seq_id","Source","Subfeatures","Target_length","Type"],"isArrayAttr":{"Subfeatures":1}},{"attributes":["Start","End","Strand","Gap","Id","Score","Seq_id","Source","Target","Type"],"isArrayAttr":{}},{"attributes":["Start","End","Chunk"],"isArrayAttr":{"Sublist":1}}],"count":2,"lazyClass":2,"maxEnd":6017,"minStart":115,"nclist":[[0,115,6017,-1,"89.06","99.4","NODE_4192_length_6017_cov_7.693718:hit:2141:3.2.0.0","TRINITY_DN3942_c0_g1_i4",25259,"NODE_4192_length_6017_cov_7.693718","est2genome",[[1,4723,6017,-1,"M1294","NODE_4192_length_6017_cov_7.693718:hsp:7638:3.2.0.0",25259,"NODE_4192_length_6017_cov_7.693718","est2genome","TRINITY_DN3942_c0_g1_i4 3843 5136 -","match_part"],[1,4518,4664,-1,"M146","NODE_4192_length_6017_cov_7.693718:hsp:7639:3.2.0.0",25259,"NODE_4192_length_6017_cov_7.693718","est2genome","TRINITY_DN3942_c0_g1_i4 3697 3842 -","match_part"],[1,4115,4448,-1,"M333","NODE_4192_length_6017_cov_7.693718:hsp:7640:3.2.0.0",25259,"NODE_4192_length_6017_cov_7.693718","est2genome","TRINITY_DN3942_c0_g1_i4 3364 3696 -","match_part"],[1,3272,4025,-1,"M753","NODE_4192_length_6017_cov_7.693718:hsp:7641:3.2.0.0",25259,"NODE_4192_length_6017_cov_7.693718","est2genome","TRINITY_DN3942_c0_g1_i4 2611 3363 -","match_part"],[1,2197,3185,-1,"M988","NODE_4192_length_6017_cov_7.693718:hsp:7642:3.2.0.0",25259,"NODE_4192_length_6017_cov_7.693718","est2genome","TRINITY_DN3942_c0_g1_i4 1623 2610 -","match_part"],[1,1953,2130,-1,"M177","NODE_4192_length_6017_cov_7.693718:hsp:7643:3.2.0.0",25259,"NODE_4192_length_6017_cov_7.693718","est2genome","TRINITY_DN3942_c0_g1_i4 1446 1622 -","match_part"],[1,1735,1866,-1,"M131","NODE_4192_length_6017_cov_7.693718:hsp:7644:3.2.0.0",25259,"NODE_4192_length_6017_cov_7.693718","est2genome","TRINITY_DN3942_c0_g1_i4 1315 1445 -","match_part"],[1,1576,1657,-1,"M81","NODE_4192_length_6017_cov_7.693718:hsp:7645:3.2.0.0",25259,"NODE_4192_length_6017_cov_7.693718","est2genome","TRINITY_DN3942_c0_g1_i4 1234 1314 -","match_part"],[1,1207,1502,-1,"M295","NODE_4192_length_6017_cov_7.693718:hsp:7646:3.2.0.0",25259,"NODE_4192_length_6017_cov_7.693718","est2genome","TRINITY_DN3942_c0_g1_i4 939 1233 -","match_part"],[1,979,1126,-1,"M147","NODE_4192_length_6017_cov_7.693718:hsp:7647:3.2.0.0",25259,"NODE_4192_length_6017_cov_7.693718","est2genome","TRINITY_DN3942_c0_g1_i4 792 938 -","match_part"],[1,115,906,-1,"M10 D1 M780","NODE_4192_length_6017_cov_7.693718:hsp:7648:3.2.0.0",25259,"NODE_4192_length_6017_cov_7.693718","est2genome","TRINITY_DN3942_c0_g1_i4 2 791 -","match_part"]],"5766","expressed_sequence_match",{"Sublist":[[0,115,881,1,"99.87","98.3","NODE_4192_length_6017_cov_7.693718:hit:2142:3.2.0.0","TRINITY_DN3942_c0_g1_i1",3705,"NODE_4192_length_6017_cov_7.693718","est2genome",[[1,115,881,1,"M10 D1 M755","NODE_4192_length_6017_cov_7.693718:hsp:7649:3.2.0.0",3705,"NODE_4192_length_6017_cov_7.693718","est2genome","TRINITY_DN3942_c0_g1_i1 2 766 +","match_part"]],"766","expressed_sequence_match"]]}]],"urlTemplate":"lf-{Chunk}.json"}}