{"featureCount":3,"formatVersion":1,"histograms":{"meta":[{"arrayParams":{"chunkSize":10000,"length":1,"urlTemplate":"hist-5000-{Chunk}.json"},"basesPerBin":"5000"}],"stats":[{"basesPerBin":"5000","max":3,"mean":3}]},"intervals":{"classes":[{"attributes":["Start","End","Strand","Aligned_coverage","Aligned_identity","Id","Name","Score","Seq_id","Source","Subfeatures","Target_length","Type"],"isArrayAttr":{"Subfeatures":1}},{"attributes":["Start","End","Strand","Gap","Id","Score","Seq_id","Source","Target","Type"],"isArrayAttr":{}},{"attributes":["Start","End","Chunk"],"isArrayAttr":{"Sublist":1}}],"count":3,"lazyClass":2,"maxEnd":2516,"minStart":284,"nclist":[[0,284,590,1,"100","94.4","NODE_7032_length_3193_cov_2.522831:hit:8381:3.2.0.0","TRINITY_DN15684_c0_g1_i1",1305,"NODE_7032_length_3193_cov_2.522831","est2genome",[[1,284,590,1,"M30 D3 M52 I2 M65 D1 M14 D1 M6 D2 M14 D2 M27 I2 M89","NODE_7032_length_3193_cov_2.522831:hsp:25518:3.2.0.0",1305,"NODE_7032_length_3193_cov_2.522831","est2genome","TRINITY_DN15684_c0_g1_i1 1 301 -","match_part"]],"301","expressed_sequence_match"],[0,1607,1957,1,"100","93.5","NODE_7032_length_3193_cov_2.522831:hit:8382:3.2.0.0","TRINITY_DN41930_c0_g1_i1",1181,"NODE_7032_length_3193_cov_2.522831","est2genome",[[1,1607,1685,1,"M78","NODE_7032_length_3193_cov_2.522831:hsp:25519:3.2.0.0",1181,"NODE_7032_length_3193_cov_2.522831","est2genome","TRINITY_DN41930_c0_g1_i1 189 266 -","match_part"],[1,1756,1957,1,"M25 D8 M3 D1 M4 D1 M11 D3 M145","NODE_7032_length_3193_cov_2.522831:hsp:25520:3.2.0.0",1181,"NODE_7032_length_3193_cov_2.522831","est2genome","TRINITY_DN41930_c0_g1_i1 1 188 -","match_part"]],"266","expressed_sequence_match"],[0,2290,2516,1,"99.56","97.8","NODE_7032_length_3193_cov_2.522831:hit:8383:3.2.0.0","TRINITY_DN6664_c0_g1_i1",1085,"NODE_7032_length_3193_cov_2.522831","est2genome",[[1,2290,2516,1,"M226","NODE_7032_length_3193_cov_2.522831:hsp:25521:3.2.0.0",1085,"NODE_7032_length_3193_cov_2.522831","est2genome","TRINITY_DN6664_c0_g1_i1 1 226 +","match_part"]],"227","expressed_sequence_match"]],"urlTemplate":"lf-{Chunk}.json"}}