{"featureCount":2,"formatVersion":1,"histograms":{"meta":[{"arrayParams":{"chunkSize":10000,"length":1,"urlTemplate":"hist-10000-{Chunk}.json"},"basesPerBin":"10000"}],"stats":[{"basesPerBin":"10000","max":2,"mean":2}]},"intervals":{"classes":[{"attributes":["Start","End","Strand","Id","Name","Seq_id","Source","Subfeatures","Target_length","Type"],"isArrayAttr":{"Subfeatures":1}},{"attributes":["Start","End","Strand","Gap","Id","Seq_id","Source","Target","Type"],"isArrayAttr":{}},{"attributes":["Start","End","Strand","Id","Seq_id","Source","Target","Type"],"isArrayAttr":{}},{"attributes":["Start","End","Chunk"],"isArrayAttr":{"Sublist":1}}],"count":2,"lazyClass":3,"maxEnd":5317,"minStart":412,"nclist":[[0,412,2362,1,"NODE_4276_length_5908_cov_5.295609:hit:3109:4.5.0.0","genemark-NODE_4276_length_5908_cov_5.295609-abinit-gene-0.4-mRNA-1","NODE_4276_length_5908_cov_5.295609","genemark",[[1,412,862,1,"M450","NODE_4276_length_5908_cov_5.295609:hsp:11090:4.5.0.0","NODE_4276_length_5908_cov_5.295609","genemark","genemark-NODE_4276_length_5908_cov_5.295609-abinit-gene-0.4-mRNA-1 1 450 +","match_part"],[1,933,1479,1,"M546","NODE_4276_length_5908_cov_5.295609:hsp:11091:4.5.0.0","NODE_4276_length_5908_cov_5.295609","genemark","genemark-NODE_4276_length_5908_cov_5.295609-abinit-gene-0.4-mRNA-1 451 996 +","match_part"],[1,1561,2362,1,"M801","NODE_4276_length_5908_cov_5.295609:hsp:11092:4.5.0.0","NODE_4276_length_5908_cov_5.295609","genemark","genemark-NODE_4276_length_5908_cov_5.295609-abinit-gene-0.4-mRNA-1 997 1797 +","match_part"]],"5908","match"],[0,2574,5317,-1,"NODE_4276_length_5908_cov_5.295609:hit:3112:4.5.0.0","genemark-NODE_4276_length_5908_cov_5.295609-abinit-gene-0.5-mRNA-1","NODE_4276_length_5908_cov_5.295609","genemark",[[1,5109,5317,-1,"M208","NODE_4276_length_5908_cov_5.295609:hsp:11100:4.5.0.0","NODE_4276_length_5908_cov_5.295609","genemark","genemark-NODE_4276_length_5908_cov_5.295609-abinit-gene-0.5-mRNA-1 2334 2541 +","match_part"],[1,3283,5002,-1,"M1719","NODE_4276_length_5908_cov_5.295609:hsp:11101:4.5.0.0","NODE_4276_length_5908_cov_5.295609","genemark","genemark-NODE_4276_length_5908_cov_5.295609-abinit-gene-0.5-mRNA-1 615 2333 +","match_part"],[1,2574,3188,-1,"M614","NODE_4276_length_5908_cov_5.295609:hsp:11102:4.5.0.0","NODE_4276_length_5908_cov_5.295609","genemark","genemark-NODE_4276_length_5908_cov_5.295609-abinit-gene-0.5-mRNA-1 1 614 +","match_part"]],"5908","match"]],"urlTemplate":"lf-{Chunk}.json"}}