{"featureCount":9,"formatVersion":1,"histograms":{"meta":[{"arrayParams":{"chunkSize":10000,"length":2,"urlTemplate":"hist-5000-{Chunk}.json"},"basesPerBin":"5000"}],"stats":[{"basesPerBin":"5000","max":8,"mean":7}]},"intervals":{"classes":[{"attributes":["Start","End","Strand","Aligned_coverage","Aligned_identity","Id","Name","Score","Seq_id","Source","Subfeatures","Target_length","Type"],"isArrayAttr":{"Subfeatures":1}},{"attributes":["Start","End","Strand","Gap","Id","Score","Seq_id","Source","Target","Type"],"isArrayAttr":{}},{"attributes":["Start","End","Chunk"],"isArrayAttr":{"Sublist":1}}],"count":9,"lazyClass":2,"maxEnd":8185,"minStart":3540,"nclist":[[0,3540,6719,-1,"100","99.3","NODE_2516_length_9489_cov_7.461547:hit:14436:3.2.0.0","TRINITY_DN8287_c0_g1_i4",13378,"NODE_2516_length_9489_cov_7.461547","est2genome",[[1,5752,6719,-1,"M967","NODE_2516_length_9489_cov_7.461547:hsp:63246:3.2.0.0",13378,"NODE_2516_length_9489_cov_7.461547","est2genome","TRINITY_DN8287_c0_g1_i4 1 967 +","match_part"],[1,5380,5613,-1,"M233","NODE_2516_length_9489_cov_7.461547:hsp:63247:3.2.0.0",13378,"NODE_2516_length_9489_cov_7.461547","est2genome","TRINITY_DN8287_c0_g1_i4 968 1200 +","match_part"],[1,4686,5278,-1,"M592","NODE_2516_length_9489_cov_7.461547:hsp:63248:3.2.0.0",13378,"NODE_2516_length_9489_cov_7.461547","est2genome","TRINITY_DN8287_c0_g1_i4 1201 1792 +","match_part"],[1,4398,4575,-1,"M177","NODE_2516_length_9489_cov_7.461547:hsp:63249:3.2.0.0",13378,"NODE_2516_length_9489_cov_7.461547","est2genome","TRINITY_DN8287_c0_g1_i4 1793 1969 +","match_part"],[1,3540,4304,-1,"M764","NODE_2516_length_9489_cov_7.461547:hsp:63250:3.2.0.0",13378,"NODE_2516_length_9489_cov_7.461547","est2genome","TRINITY_DN8287_c0_g1_i4 1970 2733 +","match_part"]],"2733","expressed_sequence_match"],[0,3540,6719,1,"100","99.4","NODE_2516_length_9489_cov_7.461547:hit:14437:3.2.0.0","TRINITY_DN8287_c0_g1_i7",14491,"NODE_2516_length_9489_cov_7.461547","est2genome",[[1,3540,5278,1,"M1738","NODE_2516_length_9489_cov_7.461547:hsp:63251:3.2.0.0",14491,"NODE_2516_length_9489_cov_7.461547","est2genome","TRINITY_DN8287_c0_g1_i7 1201 2938 -","match_part"],[1,5380,5613,1,"M233","NODE_2516_length_9489_cov_7.461547:hsp:63252:3.2.0.0",14491,"NODE_2516_length_9489_cov_7.461547","est2genome","TRINITY_DN8287_c0_g1_i7 968 1200 -","match_part"],[1,5752,6719,1,"M967","NODE_2516_length_9489_cov_7.461547:hsp:63253:3.2.0.0",14491,"NODE_2516_length_9489_cov_7.461547","est2genome","TRINITY_DN8287_c0_g1_i7 1 967 -","match_part"]],"2938","expressed_sequence_match",{"Sublist":[[0,3540,4575,-1,"100","100","NODE_2516_length_9489_cov_7.461547:hit:14438:3.2.0.0","TRINITY_DN8287_c0_g1_i8",3980,"NODE_2516_length_9489_cov_7.461547","est2genome",[[1,4398,4575,-1,"M177","NODE_2516_length_9489_cov_7.461547:hsp:63254:3.2.0.0",3980,"NODE_2516_length_9489_cov_7.461547","est2genome","TRINITY_DN8287_c0_g1_i8 1 177 +","match_part"],[1,4129,4304,-1,"M175","NODE_2516_length_9489_cov_7.461547:hsp:63255:3.2.0.0",3980,"NODE_2516_length_9489_cov_7.461547","est2genome","TRINITY_DN8287_c0_g1_i8 178 352 +","match_part"],[1,3540,3996,-1,"M456","NODE_2516_length_9489_cov_7.461547:hsp:63256:3.2.0.0",3980,"NODE_2516_length_9489_cov_7.461547","est2genome","TRINITY_DN8287_c0_g1_i8 353 808 +","match_part"]],"808","expressed_sequence_match"]]}],[0,3935,6719,-1,"100","99.1","NODE_2516_length_9489_cov_7.461547:hit:14439:3.2.0.0","TRINITY_DN8287_c0_g1_i1",11983,"NODE_2516_length_9489_cov_7.461547","est2genome",[[1,5752,6719,-1,"M967","NODE_2516_length_9489_cov_7.461547:hsp:63257:3.2.0.0",11983,"NODE_2516_length_9489_cov_7.461547","est2genome","TRINITY_DN8287_c0_g1_i1 1 967 +","match_part"],[1,5380,5613,-1,"M233","NODE_2516_length_9489_cov_7.461547:hsp:63258:3.2.0.0",11983,"NODE_2516_length_9489_cov_7.461547","est2genome","TRINITY_DN8287_c0_g1_i1 968 1200 +","match_part"],[1,4092,5278,-1,"M1186","NODE_2516_length_9489_cov_7.461547:hsp:63259:3.2.0.0",11983,"NODE_2516_length_9489_cov_7.461547","est2genome","TRINITY_DN8287_c0_g1_i1 1201 2386 +","match_part"],[1,3935,3996,-1,"M61","NODE_2516_length_9489_cov_7.461547:hsp:63260:3.2.0.0",11983,"NODE_2516_length_9489_cov_7.461547","est2genome","TRINITY_DN8287_c0_g1_i1 2387 2447 +","match_part"]],"2447","expressed_sequence_match"],[0,4394,6719,1,"100","98.6","NODE_2516_length_9489_cov_7.461547:hit:14440:3.2.0.0","TRINITY_DN8287_c0_g1_i5",10348,"NODE_2516_length_9489_cov_7.461547","est2genome",[[1,4394,5278,1,"M884","NODE_2516_length_9489_cov_7.461547:hsp:63261:3.2.0.0",10348,"NODE_2516_length_9489_cov_7.461547","est2genome","TRINITY_DN8287_c0_g1_i5 1243 2126 -","match_part"],[1,5380,5613,1,"M233","NODE_2516_length_9489_cov_7.461547:hsp:63262:3.2.0.0",10348,"NODE_2516_length_9489_cov_7.461547","est2genome","TRINITY_DN8287_c0_g1_i5 1010 1242 -","match_part"],[1,5705,6719,1,"M994 D3 M7 D2 M8","NODE_2516_length_9489_cov_7.461547:hsp:63263:3.2.0.0",10348,"NODE_2516_length_9489_cov_7.461547","est2genome","TRINITY_DN8287_c0_g1_i5 1 1009 -","match_part"]],"2126","expressed_sequence_match"],[0,4394,6719,1,"100","98.9","NODE_2516_length_9489_cov_7.461547:hit:14441:3.2.0.0","TRINITY_DN8287_c0_g1_i6",10194,"NODE_2516_length_9489_cov_7.461547","est2genome",[[1,4394,5278,1,"M884","NODE_2516_length_9489_cov_7.461547:hsp:63264:3.2.0.0",10194,"NODE_2516_length_9489_cov_7.461547","est2genome","TRINITY_DN8287_c0_g1_i6 1201 2084 -","match_part"],[1,5380,5613,1,"M233","NODE_2516_length_9489_cov_7.461547:hsp:63265:3.2.0.0",10194,"NODE_2516_length_9489_cov_7.461547","est2genome","TRINITY_DN8287_c0_g1_i6 968 1200 -","match_part"],[1,5752,6719,1,"M967","NODE_2516_length_9489_cov_7.461547:hsp:63266:3.2.0.0",10194,"NODE_2516_length_9489_cov_7.461547","est2genome","TRINITY_DN8287_c0_g1_i6 1 967 -","match_part"]],"2084","expressed_sequence_match"],[0,6751,7047,-1,"100","94.9","NODE_2516_length_9489_cov_7.461547:hit:14442:3.2.0.0","TRINITY_DN10538_c0_g2_i1",1326,"NODE_2516_length_9489_cov_7.461547","est2genome",[[1,6751,7047,-1,"M153 D1 M11 D3 M35 I1 M93","NODE_2516_length_9489_cov_7.461547:hsp:63267:3.2.0.0",1326,"NODE_2516_length_9489_cov_7.461547","est2genome","TRINITY_DN10538_c0_g2_i1 1 293 +","match_part"]],"293","expressed_sequence_match"],[0,6863,7150,1,"100","94.4","NODE_2516_length_9489_cov_7.461547:hit:14443:3.2.0.0","TRINITY_DN10538_c0_g1_i1",1275,"NODE_2516_length_9489_cov_7.461547","est2genome",[[1,6863,7150,1,"M43 D1 M238 D1 M4","NODE_2516_length_9489_cov_7.461547:hsp:63268:3.2.0.0",1275,"NODE_2516_length_9489_cov_7.461547","est2genome","TRINITY_DN10538_c0_g1_i1 1 285 -","match_part"]],"285","expressed_sequence_match"],[0,7537,8185,1,"92.57","98.9","NODE_2516_length_9489_cov_7.461547:hit:14444:3.2.0.0","TRINITY_DN48264_c0_g1_i1",3177,"NODE_2516_length_9489_cov_7.461547","est2genome",[[1,7537,8185,1,"M648","NODE_2516_length_9489_cov_7.461547:hsp:63269:3.2.0.0",3177,"NODE_2516_length_9489_cov_7.461547","est2genome","TRINITY_DN48264_c0_g1_i1 53 700 -","match_part"]],"700","expressed_sequence_match"]],"urlTemplate":"lf-{Chunk}.json"}}