{"featureCount":1,"formatVersion":1,"histograms":{"meta":[{"arrayParams":{"chunkSize":10000,"length":1,"urlTemplate":"hist-5000-{Chunk}.json"},"basesPerBin":"5000"}],"stats":[{"basesPerBin":"5000","max":1,"mean":1}]},"intervals":{"classes":[{"attributes":["Start","End","Strand","Id","Name","Score","Seq_id","Source","Subfeatures","Target_length","Type"],"isArrayAttr":{"Subfeatures":1}},{"attributes":["Start","End","Strand","Gap","Id","Score","Seq_id","Source","Target","Type"],"isArrayAttr":{}},{"attributes":["Start","End","Chunk"],"isArrayAttr":{"Sublist":1}}],"count":1,"lazyClass":2,"maxEnd":1618,"minStart":548,"nclist":[[0,548,1618,1,"NODE_11364_length_1619_cov_0.442733:hit:4679:4.5.0.0","augustus-NODE_11364_length_1619_cov_0.442733-abinit-gene-0.2-mRNA-1",0.42,"NODE_11364_length_1619_cov_0.442733","augustus",[[1,548,609,1,"M61","NODE_11364_length_1619_cov_0.442733:hsp:10344:4.5.0.0",0.42,"NODE_11364_length_1619_cov_0.442733","augustus","augustus-NODE_11364_length_1619_cov_0.442733-abinit-gene-0.2-mRNA-1 1 61 +","match_part"],[1,693,809,1,"M116","NODE_11364_length_1619_cov_0.442733:hsp:10345:4.5.0.0",0.42,"NODE_11364_length_1619_cov_0.442733","augustus","augustus-NODE_11364_length_1619_cov_0.442733-abinit-gene-0.2-mRNA-1 62 177 +","match_part"],[1,925,978,1,"M53","NODE_11364_length_1619_cov_0.442733:hsp:10346:4.5.0.0",0.42,"NODE_11364_length_1619_cov_0.442733","augustus","augustus-NODE_11364_length_1619_cov_0.442733-abinit-gene-0.2-mRNA-1 178 230 +","match_part"],[1,1043,1271,1,"M228","NODE_11364_length_1619_cov_0.442733:hsp:10347:4.5.0.0",0.42,"NODE_11364_length_1619_cov_0.442733","augustus","augustus-NODE_11364_length_1619_cov_0.442733-abinit-gene-0.2-mRNA-1 231 458 +","match_part"],[1,1404,1618,1,"M214","NODE_11364_length_1619_cov_0.442733:hsp:10348:4.5.0.0",0.42,"NODE_11364_length_1619_cov_0.442733","augustus","augustus-NODE_11364_length_1619_cov_0.442733-abinit-gene-0.2-mRNA-1 459 672 +","match_part"]],"1619","match"]],"urlTemplate":"lf-{Chunk}.json"}}