{"featureCount":13,"formatVersion":1,"histograms":{"meta":[{"arrayParams":{"chunkSize":10000,"length":4,"urlTemplate":"hist-2000-{Chunk}.json"},"basesPerBin":"2000"}],"stats":[{"basesPerBin":"2000","max":11,"mean":6.25}]},"intervals":{"classes":[{"attributes":["Start","End","Strand","Aligned_coverage","Aligned_identity","Id","Name","Score","Seq_id","Source","Subfeatures","Target_length","Type"],"isArrayAttr":{"Subfeatures":1}},{"attributes":["Start","End","Strand","Gap","Id","Score","Seq_id","Source","Target","Type"],"isArrayAttr":{}},{"attributes":["Start","End","Chunk"],"isArrayAttr":{"Sublist":1}}],"count":13,"lazyClass":2,"maxEnd":7925,"minStart":1441,"nclist":[[0,1441,2210,-1,"100","99.8","NODE_1888_length_12010_cov_7.706471:hit:119968:3.2.0.0","TRINITY_DN20196_c0_g1_i1",2943,"NODE_1888_length_12010_cov_7.706471","est2genome",[[1,1948,2210,-1,"M262","NODE_1888_length_12010_cov_7.706471:hsp:592976:3.2.0.0",2943,"NODE_1888_length_12010_cov_7.706471","est2genome","TRINITY_DN20196_c0_g1_i1 1 262 +","match_part"],[1,1718,1860,-1,"M142","NODE_1888_length_12010_cov_7.706471:hsp:592977:3.2.0.0",2943,"NODE_1888_length_12010_cov_7.706471","est2genome","TRINITY_DN20196_c0_g1_i1 263 404 +","match_part"],[1,1441,1637,-1,"M196","NODE_1888_length_12010_cov_7.706471:hsp:592978:3.2.0.0",2943,"NODE_1888_length_12010_cov_7.706471","est2genome","TRINITY_DN20196_c0_g1_i1 405 600 +","match_part"]],"600","expressed_sequence_match"],[0,2198,2730,-1,"100","98.5","NODE_1888_length_12010_cov_7.706471:hit:119969:3.2.0.0","TRINITY_DN20196_c0_g2_i1",2199,"NODE_1888_length_12010_cov_7.706471","est2genome",[[1,2417,2730,-1,"M313","NODE_1888_length_12010_cov_7.706471:hsp:592979:3.2.0.0",2199,"NODE_1888_length_12010_cov_7.706471","est2genome","TRINITY_DN20196_c0_g2_i1 142 454 -","match_part"],[1,2198,2339,-1,"M141","NODE_1888_length_12010_cov_7.706471:hsp:592980:3.2.0.0",2199,"NODE_1888_length_12010_cov_7.706471","est2genome","TRINITY_DN20196_c0_g2_i1 1 141 -","match_part"]],"454","expressed_sequence_match"],[0,3280,5878,-1,"99.43","99.7","NODE_1888_length_12010_cov_7.706471:hit:119970:3.2.0.0","TRINITY_DN4394_c0_g1_i4",12071,"NODE_1888_length_12010_cov_7.706471","est2genome",[[1,5584,5878,-1,"M294","NODE_1888_length_12010_cov_7.706471:hsp:592981:3.2.0.0",12071,"NODE_1888_length_12010_cov_7.706471","est2genome","TRINITY_DN4394_c0_g1_i4 2150 2443 -","match_part"],[1,5231,5503,-1,"M272","NODE_1888_length_12010_cov_7.706471:hsp:592982:3.2.0.0",12071,"NODE_1888_length_12010_cov_7.706471","est2genome","TRINITY_DN4394_c0_g1_i4 1878 2149 -","match_part"],[1,3280,5150,-1,"M1870","NODE_1888_length_12010_cov_7.706471:hsp:592983:3.2.0.0",12071,"NODE_1888_length_12010_cov_7.706471","est2genome","TRINITY_DN4394_c0_g1_i4 8 1877 -","match_part"]],"2450","expressed_sequence_match"],[0,3280,5878,-1,"99.43","99.3","NODE_1888_length_12010_cov_7.706471:hit:119971:3.2.0.0","TRINITY_DN4394_c0_g1_i5",11970,"NODE_1888_length_12010_cov_7.706471","est2genome",[[1,5584,5878,-1,"M294","NODE_1888_length_12010_cov_7.706471:hsp:592984:3.2.0.0",11970,"NODE_1888_length_12010_cov_7.706471","est2genome","TRINITY_DN4394_c0_g1_i5 2149 2442 -","match_part"],[1,5231,5503,-1,"M272","NODE_1888_length_12010_cov_7.706471:hsp:592985:3.2.0.0",11970,"NODE_1888_length_12010_cov_7.706471","est2genome","TRINITY_DN4394_c0_g1_i5 1877 2148 -","match_part"],[1,3280,5150,-1,"M322 I1 M14 D2 M1532","NODE_1888_length_12010_cov_7.706471:hsp:592986:3.2.0.0",11970,"NODE_1888_length_12010_cov_7.706471","est2genome","TRINITY_DN4394_c0_g1_i5 8 1876 -","match_part"]],"2449","expressed_sequence_match"],[0,3280,5878,1,"99.41","99.7","NODE_1888_length_12010_cov_7.706471:hit:119972:3.2.0.0","TRINITY_DN4394_c0_g1_i1",11646,"NODE_1888_length_12010_cov_7.706471","est2genome",[[1,3280,5150,1,"M1870","NODE_1888_length_12010_cov_7.706471:hsp:592987:3.2.0.0",11646,"NODE_1888_length_12010_cov_7.706471","est2genome","TRINITY_DN4394_c0_g1_i1 8 1877 +","match_part"],[1,5231,5294,1,"M63","NODE_1888_length_12010_cov_7.706471:hsp:592988:3.2.0.0",11646,"NODE_1888_length_12010_cov_7.706471","est2genome","TRINITY_DN4394_c0_g1_i1 1878 1940 +","match_part"],[1,5374,5503,1,"M129","NODE_1888_length_12010_cov_7.706471:hsp:592989:3.2.0.0",11646,"NODE_1888_length_12010_cov_7.706471","est2genome","TRINITY_DN4394_c0_g1_i1 1941 2069 +","match_part"],[1,5584,5878,1,"M294","NODE_1888_length_12010_cov_7.706471:hsp:592990:3.2.0.0",11646,"NODE_1888_length_12010_cov_7.706471","est2genome","TRINITY_DN4394_c0_g1_i1 2070 2363 +","match_part"]],"2370","expressed_sequence_match"],[0,3280,5878,1,"99.41","99.3","NODE_1888_length_12010_cov_7.706471:hit:119973:3.2.0.0","TRINITY_DN4394_c0_g1_i2",11559,"NODE_1888_length_12010_cov_7.706471","est2genome",[[1,3280,5150,1,"M300 I1 M17 I1 M1553","NODE_1888_length_12010_cov_7.706471:hsp:592991:3.2.0.0",11559,"NODE_1888_length_12010_cov_7.706471","est2genome","TRINITY_DN4394_c0_g1_i2 8 1879 +","match_part"],[1,5231,5294,1,"M63","NODE_1888_length_12010_cov_7.706471:hsp:592992:3.2.0.0",11559,"NODE_1888_length_12010_cov_7.706471","est2genome","TRINITY_DN4394_c0_g1_i2 1880 1942 +","match_part"],[1,5374,5503,1,"M129","NODE_1888_length_12010_cov_7.706471:hsp:592993:3.2.0.0",11559,"NODE_1888_length_12010_cov_7.706471","est2genome","TRINITY_DN4394_c0_g1_i2 1943 2071 +","match_part"],[1,5584,5878,1,"M294","NODE_1888_length_12010_cov_7.706471:hsp:592994:3.2.0.0",11559,"NODE_1888_length_12010_cov_7.706471","est2genome","TRINITY_DN4394_c0_g1_i2 2072 2365 +","match_part"]],"2372","expressed_sequence_match"],[0,5949,7925,1,"100","99.1","NODE_1888_length_12010_cov_7.706471:hit:119974:3.2.0.0","TRINITY_DN3544_c0_g1_i4",7724,"NODE_1888_length_12010_cov_7.706471","est2genome",[[1,5949,6892,1,"M943","NODE_1888_length_12010_cov_7.706471:hsp:592995:3.2.0.0",7724,"NODE_1888_length_12010_cov_7.706471","est2genome","TRINITY_DN3544_c0_g1_i4 636 1578 -","match_part"],[1,7289,7925,1,"M173 D1 M462","NODE_1888_length_12010_cov_7.706471:hsp:592996:3.2.0.0",7724,"NODE_1888_length_12010_cov_7.706471","est2genome","TRINITY_DN3544_c0_g1_i4 1 635 -","match_part"]],"1578","expressed_sequence_match"],[0,5949,7925,1,"100","99.4","NODE_1888_length_12010_cov_7.706471:hit:119975:3.2.0.0","TRINITY_DN3544_c0_g1_i5",7777,"NODE_1888_length_12010_cov_7.706471","est2genome",[[1,5949,6892,1,"M943","NODE_1888_length_12010_cov_7.706471:hsp:592997:3.2.0.0",7777,"NODE_1888_length_12010_cov_7.706471","est2genome","TRINITY_DN3544_c0_g1_i5 637 1579 -","match_part"],[1,7289,7925,1,"M636","NODE_1888_length_12010_cov_7.706471:hsp:592998:3.2.0.0",7777,"NODE_1888_length_12010_cov_7.706471","est2genome","TRINITY_DN3544_c0_g1_i5 1 636 -","match_part"]],"1579","expressed_sequence_match"],[0,5949,7925,1,"100","98.9","NODE_1888_length_12010_cov_7.706471:hit:119976:3.2.0.0","TRINITY_DN3544_c0_g1_i7",7705,"NODE_1888_length_12010_cov_7.706471","est2genome",[[1,5949,6892,1,"M943","NODE_1888_length_12010_cov_7.706471:hsp:592999:3.2.0.0",7705,"NODE_1888_length_12010_cov_7.706471","est2genome","TRINITY_DN3544_c0_g1_i7 637 1579 -","match_part"],[1,7289,7925,1,"M636","NODE_1888_length_12010_cov_7.706471:hsp:593000:3.2.0.0",7705,"NODE_1888_length_12010_cov_7.706471","est2genome","TRINITY_DN3544_c0_g1_i7 1 636 -","match_part"]],"1579","expressed_sequence_match"],[0,5949,7925,1,"100","99.1","NODE_1888_length_12010_cov_7.706471:hit:119977:3.2.0.0","TRINITY_DN3544_c0_g1_i1",7741,"NODE_1888_length_12010_cov_7.706471","est2genome",[[1,5949,6892,1,"M943","NODE_1888_length_12010_cov_7.706471:hsp:593001:3.2.0.0",7741,"NODE_1888_length_12010_cov_7.706471","est2genome","TRINITY_DN3544_c0_g1_i1 637 1579 -","match_part"],[1,7289,7925,1,"M636","NODE_1888_length_12010_cov_7.706471:hsp:593002:3.2.0.0",7741,"NODE_1888_length_12010_cov_7.706471","est2genome","TRINITY_DN3544_c0_g1_i1 1 636 -","match_part"]],