{"featureCount":9,"formatVersion":1,"histograms":{"meta":[{"arrayParams":{"chunkSize":10000,"length":3,"urlTemplate":"hist-1000-{Chunk}.json"},"basesPerBin":"1000"}],"stats":[{"basesPerBin":"1000","max":5,"mean":4}]},"intervals":{"classes":[{"attributes":["Start","End","Strand","Aligned_coverage","Aligned_identity","Id","Name","Score","Seq_id","Source","Subfeatures","Target_length","Type"],"isArrayAttr":{"Subfeatures":1}},{"attributes":["Start","End","Strand","Gap","Id","Score","Seq_id","Source","Target","Type"],"isArrayAttr":{}},{"attributes":["Start","End","Chunk"],"isArrayAttr":{"Sublist":1}}],"count":9,"lazyClass":2,"maxEnd":2116,"minStart":0,"nclist":[[0,0,527,1,"80.34","92.6","NODE_8711_length_2306_cov_3.187328:hit:3595:3.2.0.0","TRINITY_DN1502_c0_g1_i11",2192,"NODE_8711_length_2306_cov_3.187328","est2genome",[[1,0,527,1,"M15 I1 M70 D3 M5 D8 M81 D4 M71 D1 M69 I8 M72 D1 M127","NODE_8711_length_2306_cov_3.187328:hsp:8729:3.2.0.0",2192,"NODE_8711_length_2306_cov_3.187328","est2genome","TRINITY_DN1502_c0_g1_i11 1 519 -","match_part"]],"646","expressed_sequence_match",{"Sublist":[[0,36,344,1,"100","99.7","NODE_8711_length_2306_cov_3.187328:hit:3597:3.2.0.0","TRINITY_DN7377_c0_g1_i2",1531,"NODE_8711_length_2306_cov_3.187328","est2genome",[[1,36,344,1,"M308","NODE_8711_length_2306_cov_3.187328:hsp:8731:3.2.0.0",1531,"NODE_8711_length_2306_cov_3.187328","est2genome","TRINITY_DN7377_c0_g1_i2 1 308 -","match_part"]],"308","expressed_sequence_match",{"Sublist":[[0,36,288,1,"100","92.5","NODE_8711_length_2306_cov_3.187328:hit:3596:3.2.0.0","TRINITY_DN7377_c0_g1_i1",1025,"NODE_8711_length_2306_cov_3.187328","est2genome",[[1,36,288,1,"M88 I8 M34 D5 M3 D6 M24 D1 M91","NODE_8711_length_2306_cov_3.187328:hsp:8730:3.2.0.0",1025,"NODE_8711_length_2306_cov_3.187328","est2genome","TRINITY_DN7377_c0_g1_i1 1 248 -","match_part"]],"248","expressed_sequence_match"]]}]]}],[0,471,946,-1,"98.8","81.5","NODE_8711_length_2306_cov_3.187328:hit:3598:3.2.0.0","TRINITY_DN7872_c0_g1_i1",1508,"NODE_8711_length_2306_cov_3.187328","est2genome",[[1,471,946,-1,"M92 D1 M20 D1 M14 D1 M94 I1 M17 D1 M61 I1 M11 I4 M4 I1 M2 I1 M1 I1 M2 I2 M6 I1 M11 I1 M6 I1 M4 I3 M5 I1 M12 I1 M62 I2 M47","NODE_8711_length_2306_cov_3.187328:hsp:8732:3.2.0.0",1508,"NODE_8711_length_2306_cov_3.187328","est2genome","TRINITY_DN7872_c0_g1_i1 7 498 +","match_part"]],"498","expressed_sequence_match",{"Sublist":[[0,503,800,-1,"99.67","92.2","NODE_8711_length_2306_cov_3.187328:hit:3599:3.2.0.0","TRINITY_DN7872_c0_g2_i1",1266,"NODE_8711_length_2306_cov_3.187328","est2genome",[[1,503,800,-1,"M10 I3 M67 I1 M65 I3 M66 I1 M40 I1 M37 D2 M10","NODE_8711_length_2306_cov_3.187328:hsp:8733:3.2.0.0",1266,"NODE_8711_length_2306_cov_3.187328","est2genome","TRINITY_DN7872_c0_g2_i1 1 304 +","match_part"]],"305","expressed_sequence_match"]]}],[0,1126,1526,1,"100","92.7","NODE_8711_length_2306_cov_3.187328:hit:3600:3.2.0.0","TRINITY_DN49652_c0_g1_i1",1739,"NODE_8711_length_2306_cov_3.187328","est2genome",[[1,1126,1526,1,"M400","NODE_8711_length_2306_cov_3.187328:hsp:8734:3.2.0.0",1739,"NODE_8711_length_2306_cov_3.187328","est2genome","TRINITY_DN49652_c0_g1_i1 1 400 -","match_part"]],"400","expressed_sequence_match"],[0,1532,2116,-1,"100","94.5","NODE_8711_length_2306_cov_3.187328:hit:3601:3.2.0.0","TRINITY_DN3335_c0_g1_i8",2632,"NODE_8711_length_2306_cov_3.187328","est2genome",[[1,1532,2116,-1,"M584","NODE_8711_length_2306_cov_3.187328:hsp:8735:3.2.0.0",2632,"NODE_8711_length_2306_cov_3.187328","est2genome","TRINITY_DN3335_c0_g1_i8 1 584 -","match_part"]],"584","expressed_sequence_match"],[0,1532,2116,-1,"100","96.1","NODE_8711_length_2306_cov_3.187328:hit:3602:3.2.0.0","TRINITY_DN3335_c0_g1_i5",2713,"NODE_8711_length_2306_cov_3.187328","est2genome",[[1,1532,2116,-1,"M584","NODE_8711_length_2306_cov_3.187328:hsp:8736:3.2.0.0",2713,"NODE_8711_length_2306_cov_3.187328","est2genome","TRINITY_DN3335_c0_g1_i5 1 584 -","match_part"]],"584","expressed_sequence_match",{"Sublist":[[0,1532,2014,-1,"100","96.3","NODE_8711_length_2306_cov_3.187328:hit:3603:3.2.0.0","TRINITY_DN3335_c0_g1_i2",2248,"NODE_8711_length_2306_cov_3.187328","est2genome",[[1,1532,2014,-1,"M482","NODE_8711_length_2306_cov_3.187328:hsp:8737:3.2.0.0",2248,"NODE_8711_length_2306_cov_3.187328","est2genome","TRINITY_DN3335_c0_g1_i2 1 482 -","match_part"]],"482","expressed_sequence_match"]]}]],"urlTemplate":"lf-{Chunk}.json"}}