{"featureCount":5,"formatVersion":1,"histograms":{"meta":[{"arrayParams":{"chunkSize":10000,"length":2,"urlTemplate":"hist-5000-{Chunk}.json"},"basesPerBin":"5000"}],"stats":[{"basesPerBin":"5000","max":4,"mean":2.5}]},"intervals":{"classes":[{"attributes":["Start","End","Strand","Id","Name","Score","Seq_id","Source","Subfeatures","Target_length","Type"],"isArrayAttr":{"Subfeatures":1}},{"attributes":["Start","End","Strand","Gap","Id","Score","Seq_id","Source","Target","Type"],"isArrayAttr":{}},{"attributes":["Start","End","Chunk"],"isArrayAttr":{"Sublist":1}}],"count":5,"lazyClass":2,"maxEnd":6422,"minStart":2120,"nclist":[[0,2120,2820,1,"NODE_3366_length_7232_cov_7.647854:hit:31224:3.2.0.0","TRINITY_DN5818_c1_g1_i1",253,"NODE_3366_length_7232_cov_7.647854","blastn",[[1,2120,2391,1,"M271","NODE_3366_length_7232_cov_7.647854:hsp:132184:3.2.0.0",253,"NODE_3366_length_7232_cov_7.647854","blastn","TRINITY_DN5818_c1_g1_i1 31 301 +","match_part"],[1,2477,2559,1,"M82","NODE_3366_length_7232_cov_7.647854:hsp:132185:3.2.0.0",82,"NODE_3366_length_7232_cov_7.647854","blastn","TRINITY_DN5818_c1_g1_i1 301 382 +","match_part"],[1,2761,2820,1,"M59","NODE_3366_length_7232_cov_7.647854:hsp:132186:3.2.0.0",59,"NODE_3366_length_7232_cov_7.647854","blastn","TRINITY_DN5818_c1_g1_i1 426 484 +","match_part"]],"748","expressed_sequence_match"],[0,2920,3128,1,"NODE_3366_length_7232_cov_7.647854:hit:31225:3.2.0.0","TRINITY_DN5818_c1_g3_i1",202,"NODE_3366_length_7232_cov_7.647854","blastn",[[1,2920,3128,1,"M208","NODE_3366_length_7232_cov_7.647854:hsp:132187:3.2.0.0",202,"NODE_3366_length_7232_cov_7.647854","blastn","TRINITY_DN5818_c1_g3_i1 9 216 +","match_part"]],"216","expressed_sequence_match"],[0,3532,4352,-1,"NODE_3366_length_7232_cov_7.647854:hit:31226:3.2.0.0","TRINITY_DN785_c0_g1_i9",322,"NODE_3366_length_7232_cov_7.647854","blastn",[[1,3925,4352,-1,"M71 I1 M27 I2 M122 I1 M78 D1 M3 D2 M123","NODE_3366_length_7232_cov_7.647854:hsp:132188:3.2.0.0",322,"NODE_3366_length_7232_cov_7.647854","blastn","TRINITY_DN785_c0_g1_i9 38 465 +","match_part"],[1,3532,3847,-1,"M315","NODE_3366_length_7232_cov_7.647854:hsp:132189:3.2.0.0",279,"NODE_3366_length_7232_cov_7.647854","blastn","TRINITY_DN785_c0_g1_i9 462 776 +","match_part"]],"780","expressed_sequence_match",{"Sublist":[[0,3791,4013,1,"NODE_3366_length_7232_cov_7.647854:hit:31227:3.2.0.0","TRINITY_DN21047_c0_g1_i1",180,"NODE_3366_length_7232_cov_7.647854","blastn",[[1,3791,4013,1,"M222","NODE_3366_length_7232_cov_7.647854:hsp:132190:3.2.0.0",180,"NODE_3366_length_7232_cov_7.647854","blastn","TRINITY_DN21047_c0_g1_i1 1 222 +","match_part"]],"222","expressed_sequence_match"]]}],[0,5996,6422,-1,"NODE_3366_length_7232_cov_7.647854:hit:31228:3.2.0.0","TRINITY_DN41132_c0_g1_i1",93,"NODE_3366_length_7232_cov_7.647854","blastn",[[1,6293,6422,-1,"M129","NODE_3366_length_7232_cov_7.647854:hsp:132191:3.2.0.0",93,"NODE_3366_length_7232_cov_7.647854","blastn","TRINITY_DN41132_c0_g1_i1 5 133 +","match_part"],[1,5996,6118,-1,"M122","NODE_3366_length_7232_cov_7.647854:hsp:132192:3.2.0.0",86,"NODE_3366_length_7232_cov_7.647854","blastn","TRINITY_DN41132_c0_g1_i1 131 252 +","match_part"]],"255","expressed_sequence_match"]],"urlTemplate":"lf-{Chunk}.json"}}