{"featureCount":3,"formatVersion":1,"histograms":{"meta":[{"arrayParams":{"chunkSize":10000,"length":1,"urlTemplate":"hist-10000-{Chunk}.json"},"basesPerBin":"10000"}],"stats":[{"basesPerBin":"10000","max":3,"mean":3}]},"intervals":{"classes":[{"attributes":["Start","End","Strand","Id","Name","Score","Seq_id","Source","Subfeatures","Target_length","Type"],"isArrayAttr":{"Subfeatures":1}},{"attributes":["Start","End","Strand","Gap","Id","Score","Seq_id","Source","Target","Type"],"isArrayAttr":{}},{"attributes":["Start","End","Chunk"],"isArrayAttr":{"Sublist":1}}],"count":3,"lazyClass":2,"maxEnd":6334,"minStart":413,"nclist":[[0,413,617,-1,"NODE_3573_length_6873_cov_7.192707:hit:35179:4.5.0.0","augustus-NODE_3573_length_6873_cov_7.192707-abinit-gene-0.20-mRNA-1",0.28,"NODE_3573_length_6873_cov_7.192707","augustus",[[1,413,617,-1,"M204","NODE_3573_length_6873_cov_7.192707:hsp:145558:4.5.0.0",0.28,"NODE_3573_length_6873_cov_7.192707","augustus","augustus-NODE_3573_length_6873_cov_7.192707-abinit-gene-0.20-mRNA-1 1 204 +","match_part"]],"6873","match"],[0,1608,2807,-1,"NODE_3573_length_6873_cov_7.192707:hit:35180:4.5.0.0","augustus-NODE_3573_length_6873_cov_7.192707-abinit-gene-0.21-mRNA-1",0.21,"NODE_3573_length_6873_cov_7.192707","augustus",[[1,2767,2807,-1,"M40","NODE_3573_length_6873_cov_7.192707:hsp:145559:4.5.0.0",0.21,"NODE_3573_length_6873_cov_7.192707","augustus","augustus-NODE_3573_length_6873_cov_7.192707-abinit-gene-0.21-mRNA-1 900 939 +","match_part"],[1,2500,2690,-1,"M190","NODE_3573_length_6873_cov_7.192707:hsp:145560:4.5.0.0",0.21,"NODE_3573_length_6873_cov_7.192707","augustus","augustus-NODE_3573_length_6873_cov_7.192707-abinit-gene-0.21-mRNA-1 710 899 +","match_part"],[1,1977,2389,-1,"M412","NODE_3573_length_6873_cov_7.192707:hsp:145561:4.5.0.0",0.21,"NODE_3573_length_6873_cov_7.192707","augustus","augustus-NODE_3573_length_6873_cov_7.192707-abinit-gene-0.21-mRNA-1 298 709 +","match_part"],[1,1608,1905,-1,"M297","NODE_3573_length_6873_cov_7.192707:hsp:145562:4.5.0.0",0.21,"NODE_3573_length_6873_cov_7.192707","augustus","augustus-NODE_3573_length_6873_cov_7.192707-abinit-gene-0.21-mRNA-1 1 297 +","match_part"]],"6873","match"],[0,4754,6334,-1,"NODE_3573_length_6873_cov_7.192707:hit:35185:4.5.0.0","augustus-NODE_3573_length_6873_cov_7.192707-abinit-gene-0.22-mRNA-1",0.85,"NODE_3573_length_6873_cov_7.192707","augustus",[[1,6249,6334,-1,"M85","NODE_3573_length_6873_cov_7.192707:hsp:145584:4.5.0.0",0.85,"NODE_3573_length_6873_cov_7.192707","augustus","augustus-NODE_3573_length_6873_cov_7.192707-abinit-gene-0.22-mRNA-1 954 1038 +","match_part"],[1,6032,6163,-1,"M131","NODE_3573_length_6873_cov_7.192707:hsp:145585:4.5.0.0",0.85,"NODE_3573_length_6873_cov_7.192707","augustus","augustus-NODE_3573_length_6873_cov_7.192707-abinit-gene-0.22-mRNA-1 823 953 +","match_part"],[1,5848,5949,-1,"M101","NODE_3573_length_6873_cov_7.192707:hsp:145586:4.5.0.0",0.85,"NODE_3573_length_6873_cov_7.192707","augustus","augustus-NODE_3573_length_6873_cov_7.192707-abinit-gene-0.22-mRNA-1 722 822 +","match_part"],[1,5448,5773,-1,"M325","NODE_3573_length_6873_cov_7.192707:hsp:145587:4.5.0.0",0.85,"NODE_3573_length_6873_cov_7.192707","augustus","augustus-NODE_3573_length_6873_cov_7.192707-abinit-gene-0.22-mRNA-1 397 721 +","match_part"],[1,5205,5366,-1,"M161","NODE_3573_length_6873_cov_7.192707:hsp:145588:4.5.0.0",0.85,"NODE_3573_length_6873_cov_7.192707","augustus","augustus-NODE_3573_length_6873_cov_7.192707-abinit-gene-0.22-mRNA-1 236 396 +","match_part"],[1,5008,5142,-1,"M134","NODE_3573_length_6873_cov_7.192707:hsp:145589:4.5.0.0",0.85,"NODE_3573_length_6873_cov_7.192707","augustus","augustus-NODE_3573_length_6873_cov_7.192707-abinit-gene-0.22-mRNA-1 102 235 +","match_part"],[1,4869,4934,-1,"M65","NODE_3573_length_6873_cov_7.192707:hsp:145590:4.5.0.0",0.85,"NODE_3573_length_6873_cov_7.192707","augustus","augustus-NODE_3573_length_6873_cov_7.192707-abinit-gene-0.22-mRNA-1 37 101 +","match_part"],[1,4754,4790,-1,"M36","NODE_3573_length_6873_cov_7.192707:hsp:145591:4.5.0.0",0.85,"NODE_3573_length_6873_cov_7.192707","augustus","augustus-NODE_3573_length_6873_cov_7.192707-abinit-gene-0.22-mRNA-1 1 36 +","match_part"]],"6873","match"]],"urlTemplate":"lf-{Chunk}.json"}}