{"featureCount":3,"formatVersion":1,"histograms":{"meta":[{"arrayParams":{"chunkSize":10000,"length":2,"urlTemplate":"hist-5000-{Chunk}.json"},"basesPerBin":"5000"}],"stats":[{"basesPerBin":"5000","max":3,"mean":2}]},"intervals":{"classes":[{"attributes":["Start","End","Strand","Id","Name","Score","Seq_id","Source","Subfeatures","Target_length","Type"],"isArrayAttr":{"Subfeatures":1}},{"attributes":["Start","End","Strand","Gap","Id","Score","Seq_id","Source","Target","Type"],"isArrayAttr":{}},{"attributes":["Start","End","Chunk"],"isArrayAttr":{"Sublist":1}}],"count":3,"lazyClass":2,"maxEnd":5841,"minStart":476,"nclist":[[0,476,1499,1,"NODE_4345_length_5842_cov_6.250569:hit:4025:4.5.0.0","augustus-NODE_4345_length_5842_cov_6.250569-abinit-gene-0.2-mRNA-1",0.29,"NODE_4345_length_5842_cov_6.250569","augustus",[[1,476,519,1,"M43","NODE_4345_length_5842_cov_6.250569:hsp:14287:4.5.0.0",0.29,"NODE_4345_length_5842_cov_6.250569","augustus","augustus-NODE_4345_length_5842_cov_6.250569-abinit-gene-0.2-mRNA-1 1 43 +","match_part"],[1,624,1499,1,"M875","NODE_4345_length_5842_cov_6.250569:hsp:14288:4.5.0.0",0.29,"NODE_4345_length_5842_cov_6.250569","augustus","augustus-NODE_4345_length_5842_cov_6.250569-abinit-gene-0.2-mRNA-1 44 918 +","match_part"]],"5842","match"],[0,1681,2221,1,"NODE_4345_length_5842_cov_6.250569:hit:4028:4.5.0.0","augustus-NODE_4345_length_5842_cov_6.250569-abinit-gene-0.3-mRNA-1",0.44,"NODE_4345_length_5842_cov_6.250569","augustus",[[1,1681,2221,1,"M540","NODE_4345_length_5842_cov_6.250569:hsp:14293:4.5.0.0",0.44,"NODE_4345_length_5842_cov_6.250569","augustus","augustus-NODE_4345_length_5842_cov_6.250569-abinit-gene-0.3-mRNA-1 1 540 +","match_part"]],"5842","match"],[0,4320,5841,1,"NODE_4345_length_5842_cov_6.250569:hit:4030:4.5.0.0","augustus-NODE_4345_length_5842_cov_6.250569-abinit-gene-0.4-mRNA-1",0.31,"NODE_4345_length_5842_cov_6.250569","augustus",[[1,4320,4323,1,"M3","NODE_4345_length_5842_cov_6.250569:hsp:14295:4.5.0.0",0.31,"NODE_4345_length_5842_cov_6.250569","augustus","augustus-NODE_4345_length_5842_cov_6.250569-abinit-gene-0.4-mRNA-1 1 3 +","match_part"],[1,4414,4436,1,"M22","NODE_4345_length_5842_cov_6.250569:hsp:14296:4.5.0.0",0.31,"NODE_4345_length_5842_cov_6.250569","augustus","augustus-NODE_4345_length_5842_cov_6.250569-abinit-gene-0.4-mRNA-1 4 25 +","match_part"],[1,4834,5841,1,"M1007","NODE_4345_length_5842_cov_6.250569:hsp:14297:4.5.0.0",0.31,"NODE_4345_length_5842_cov_6.250569","augustus","augustus-NODE_4345_length_5842_cov_6.250569-abinit-gene-0.4-mRNA-1 26 1032 +","match_part"]],"5842","match"]],"urlTemplate":"lf-{Chunk}.json"}}