{"featureCount":4,"formatVersion":1,"histograms":{"meta":[{"arrayParams":{"chunkSize":10000,"length":2,"urlTemplate":"hist-5000-{Chunk}.json"},"basesPerBin":"5000"}],"stats":[{"basesPerBin":"5000","max":2,"mean":2}]},"intervals":{"classes":[{"attributes":["Start","End","Strand","Id","Name","Score","Seq_id","Source","Subfeatures","Target_length","Type"],"isArrayAttr":{"Subfeatures":1}},{"attributes":["Start","End","Strand","Gap","Id","Score","Seq_id","Source","Target","Type"],"isArrayAttr":{}},{"attributes":["Start","End","Chunk"],"isArrayAttr":{"Sublist":1}}],"count":4,"lazyClass":2,"maxEnd":7695,"minStart":727,"nclist":[[0,727,1011,1,"NODE_2831_length_8527_cov_9.606667:hit:21131:3.2.0.0","TRINITY_DN37977_c0_g1_i1",146,"NODE_2831_length_8527_cov_9.606667","blastn",[[1,727,1011,1,"M284","NODE_2831_length_8527_cov_9.606667:hsp:90597:3.2.0.0",146,"NODE_2831_length_8527_cov_9.606667","blastn","TRINITY_DN37977_c0_g1_i1 1 284 +","match_part"]],"293","expressed_sequence_match"],[0,2188,4268,-1,"NODE_2831_length_8527_cov_9.606667:hit:21132:3.2.0.0","TRINITY_DN1708_c0_g1_i16",619,"NODE_2831_length_8527_cov_9.606667","blastn",[[1,3643,4268,-1,"M625","NODE_2831_length_8527_cov_9.606667:hsp:90598:3.2.0.0",619,"NODE_2831_length_8527_cov_9.606667","blastn","TRINITY_DN1708_c0_g1_i16 75 699 +","match_part"],[1,2530,3535,-1,"M1005","NODE_2831_length_8527_cov_9.606667:hsp:90599:3.2.0.0",987,"NODE_2831_length_8527_cov_9.606667","blastn","TRINITY_DN1708_c0_g1_i16 700 1704 +","match_part"],[1,2188,2437,-1,"M249","NODE_2831_length_8527_cov_9.606667:hsp:90600:3.2.0.0",237,"NODE_2831_length_8527_cov_9.606667","blastn","TRINITY_DN1708_c0_g1_i16 1705 1953 +","match_part"]],"1963","expressed_sequence_match"],[0,6478,7072,-1,"NODE_2831_length_8527_cov_9.606667:hit:21133:3.2.0.0","TRINITY_DN46074_c0_g1_i1",375,"NODE_2831_length_8527_cov_9.606667","blastn",[[1,6679,7072,-1,"M393","NODE_2831_length_8527_cov_9.606667:hsp:90601:3.2.0.0",375,"NODE_2831_length_8527_cov_9.606667","blastn","TRINITY_DN46074_c0_g1_i1 1 393 +","match_part"],[1,6478,6513,-1,"M35","NODE_2831_length_8527_cov_9.606667:hsp:90602:3.2.0.0",35,"NODE_2831_length_8527_cov_9.606667","blastn","TRINITY_DN46074_c0_g1_i1 297 331 +","match_part"]],"393","expressed_sequence_match"],[0,7362,7695,-1,"NODE_2831_length_8527_cov_9.606667:hit:21134:3.2.0.0","TRINITY_DN43918_c0_g1_i1",43,"NODE_2831_length_8527_cov_9.606667","blastn",[[1,7652,7695,-1,"M43","NODE_2831_length_8527_cov_9.606667:hsp:90603:3.2.0.0",43,"NODE_2831_length_8527_cov_9.606667","blastn","TRINITY_DN43918_c0_g1_i1 1 43 +","match_part"],[1,7362,7595,-1,"M233","NODE_2831_length_8527_cov_9.606667:hsp:90604:3.2.0.0",233,"NODE_2831_length_8527_cov_9.606667","blastn","TRINITY_DN43918_c0_g1_i1 1 233 +","match_part"]],"233","expressed_sequence_match"]],"urlTemplate":"lf-{Chunk}.json"}}