{"featureCount":4,"formatVersion":1,"histograms":{"meta":[{"arrayParams":{"chunkSize":10000,"length":1,"urlTemplate":"hist-10000-{Chunk}.json"},"basesPerBin":"10000"}],"stats":[{"basesPerBin":"10000","max":4,"mean":4}]},"intervals":{"classes":[{"attributes":["Start","End","Strand","Id","Name","Seq_id","Source","Subfeatures","Target_length","Type"],"isArrayAttr":{"Subfeatures":1}},{"attributes":["Start","End","Strand","Gap","Id","Seq_id","Source","Target","Type"],"isArrayAttr":{}},{"attributes":["Start","End","Strand","Id","Seq_id","Source","Target","Type"],"isArrayAttr":{}},{"attributes":["Start","End","Chunk"],"isArrayAttr":{"Sublist":1}}],"count":4,"lazyClass":3,"maxEnd":9594,"minStart":129,"nclist":[[0,129,2363,1,"NODE_2473_length_9673_cov_3.120256:hit:13340:4.5.0.0","genemark-NODE_2473_length_9673_cov_3.120256-abinit-gene-0.8-mRNA-1","NODE_2473_length_9673_cov_3.120256","genemark",[[1,129,1064,1,"M935","NODE_2473_length_9673_cov_3.120256:hsp:57706:4.5.0.0","NODE_2473_length_9673_cov_3.120256","genemark","genemark-NODE_2473_length_9673_cov_3.120256-abinit-gene-0.8-mRNA-1 1 935 +","match_part"],[1,1144,1934,1,"M790","NODE_2473_length_9673_cov_3.120256:hsp:57707:4.5.0.0","NODE_2473_length_9673_cov_3.120256","genemark","genemark-NODE_2473_length_9673_cov_3.120256-abinit-gene-0.8-mRNA-1 936 1725 +","match_part"],[1,2039,2363,1,"M324","NODE_2473_length_9673_cov_3.120256:hsp:57708:4.5.0.0","NODE_2473_length_9673_cov_3.120256","genemark","genemark-NODE_2473_length_9673_cov_3.120256-abinit-gene-0.8-mRNA-1 1726 2049 +","match_part"]],"9673","match"],[0,2445,3668,1,"NODE_2473_length_9673_cov_3.120256:hit:13344:4.5.0.0","genemark-NODE_2473_length_9673_cov_3.120256-abinit-gene-0.9-mRNA-1","NODE_2473_length_9673_cov_3.120256","genemark",[[1,2445,2791,1,"M346","NODE_2473_length_9673_cov_3.120256:hsp:57715:4.5.0.0","NODE_2473_length_9673_cov_3.120256","genemark","genemark-NODE_2473_length_9673_cov_3.120256-abinit-gene-0.9-mRNA-1 1 346 +","match_part"],[1,2900,3432,1,"M532","NODE_2473_length_9673_cov_3.120256:hsp:57716:4.5.0.0","NODE_2473_length_9673_cov_3.120256","genemark","genemark-NODE_2473_length_9673_cov_3.120256-abinit-gene-0.9-mRNA-1 347 878 +","match_part"],[1,3499,3668,1,"M169","NODE_2473_length_9673_cov_3.120256:hsp:57717:4.5.0.0","NODE_2473_length_9673_cov_3.120256","genemark","genemark-NODE_2473_length_9673_cov_3.120256-abinit-gene-0.9-mRNA-1 879 1047 +","match_part"]],"9673","match"],[0,4455,7032,-1,"NODE_2473_length_9673_cov_3.120256:hit:13347:4.5.0.0","genemark-NODE_2473_length_9673_cov_3.120256-abinit-gene-0.11-mRNA-1","NODE_2473_length_9673_cov_3.120256","genemark",[[1,6885,7032,-1,"M147","NODE_2473_length_9673_cov_3.120256:hsp:57723:4.5.0.0","NODE_2473_length_9673_cov_3.120256","genemark","genemark-NODE_2473_length_9673_cov_3.120256-abinit-gene-0.11-mRNA-1 1627 1773 +","match_part"],[1,6770,6815,-1,"M45","NODE_2473_length_9673_cov_3.120256:hsp:57724:4.5.0.0","NODE_2473_length_9673_cov_3.120256","genemark","genemark-NODE_2473_length_9673_cov_3.120256-abinit-gene-0.11-mRNA-1 1582 1626 +","match_part"],[1,6435,6693,-1,"M258","NODE_2473_length_9673_cov_3.120256:hsp:57725:4.5.0.0","NODE_2473_length_9673_cov_3.120256","genemark","genemark-NODE_2473_length_9673_cov_3.120256-abinit-gene-0.11-mRNA-1 1324 1581 +","match_part"],[1,6294,6370,-1,"M76","NODE_2473_length_9673_cov_3.120256:hsp:57726:4.5.0.0","NODE_2473_length_9673_cov_3.120256","genemark","genemark-NODE_2473_length_9673_cov_3.120256-abinit-gene-0.11-mRNA-1 1248 1323 +","match_part"],[1,6147,6212,-1,"M65","NODE_2473_length_9673_cov_3.120256:hsp:57727:4.5.0.0","NODE_2473_length_9673_cov_3.120256","genemark","genemark-NODE_2473_length_9673_cov_3.120256-abinit-gene-0.11-mRNA-1 1183 1247 +","match_part"],[1,5881,6060,-1,"M179","NODE_2473_length_9673_cov_3.120256:hsp:57728:4.5.0.0","NODE_2473_length_9673_cov_3.120256","genemark","genemark-NODE_2473_length_9673_cov_3.120256-abinit-gene-0.11-mRNA-1 1004 1182 +","match_part"],[1,5407,5785,-1,"M378","NODE_2473_length_9673_cov_3.120256:hsp:57729:4.5.0.0","NODE_2473_length_9673_cov_3.120256","genemark","genemark-NODE_2473_length_9673_cov_3.120256-abinit-gene-0.11-mRNA-1 626 1003 +","match_part"],[1,5272,5329,-1,"M57","NODE_2473_length_9673_cov_3.120256:hsp:57730:4.5.0.0","NODE_2473_length_9673_cov_3.120256","genemark","genemark-NODE_2473_length_9673_cov_3.120256-abinit-gene-0.11-mRNA-1 569 625 +","match_part"],[1,4988,5186,-1,"M198","NODE_2473_length_9673_cov_3.120256:hsp:57731:4.5.0.0","NODE_2473_length_9673_cov_3.120256","genemark","genemark-NODE_2473_length_9673_cov_3.120256-abinit-gene-0.11-mRNA-1 371 568 +","match_part"],[1,4671,4915,-1,"M244","NODE_2473_length_9673_cov_3.120256:hsp:57732:4.5.0.0","NODE_2473_length_9673_cov_3.120256","genemark","genemark-NODE_2473_length_9673_cov_3.120256-abinit-gene-0.11-mRNA-1 127 370 +","match_part"],[1,4455,4581,-1,"M126","NODE_2473_length_9673_cov_3.120256:hsp:57733:4.5.0.0","NODE_2473_length_9673_cov_3.120256","genemark","genemark-NODE_2473_length_9673_cov_3.120256-abinit-gene-0.11-mRNA-1 1 126 +","match_part"]],"9673","match"],[0,7367,9594,1,"NODE_2473_length_9673_cov_3.120256:hit:13351:4.5.0.0","genemark-NODE_2473_length_9673_cov_3.120256-abinit-gene-0.10-mRNA-1","NODE_2473_length_9673_cov_3.120256","genemark",[[1,7367,7469,1,"M102","NODE_2473_length_9673_cov_3.120256:hsp:57754:4.5.0.0","NODE_2473_length_9673_cov_3.120256","genemark","genemark-NODE_2473_length_9673_cov_3.120256-abinit-gene-0.10-mRNA-1 1 102 +","match_part"],[1,9522,9594,1,"M72","NODE_2473_length_9673_cov_3.120256:hsp:57755:4.5.0.0","NODE_2473_length_9673_cov_3.120256","genemark","genemark-NODE_2473_length_9673_cov_3.120256-abinit-gene-0.10-mRNA-1 103 174 +","match_part"]],"9673","match"]],"urlTemplate":"lf-{Chunk}.json"}}