{"featureCount":4,"formatVersion":1,"histograms":{"meta":[{"arrayParams":{"chunkSize":10000,"length":2,"urlTemplate":"hist-10000-{Chunk}.json"},"basesPerBin":"10000"}],"stats":[{"basesPerBin":"10000","max":2,"mean":2}]},"intervals":{"classes":[{"attributes":["Start","End","Strand","Id","Name","Seq_id","Source","Subfeatures","Target_length","Type"],"isArrayAttr":{"Subfeatures":1}},{"attributes":["Start","End","Strand","Gap","Id","Seq_id","Source","Target","Type"],"isArrayAttr":{}},{"attributes":["Start","End","Strand","Id","Seq_id","Source","Target","Type"],"isArrayAttr":{}},{"attributes":["Start","End","Chunk"],"isArrayAttr":{"Sublist":1}}],"count":4,"lazyClass":3,"maxEnd":14838,"minStart":3417,"nclist":[[0,3417,8239,1,"NODE_1397_length_14883_cov_7.914001:hit:101073:4.5.0.0","genemark-NODE_1397_length_14883_cov_7.914001-abinit-gene-0.19-mRNA-1","NODE_1397_length_14883_cov_7.914001","genemark",[[1,3417,6816,1,"M3399","NODE_1397_length_14883_cov_7.914001:hsp:508964:4.5.0.0","NODE_1397_length_14883_cov_7.914001","genemark","genemark-NODE_1397_length_14883_cov_7.914001-abinit-gene-0.19-mRNA-1 1 3399 +","match_part"],[1,6892,7768,1,"M876","NODE_1397_length_14883_cov_7.914001:hsp:508965:4.5.0.0","NODE_1397_length_14883_cov_7.914001","genemark","genemark-NODE_1397_length_14883_cov_7.914001-abinit-gene-0.19-mRNA-1 3400 4275 +","match_part"],[1,7885,8239,1,"M354","NODE_1397_length_14883_cov_7.914001:hsp:508966:4.5.0.0","NODE_1397_length_14883_cov_7.914001","genemark","genemark-NODE_1397_length_14883_cov_7.914001-abinit-gene-0.19-mRNA-1 4276 4629 +","match_part"]],"14883","match"],[0,8621,9924,1,"NODE_1397_length_14883_cov_7.914001:hit:101078:4.5.0.0","genemark-NODE_1397_length_14883_cov_7.914001-abinit-gene-0.20-mRNA-1","NODE_1397_length_14883_cov_7.914001","genemark",[[1,8621,9248,1,"M627","NODE_1397_length_14883_cov_7.914001:hsp:508982:4.5.0.0","NODE_1397_length_14883_cov_7.914001","genemark","genemark-NODE_1397_length_14883_cov_7.914001-abinit-gene-0.20-mRNA-1 1 627 +","match_part"],[1,9330,9423,1,"M93","NODE_1397_length_14883_cov_7.914001:hsp:508983:4.5.0.0","NODE_1397_length_14883_cov_7.914001","genemark","genemark-NODE_1397_length_14883_cov_7.914001-abinit-gene-0.20-mRNA-1 628 720 +","match_part"],[1,9525,9924,1,"M399","NODE_1397_length_14883_cov_7.914001:hsp:508984:4.5.0.0","NODE_1397_length_14883_cov_7.914001","genemark","genemark-NODE_1397_length_14883_cov_7.914001-abinit-gene-0.20-mRNA-1 721 1119 +","match_part"]],"14883","match"],[0,11459,13605,1,"NODE_1397_length_14883_cov_7.914001:hit:101081:4.5.0.0","genemark-NODE_1397_length_14883_cov_7.914001-abinit-gene-0.21-mRNA-1","NODE_1397_length_14883_cov_7.914001","genemark",[[1,11459,11639,1,"M180","NODE_1397_length_14883_cov_7.914001:hsp:508993:4.5.0.0","NODE_1397_length_14883_cov_7.914001","genemark","genemark-NODE_1397_length_14883_cov_7.914001-abinit-gene-0.21-mRNA-1 1 180 +","match_part"],[1,11715,11886,1,"M171","NODE_1397_length_14883_cov_7.914001:hsp:508994:4.5.0.0","NODE_1397_length_14883_cov_7.914001","genemark","genemark-NODE_1397_length_14883_cov_7.914001-abinit-gene-0.21-mRNA-1 181 351 +","match_part"],[1,12035,12188,1,"M153","NODE_1397_length_14883_cov_7.914001:hsp:508995:4.5.0.0","NODE_1397_length_14883_cov_7.914001","genemark","genemark-NODE_1397_length_14883_cov_7.914001-abinit-gene-0.21-mRNA-1 352 504 +","match_part"],[1,12261,13324,1,"M1063","NODE_1397_length_14883_cov_7.914001:hsp:508996:4.5.0.0","NODE_1397_length_14883_cov_7.914001","genemark","genemark-NODE_1397_length_14883_cov_7.914001-abinit-gene-0.21-mRNA-1 505 1567 +","match_part"],[1,13396,13605,1,"M209","NODE_1397_length_14883_cov_7.914001:hsp:508997:4.5.0.0","NODE_1397_length_14883_cov_7.914001","genemark","genemark-NODE_1397_length_14883_cov_7.914001-abinit-gene-0.21-mRNA-1 1568 1776 +","match_part"]],"14883","match"],[0,14346,14838,1,"NODE_1397_length_14883_cov_7.914001:hit:101084:4.5.0.0","genemark-NODE_1397_length_14883_cov_7.914001-abinit-gene-0.22-mRNA-1","NODE_1397_length_14883_cov_7.914001","genemark",[[1,14346,14838,1,"M492","NODE_1397_length_14883_cov_7.914001:hsp:509005:4.5.0.0","NODE_1397_length_14883_cov_7.914001","genemark","genemark-NODE_1397_length_14883_cov_7.914001-abinit-gene-0.22-mRNA-1 1 492 +","match_part"]],"14883","match"]],"urlTemplate":"lf-{Chunk}.json"}}