{"featureCount":4,"formatVersion":1,"histograms":{"meta":[{"arrayParams":{"chunkSize":10000,"length":1,"urlTemplate":"hist-10000-{Chunk}.json"},"basesPerBin":"10000"}],"stats":[{"basesPerBin":"10000","max":4,"mean":4}]},"intervals":{"classes":[{"attributes":["Start","End","Strand","Id","Name","Score","Seq_id","Source","Subfeatures","Target_length","Type"],"isArrayAttr":{"Subfeatures":1}},{"attributes":["Start","End","Strand","Gap","Id","Score","Seq_id","Source","Target","Type"],"isArrayAttr":{}},{"attributes":["Start","End","Chunk"],"isArrayAttr":{"Sublist":1}}],"count":4,"lazyClass":2,"maxEnd":8412,"minStart":1061,"nclist":[[0,1061,2607,1,"NODE_1422_length_14729_cov_4.770305:hit:102086:4.5.0.0","augustus-NODE_1422_length_14729_cov_4.770305-abinit-gene-0.26-mRNA-1",0.28,"NODE_1422_length_14729_cov_4.770305","augustus",[[1,1061,1100,1,"M39","NODE_1422_length_14729_cov_4.770305:hsp:512671:4.5.0.0",0.28,"NODE_1422_length_14729_cov_4.770305","augustus","augustus-NODE_1422_length_14729_cov_4.770305-abinit-gene-0.26-mRNA-1 1 39 +","match_part"],[1,1216,1312,1,"M96","NODE_1422_length_14729_cov_4.770305:hsp:512672:4.5.0.0",0.28,"NODE_1422_length_14729_cov_4.770305","augustus","augustus-NODE_1422_length_14729_cov_4.770305-abinit-gene-0.26-mRNA-1 40 135 +","match_part"],[1,1385,1488,1,"M103","NODE_1422_length_14729_cov_4.770305:hsp:512673:4.5.0.0",0.28,"NODE_1422_length_14729_cov_4.770305","augustus","augustus-NODE_1422_length_14729_cov_4.770305-abinit-gene-0.26-mRNA-1 136 238 +","match_part"],[1,1567,1733,1,"M166","NODE_1422_length_14729_cov_4.770305:hsp:512674:4.5.0.0",0.28,"NODE_1422_length_14729_cov_4.770305","augustus","augustus-NODE_1422_length_14729_cov_4.770305-abinit-gene-0.26-mRNA-1 239 404 +","match_part"],[1,1823,1891,1,"M68","NODE_1422_length_14729_cov_4.770305:hsp:512675:4.5.0.0",0.28,"NODE_1422_length_14729_cov_4.770305","augustus","augustus-NODE_1422_length_14729_cov_4.770305-abinit-gene-0.26-mRNA-1 405 472 +","match_part"],[1,1963,2062,1,"M99","NODE_1422_length_14729_cov_4.770305:hsp:512676:4.5.0.0",0.28,"NODE_1422_length_14729_cov_4.770305","augustus","augustus-NODE_1422_length_14729_cov_4.770305-abinit-gene-0.26-mRNA-1 473 571 +","match_part"],[1,2132,2179,1,"M47","NODE_1422_length_14729_cov_4.770305:hsp:512677:4.5.0.0",0.28,"NODE_1422_length_14729_cov_4.770305","augustus","augustus-NODE_1422_length_14729_cov_4.770305-abinit-gene-0.26-mRNA-1 572 618 +","match_part"],[1,2253,2309,1,"M56","NODE_1422_length_14729_cov_4.770305:hsp:512678:4.5.0.0",0.28,"NODE_1422_length_14729_cov_4.770305","augustus","augustus-NODE_1422_length_14729_cov_4.770305-abinit-gene-0.26-mRNA-1 619 674 +","match_part"],[1,2387,2607,1,"M220","NODE_1422_length_14729_cov_4.770305:hsp:512679:4.5.0.0",0.28,"NODE_1422_length_14729_cov_4.770305","augustus","augustus-NODE_1422_length_14729_cov_4.770305-abinit-gene-0.26-mRNA-1 675 894 +","match_part"]],"14729","match"],[0,3145,5002,-1,"NODE_1422_length_14729_cov_4.770305:hit:102089:4.5.0.0","augustus-NODE_1422_length_14729_cov_4.770305-abinit-gene-0.28-mRNA-1",0.11,"NODE_1422_length_14729_cov_4.770305","augustus",[[1,4955,5002,-1,"M47","NODE_1422_length_14729_cov_4.770305:hsp:512696:4.5.0.0",0.11,"NODE_1422_length_14729_cov_4.770305","augustus","augustus-NODE_1422_length_14729_cov_4.770305-abinit-gene-0.28-mRNA-1 1100 1146 +","match_part"],[1,4625,4784,-1,"M159","NODE_1422_length_14729_cov_4.770305:hsp:512697:4.5.0.0",0.11,"NODE_1422_length_14729_cov_4.770305","augustus","augustus-NODE_1422_length_14729_cov_4.770305-abinit-gene-0.28-mRNA-1 941 1099 +","match_part"],[1,4408,4532,-1,"M124","NODE_1422_length_14729_cov_4.770305:hsp:512698:4.5.0.0",0.11,"NODE_1422_length_14729_cov_4.770305","augustus","augustus-NODE_1422_length_14729_cov_4.770305-abinit-gene-0.28-mRNA-1 817 940 +","match_part"],[1,4121,4339,-1,"M218","NODE_1422_length_14729_cov_4.770305:hsp:512699:4.5.0.0",0.11,"NODE_1422_length_14729_cov_4.770305","augustus","augustus-NODE_1422_length_14729_cov_4.770305-abinit-gene-0.28-mRNA-1 599 816 +","match_part"],[1,3977,4051,-1,"M74","NODE_1422_length_14729_cov_4.770305:hsp:512700:4.5.0.0",0.11,"NODE_1422_length_14729_cov_4.770305","augustus","augustus-NODE_1422_length_14729_cov_4.770305-abinit-gene-0.28-mRNA-1 525 598 +","match_part"],[1,3745,3797,-1,"M52","NODE_1422_length_14729_cov_4.770305:hsp:512701:4.5.0.0",0.11,"NODE_1422_length_14729_cov_4.770305","augustus","augustus-NODE_1422_length_14729_cov_4.770305-abinit-gene-0.28-mRNA-1 473 524 +","match_part"],[1,3145,3617,-1,"M472","NODE_1422_length_14729_cov_4.770305:hsp:512702:4.5.0.0",0.11,"NODE_1422_length_14729_cov_4.770305","augustus","augustus-NODE_1422_length_14729_cov_4.770305-abinit-gene-0.28-mRNA-1 1 472 +","match_part"]],"14729","match"],[0,5220,7080,-1,"NODE_1422_length_14729_cov_4.770305:hit:102092:4.5.0.0","augustus-NODE_1422_length_14729_cov_4.770305-abinit-gene-0.29-mRNA-1",0.29,"NODE_1422_length_14729_cov_4.770305","augustus",[[1,6759,7080,-1,"M321","NODE_1422_length_14729_cov_4.770305:hsp:512715:4.5.0.0",0.29,"NODE_1422_length_14729_cov_4.770305","augustus","augustus-NODE_1422_length_14729_cov_4.770305-abinit-gene-0.29-mRNA-1 1060 1380 +","match_part"],[1,6512,6686,-1,"M174","NODE_1422_length_14729_cov_4.770305:hsp:512716:4.5.0.0",0.29,"NODE_1422_length_14729_cov_4.770305","augustus","augustus-NODE_1422_length_14729_cov_4.770305-abinit-gene-0.29-mRNA-1 886 1059 +","match_part"],[1,6342,6459,-1,"M117","NODE_1422_length_14729_cov_4.770305:hsp:512717:4.5.0.0",0.29,"NODE_1422_length_14729_cov_4.770305","augustus","augustus-NODE_1422_length_14729_cov_4.770305-abinit-gene-0.29-mRNA-1 769 885 +","match_part"],[1,6139,6283,-1,"M144","NODE_1422_length_14729_cov_4.770305:hsp:512718:4.5.0.0",0.29,"NODE_1422_length_14729_cov_4.770305","augustus","augustus-NODE_1422_length_14729_cov_4.770305-abinit-gene-0.29-mRNA-1 625 768 +","match_part"],[1,5980,6064,-1,"M84","NODE_1422_length_14729_cov_4.770305:hsp:512719:4.5.0.0",0.29,"NODE_1422_length_14729_cov_4.770305","augustus","augustus-NODE_1422_length_14729_cov_4.770305-abinit-gene-0.29-mRNA-1 541 624 +","match_part"],[1,5806,5899,-1,"M93","NODE_1422_length_14729_cov_4.770305:hsp:512720:4.5.0.0",0.29,"NODE_1422_length_14729_cov_4.770305","augustus","augustus-NODE_1422_length_14729_cov_4.770305-abinit-gene-0.29-mRNA-1 448 540 +","match_part"],[1,5610,5735,-1,"M125","NODE_1422_length_14729_cov_4.770305:hsp:512721:4.5.0.0",0.29,"NODE_1422_length_14729_cov_4.770305","augustus","augustus-NODE_1422_length_14729_cov_4.770305-abinit-gene-0.29-mRNA-1 323 447 +","match_part"],[1,5220,5542,-1,"M322","NODE_1422_length_14729_cov_4.770305:hsp:512722:4.5.0.0",0.29,"NODE_1422_length_14729_cov_4.770305","augustus","augustus-NODE_1422_length_14729_cov_4.770305-abinit-gene-0.29-mRNA-1 1 322 +","match_part"]],