{"featureCount":12,"formatVersion":1,"histograms":{"meta":[{"arrayParams":{"chunkSize":10000,"length":4,"urlTemplate":"hist-5000-{Chunk}.json"},"basesPerBin":"5000"}],"stats":[{"basesPerBin":"5000","max":9,"mean":4.75}]},"intervals":{"classes":[{"attributes":["Start","End","Strand","Id","Name","Score","Seq_id","Source","Subfeatures","Target_length","Type"],"isArrayAttr":{"Subfeatures":1}},{"attributes":["Start","End","Strand","Gap","Id","Score","Seq_id","Source","Target","Type"],"isArrayAttr":{}},{"attributes":["Start","End","Chunk"],"isArrayAttr":{"Sublist":1}}],"count":12,"lazyClass":2,"maxEnd":15555,"minStart":2603,"nclist":[[0,2603,6777,-1,"NODE_959_length_18608_cov_7.151832:hit:80549:3.2.0.0","TRINITY_DN357_c0_g1_i9",495,"NODE_959_length_18608_cov_7.151832","blastn",[[1,6264,6777,-1,"M513","NODE_959_length_18608_cov_7.151832:hsp:413958:3.2.0.0",495,"NODE_959_length_18608_cov_7.151832","blastn","TRINITY_DN357_c0_g1_i9 1 513 +","match_part"],[1,6112,6175,-1,"M63","NODE_959_length_18608_cov_7.151832:hsp:413959:3.2.0.0",63,"NODE_959_length_18608_cov_7.151832","blastn","TRINITY_DN357_c0_g1_i9 514 576 +","match_part"],[1,3802,6024,-1,"M2222","NODE_959_length_18608_cov_7.151832:hsp:413960:3.2.0.0",2150,"NODE_959_length_18608_cov_7.151832","blastn","TRINITY_DN357_c0_g1_i9 576 2797 +","match_part"],[1,3178,3722,-1,"M195 I2 M349","NODE_959_length_18608_cov_7.151832:hsp:413961:3.2.0.0",511,"NODE_959_length_18608_cov_7.151832","blastn","TRINITY_DN357_c0_g1_i9 2795 3340 +","match_part"],[1,2754,3020,-1,"M266","NODE_959_length_18608_cov_7.151832:hsp:413962:3.2.0.0",248,"NODE_959_length_18608_cov_7.151832","blastn","TRINITY_DN357_c0_g1_i9 3339 3604 +","match_part"],[1,2603,2668,-1,"M65","NODE_959_length_18608_cov_7.151832:hsp:413963:3.2.0.0",59,"NODE_959_length_18608_cov_7.151832","blastn","TRINITY_DN357_c0_g1_i9 3608 3672 +","match_part"]],"3766","expressed_sequence_match"],[0,2603,6777,-1,"NODE_959_length_18608_cov_7.151832:hit:80550:3.2.0.0","TRINITY_DN357_c0_g1_i7",495,"NODE_959_length_18608_cov_7.151832","blastn",[[1,6264,6777,-1,"M513","NODE_959_length_18608_cov_7.151832:hsp:413964:3.2.0.0",495,"NODE_959_length_18608_cov_7.151832","blastn","TRINITY_DN357_c0_g1_i7 1 513 +","match_part"],[1,6112,6175,-1,"M63","NODE_959_length_18608_cov_7.151832:hsp:413965:3.2.0.0",63,"NODE_959_length_18608_cov_7.151832","blastn","TRINITY_DN357_c0_g1_i7 514 576 +","match_part"],[1,3802,6024,-1,"M2222","NODE_959_length_18608_cov_7.151832:hsp:413966:3.2.0.0",2150,"NODE_959_length_18608_cov_7.151832","blastn","TRINITY_DN357_c0_g1_i7 576 2797 +","match_part"],[1,3380,3722,-1,"M195 I2 M147","NODE_959_length_18608_cov_7.151832:hsp:413967:3.2.0.0",309,"NODE_959_length_18608_cov_7.151832","blastn","TRINITY_DN357_c0_g1_i7 2795 3138 +","match_part"],[1,3178,3392,-1,"M214","NODE_959_length_18608_cov_7.151832:hsp:413968:3.2.0.0",202,"NODE_959_length_18608_cov_7.151832","blastn","TRINITY_DN357_c0_g1_i7 3139 3352 +","match_part"],[1,2953,3020,-1,"M67","NODE_959_length_18608_cov_7.151832:hsp:413969:3.2.0.0",61,"NODE_959_length_18608_cov_7.151832","blastn","TRINITY_DN357_c0_g1_i7 3351 3417 +","match_part"],[1,2754,2871,-1,"M117","NODE_959_length_18608_cov_7.151832:hsp:413970:3.2.0.0",117,"NODE_959_length_18608_cov_7.151832","blastn","TRINITY_DN357_c0_g1_i7 3418 3534 +","match_part"],[1,2603,2668,-1,"M65","NODE_959_length_18608_cov_7.151832:hsp:413971:3.2.0.0",59,"NODE_959_length_18608_cov_7.151832","blastn","TRINITY_DN357_c0_g1_i7 3538 3602 +","match_part"]],"3696","expressed_sequence_match"],[0,2603,6777,-1,"NODE_959_length_18608_cov_7.151832:hit:80551:3.2.0.0","TRINITY_DN357_c0_g1_i8",495,"NODE_959_length_18608_cov_7.151832","blastn",[[1,6264,6777,-1,"M513","NODE_959_length_18608_cov_7.151832:hsp:413972:3.2.0.0",495,"NODE_959_length_18608_cov_7.151832","blastn","TRINITY_DN357_c0_g1_i8 1 513 +","match_part"],[1,6112,6175,-1,"M63","NODE_959_length_18608_cov_7.151832:hsp:413973:3.2.0.0",63,"NODE_959_length_18608_cov_7.151832","blastn","TRINITY_DN357_c0_g1_i8 514 576 +","match_part"],[1,3802,6024,-1,"M2222","NODE_959_length_18608_cov_7.151832:hsp:413974:3.2.0.0",2150,"NODE_959_length_18608_cov_7.151832","blastn","TRINITY_DN357_c0_g1_i8 576 2797 +","match_part"],[1,3380,3722,-1,"M195 I2 M147","NODE_959_length_18608_cov_7.151832:hsp:413975:3.2.0.0",309,"NODE_959_length_18608_cov_7.151832","blastn","TRINITY_DN357_c0_g1_i8 2795 3138 +","match_part"],[1,3178,3392,-1,"M214","NODE_959_length_18608_cov_7.151832:hsp:413976:3.2.0.0",202,"NODE_959_length_18608_cov_7.151832","blastn","TRINITY_DN357_c0_g1_i8 3139 3352 +","match_part"],[1,2754,3020,-1,"M266","NODE_959_length_18608_cov_7.151832:hsp:413977:3.2.0.0",242,"NODE_959_length_18608_cov_7.151832","blastn","TRINITY_DN357_c0_g1_i8 3351 3616 +","match_part"],[1,2603,2668,-1,"M65","NODE_959_length_18608_cov_7.151832:hsp:413978:3.2.0.0",59,"NODE_959_length_18608_cov_7.151832","blastn","TRINITY_DN357_c0_g1_i8 3620 3684 +","match_part"]],"3778","expressed_sequence_match",{"Sublist":[[0,2947,3198,1,"NODE_959_length_18608_cov_7.151832:hit:80552:3.2.0.0","TRINITY_DN36846_c0_g1_i1",239,"NODE_959_length_18608_cov_7.151832","blastn",[[1,2947,3198,1,"M251","NODE_959_length_18608_cov_7.151832:hsp:413979:3.2.0.0",239,"NODE_959_length_18608_cov_7.151832","blastn","TRINITY_DN36846_c0_g1_i1 1 251 +","match_part"]],"251","expressed_sequence_match"]]}],[0,2968,6777,-1,"NODE_959_length_18608_cov_7.151832:hit:80553:3.2.0.0","TRINITY_DN357_c0_g1_i4",495,"NODE_959_length_18608_cov_7.151832","blastn",[[1,6264,6777,-1,"M513","NODE_959_length_18608_cov_7.151832:hsp:413980:3.2.0.0",495,"NODE_959_length_18608_cov_7.151832","blastn","TRINITY_DN357_c0_g1_i4 1 513 +","match_part"],[1,6112,6175,-1,"M63","NODE_959_length_18608_cov_7.151832:hsp:413981:3.2.0.0",63,"NODE_959_length_18608_cov_7.151832","blastn","TRINITY_DN357_c0_g1_i4 514 576 +","match_part"],[1,3802,6024,-1,"M2222","NODE_959_length_18608_cov_7.151832:hsp:413982:3.2.0.0",2132,"NODE_959_length_18608_cov_7.151832","blastn","TRINITY_DN357_c0_g1_i4 576 2797 +","match_part"],[1,3380,3722,-1,"M195 I2 M147","NODE_959_length_18608_cov_7.151832:hsp:413983:3.2.0.0",291,"NODE_959_length_18608_cov_7.151832","blastn","TRINITY_DN357_c0_g1_i4 2795 3138 +","match_part"],[1,3178,3392,-1,"M214","NODE_959_length_18608_cov_7.151832:hsp:413984:3.2.0.0",202,"NODE_959_length_18608_cov_7.151832","blastn","TRINITY_DN357_c0_g1_i4 3139 3352 +","match_part"],[1,2968,3020,-1,"M52","NODE_959_length_18608_cov_7.151832:hsp:413985:3.2.0.0",46,"NODE_959_length_18608_cov_7.151832","blastn","TRINITY_DN357_c0_g1_i4 3351 3402 +","match_part"]],"3402","expressed_sequence_match"],[0,3430,6777,-1,"NODE_959_length_18608_cov_7.151832:hit:80554:3.2.0.0","TRINITY_DN357_c0_g1_i12",495,"NODE_959_length_18608_cov_7.151832","blastn",[[1,6264,6777,-1,"M513","NODE_959_length_18608_cov_7.151832:hsp:413986:3.2.0.0",495,"NODE_959_length_18608_cov_7.151832","blastn","TRINITY_DN357_c0_g1_i12 1 513 +","match_part"],[1,3802,6175,-1,"M2373","NODE_959_length_18608_cov_7.151832:hsp:413987:3.2.0.0",2295,"NODE_959_length_18608_cov_7.151832","blastn","TRINITY_DN357_c0_g1_i12 514 2886 +","match_part"],[1,3430,3722,-1,"M195 I2 M97","NODE_959_length_18608_cov_7.151832:hsp:413988:3.2.0.0",271,"NODE_959_length_18608_cov_7.151832","blastn","TRINITY_DN357_c0_g1_i12 2884 3177 +","match_part"]],