{"featureCount":3,"formatVersion":1,"histograms":{"meta":[{"arrayParams":{"chunkSize":10000,"length":1,"urlTemplate":"hist-10000-{Chunk}.json"},"basesPerBin":"10000"}],"stats":[{"basesPerBin":"10000","max":3,"mean":3}]},"intervals":{"classes":[{"attributes":["Start","End","Strand","Id","Name","Score","Seq_id","Source","Subfeatures","Target_length","Type"],"isArrayAttr":{"Subfeatures":1}},{"attributes":["Start","End","Strand","Gap","Id","Score","Seq_id","Source","Target","Type"],"isArrayAttr":{}},{"attributes":["Start","End","Chunk"],"isArrayAttr":{"Sublist":1}}],"count":3,"lazyClass":2,"maxEnd":7736,"minStart":796,"nclist":[[0,796,4279,1,"NODE_2758_length_8727_cov_7.886628:hit:19766:4.5.0.0","augustus-NODE_2758_length_8727_cov_7.886628-abinit-gene-0.9-mRNA-1",0.48,"NODE_2758_length_8727_cov_7.886628","augustus",[[1,796,2172,1,"M1376","NODE_2758_length_8727_cov_7.886628:hsp:84916:4.5.0.0",0.48,"NODE_2758_length_8727_cov_7.886628","augustus","augustus-NODE_2758_length_8727_cov_7.886628-abinit-gene-0.9-mRNA-1 1 1376 +","match_part"],[1,2415,4279,1,"M1864","NODE_2758_length_8727_cov_7.886628:hsp:84917:4.5.0.0",0.48,"NODE_2758_length_8727_cov_7.886628","augustus","augustus-NODE_2758_length_8727_cov_7.886628-abinit-gene-0.9-mRNA-1 1377 3240 +","match_part"]],"8727","match"],[0,4509,5496,1,"NODE_2758_length_8727_cov_7.886628:hit:19768:4.5.0.0","augustus-NODE_2758_length_8727_cov_7.886628-abinit-gene-0.10-mRNA-1",0.67,"NODE_2758_length_8727_cov_7.886628","augustus",[[1,4509,5496,1,"M987","NODE_2758_length_8727_cov_7.886628:hsp:84919:4.5.0.0",0.67,"NODE_2758_length_8727_cov_7.886628","augustus","augustus-NODE_2758_length_8727_cov_7.886628-abinit-gene-0.10-mRNA-1 1 987 +","match_part"]],"8727","match"],[0,6812,7736,1,"NODE_2758_length_8727_cov_7.886628:hit:19771:4.5.0.0","augustus-NODE_2758_length_8727_cov_7.886628-abinit-gene-0.11-mRNA-1",0.71,"NODE_2758_length_8727_cov_7.886628","augustus",[[1,6812,6931,1,"M119","NODE_2758_length_8727_cov_7.886628:hsp:84927:4.5.0.0",0.71,"NODE_2758_length_8727_cov_7.886628","augustus","augustus-NODE_2758_length_8727_cov_7.886628-abinit-gene-0.11-mRNA-1 1 119 +","match_part"],[1,7112,7264,1,"M152","NODE_2758_length_8727_cov_7.886628:hsp:84928:4.5.0.0",0.71,"NODE_2758_length_8727_cov_7.886628","augustus","augustus-NODE_2758_length_8727_cov_7.886628-abinit-gene-0.11-mRNA-1 120 271 +","match_part"],[1,7349,7514,1,"M165","NODE_2758_length_8727_cov_7.886628:hsp:84929:4.5.0.0",0.71,"NODE_2758_length_8727_cov_7.886628","augustus","augustus-NODE_2758_length_8727_cov_7.886628-abinit-gene-0.11-mRNA-1 272 436 +","match_part"],[1,7593,7736,1,"M143","NODE_2758_length_8727_cov_7.886628:hsp:84930:4.5.0.0",0.71,"NODE_2758_length_8727_cov_7.886628","augustus","augustus-NODE_2758_length_8727_cov_7.886628-abinit-gene-0.11-mRNA-1 437 579 +","match_part"]],"8727","match"]],"urlTemplate":"lf-{Chunk}.json"}}