{"featureCount":13,"formatVersion":1,"histograms":{"meta":[{"arrayParams":{"chunkSize":10000,"length":4,"urlTemplate":"hist-10000-{Chunk}.json"},"basesPerBin":"10000"}],"stats":[{"basesPerBin":"10000","max":5,"mean":4}]},"intervals":{"classes":[{"attributes":["Start","End","Strand","Id","Name","Score","Seq_id","Source","Subfeatures","Target_length","Type"],"isArrayAttr":{"Subfeatures":1}},{"attributes":["Start","End","Strand","Gap","Id","Score","Seq_id","Source","Target","Type"],"isArrayAttr":{}},{"attributes":["Start","End","Chunk"],"isArrayAttr":{"Sublist":1}}],"count":13,"lazyClass":2,"maxEnd":38424,"minStart":1909,"nclist":[[0,1909,4088,1,"NODE_156_length_38810_cov_7.179402:hit:19974:4.5.0.0","augustus-NODE_156_length_38810_cov_7.179402-abinit-gene-0.0-mRNA-1",0.34,"NODE_156_length_38810_cov_7.179402","augustus",[[1,1909,2173,1,"M264","NODE_156_length_38810_cov_7.179402:hsp:103909:4.5.0.0",0.34,"NODE_156_length_38810_cov_7.179402","augustus","augustus-NODE_156_length_38810_cov_7.179402-abinit-gene-0.0-mRNA-1 1 264 +","match_part"],[1,2260,2995,1,"M735","NODE_156_length_38810_cov_7.179402:hsp:103910:4.5.0.0",0.34,"NODE_156_length_38810_cov_7.179402","augustus","augustus-NODE_156_length_38810_cov_7.179402-abinit-gene-0.0-mRNA-1 265 999 +","match_part"],[1,3088,3517,1,"M429","NODE_156_length_38810_cov_7.179402:hsp:103911:4.5.0.0",0.34,"NODE_156_length_38810_cov_7.179402","augustus","augustus-NODE_156_length_38810_cov_7.179402-abinit-gene-0.0-mRNA-1 1000 1428 +","match_part"],[1,3599,3905,1,"M306","NODE_156_length_38810_cov_7.179402:hsp:103912:4.5.0.0",0.34,"NODE_156_length_38810_cov_7.179402","augustus","augustus-NODE_156_length_38810_cov_7.179402-abinit-gene-0.0-mRNA-1 1429 1734 +","match_part"],[1,3983,4088,1,"M105","NODE_156_length_38810_cov_7.179402:hsp:103913:4.5.0.0",0.34,"NODE_156_length_38810_cov_7.179402","augustus","augustus-NODE_156_length_38810_cov_7.179402-abinit-gene-0.0-mRNA-1 1735 1839 +","match_part"]],"38810","match"],[0,5093,6017,1,"NODE_156_length_38810_cov_7.179402:hit:19975:4.5.0.0","augustus-NODE_156_length_38810_cov_7.179402-abinit-gene-0.1-mRNA-1",0.74,"NODE_156_length_38810_cov_7.179402","augustus",[[1,5093,5147,1,"M54","NODE_156_length_38810_cov_7.179402:hsp:103914:4.5.0.0",0.74,"NODE_156_length_38810_cov_7.179402","augustus","augustus-NODE_156_length_38810_cov_7.179402-abinit-gene-0.1-mRNA-1 1 54 +","match_part"],[1,5240,5316,1,"M76","NODE_156_length_38810_cov_7.179402:hsp:103915:4.5.0.0",0.74,"NODE_156_length_38810_cov_7.179402","augustus","augustus-NODE_156_length_38810_cov_7.179402-abinit-gene-0.1-mRNA-1 55 130 +","match_part"],[1,5413,5544,1,"M131","NODE_156_length_38810_cov_7.179402:hsp:103916:4.5.0.0",0.74,"NODE_156_length_38810_cov_7.179402","augustus","augustus-NODE_156_length_38810_cov_7.179402-abinit-gene-0.1-mRNA-1 131 261 +","match_part"],[1,5647,5860,1,"M213","NODE_156_length_38810_cov_7.179402:hsp:103917:4.5.0.0",0.74,"NODE_156_length_38810_cov_7.179402","augustus","augustus-NODE_156_length_38810_cov_7.179402-abinit-gene-0.1-mRNA-1 262 474 +","match_part"],[1,5942,6017,1,"M75","NODE_156_length_38810_cov_7.179402:hsp:103918:4.5.0.0",0.74,"NODE_156_length_38810_cov_7.179402","augustus","augustus-NODE_156_length_38810_cov_7.179402-abinit-gene-0.1-mRNA-1 475 549 +","match_part"]],"38810","match"],[0,6820,8132,1,"NODE_156_length_38810_cov_7.179402:hit:19979:4.5.0.0","augustus-NODE_156_length_38810_cov_7.179402-abinit-gene-0.2-mRNA-1",0.43,"NODE_156_length_38810_cov_7.179402","augustus",[[1,6820,7391,1,"M571","NODE_156_length_38810_cov_7.179402:hsp:103936:4.5.0.0",0.43,"NODE_156_length_38810_cov_7.179402","augustus","augustus-NODE_156_length_38810_cov_7.179402-abinit-gene-0.2-mRNA-1 1 571 +","match_part"],[1,7464,7567,1,"M103","NODE_156_length_38810_cov_7.179402:hsp:103937:4.5.0.0",0.43,"NODE_156_length_38810_cov_7.179402","augustus","augustus-NODE_156_length_38810_cov_7.179402-abinit-gene-0.2-mRNA-1 572 674 +","match_part"],[1,7636,7942,1,"M306","NODE_156_length_38810_cov_7.179402:hsp:103938:4.5.0.0",0.43,"NODE_156_length_38810_cov_7.179402","augustus","augustus-NODE_156_length_38810_cov_7.179402-abinit-gene-0.2-mRNA-1 675 980 +","match_part"],[1,8050,8132,1,"M82","NODE_156_length_38810_cov_7.179402:hsp:103939:4.5.0.0",0.43,"NODE_156_length_38810_cov_7.179402","augustus","augustus-NODE_156_length_38810_cov_7.179402-abinit-gene-0.2-mRNA-1 981 1062 +","match_part"]],"38810","match"],[0,8783,11394,-1,"NODE_156_length_38810_cov_7.179402:hit:19982:4.5.0.0","augustus-NODE_156_length_38810_cov_7.179402-abinit-gene-0.8-mRNA-1",0.52,"NODE_156_length_38810_cov_7.179402","augustus",[[1,11116,11394,-1,"M278","NODE_156_length_38810_cov_7.179402:hsp:103944:4.5.0.0",0.52,"NODE_156_length_38810_cov_7.179402","augustus","augustus-NODE_156_length_38810_cov_7.179402-abinit-gene-0.8-mRNA-1 2048 2325 +","match_part"],[1,10045,11048,-1,"M1003","NODE_156_length_38810_cov_7.179402:hsp:103945:4.5.0.0",0.52,"NODE_156_length_38810_cov_7.179402","augustus","augustus-NODE_156_length_38810_cov_7.179402-abinit-gene-0.8-mRNA-1 1045 2047 +","match_part"],[1,9882,9981,-1,"M99","NODE_156_length_38810_cov_7.179402:hsp:103946:4.5.0.0",0.52,"NODE_156_length_38810_cov_7.179402","augustus","augustus-NODE_156_length_38810_cov_7.179402-abinit-gene-0.8-mRNA-1 946 1044 +","match_part"],[1,9597,9801,-1,"M204","NODE_156_length_38810_cov_7.179402:hsp:103947:4.5.0.0",0.52,"NODE_156_length_38810_cov_7.179402","augustus","augustus-NODE_156_length_38810_cov_7.179402-abinit-gene-0.8-mRNA-1 742 945 +","match_part"],[1,8783,9524,-1,"M741","NODE_156_length_38810_cov_7.179402:hsp:103948:4.5.0.0",0.52,"NODE_156_length_38810_cov_7.179402","augustus","augustus-NODE_156_length_38810_cov_7.179402-abinit-gene-0.8-mRNA-1 1 741 +","match_part"]],"38810","match"],[0,11654,11897,-1,"NODE_156_length_38810_cov_7.179402:hit:19986:4.5.0.0","augustus-NODE_156_length_38810_cov_7.179402-abinit-gene-0.9-mRNA-1",0.55,"NODE_156_length_38810_cov_7.179402","augustus",[[1,11654,11897,-1,"M243","NODE_156_length_38810_cov_7.179402:hsp:103959:4.5.0.0",0.55,"NODE_156_length_38810_cov_7.179402","augustus","augustus-NODE_156_length_38810_cov_7.179402-abinit-gene-0.9-mRNA-1 1 243 +","match_part"]],"38810","match"],[0,12089,15086,1,"NODE_156_length_38810_cov_7.179402:hit:19988:4.5.0.0","augustus-NODE_156_length_38810_cov_7.179402-abinit-gene-0.3-mRNA-1",0.76,"NODE_156_length_38810_cov_7.179402","augustus",[[1,12089,12926,1,"M837","NODE_156_length_38810_cov_7.179402:hsp:103961:4.5.0.0",0.76,"NODE_156_length_38810_cov_7.179402","augustus","augustus-NODE_156_length_38810_cov_7.179402-abinit-gene-0.3-mRNA-1 1 837 +","match_part"],[1,13017,13502,1,"M485","NODE_156_length_38810_cov_7.179402:hsp:103962:4.5.0.0",0.76,"NODE_156_length_38810_cov_7.179402","augustus","augustus-NODE_156_length_38810_cov_7.179402-abinit-gene-0.3-mRNA-1 838 1322 +","match_part"],[1,13585,14087,1,"M502","NODE_156_length_38810_cov_7.179402:hsp:103963:4.5.0.0",0.76,"NODE_156_length_38810_cov_7.179402","augustus","augustus-NODE_156_length_38810_cov_7.179402-abinit-gene-0.3-mRNA-1 1323 1824 +","match_part"],[1,14197,14824,1,"M627","NODE_156_length_38810_cov_7.179402:hsp:103964:4.5.0.0",0.76,"NODE_156_length_38810_cov_7.179402","augustus","augustus-NODE_156_length_38810_cov_7.179402-abinit-gene-0.3-mRNA-1 1825 2451 +","match_part"],[1,14939,15086,1,"M147","NODE_156_length_38810_cov_7.179402:hsp:103965:4.5.0.0",0.76,"NODE_156_length_38810_cov_7.179402","augustus","augustus-NODE_156_length_38810_cov_7.179402-abinit-gene-0.3-mRNA-1 2452 2598 +","match_part"]],