{"featureCount":8,"formatVersion":1,"histograms":{"meta":[{"arrayParams":{"chunkSize":10000,"length":2,"urlTemplate":"hist-2000-{Chunk}.json"},"basesPerBin":"2000"}],"stats":[{"basesPerBin":"2000","max":8,"mean":7}]},"intervals":{"classes":[{"attributes":["Start","End","Strand","Aligned_coverage","Aligned_identity","Id","Name","Score","Seq_id","Source","Subfeatures","Target_length","Type"],"isArrayAttr":{"Subfeatures":1}},{"attributes":["Start","End","Strand","Gap","Id","Score","Seq_id","Source","Target","Type"],"isArrayAttr":{}},{"attributes":["Start","End","Chunk"],"isArrayAttr":{"Sublist":1}}],"count":8,"lazyClass":2,"maxEnd":3778,"minStart":159,"nclist":[[0,159,3778,-1,"89.18","98.3","NODE_6307_length_3778_cov_7.754588:hit:3074:3.2.0.0","TRINITY_DN156_c0_g1_i9",12740,"NODE_6307_length_3778_cov_7.754588","est2genome",[[1,3759,3778,-1,"M19","NODE_6307_length_3778_cov_7.754588:hsp:9002:3.2.0.0",12740,"NODE_6307_length_3778_cov_7.754588","est2genome","TRINITY_DN156_c0_g1_i9 324 342 +","match_part"],[1,3493,3680,-1,"M187","NODE_6307_length_3778_cov_7.754588:hsp:9003:3.2.0.0",12740,"NODE_6307_length_3778_cov_7.754588","est2genome","TRINITY_DN156_c0_g1_i9 343 529 +","match_part"],[1,3290,3382,-1,"M92","NODE_6307_length_3778_cov_7.754588:hsp:9004:3.2.0.0",12740,"NODE_6307_length_3778_cov_7.754588","est2genome","TRINITY_DN156_c0_g1_i9 530 621 +","match_part"],[1,2948,3157,-1,"M209","NODE_6307_length_3778_cov_7.754588:hsp:9005:3.2.0.0",12740,"NODE_6307_length_3778_cov_7.754588","est2genome","TRINITY_DN156_c0_g1_i9 622 830 +","match_part"],[1,2380,2876,-1,"M496","NODE_6307_length_3778_cov_7.754588:hsp:9006:3.2.0.0",12740,"NODE_6307_length_3778_cov_7.754588","est2genome","TRINITY_DN156_c0_g1_i9 831 1326 +","match_part"],[1,1088,2270,-1,"M546 I5 M259 I1 M82 D1 M294","NODE_6307_length_3778_cov_7.754588:hsp:9007:3.2.0.0",12740,"NODE_6307_length_3778_cov_7.754588","est2genome","TRINITY_DN156_c0_g1_i9 1327 2513 +","match_part"],[1,798,987,-1,"M189","NODE_6307_length_3778_cov_7.754588:hsp:9008:3.2.0.0",12740,"NODE_6307_length_3778_cov_7.754588","est2genome","TRINITY_DN156_c0_g1_i9 2514 2702 +","match_part"],[1,643,715,-1,"M72","NODE_6307_length_3778_cov_7.754588:hsp:9009:3.2.0.0",12740,"NODE_6307_length_3778_cov_7.754588","est2genome","TRINITY_DN156_c0_g1_i9 2703 2774 +","match_part"],[1,526,569,-1,"M43","NODE_6307_length_3778_cov_7.754588:hsp:9010:3.2.0.0",12740,"NODE_6307_length_3778_cov_7.754588","est2genome","TRINITY_DN156_c0_g1_i9 2775 2817 +","match_part"],[1,396,450,-1,"M54","NODE_6307_length_3778_cov_7.754588:hsp:9011:3.2.0.0",12740,"NODE_6307_length_3778_cov_7.754588","est2genome","TRINITY_DN156_c0_g1_i9 2818 2871 +","match_part"],[1,159,281,-1,"M81 I1 M41","NODE_6307_length_3778_cov_7.754588:hsp:9012:3.2.0.0",12740,"NODE_6307_length_3778_cov_7.754588","est2genome","TRINITY_DN156_c0_g1_i9 2872 2994 +","match_part"]],"2995","expressed_sequence_match"],[0,159,3778,-1,"89.21","98.3","NODE_6307_length_3778_cov_7.754588:hit:3075:3.2.0.0","TRINITY_DN156_c0_g1_i11",12787,"NODE_6307_length_3778_cov_7.754588","est2genome",[[1,3759,3778,-1,"M19","NODE_6307_length_3778_cov_7.754588:hsp:9013:3.2.0.0",12787,"NODE_6307_length_3778_cov_7.754588","est2genome","TRINITY_DN156_c0_g1_i11 324 342 +","match_part"],[1,3482,3680,-1,"M198","NODE_6307_length_3778_cov_7.754588:hsp:9014:3.2.0.0",12787,"NODE_6307_length_3778_cov_7.754588","est2genome","TRINITY_DN156_c0_g1_i11 343 540 +","match_part"],[1,3290,3382,-1,"M92","NODE_6307_length_3778_cov_7.754588:hsp:9015:3.2.0.0",12787,"NODE_6307_length_3778_cov_7.754588","est2genome","TRINITY_DN156_c0_g1_i11 541 632 +","match_part"],[1,2948,3157,-1,"M209","NODE_6307_length_3778_cov_7.754588:hsp:9016:3.2.0.0",12787,"NODE_6307_length_3778_cov_7.754588","est2genome","TRINITY_DN156_c0_g1_i11 633 841 +","match_part"],[1,2380,2876,-1,"M496","NODE_6307_length_3778_cov_7.754588:hsp:9017:3.2.0.0",12787,"NODE_6307_length_3778_cov_7.754588","est2genome","TRINITY_DN156_c0_g1_i11 842 1337 +","match_part"],[1,1088,2270,-1,"M520 D2 M24 I5 M259 I1 M82 D1 M294","NODE_6307_length_3778_cov_7.754588:hsp:9018:3.2.0.0",12787,"NODE_6307_length_3778_cov_7.754588","est2genome","TRINITY_DN156_c0_g1_i11 1338 2522 +","match_part"],[1,798,987,-1,"M189","NODE_6307_length_3778_cov_7.754588:hsp:9019:3.2.0.0",12787,"NODE_6307_length_3778_cov_7.754588","est2genome","TRINITY_DN156_c0_g1_i11 2523 2711 +","match_part"],[1,643,715,-1,"M72","NODE_6307_length_3778_cov_7.754588:hsp:9020:3.2.0.0",12787,"NODE_6307_length_3778_cov_7.754588","est2genome","TRINITY_DN156_c0_g1_i11 2712 2783 +","match_part"],[1,526,569,-1,"M43","NODE_6307_length_3778_cov_7.754588:hsp:9021:3.2.0.0",12787,"NODE_6307_length_3778_cov_7.754588","est2genome","TRINITY_DN156_c0_g1_i11 2784 2826 +","match_part"],[1,396,450,-1,"M54","NODE_6307_length_3778_cov_7.754588:hsp:9022:3.2.0.0",12787,"NODE_6307_length_3778_cov_7.754588","est2genome","TRINITY_DN156_c0_g1_i11 2827 2880 +","match_part"],[1,159,281,-1,"M81 I1 M41","NODE_6307_length_3778_cov_7.754588:hsp:9023:3.2.0.0",12787,"NODE_6307_length_3778_cov_7.754588","est2genome","TRINITY_DN156_c0_g1_i11 2881 3003 +","match_part"]],"3004","expressed_sequence_match"],[0,159,3778,-1,"89.22","98.3","NODE_6307_length_3778_cov_7.754588:hit:3076:3.2.0.0","TRINITY_DN156_c0_g1_i6",12795,"NODE_6307_length_3778_cov_7.754588","est2genome",[[1,3759,3778,-1,"M19","NODE_6307_length_3778_cov_7.754588:hsp:9024:3.2.0.0",12795,"NODE_6307_length_3778_cov_7.754588","est2genome","TRINITY_DN156_c0_g1_i6 324 342 +","match_part"],[1,3482,3680,-1,"M198","NODE_6307_length_3778_cov_7.754588:hsp:9025:3.2.0.0",12795,"NODE_6307_length_3778_cov_7.754588","est2genome","TRINITY_DN156_c0_g1_i6 343 540 +","match_part"],[1,3290,3382,-1,"M92","NODE_6307_length_3778_cov_7.754588:hsp:9026:3.2.0.0",12795,"NODE_6307_length_3778_cov_7.754588","est2genome","TRINITY_DN156_c0_g1_i6 541 632 +","match_part"],[1,2948,3157,-1,"M209","NODE_6307_length_3778_cov_7.754588:hsp:9027:3.2.0.0",12795,"NODE_6307_length_3778_cov_7.754588","est2genome","TRINITY_DN156_c0_g1_i6 633 841 +","match_part"],[1,2380,2876,-1,"M496","NODE_6307_length_3778_cov_7.754588:hsp:9028:3.2.0.0",12795,"NODE_6307_length_3778_cov_7.754588","est2genome","TRINITY_DN156_c0_g1_i6 842 1337 +","match_part"],[1,1088,2270,-1,"M546 I5 M259 I1 M82 D1 M294","NODE_6307_length_3778_cov_7.754588:hsp:9029:3.2.0.0",12795,"NODE_6307_length_3778_cov_7.754588","est2genome","TRINITY_DN156_c0_g1_i6 1338 2524 +","match_part"],[1,798,987,-1,"M189","NODE_6307_length_3778_cov_7.754588:hsp:9030:3.2.0.0",12795,"NODE_6307_length_3778_cov_7.754588","est2genome","TRINITY_DN156_c0_g1_i6 2525 2713 +","match_part"],[1,643,715,-1,"M72","NODE_6307_length_3778_cov_7.754588:hsp:9031:3.2.0.0",12795,"NODE_6307_length_3778_cov_7.754588","est2genome","TRINITY_DN156_c0_g1_i6 2714 2785 +","match_part"],[1,526,569,-1,"M43","NODE_6307_length_3778_cov_7.754588:hsp:9032:3.2.0.0",12795,"NODE_6307_length_3778_cov_7.754588","est2genome","TRINITY_DN156_c0_g1_i6 2786 2828 +","match_part"],[1,396,450,-1,"M54","NODE_6307_length_3778_cov_7.754588:hsp:9033:3.2.0.0",12795,"NODE_6307_length_3778_cov_7.754588","est2genome","TRINITY_DN156_c0_g1_i6 2829 2882 +","match_part"],[1,159,281,-1,"M81 I1 M41","NODE_6307_length_3778_cov_7.754588:hsp:9034:3.2.0.0",12795,"NODE_6307_length_3778_cov_7.754588","est2genome","TRINITY_DN156_c0_g1_i6 2883 3005 +","match_part"]],