{"featureCount":6,"formatVersion":1,"histograms":{"meta":[{"arrayParams":{"chunkSize":10000,"length":3,"urlTemplate":"hist-5000-{Chunk}.json"},"basesPerBin":"5000"}],"stats":[{"basesPerBin":"5000","max":4,"mean":2.66666666666667}]},"intervals":{"classes":[{"attributes":["Start","End","Strand","Id","Name","Seq_id","Source","Subfeatures","Target_length","Type"],"isArrayAttr":{"Subfeatures":1}},{"attributes":["Start","End","Strand","Gap","Id","Seq_id","Source","Target","Type"],"isArrayAttr":{}},{"attributes":["Start","End","Strand","Id","Seq_id","Source","Target","Type"],"isArrayAttr":{}},{"attributes":["Start","End","Chunk"],"isArrayAttr":{"Sublist":1}}],"count":6,"lazyClass":3,"maxEnd":10749,"minStart":393,"nclist":[[0,393,721,1,"NODE_2042_length_11303_cov_6.654528:hit:1298:4.5.0.0","genemark-NODE_2042_length_11303_cov_6.654528-abinit-gene-0.0-mRNA-1","NODE_2042_length_11303_cov_6.654528","genemark",[[1,393,466,1,"M73","NODE_2042_length_11303_cov_6.654528:hsp:5499:4.5.0.0","NODE_2042_length_11303_cov_6.654528","genemark","genemark-NODE_2042_length_11303_cov_6.654528-abinit-gene-0.0-mRNA-1 1 73 +","match_part"],[1,560,721,1,"M161","NODE_2042_length_11303_cov_6.654528:hsp:5500:4.5.0.0","NODE_2042_length_11303_cov_6.654528","genemark","genemark-NODE_2042_length_11303_cov_6.654528-abinit-gene-0.0-mRNA-1 74 234 +","match_part"]],"11303","match"],[0,976,3964,1,"NODE_2042_length_11303_cov_6.654528:hit:1301:4.5.0.0","genemark-NODE_2042_length_11303_cov_6.654528-abinit-gene-0.1-mRNA-1","NODE_2042_length_11303_cov_6.654528","genemark",[[1,976,1335,1,"M359","NODE_2042_length_11303_cov_6.654528:hsp:5514:4.5.0.0","NODE_2042_length_11303_cov_6.654528","genemark","genemark-NODE_2042_length_11303_cov_6.654528-abinit-gene-0.1-mRNA-1 1 359 +","match_part"],[1,1405,2756,1,"M1351","NODE_2042_length_11303_cov_6.654528:hsp:5515:4.5.0.0","NODE_2042_length_11303_cov_6.654528","genemark","genemark-NODE_2042_length_11303_cov_6.654528-abinit-gene-0.1-mRNA-1 360 1710 +","match_part"],[1,2821,2920,1,"M99","NODE_2042_length_11303_cov_6.654528:hsp:5516:4.5.0.0","NODE_2042_length_11303_cov_6.654528","genemark","genemark-NODE_2042_length_11303_cov_6.654528-abinit-gene-0.1-mRNA-1 1711 1809 +","match_part"],[1,2982,3183,1,"M201","NODE_2042_length_11303_cov_6.654528:hsp:5517:4.5.0.0","NODE_2042_length_11303_cov_6.654528","genemark","genemark-NODE_2042_length_11303_cov_6.654528-abinit-gene-0.1-mRNA-1 1810 2010 +","match_part"],[1,3274,3964,1,"M690","NODE_2042_length_11303_cov_6.654528:hsp:5518:4.5.0.0","NODE_2042_length_11303_cov_6.654528","genemark","genemark-NODE_2042_length_11303_cov_6.654528-abinit-gene-0.1-mRNA-1 2011 2700 +","match_part"]],"11303","match"],[0,4212,4386,-1,"NODE_2042_length_11303_cov_6.654528:hit:1302:4.5.0.0","genemark-NODE_2042_length_11303_cov_6.654528-abinit-gene-0.4-mRNA-1","NODE_2042_length_11303_cov_6.654528","genemark",[[1,4212,4386,-1,"M174","NODE_2042_length_11303_cov_6.654528:hsp:5519:4.5.0.0","NODE_2042_length_11303_cov_6.654528","genemark","genemark-NODE_2042_length_11303_cov_6.654528-abinit-gene-0.4-mRNA-1 1 174 +","match_part"]],"11303","match"],[0,4485,5730,-1,"NODE_2042_length_11303_cov_6.654528:hit:1305:4.5.0.0","genemark-NODE_2042_length_11303_cov_6.654528-abinit-gene-0.5-mRNA-1","NODE_2042_length_11303_cov_6.654528","genemark",[[1,5234,5730,-1,"M496","NODE_2042_length_11303_cov_6.654528:hsp:5528:4.5.0.0","NODE_2042_length_11303_cov_6.654528","genemark","genemark-NODE_2042_length_11303_cov_6.654528-abinit-gene-0.5-mRNA-1 570 1065 +","match_part"],[1,5072,5175,-1,"M103","NODE_2042_length_11303_cov_6.654528:hsp:5529:4.5.0.0","NODE_2042_length_11303_cov_6.654528","genemark","genemark-NODE_2042_length_11303_cov_6.654528-abinit-gene-0.5-mRNA-1 467 569 +","match_part"],[1,4704,5021,-1,"M317","NODE_2042_length_11303_cov_6.654528:hsp:5530:4.5.0.0","NODE_2042_length_11303_cov_6.654528","genemark","genemark-NODE_2042_length_11303_cov_6.654528-abinit-gene-0.5-mRNA-1 150 466 +","match_part"],[1,4485,4634,-1,"M149","NODE_2042_length_11303_cov_6.654528:hsp:5531:4.5.0.0","NODE_2042_length_11303_cov_6.654528","genemark","genemark-NODE_2042_length_11303_cov_6.654528-abinit-gene-0.5-mRNA-1 1 149 +","match_part"]],"11303","match"],[0,5806,8004,1,"NODE_2042_length_11303_cov_6.654528:hit:1306:4.5.0.0","genemark-NODE_2042_length_11303_cov_6.654528-abinit-gene-0.2-mRNA-1","NODE_2042_length_11303_cov_6.654528","genemark",[[1,5806,5907,1,"M101","NODE_2042_length_11303_cov_6.654528:hsp:5532:4.5.0.0","NODE_2042_length_11303_cov_6.654528","genemark","genemark-NODE_2042_length_11303_cov_6.654528-abinit-gene-0.2-mRNA-1 1 101 +","match_part"],[1,6319,6473,1,"M154","NODE_2042_length_11303_cov_6.654528:hsp:5533:4.5.0.0","NODE_2042_length_11303_cov_6.654528","genemark","genemark-NODE_2042_length_11303_cov_6.654528-abinit-gene-0.2-mRNA-1 102 255 +","match_part"],[1,6549,6681,1,"M132","NODE_2042_length_11303_cov_6.654528:hsp:5534:4.5.0.0","NODE_2042_length_11303_cov_6.654528","genemark","genemark-NODE_2042_length_11303_cov_6.654528-abinit-gene-0.2-mRNA-1 256 387 +","match_part"],[1,6767,7044,1,"M277","NODE_2042_length_11303_cov_6.654528:hsp:5535:4.5.0.0","NODE_2042_length_11303_cov_6.654528","genemark","genemark-NODE_2042_length_11303_cov_6.654528-abinit-gene-0.2-mRNA-1 388 664 +","match_part"],[1,7121,7297,1,"M176","NODE_2042_length_11303_cov_6.654528:hsp:5536:4.5.0.0","NODE_2042_length_11303_cov_6.654528","genemark","genemark-NODE_2042_length_11303_cov_6.654528-abinit-gene-0.2-mRNA-1 665 840 +","match_part"],[1,7398,7632,1,"M234","NODE_2042_length_11303_cov_6.654528:hsp:5537:4.5.0.0","NODE_2042_length_11303_cov_6.654528","genemark","genemark-NODE_2042_length_11303_cov_6.654528-abinit-gene-0.2-mRNA-1 841 1074 +","match_part"],[1,7761,8004,1,"M243","NODE_2042_length_11303_cov_6.654528:hsp:5538:4.5.0.0","NODE_2042_length_11303_cov_6.654528","genemark","genemark-NODE_2042_length_11303_cov_6.654528-abinit-gene-0.2-mRNA-1 1075 1317 +","match_part"]],"11303","match"],[0,9284,10749,1,"NODE_2042_length_11303_cov_6.654528:hit:1311:4.5.0.0","genemark-NODE_2042_length_11303_cov_6.654528-abinit-gene-0.3-mRNA-1","NODE_2042_length_11303_cov_6.654528","genemark",[[1,9284,9429,1,"M145","NODE_2042_length_11303_cov_6.654528:hsp:5554:4.5.0.0","NODE_2042_length_11303_cov_6.654528","genemark","genemark-NODE_2042_length_11303_cov_6.654528-abinit-gene-0.3-mRNA-1 1 145 +","match_part"],[1,9499,9570,1,"M71","NODE_2042_length_11303_cov_6.654528:hsp:5555:4.5.0.0","NODE_2042_length_11303_cov_6.654528","genemark","genemark-NODE_2042_length_11303_cov_6.654528-abinit-gene-0.3-mRNA-1 146 216 +","match_part"],[1,9651,9756,1,"M105","NODE_2042_length_11303_cov_6.654528:hsp:5556:4.5.0.0","NODE_2042_length_11303_cov_6.654528","genemark","genemark-NODE_2042_length_11303_cov_6.654528-abinit-gene-0.3-mRNA-1 217 321 +","match_part"],[1,9960,10749,1,"M789","NODE_2042_length_11303_cov_6.654528:hsp:5557:4.5.0.0","NODE_2042_length_11303_cov_6.654528","genemark","genemark-NODE_2042_length_11303_cov_6.654528-abinit-gene-0.3-mRNA-1 322 1110 +","match_part"]],"11303","match"]],"urlTemplate":"lf-{Chunk}.json"}}