{"featureCount":16,"formatVersion":1,"histograms":{"meta":[{"arrayParams":{"chunkSize":10000,"length":6,"urlTemplate":"hist-2000-{Chunk}.json"},"basesPerBin":"2000"}],"stats":[{"basesPerBin":"2000","max":12,"mean":4.66666666666667}]},"intervals":{"classes":[{"attributes":["Start","End","Strand","Aligned_coverage","Aligned_identity","Id","Name","Score","Seq_id","Source","Subfeatures","Target_length","Type"],"isArrayAttr":{"Subfeatures":1}},{"attributes":["Start","End","Strand","Gap","Id","Score","Seq_id","Source","Target","Type"],"isArrayAttr":{}},{"attributes":["Start","End","Chunk"],"isArrayAttr":{"Sublist":1}}],"count":16,"lazyClass":2,"maxEnd":11976,"minStart":1801,"nclist":[[0,1801,2867,1,"100","99.7","NODE_1867_length_12074_cov_7.734913:hit:119391:3.2.0.0","TRINITY_DN16339_c0_g1_i2",4942,"NODE_1867_length_12074_cov_7.734913","est2genome",[[1,1801,2200,1,"M399","NODE_1867_length_12074_cov_7.734913:hsp:590805:3.2.0.0",4942,"NODE_1867_length_12074_cov_7.734913","est2genome","TRINITY_DN16339_c0_g1_i2 599 997 -","match_part"],[1,2269,2867,1,"M598","NODE_1867_length_12074_cov_7.734913:hsp:590806:3.2.0.0",4942,"NODE_1867_length_12074_cov_7.734913","est2genome","TRINITY_DN16339_c0_g1_i2 1 598 -","match_part"]],"997","expressed_sequence_match"],[0,2394,2867,1,"100","97","NODE_1867_length_12074_cov_7.734913:hit:119392:3.2.0.0","TRINITY_DN16339_c0_g1_i1",2239,"NODE_1867_length_12074_cov_7.734913","est2genome",[[1,2394,2867,1,"M473","NODE_1867_length_12074_cov_7.734913:hsp:590807:3.2.0.0",2239,"NODE_1867_length_12074_cov_7.734913","est2genome","TRINITY_DN16339_c0_g1_i1 1 473 -","match_part"]],"473","expressed_sequence_match"],[0,3043,6474,1,"90.97","98.4","NODE_1867_length_12074_cov_7.734913:hit:119397:3.2.0.0","TRINITY_DN3373_c0_g1_i10",12906,"NODE_1867_length_12074_cov_7.734913","est2genome",[[1,3043,3453,1,"M12 I1 M16 D3 M2 D1 M376","NODE_1867_length_12074_cov_7.734913:hsp:590827:3.2.0.0",12906,"NODE_1867_length_12074_cov_7.734913","est2genome","TRINITY_DN3373_c0_g1_i10 114 520 +","match_part"],[1,3545,4243,1,"M698","NODE_1867_length_12074_cov_7.734913:hsp:590828:3.2.0.0",12906,"NODE_1867_length_12074_cov_7.734913","est2genome","TRINITY_DN3373_c0_g1_i10 521 1218 +","match_part"],[1,4325,4514,1,"M189","NODE_1867_length_12074_cov_7.734913:hsp:590829:3.2.0.0",12906,"NODE_1867_length_12074_cov_7.734913","est2genome","TRINITY_DN3373_c0_g1_i10 1219 1407 +","match_part"],[1,4596,4679,1,"M83","NODE_1867_length_12074_cov_7.734913:hsp:590830:3.2.0.0",12906,"NODE_1867_length_12074_cov_7.734913","est2genome","TRINITY_DN3373_c0_g1_i10 1408 1490 +","match_part"],[1,4759,4844,1,"M85","NODE_1867_length_12074_cov_7.734913:hsp:590831:3.2.0.0",12906,"NODE_1867_length_12074_cov_7.734913","est2genome","TRINITY_DN3373_c0_g1_i10 1491 1575 +","match_part"],[1,4925,5038,1,"M113","NODE_1867_length_12074_cov_7.734913:hsp:590832:3.2.0.0",12906,"NODE_1867_length_12074_cov_7.734913","est2genome","TRINITY_DN3373_c0_g1_i10 1576 1688 +","match_part"],[1,5124,5290,1,"M166","NODE_1867_length_12074_cov_7.734913:hsp:590833:3.2.0.0",12906,"NODE_1867_length_12074_cov_7.734913","est2genome","TRINITY_DN3373_c0_g1_i10 1689 1854 +","match_part"],[1,5352,5461,1,"M109","NODE_1867_length_12074_cov_7.734913:hsp:590834:3.2.0.0",12906,"NODE_1867_length_12074_cov_7.734913","est2genome","TRINITY_DN3373_c0_g1_i10 1855 1963 +","match_part"],[1,5529,5593,1,"M64","NODE_1867_length_12074_cov_7.734913:hsp:590835:3.2.0.0",12906,"NODE_1867_length_12074_cov_7.734913","est2genome","TRINITY_DN3373_c0_g1_i10 1964 2027 +","match_part"],[1,5699,6474,1,"M743 I5 M2 I3 M22 I3 M5 I1 M3","NODE_1867_length_12074_cov_7.734913:hsp:590836:3.2.0.0",12906,"NODE_1867_length_12074_cov_7.734913","est2genome","TRINITY_DN3373_c0_g1_i10 2028 2814 +","match_part"]],"2969","expressed_sequence_match"],[0,3043,6474,1,"90.72","98.3","NODE_1867_length_12074_cov_7.734913:hit:119399:3.2.0.0","TRINITY_DN3373_c0_g1_i6",12491,"NODE_1867_length_12074_cov_7.734913","est2genome",[[1,3043,3159,1,"M12 I1 M16 D3 M2 D1 M82","NODE_1867_length_12074_cov_7.734913:hsp:590844:3.2.0.0",12491,"NODE_1867_length_12074_cov_7.734913","est2genome","TRINITY_DN3373_c0_g1_i6 114 226 +","match_part"],[1,3239,3453,1,"M214","NODE_1867_length_12074_cov_7.734913:hsp:590845:3.2.0.0",12491,"NODE_1867_length_12074_cov_7.734913","est2genome","TRINITY_DN3373_c0_g1_i6 227 440 +","match_part"],[1,3545,4243,1,"M698","NODE_1867_length_12074_cov_7.734913:hsp:590846:3.2.0.0",12491,"NODE_1867_length_12074_cov_7.734913","est2genome","TRINITY_DN3373_c0_g1_i6 441 1138 +","match_part"],[1,4325,4514,1,"M189","NODE_1867_length_12074_cov_7.734913:hsp:590847:3.2.0.0",12491,"NODE_1867_length_12074_cov_7.734913","est2genome","TRINITY_DN3373_c0_g1_i6 1139 1327 +","match_part"],[1,4596,4679,1,"M83","NODE_1867_length_12074_cov_7.734913:hsp:590848:3.2.0.0",12491,"NODE_1867_length_12074_cov_7.734913","est2genome","TRINITY_DN3373_c0_g1_i6 1328 1410 +","match_part"],[1,4759,4844,1,"M85","NODE_1867_length_12074_cov_7.734913:hsp:590849:3.2.0.0",12491,"NODE_1867_length_12074_cov_7.734913","est2genome","TRINITY_DN3373_c0_g1_i6 1411 1495 +","match_part"],[1,4925,5038,1,"M113","NODE_1867_length_12074_cov_7.734913:hsp:590850:3.2.0.0",12491,"NODE_1867_length_12074_cov_7.734913","est2genome","TRINITY_DN3373_c0_g1_i6 1496 1608 +","match_part"],[1,5124,5290,1,"M166","NODE_1867_length_12074_cov_7.734913:hsp:590851:3.2.0.0",12491,"NODE_1867_length_12074_cov_7.734913","est2genome","TRINITY_DN3373_c0_g1_i6 1609 1774 +","match_part"],[1,5352,5461,1,"M109","NODE_1867_length_12074_cov_7.734913:hsp:590852:3.2.0.0",12491,"NODE_1867_length_12074_cov_7.734913","est2genome","TRINITY_DN3373_c0_g1_i6 1775 1883 +","match_part"],[1,5529,5593,1,"M64","NODE_1867_length_12074_cov_7.734913:hsp:590853:3.2.0.0",12491,"NODE_1867_length_12074_cov_7.734913","est2genome","TRINITY_DN3373_c0_g1_i6 1884 1947 +","match_part"],[1,5699,6474,1,"M743 I5 M2 I3 M22 I3 M5 I1 M3","NODE_1867_length_12074_cov_7.734913:hsp:590854:3.2.0.0",12491,"NODE_1867_length_12074_cov_7.734913","est2genome","TRINITY_DN3373_c0_g1_i6 1948 2734 +","match_part"]],"2889","expressed_sequence_match",{"Sublist":[[0,3043,5722,1,"95.05","99.1","NODE_1867_length_12074_cov_7.734913:hit:119398:3.2.0.0","TRINITY_DN3373_c0_g1_i5",10597,"NODE_1867_length_12074_cov_7.734913","est2genome",[[1,3043,3159,1,"M12 I1 M16 D3 M2 D1 M82","NODE_1867_length_12074_cov_7.734913:hsp:590837:3.2.0.0",10597,"NODE_1867_length_12074_cov_7.734913","est2genome","TRINITY_DN3373_c0_g1_i5 114 226 +","match_part"],[1,3239,3453,1,"M214","NODE_1867_length_12074_cov_7.734913:hsp:590838:3.2.0.0",10597,"NODE_1867_length_12074_cov_7.734913","est2genome","TRINITY_DN3373_c0_g1_i5 227 440 +","match_part"],[1,3545,4243,1,"M698","NODE_1867_length_12074_cov_7.734913:hsp:590839:3.2.0.0",10597,"NODE_1867_length_12074_cov_7.734913","est2genome","TRINITY_DN3373_c0_g1_i5 441 1138 +","match_part"],[1,4325,4514,1,"M189","NODE_1867_length_12074_cov_7.734913:hsp:590840:3.2.0.0",10597,"NODE_1867_length_12074_cov_7.734913","est2genome","TRINITY_DN3373_c0_g1_i5 1139 1327 +","match_part"],[1,4596,4844,1,"M248","NODE_1867_length_12074_cov_7.734913:hsp:590841:3.2.0.0",10597,"NODE_1867_length_12074_cov_7.734913","est2genome","TRINITY_DN3373_c0_g1_i5 1328 1575 +","match_part"],[1,4925,5038,1,"M113","NODE_1867_length_12074_cov_7.734913:hsp:590842:3.2.0.0",10597,"NODE_1867_length_12074_cov_7.734913","est2genome","TRINITY_DN3373_c0_g1_i5 1576 1688 +","match_part"],[1,5124,5722,1,"M483 D1 M114","NODE_1867_length_12074_cov_7.734913:hsp:590843:3.2.0.0",10597,"NODE_1867_length_12074_cov_7.734913","est2genome","TRINITY_DN3373_c0_g1_i5 1689 2285 +","match_part"]],