{"featureCount":2,"formatVersion":1,"histograms":{"meta":[{"arrayParams":{"chunkSize":10000,"length":1,"urlTemplate":"hist-20000-{Chunk}.json"},"basesPerBin":"20000"}],"stats":[{"basesPerBin":"20000","max":2,"mean":2}]},"intervals":{"classes":[{"attributes":["Start","End","Strand","Id","Name","Score","Seq_id","Source","Subfeatures","Target_length","Type"],"isArrayAttr":{"Subfeatures":1}},{"attributes":["Start","End","Strand","Gap","Id","Score","Seq_id","Source","Target","Type"],"isArrayAttr":{}},{"attributes":["Start","End","Chunk"],"isArrayAttr":{"Sublist":1}}],"count":2,"lazyClass":2,"maxEnd":9175,"minStart":163,"nclist":[[0,163,2033,-1,"NODE_1210_length_16133_cov_7.009934:hit:92796:4.5.0.0","augustus-NODE_1210_length_16133_cov_7.009934-abinit-gene-0.1-mRNA-1",0.28,"NODE_1210_length_16133_cov_7.009934","augustus",[[1,1153,2033,-1,"M880","NODE_1210_length_16133_cov_7.009934:hsp:471068:4.5.0.0",0.28,"NODE_1210_length_16133_cov_7.009934","augustus","augustus-NODE_1210_length_16133_cov_7.009934-abinit-gene-0.1-mRNA-1 645 1524 +","match_part"],[1,163,807,-1,"M644","NODE_1210_length_16133_cov_7.009934:hsp:471069:4.5.0.0",0.28,"NODE_1210_length_16133_cov_7.009934","augustus","augustus-NODE_1210_length_16133_cov_7.009934-abinit-gene-0.1-mRNA-1 1 644 +","match_part"]],"16133","match"],[0,7143,9175,1,"NODE_1210_length_16133_cov_7.009934:hit:92798:4.5.0.0","augustus-NODE_1210_length_16133_cov_7.009934-abinit-gene-0.0-mRNA-1",0.3,"NODE_1210_length_16133_cov_7.009934","augustus",[[1,7143,7174,1,"M31","NODE_1210_length_16133_cov_7.009934:hsp:471071:4.5.0.0",0.3,"NODE_1210_length_16133_cov_7.009934","augustus","augustus-NODE_1210_length_16133_cov_7.009934-abinit-gene-0.0-mRNA-1 1 31 +","match_part"],[1,7234,7298,1,"M64","NODE_1210_length_16133_cov_7.009934:hsp:471072:4.5.0.0",0.3,"NODE_1210_length_16133_cov_7.009934","augustus","augustus-NODE_1210_length_16133_cov_7.009934-abinit-gene-0.0-mRNA-1 32 95 +","match_part"],[1,7361,7437,1,"M76","NODE_1210_length_16133_cov_7.009934:hsp:471073:4.5.0.0",0.3,"NODE_1210_length_16133_cov_7.009934","augustus","augustus-NODE_1210_length_16133_cov_7.009934-abinit-gene-0.0-mRNA-1 96 171 +","match_part"],[1,7518,7597,1,"M79","NODE_1210_length_16133_cov_7.009934:hsp:471074:4.5.0.0",0.3,"NODE_1210_length_16133_cov_7.009934","augustus","augustus-NODE_1210_length_16133_cov_7.009934-abinit-gene-0.0-mRNA-1 172 250 +","match_part"],[1,7700,8016,1,"M316","NODE_1210_length_16133_cov_7.009934:hsp:471075:4.5.0.0",0.3,"NODE_1210_length_16133_cov_7.009934","augustus","augustus-NODE_1210_length_16133_cov_7.009934-abinit-gene-0.0-mRNA-1 251 566 +","match_part"],[1,8110,8169,1,"M59","NODE_1210_length_16133_cov_7.009934:hsp:471076:4.5.0.0",0.3,"NODE_1210_length_16133_cov_7.009934","augustus","augustus-NODE_1210_length_16133_cov_7.009934-abinit-gene-0.0-mRNA-1 567 625 +","match_part"],[1,8259,8307,1,"M48","NODE_1210_length_16133_cov_7.009934:hsp:471077:4.5.0.0",0.3,"NODE_1210_length_16133_cov_7.009934","augustus","augustus-NODE_1210_length_16133_cov_7.009934-abinit-gene-0.0-mRNA-1 626 673 +","match_part"],[1,8407,8712,1,"M305","NODE_1210_length_16133_cov_7.009934:hsp:471078:4.5.0.0",0.3,"NODE_1210_length_16133_cov_7.009934","augustus","augustus-NODE_1210_length_16133_cov_7.009934-abinit-gene-0.0-mRNA-1 674 978 +","match_part"],[1,8825,8864,1,"M39","NODE_1210_length_16133_cov_7.009934:hsp:471079:4.5.0.0",0.3,"NODE_1210_length_16133_cov_7.009934","augustus","augustus-NODE_1210_length_16133_cov_7.009934-abinit-gene-0.0-mRNA-1 979 1017 +","match_part"],[1,8929,9175,1,"M246","NODE_1210_length_16133_cov_7.009934:hsp:471080:4.5.0.0",0.3,"NODE_1210_length_16133_cov_7.009934","augustus","augustus-NODE_1210_length_16133_cov_7.009934-abinit-gene-0.0-mRNA-1 1018 1263 +","match_part"]],"16133","match"]],"urlTemplate":"lf-{Chunk}.json"}}