{"featureCount":17,"formatVersion":1,"histograms":{"meta":[{"arrayParams":{"chunkSize":10000,"length":4,"urlTemplate":"hist-2000-{Chunk}.json"},"basesPerBin":"2000"}],"stats":[{"basesPerBin":"2000","max":15,"mean":9.25}]},"intervals":{"classes":[{"attributes":["Start","End","Strand","Aligned_coverage","Aligned_identity","Id","Name","Score","Seq_id","Source","Subfeatures","Target_length","Type"],"isArrayAttr":{"Subfeatures":1}},{"attributes":["Start","End","Strand","Gap","Id","Score","Seq_id","Source","Target","Type"],"isArrayAttr":{}},{"attributes":["Start","End","Chunk"],"isArrayAttr":{"Sublist":1}}],"count":17,"lazyClass":2,"maxEnd":7123,"minStart":1373,"nclist":[[0,1373,3718,-1,"95.54","98.7","NODE_3205_length_7590_cov_5.952840:hit:28434:3.2.0.0","TRINITY_DN1507_c0_g1_i4",11087,"NODE_3205_length_7590_cov_5.952840","est2genome",[[1,2744,3718,-1,"M974","NODE_3205_length_7590_cov_5.952840:hsp:121370:3.2.0.0",11087,"NODE_3205_length_7590_cov_5.952840","est2genome","TRINITY_DN1507_c0_g1_i4 1302 2275 -","match_part"],[1,1373,2671,-1,"M1298","NODE_3205_length_7590_cov_5.952840:hsp:121371:3.2.0.0",11087,"NODE_3205_length_7590_cov_5.952840","est2genome","TRINITY_DN1507_c0_g1_i4 4 1301 -","match_part"]],"2378","expressed_sequence_match"],[0,1373,3718,-1,"95.54","98.7","NODE_3205_length_7590_cov_5.952840:hit:28436:3.2.0.0","TRINITY_DN1507_c0_g1_i6",11078,"NODE_3205_length_7590_cov_5.952840","est2genome",[[1,2744,3718,-1,"M974","NODE_3205_length_7590_cov_5.952840:hsp:121374:3.2.0.0",11078,"NODE_3205_length_7590_cov_5.952840","est2genome","TRINITY_DN1507_c0_g1_i6 1302 2275 -","match_part"],[1,1373,2671,-1,"M1298","NODE_3205_length_7590_cov_5.952840:hsp:121375:3.2.0.0",11078,"NODE_3205_length_7590_cov_5.952840","est2genome","TRINITY_DN1507_c0_g1_i6 4 1301 -","match_part"]],"2378","expressed_sequence_match"],[0,1373,3718,-1,"95.54","98.7","NODE_3205_length_7590_cov_5.952840:hit:28438:3.2.0.0","TRINITY_DN1507_c0_g1_i2",11078,"NODE_3205_length_7590_cov_5.952840","est2genome",[[1,2744,3718,-1,"M974","NODE_3205_length_7590_cov_5.952840:hsp:121378:3.2.0.0",11078,"NODE_3205_length_7590_cov_5.952840","est2genome","TRINITY_DN1507_c0_g1_i2 1302 2275 -","match_part"],[1,1373,2671,-1,"M1298","NODE_3205_length_7590_cov_5.952840:hsp:121379:3.2.0.0",11078,"NODE_3205_length_7590_cov_5.952840","est2genome","TRINITY_DN1507_c0_g1_i2 4 1301 -","match_part"]],"2378","expressed_sequence_match",{"Sublist":[[0,1373,3292,-1,"99.84","99.4","NODE_3205_length_7590_cov_5.952840:hit:28433:3.2.0.0","TRINITY_DN1507_c0_g1_i8",9119,"NODE_3205_length_7590_cov_5.952840","est2genome",[[1,2744,3292,-1,"M548","NODE_3205_length_7590_cov_5.952840:hsp:121368:3.2.0.0",9119,"NODE_3205_length_7590_cov_5.952840","est2genome","TRINITY_DN1507_c0_g1_i8 1302 1849 -","match_part"],[1,1373,2671,-1,"M1298","NODE_3205_length_7590_cov_5.952840:hsp:121369:3.2.0.0",9119,"NODE_3205_length_7590_cov_5.952840","est2genome","TRINITY_DN1507_c0_g1_i8 4 1301 -","match_part"]],"1849","expressed_sequence_match"],[0,1373,3292,-1,"99.84","99.5","NODE_3205_length_7590_cov_5.952840:hit:28435:3.2.0.0","TRINITY_DN1507_c0_g1_i5",9128,"NODE_3205_length_7590_cov_5.952840","est2genome",[[1,2744,3292,-1,"M548","NODE_3205_length_7590_cov_5.952840:hsp:121372:3.2.0.0",9128,"NODE_3205_length_7590_cov_5.952840","est2genome","TRINITY_DN1507_c0_g1_i5 1302 1849 -","match_part"],[1,1373,2671,-1,"M1298","NODE_3205_length_7590_cov_5.952840:hsp:121373:3.2.0.0",9128,"NODE_3205_length_7590_cov_5.952840","est2genome","TRINITY_DN1507_c0_g1_i5 4 1301 -","match_part"]],"1849","expressed_sequence_match"],[0,1373,3292,-1,"99.84","99.4","NODE_3205_length_7590_cov_5.952840:hit:28437:3.2.0.0","TRINITY_DN1507_c0_g1_i7",9119,"NODE_3205_length_7590_cov_5.952840","est2genome",[[1,2744,3292,-1,"M548","NODE_3205_length_7590_cov_5.952840:hsp:121376:3.2.0.0",9119,"NODE_3205_length_7590_cov_5.952840","est2genome","TRINITY_DN1507_c0_g1_i7 1302 1849 -","match_part"],[1,1373,2671,-1,"M1298","NODE_3205_length_7590_cov_5.952840:hsp:121377:3.2.0.0",9119,"NODE_3205_length_7590_cov_5.952840","est2genome","TRINITY_DN1507_c0_g1_i7 4 1301 -","match_part"]],"1849","expressed_sequence_match"]]}],[0,2555,3718,-1,"91.37","98.8","NODE_3205_length_7590_cov_5.952840:hit:28439:3.2.0.0","TRINITY_DN1507_c0_g1_i3",5321,"NODE_3205_length_7590_cov_5.952840","est2genome",[[1,2744,3718,-1,"M974","NODE_3205_length_7590_cov_5.952840:hsp:121380:3.2.0.0",5321,"NODE_3205_length_7590_cov_5.952840","est2genome","TRINITY_DN1507_c0_g1_i3 117 1090 -","match_part"],[1,2555,2671,-1,"M116","NODE_3205_length_7590_cov_5.952840:hsp:121381:3.2.0.0",5321,"NODE_3205_length_7590_cov_5.952840","est2genome","TRINITY_DN1507_c0_g1_i3 1 116 -","match_part"]],"1193","expressed_sequence_match"],[0,3624,4009,-1,"100","92.6","NODE_3205_length_7590_cov_5.952840:hit:28440:3.2.0.0","TRINITY_DN24841_c0_g1_i1",1297,"NODE_3205_length_7590_cov_5.952840","est2genome",[[1,3949,4009,-1,"M60","NODE_3205_length_7590_cov_5.952840:hsp:121382:3.2.0.0",1297,"NODE_3205_length_7590_cov_5.952840","est2genome","TRINITY_DN24841_c0_g1_i1 1 60 +","match_part"],[1,3624,3867,-1,"M92 I7 M35 I1 M7 D1 M4 D3 M101","NODE_3205_length_7590_cov_5.952840:hsp:121383:3.2.0.0",1297,"NODE_3205_length_7590_cov_5.952840","est2genome","TRINITY_DN24841_c0_g1_i1 61 307 +","match_part"]],"307","expressed_sequence_match"],[0,3865,7123,1,"100","97","NODE_3205_length_7590_cov_5.952840:hit:28441:3.2.0.0","TRINITY_DN3927_c0_g1_i7",12798,"NODE_3205_length_7590_cov_5.952840","est2genome",[[1,3865,4112,1,"M38 I1 M79 D4 M126","NODE_3205_length_7590_cov_5.952840:hsp:121384:3.2.0.0",12798,"NODE_3205_length_7590_cov_5.952840","est2genome","TRINITY_DN3927_c0_g1_i7 1 244 +","match_part"],[1,4196,4217,1,"M21","NODE_3205_length_7590_cov_5.952840:hsp:121385:3.2.0.0",12798,"NODE_3205_length_7590_cov_5.952840","est2genome","TRINITY_DN3927_c0_g1_i7 245 265 +","match_part"],[1,4288,4559,1,"M271","NODE_3205_length_7590_cov_5.952840:hsp:121386:3.2.0.0",12798,"NODE_3205_length_7590_cov_5.952840","est2genome","TRINITY_DN3927_c0_g1_i7 266 536 +","match_part"],[1,4680,6086,1,"M448 I1 M6 I5 M363 I3 M37 D1 M551","NODE_3205_length_7590_cov_5.952840:hsp:121387:3.2.0.0",12798,"NODE_3205_length_7590_cov_5.952840","est2genome","TRINITY_DN3927_c0_g1_i7 537 1950 +","match_part"],[1,6178,6623,1,"M253 I1 M10 D1 M181","NODE_3205_length_7590_cov_5.952840:hsp:121388:3.2.0.0",12798,"NODE_3205_length_7590_cov_5.952840","est2genome","TRINITY_DN3927_c0_g1_i7 1951 2395 +","match_part"],[1,6739,6840,1,"M101","NODE_3205_length_7590_cov_5.952840:hsp:121389:3.2.0.0",12798,"NODE_3205_length_7590_cov_5.952840","est2genome","TRINITY_DN3927_c0_g1_i7 2396 2496 +","match_part"],[1,6868,7123,1,"M4 D1 M250","NODE_3205_length_7590_cov_5.952840:hsp:121390:3.2.0.0",12798,"NODE_3205_length_7590_cov_5.952840","est2genome","TRINITY_DN3927_c0_g1_i7 2497 2750 +","match_part"]],