{"featureCount":3,"formatVersion":1,"histograms":{"meta":[{"arrayParams":{"chunkSize":10000,"length":1,"urlTemplate":"hist-10000-{Chunk}.json"},"basesPerBin":"10000"}],"stats":[{"basesPerBin":"10000","max":3,"mean":3}]},"intervals":{"classes":[{"attributes":["Start","End","Strand","Aligned_coverage","Aligned_identity","Id","Name","Score","Seq_id","Source","Subfeatures","Target_length","Type"],"isArrayAttr":{"Subfeatures":1}},{"attributes":["Start","End","Strand","Gap","Id","Score","Seq_id","Source","Target","Type"],"isArrayAttr":{}},{"attributes":["Start","End","Chunk"],"isArrayAttr":{"Sublist":1}}],"count":3,"lazyClass":2,"maxEnd":7806,"minStart":1940,"nclist":[[0,1940,7806,-1,"99.68","96.4","NODE_2835_length_8520_cov_7.516740:hit:21227:3.2.0.0","TRINITY_DN13826_c0_g1_i1",7271,"NODE_2835_length_8520_cov_7.516740","est2genome",[[1,7581,7806,-1,"M106 I1 M119","NODE_2835_length_8520_cov_7.516740:hsp:90923:3.2.0.0",7271,"NODE_2835_length_8520_cov_7.516740","est2genome","TRINITY_DN13826_c0_g1_i1 5 230 +","match_part"],[1,1940,3280,-1,"M1296 D2 M8 I1 M22 D1 M11","NODE_2835_length_8520_cov_7.516740:hsp:90924:3.2.0.0",7271,"NODE_2835_length_8520_cov_7.516740","est2genome","TRINITY_DN13826_c0_g1_i1 231 1568 +","match_part"]],"1569","expressed_sequence_match"],[0,1940,7806,-1,"99.68","96.2","NODE_2835_length_8520_cov_7.516740:hit:21228:3.2.0.0","TRINITY_DN13826_c0_g1_i2",7274,"NODE_2835_length_8520_cov_7.516740","est2genome",[[1,7635,7806,-1,"M106 I1 M65","NODE_2835_length_8520_cov_7.516740:hsp:90925:3.2.0.0",7274,"NODE_2835_length_8520_cov_7.516740","est2genome","TRINITY_DN13826_c0_g1_i2 5 176 +","match_part"],[1,1940,3342,-1,"M1358 D2 M8 I1 M22 D1 M11","NODE_2835_length_8520_cov_7.516740:hsp:90926:3.2.0.0",7274,"NODE_2835_length_8520_cov_7.516740","est2genome","TRINITY_DN13826_c0_g1_i2 177 1576 +","match_part"]],"1577","expressed_sequence_match",{"Sublist":[[0,6934,7581,1,"100","97.9","NODE_2835_length_8520_cov_7.516740:hit:21229:3.2.0.0","TRINITY_DN46522_c0_g1_i1",2740,"NODE_2835_length_8520_cov_7.516740","est2genome",[[1,6934,7455,1,"M521","NODE_2835_length_8520_cov_7.516740:hsp:90927:3.2.0.0",2740,"NODE_2835_length_8520_cov_7.516740","est2genome","TRINITY_DN46522_c0_g1_i1 1 521 +","match_part"],[1,7528,7581,1,"M53","NODE_2835_length_8520_cov_7.516740:hsp:90928:3.2.0.0",2740,"NODE_2835_length_8520_cov_7.516740","est2genome","TRINITY_DN46522_c0_g1_i1 522 574 +","match_part"]],"574","expressed_sequence_match"]]}]],"urlTemplate":"lf-{Chunk}.json"}}