{"featureCount":3,"formatVersion":1,"histograms":{"meta":[{"arrayParams":{"chunkSize":10000,"length":1,"urlTemplate":"hist-20000-{Chunk}.json"},"basesPerBin":"20000"}],"stats":[{"basesPerBin":"20000","max":3,"mean":3}]},"intervals":{"classes":[{"attributes":["Start","End","Strand","Id","Name","Seq_id","Source","Subfeatures","Target_length","Type"],"isArrayAttr":{"Subfeatures":1}},{"attributes":["Start","End","Strand","Gap","Id","Seq_id","Source","Target","Type"],"isArrayAttr":{}},{"attributes":["Start","End","Strand","Id","Seq_id","Source","Target","Type"],"isArrayAttr":{}},{"attributes":["Start","End","Chunk"],"isArrayAttr":{"Sublist":1}}],"count":3,"lazyClass":3,"maxEnd":14660,"minStart":2306,"nclist":[[0,2306,4269,1,"NODE_1217_length_16068_cov_6.579366:hit:93028:4.5.0.0","genemark-NODE_1217_length_16068_cov_6.579366-abinit-gene-0.0-mRNA-1","NODE_1217_length_16068_cov_6.579366","genemark",[[1,2306,2500,1,"M194","NODE_1217_length_16068_cov_6.579366:hsp:472122:4.5.0.0","NODE_1217_length_16068_cov_6.579366","genemark","genemark-NODE_1217_length_16068_cov_6.579366-abinit-gene-0.0-mRNA-1 1 194 +","match_part"],[1,2636,2680,1,"M44","NODE_1217_length_16068_cov_6.579366:hsp:472123:4.5.0.0","NODE_1217_length_16068_cov_6.579366","genemark","genemark-NODE_1217_length_16068_cov_6.579366-abinit-gene-0.0-mRNA-1 195 238 +","match_part"],[1,3008,3581,1,"M573","NODE_1217_length_16068_cov_6.579366:hsp:472124:4.5.0.0","NODE_1217_length_16068_cov_6.579366","genemark","genemark-NODE_1217_length_16068_cov_6.579366-abinit-gene-0.0-mRNA-1 239 811 +","match_part"],[1,3680,3946,1,"M266","NODE_1217_length_16068_cov_6.579366:hsp:472125:4.5.0.0","NODE_1217_length_16068_cov_6.579366","genemark","genemark-NODE_1217_length_16068_cov_6.579366-abinit-gene-0.0-mRNA-1 812 1077 +","match_part"],[1,4038,4269,1,"M231","NODE_1217_length_16068_cov_6.579366:hsp:472126:4.5.0.0","NODE_1217_length_16068_cov_6.579366","genemark","genemark-NODE_1217_length_16068_cov_6.579366-abinit-gene-0.0-mRNA-1 1078 1308 +","match_part"]],"16068","match"],[0,6463,8308,1,"NODE_1217_length_16068_cov_6.579366:hit:93032:4.5.0.0","genemark-NODE_1217_length_16068_cov_6.579366-abinit-gene-0.1-mRNA-1","NODE_1217_length_16068_cov_6.579366","genemark",[[1,6463,8308,1,"M1845","NODE_1217_length_16068_cov_6.579366:hsp:472132:4.5.0.0","NODE_1217_length_16068_cov_6.579366","genemark","genemark-NODE_1217_length_16068_cov_6.579366-abinit-gene-0.1-mRNA-1 1 1845 +","match_part"]],"16068","match"],[0,12256,14660,1,"NODE_1217_length_16068_cov_6.579366:hit:93035:4.5.0.0","genemark-NODE_1217_length_16068_cov_6.579366-abinit-gene-0.2-mRNA-1","NODE_1217_length_16068_cov_6.579366","genemark",[[1,12256,12419,1,"M163","NODE_1217_length_16068_cov_6.579366:hsp:472149:4.5.0.0","NODE_1217_length_16068_cov_6.579366","genemark","genemark-NODE_1217_length_16068_cov_6.579366-abinit-gene-0.2-mRNA-1 1 163 +","match_part"],[1,12502,12748,1,"M246","NODE_1217_length_16068_cov_6.579366:hsp:472150:4.5.0.0","NODE_1217_length_16068_cov_6.579366","genemark","genemark-NODE_1217_length_16068_cov_6.579366-abinit-gene-0.2-mRNA-1 164 409 +","match_part"],[1,12835,12926,1,"M91","NODE_1217_length_16068_cov_6.579366:hsp:472151:4.5.0.0","NODE_1217_length_16068_cov_6.579366","genemark","genemark-NODE_1217_length_16068_cov_6.579366-abinit-gene-0.2-mRNA-1 410 500 +","match_part"],[1,12999,13132,1,"M133","NODE_1217_length_16068_cov_6.579366:hsp:472152:4.5.0.0","NODE_1217_length_16068_cov_6.579366","genemark","genemark-NODE_1217_length_16068_cov_6.579366-abinit-gene-0.2-mRNA-1 501 633 +","match_part"],[1,13232,13340,1,"M108","NODE_1217_length_16068_cov_6.579366:hsp:472153:4.5.0.0","NODE_1217_length_16068_cov_6.579366","genemark","genemark-NODE_1217_length_16068_cov_6.579366-abinit-gene-0.2-mRNA-1 634 741 +","match_part"],[1,13439,13887,1,"M448","NODE_1217_length_16068_cov_6.579366:hsp:472154:4.5.0.0","NODE_1217_length_16068_cov_6.579366","genemark","genemark-NODE_1217_length_16068_cov_6.579366-abinit-gene-0.2-mRNA-1 742 1189 +","match_part"],[1,13996,14403,1,"M407","NODE_1217_length_16068_cov_6.579366:hsp:472155:4.5.0.0","NODE_1217_length_16068_cov_6.579366","genemark","genemark-NODE_1217_length_16068_cov_6.579366-abinit-gene-0.2-mRNA-1 1190 1596 +","match_part"],[1,14477,14660,1,"M183","NODE_1217_length_16068_cov_6.579366:hsp:472156:4.5.0.0","NODE_1217_length_16068_cov_6.579366","genemark","genemark-NODE_1217_length_16068_cov_6.579366-abinit-gene-0.2-mRNA-1 1597 1779 +","match_part"]],"16068","match"]],"urlTemplate":"lf-{Chunk}.json"}}