{"featureCount":2,"formatVersion":1,"histograms":{"meta":[{"arrayParams":{"chunkSize":10000,"length":1,"urlTemplate":"hist-20000-{Chunk}.json"},"basesPerBin":"20000"}],"stats":[{"basesPerBin":"20000","max":2,"mean":2}]},"intervals":{"classes":[{"attributes":["Start","End","Strand","Id","Name","Score","Seq_id","Source","Subfeatures","Target_length","Type"],"isArrayAttr":{"Subfeatures":1}},{"attributes":["Start","End","Strand","Gap","Id","Score","Seq_id","Source","Target","Type"],"isArrayAttr":{}},{"attributes":["Start","End","Chunk"],"isArrayAttr":{"Sublist":1}}],"count":2,"lazyClass":2,"maxEnd":8936,"minStart":451,"nclist":[[0,451,3619,-1,"NODE_2579_length_9310_cov_9.877382:hit:15894:4.5.0.0","augustus-NODE_2579_length_9310_cov_9.877382-abinit-gene-0.1-mRNA-1",0.17,"NODE_2579_length_9310_cov_9.877382","augustus",[[1,3144,3619,-1,"M475","NODE_2579_length_9310_cov_9.877382:hsp:68796:4.5.0.0",0.17,"NODE_2579_length_9310_cov_9.877382","augustus","augustus-NODE_2579_length_9310_cov_9.877382-abinit-gene-0.1-mRNA-1 1716 2190 +","match_part"],[1,2464,2642,-1,"M178","NODE_2579_length_9310_cov_9.877382:hsp:68797:4.5.0.0",0.17,"NODE_2579_length_9310_cov_9.877382","augustus","augustus-NODE_2579_length_9310_cov_9.877382-abinit-gene-0.1-mRNA-1 1538 1715 +","match_part"],[1,2112,2410,-1,"M298","NODE_2579_length_9310_cov_9.877382:hsp:68798:4.5.0.0",0.17,"NODE_2579_length_9310_cov_9.877382","augustus","augustus-NODE_2579_length_9310_cov_9.877382-abinit-gene-0.1-mRNA-1 1240 1537 +","match_part"],[1,1845,1994,-1,"M149","NODE_2579_length_9310_cov_9.877382:hsp:68799:4.5.0.0",0.17,"NODE_2579_length_9310_cov_9.877382","augustus","augustus-NODE_2579_length_9310_cov_9.877382-abinit-gene-0.1-mRNA-1 1091 1239 +","match_part"],[1,1687,1773,-1,"M86","NODE_2579_length_9310_cov_9.877382:hsp:68800:4.5.0.0",0.17,"NODE_2579_length_9310_cov_9.877382","augustus","augustus-NODE_2579_length_9310_cov_9.877382-abinit-gene-0.1-mRNA-1 1005 1090 +","match_part"],[1,1397,1531,-1,"M134","NODE_2579_length_9310_cov_9.877382:hsp:68801:4.5.0.0",0.17,"NODE_2579_length_9310_cov_9.877382","augustus","augustus-NODE_2579_length_9310_cov_9.877382-abinit-gene-0.1-mRNA-1 871 1004 +","match_part"],[1,451,1321,-1,"M870","NODE_2579_length_9310_cov_9.877382:hsp:68802:4.5.0.0",0.17,"NODE_2579_length_9310_cov_9.877382","augustus","augustus-NODE_2579_length_9310_cov_9.877382-abinit-gene-0.1-mRNA-1 1 870 +","match_part"]],"9310","match"],[0,4011,8936,1,"NODE_2579_length_9310_cov_9.877382:hit:15897:4.5.0.0","augustus-NODE_2579_length_9310_cov_9.877382-abinit-gene-0.0-mRNA-1",0.38,"NODE_2579_length_9310_cov_9.877382","augustus",[[1,4011,4351,1,"M340","NODE_2579_length_9310_cov_9.877382:hsp:68817:4.5.0.0",0.38,"NODE_2579_length_9310_cov_9.877382","augustus","augustus-NODE_2579_length_9310_cov_9.877382-abinit-gene-0.0-mRNA-1 1 340 +","match_part"],[1,4429,5029,1,"M600","NODE_2579_length_9310_cov_9.877382:hsp:68818:4.5.0.0",0.38,"NODE_2579_length_9310_cov_9.877382","augustus","augustus-NODE_2579_length_9310_cov_9.877382-abinit-gene-0.0-mRNA-1 341 940 +","match_part"],[1,5113,6228,1,"M1115","NODE_2579_length_9310_cov_9.877382:hsp:68819:4.5.0.0",0.38,"NODE_2579_length_9310_cov_9.877382","augustus","augustus-NODE_2579_length_9310_cov_9.877382-abinit-gene-0.0-mRNA-1 941 2055 +","match_part"],[1,6309,7306,1,"M997","NODE_2579_length_9310_cov_9.877382:hsp:68820:4.5.0.0",0.38,"NODE_2579_length_9310_cov_9.877382","augustus","augustus-NODE_2579_length_9310_cov_9.877382-abinit-gene-0.0-mRNA-1 2056 3052 +","match_part"],[1,7383,7602,1,"M219","NODE_2579_length_9310_cov_9.877382:hsp:68821:4.5.0.0",0.38,"NODE_2579_length_9310_cov_9.877382","augustus","augustus-NODE_2579_length_9310_cov_9.877382-abinit-gene-0.0-mRNA-1 3053 3271 +","match_part"],[1,7658,7874,1,"M216","NODE_2579_length_9310_cov_9.877382:hsp:68822:4.5.0.0",0.38,"NODE_2579_length_9310_cov_9.877382","augustus","augustus-NODE_2579_length_9310_cov_9.877382-abinit-gene-0.0-mRNA-1 3272 3487 +","match_part"],[1,7951,8448,1,"M497","NODE_2579_length_9310_cov_9.877382:hsp:68823:4.5.0.0",0.38,"NODE_2579_length_9310_cov_9.877382","augustus","augustus-NODE_2579_length_9310_cov_9.877382-abinit-gene-0.0-mRNA-1 3488 3984 +","match_part"],[1,8525,8936,1,"M411","NODE_2579_length_9310_cov_9.877382:hsp:68824:4.5.0.0",0.38,"NODE_2579_length_9310_cov_9.877382","augustus","augustus-NODE_2579_length_9310_cov_9.877382-abinit-gene-0.0-mRNA-1 3985 4395 +","match_part"]],"9310","match"]],"urlTemplate":"lf-{Chunk}.json"}}