{"featureCount":5,"formatVersion":1,"histograms":{"meta":[{"arrayParams":{"chunkSize":10000,"length":2,"urlTemplate":"hist-10000-{Chunk}.json"},"basesPerBin":"10000"}],"stats":[{"basesPerBin":"10000","max":3,"mean":3}]},"intervals":{"classes":[{"attributes":["Start","End","Strand","Id","Name","Score","Seq_id","Source","Subfeatures","Target_length","Type"],"isArrayAttr":{"Subfeatures":1}},{"attributes":["Start","End","Strand","Gap","Id","Score","Seq_id","Source","Target","Type"],"isArrayAttr":{}},{"attributes":["Start","End","Chunk"],"isArrayAttr":{"Sublist":1}}],"count":5,"lazyClass":2,"maxEnd":17036,"minStart":196,"nclist":[[0,196,4901,-1,"NODE_743_length_20978_cov_18.426023:hit:67594:4.5.0.0","augustus-NODE_743_length_20978_cov_18.426023-abinit-gene-0.3-mRNA-1",0.07,"NODE_743_length_20978_cov_18.426023","augustus",[[1,4615,4901,-1,"M286","NODE_743_length_20978_cov_18.426023:hsp:348707:4.5.0.0",0.07,"NODE_743_length_20978_cov_18.426023","augustus","augustus-NODE_743_length_20978_cov_18.426023-abinit-gene-0.3-mRNA-1 3258 3543 +","match_part"],[1,4411,4546,-1,"M135","NODE_743_length_20978_cov_18.426023:hsp:348708:4.5.0.0",0.07,"NODE_743_length_20978_cov_18.426023","augustus","augustus-NODE_743_length_20978_cov_18.426023-abinit-gene-0.3-mRNA-1 3123 3257 +","match_part"],[1,3253,4344,-1,"M1091","NODE_743_length_20978_cov_18.426023:hsp:348709:4.5.0.0",0.07,"NODE_743_length_20978_cov_18.426023","augustus","augustus-NODE_743_length_20978_cov_18.426023-abinit-gene-0.3-mRNA-1 2032 3122 +","match_part"],[1,2693,3163,-1,"M470","NODE_743_length_20978_cov_18.426023:hsp:348710:4.5.0.0",0.07,"NODE_743_length_20978_cov_18.426023","augustus","augustus-NODE_743_length_20978_cov_18.426023-abinit-gene-0.3-mRNA-1 1562 2031 +","match_part"],[1,2541,2623,-1,"M82","NODE_743_length_20978_cov_18.426023:hsp:348711:4.5.0.0",0.07,"NODE_743_length_20978_cov_18.426023","augustus","augustus-NODE_743_length_20978_cov_18.426023-abinit-gene-0.3-mRNA-1 1480 1561 +","match_part"],[1,2027,2458,-1,"M431","NODE_743_length_20978_cov_18.426023:hsp:348712:4.5.0.0",0.07,"NODE_743_length_20978_cov_18.426023","augustus","augustus-NODE_743_length_20978_cov_18.426023-abinit-gene-0.3-mRNA-1 1049 1479 +","match_part"],[1,1052,1354,-1,"M302","NODE_743_length_20978_cov_18.426023:hsp:348713:4.5.0.0",0.07,"NODE_743_length_20978_cov_18.426023","augustus","augustus-NODE_743_length_20978_cov_18.426023-abinit-gene-0.3-mRNA-1 747 1048 +","match_part"],[1,196,942,-1,"M746","NODE_743_length_20978_cov_18.426023:hsp:348714:4.5.0.0",0.07,"NODE_743_length_20978_cov_18.426023","augustus","augustus-NODE_743_length_20978_cov_18.426023-abinit-gene-0.3-mRNA-1 1 746 +","match_part"]],"20978","match"],[0,6669,8198,-1,"NODE_743_length_20978_cov_18.426023:hit:67596:4.5.0.0","augustus-NODE_743_length_20978_cov_18.426023-abinit-gene-0.4-mRNA-1",0.44,"NODE_743_length_20978_cov_18.426023","augustus",[[1,8177,8198,-1,"M21","NODE_743_length_20978_cov_18.426023:hsp:348721:4.5.0.0",0.44,"NODE_743_length_20978_cov_18.426023","augustus","augustus-NODE_743_length_20978_cov_18.426023-abinit-gene-0.4-mRNA-1 1090 1110 +","match_part"],[1,7882,8097,-1,"M215","NODE_743_length_20978_cov_18.426023:hsp:348722:4.5.0.0",0.44,"NODE_743_length_20978_cov_18.426023","augustus","augustus-NODE_743_length_20978_cov_18.426023-abinit-gene-0.4-mRNA-1 875 1089 +","match_part"],[1,7605,7785,-1,"M180","NODE_743_length_20978_cov_18.426023:hsp:348723:4.5.0.0",0.44,"NODE_743_length_20978_cov_18.426023","augustus","augustus-NODE_743_length_20978_cov_18.426023-abinit-gene-0.4-mRNA-1 695 874 +","match_part"],[1,7057,7521,-1,"M464","NODE_743_length_20978_cov_18.426023:hsp:348724:4.5.0.0",0.44,"NODE_743_length_20978_cov_18.426023","augustus","augustus-NODE_743_length_20978_cov_18.426023-abinit-gene-0.4-mRNA-1 231 694 +","match_part"],[1,6798,6977,-1,"M179","NODE_743_length_20978_cov_18.426023:hsp:348725:4.5.0.0",0.44,"NODE_743_length_20978_cov_18.426023","augustus","augustus-NODE_743_length_20978_cov_18.426023-abinit-gene-0.4-mRNA-1 52 230 +","match_part"],[1,6669,6720,-1,"M51","NODE_743_length_20978_cov_18.426023:hsp:348726:4.5.0.0",0.44,"NODE_743_length_20978_cov_18.426023","augustus","augustus-NODE_743_length_20978_cov_18.426023-abinit-gene-0.4-mRNA-1 1 51 +","match_part"]],"20978","match"],[0,9673,10784,1,"NODE_743_length_20978_cov_18.426023:hit:67601:4.5.0.0","augustus-NODE_743_length_20978_cov_18.426023-abinit-gene-0.0-mRNA-1",0.18,"NODE_743_length_20978_cov_18.426023","augustus",[[1,9673,9998,1,"M325","NODE_743_length_20978_cov_18.426023:hsp:348744:4.5.0.0",0.18,"NODE_743_length_20978_cov_18.426023","augustus","augustus-NODE_743_length_20978_cov_18.426023-abinit-gene-0.0-mRNA-1 1 325 +","match_part"],[1,10072,10150,1,"M78","NODE_743_length_20978_cov_18.426023:hsp:348745:4.5.0.0",0.18,"NODE_743_length_20978_cov_18.426023","augustus","augustus-NODE_743_length_20978_cov_18.426023-abinit-gene-0.0-mRNA-1 326 403 +","match_part"],[1,10240,10348,1,"M108","NODE_743_length_20978_cov_18.426023:hsp:348746:4.5.0.0",0.18,"NODE_743_length_20978_cov_18.426023","augustus","augustus-NODE_743_length_20978_cov_18.426023-abinit-gene-0.0-mRNA-1 404 511 +","match_part"],[1,10490,10593,1,"M103","NODE_743_length_20978_cov_18.426023:hsp:348747:4.5.0.0",0.18,"NODE_743_length_20978_cov_18.426023","augustus","augustus-NODE_743_length_20978_cov_18.426023-abinit-gene-0.0-mRNA-1 512 614 +","match_part"],[1,10657,10784,1,"M127","NODE_743_length_20978_cov_18.426023:hsp:348748:4.5.0.0",0.18,"NODE_743_length_20978_cov_18.426023","augustus","augustus-NODE_743_length_20978_cov_18.426023-abinit-gene-0.0-mRNA-1 615 741 +","match_part"]],"20978","match"],[0,11536,12418,1,"NODE_743_length_20978_cov_18.426023:hit:67605:4.5.0.0","augustus-NODE_743_length_20978_cov_18.426023-abinit-gene-0.1-mRNA-1",0.9,"NODE_743_length_20978_cov_18.426023","augustus",[[1,11536,12418,1,"M882","NODE_743_length_20978_cov_18.426023:hsp:348757:4.5.0.0",0.9,"NODE_743_length_20978_cov_18.426023","augustus","augustus-NODE_743_length_20978_cov_18.426023-abinit-gene-0.1-mRNA-1 1 882 +","match_part"]],"20978","match"],[0,13870,17036,1,"NODE_743_length_20978_cov_18.426023:hit:67608:4.5.0.0","augustus-NODE_743_length_20978_cov_18.426023-abinit-gene-0.2-mRNA-1",0.8,"NODE_743_length_20978_cov_18.426023","augustus",[[1,13870,15152,1,"M1282","NODE_743_length_20978_cov_18.426023:hsp:348766:4.5.0.0",0.8,"NODE_743_length_20978_cov_18.426023","augustus","augustus-NODE_743_length_20978_cov_18.426023-abinit-gene-0.2-mRNA-1 1 1282 +","match_part"],[1,15227,15707,1,"M480","NODE_743_length_20978_cov_18.426023:hsp:348767:4.5.0.0",0.8,"NODE_743_length_20978_cov_18.426023","augustus","augustus-NODE_743_length_20978_cov_18.426023-abinit-gene-0.2-mRNA-1 1283 1762 +","match_part"],[1,15780,16017,1,"M237","NODE_743_length_20978_cov_18.426023:hsp:348768:4.5.0.0",0.8,"NODE_743_length_20978_cov_18.426023","augustus","augustus-NODE_743_length_20978_cov_18.426023-abinit-gene-0.2-mRNA-1 1763 1999 +","match_part"],[1,16080,17036,1,"M956","NODE_743_length_20978_cov_18.426023:hsp:348769:4.5.0.0",0.8,"NODE_743_length_20978_cov_18.426023","augustus","augustus-NODE_743_length_20978_cov_18.426023-abinit-gene-0.2-mRNA-1 2000 2955 +","match_part"]],"20978","match"]],"urlTemplate":"lf-{Chunk}.json"}}