{"featureCount":8,"formatVersion":1,"histograms":{"meta":[{"arrayParams":{"chunkSize":10000,"length":2,"urlTemplate":"hist-20000-{Chunk}.json"},"basesPerBin":"20000"}],"stats":[{"basesPerBin":"20000","max":5,"mean":4.5}]},"intervals":{"classes":[{"attributes":["Start","End","Strand","Id","Name","Seq_id","Source","Subfeatures","Target_length","Type"],"isArrayAttr":{"Subfeatures":1}},{"attributes":["Start","End","Strand","Gap","Id","Seq_id","Source","Target","Type"],"isArrayAttr":{}},{"attributes":["Start","End","Strand","Id","Seq_id","Source","Target","Type"],"isArrayAttr":{}},{"attributes":["Start","End","Chunk"],"isArrayAttr":{"Sublist":1}}],"count":8,"lazyClass":3,"maxEnd":32628,"minStart":2273,"nclist":[[0,2273,4153,1,"NODE_215_length_35093_cov_6.065428:hit:26346:4.5.0.0","genemark-NODE_215_length_35093_cov_6.065428-abinit-gene-0.9-mRNA-1","NODE_215_length_35093_cov_6.065428","genemark",[[1,2273,2672,1,"M399","NODE_215_length_35093_cov_6.065428:hsp:134890:4.5.0.0","NODE_215_length_35093_cov_6.065428","genemark","genemark-NODE_215_length_35093_cov_6.065428-abinit-gene-0.9-mRNA-1 1 399 +","match_part"],[1,2740,3151,1,"M411","NODE_215_length_35093_cov_6.065428:hsp:134891:4.5.0.0","NODE_215_length_35093_cov_6.065428","genemark","genemark-NODE_215_length_35093_cov_6.065428-abinit-gene-0.9-mRNA-1 400 810 +","match_part"],[1,3225,3367,1,"M142","NODE_215_length_35093_cov_6.065428:hsp:134892:4.5.0.0","NODE_215_length_35093_cov_6.065428","genemark","genemark-NODE_215_length_35093_cov_6.065428-abinit-gene-0.9-mRNA-1 811 952 +","match_part"],[1,3389,3484,1,"M95","NODE_215_length_35093_cov_6.065428:hsp:134893:4.5.0.0","NODE_215_length_35093_cov_6.065428","genemark","genemark-NODE_215_length_35093_cov_6.065428-abinit-gene-0.9-mRNA-1 953 1047 +","match_part"],[1,3571,3642,1,"M71","NODE_215_length_35093_cov_6.065428:hsp:134894:4.5.0.0","NODE_215_length_35093_cov_6.065428","genemark","genemark-NODE_215_length_35093_cov_6.065428-abinit-gene-0.9-mRNA-1 1048 1118 +","match_part"],[1,3705,4056,1,"M351","NODE_215_length_35093_cov_6.065428:hsp:134895:4.5.0.0","NODE_215_length_35093_cov_6.065428","genemark","genemark-NODE_215_length_35093_cov_6.065428-abinit-gene-0.9-mRNA-1 1119 1469 +","match_part"],[1,4137,4153,1,"M16","NODE_215_length_35093_cov_6.065428:hsp:134896:4.5.0.0","NODE_215_length_35093_cov_6.065428","genemark","genemark-NODE_215_length_35093_cov_6.065428-abinit-gene-0.9-mRNA-1 1470 1485 +","match_part"]],"35093","match"],[0,6070,6801,1,"NODE_215_length_35093_cov_6.065428:hit:26351:4.5.0.0","genemark-NODE_215_length_35093_cov_6.065428-abinit-gene-0.10-mRNA-1","NODE_215_length_35093_cov_6.065428","genemark",[[1,6070,6213,1,"M143","NODE_215_length_35093_cov_6.065428:hsp:134911:4.5.0.0","NODE_215_length_35093_cov_6.065428","genemark","genemark-NODE_215_length_35093_cov_6.065428-abinit-gene-0.10-mRNA-1 1 143 +","match_part"],[1,6290,6801,1,"M511","NODE_215_length_35093_cov_6.065428:hsp:134912:4.5.0.0","NODE_215_length_35093_cov_6.065428","genemark","genemark-NODE_215_length_35093_cov_6.065428-abinit-gene-0.10-mRNA-1 144 654 +","match_part"]],"35093","match"],[0,10129,11509,-1,"NODE_215_length_35093_cov_6.065428:hit:26354:4.5.0.0","genemark-NODE_215_length_35093_cov_6.065428-abinit-gene-0.15-mRNA-1","NODE_215_length_35093_cov_6.065428","genemark",[[1,11307,11509,-1,"M202","NODE_215_length_35093_cov_6.065428:hsp:134920:4.5.0.0","NODE_215_length_35093_cov_6.065428","genemark","genemark-NODE_215_length_35093_cov_6.065428-abinit-gene-0.15-mRNA-1 1017 1218 +","match_part"],[1,10994,11226,-1,"M232","NODE_215_length_35093_cov_6.065428:hsp:134921:4.5.0.0","NODE_215_length_35093_cov_6.065428","genemark","genemark-NODE_215_length_35093_cov_6.065428-abinit-gene-0.15-mRNA-1 785 1016 +","match_part"],[1,10129,10913,-1,"M784","NODE_215_length_35093_cov_6.065428:hsp:134922:4.5.0.0","NODE_215_length_35093_cov_6.065428","genemark","genemark-NODE_215_length_35093_cov_6.065428-abinit-gene-0.15-mRNA-1 1 784 +","match_part"]],"35093","match"],[0,11989,22641,1,"NODE_215_length_35093_cov_6.065428:hit:26357:4.5.0.0","genemark-NODE_215_length_35093_cov_6.065428-abinit-gene-0.11-mRNA-1","NODE_215_length_35093_cov_6.065428","genemark",[[1,11989,12389,1,"M400","NODE_215_length_35093_cov_6.065428:hsp:134935:4.5.0.0","NODE_215_length_35093_cov_6.065428","genemark","genemark-NODE_215_length_35093_cov_6.065428-abinit-gene-0.11-mRNA-1 1 400 +","match_part"],[1,12547,12707,1,"M160","NODE_215_length_35093_cov_6.065428:hsp:134936:4.5.0.0","NODE_215_length_35093_cov_6.065428","genemark","genemark-NODE_215_length_35093_cov_6.065428-abinit-gene-0.11-mRNA-1 401 560 +","match_part"],[1,12778,12857,1,"M79","NODE_215_length_35093_cov_6.065428:hsp:134937:4.5.0.0","NODE_215_length_35093_cov_6.065428","genemark","genemark-NODE_215_length_35093_cov_6.065428-abinit-gene-0.11-mRNA-1 561 639 +","match_part"],[1,12944,12996,1,"M52","NODE_215_length_35093_cov_6.065428:hsp:134938:4.5.0.0","NODE_215_length_35093_cov_6.065428","genemark","genemark-NODE_215_length_35093_cov_6.065428-abinit-gene-0.11-mRNA-1 640 691 +","match_part"],[1,13071,13091,1,"M20","NODE_215_length_35093_cov_6.065428:hsp:134939:4.5.0.0","NODE_215_length_35093_cov_6.065428","genemark","genemark-NODE_215_length_35093_cov_6.065428-abinit-gene-0.11-mRNA-1 692 711 +","match_part"],[1,13160,13331,1,"M171","NODE_215_length_35093_cov_6.065428:hsp:134940:4.5.0.0","NODE_215_length_35093_cov_6.065428","genemark","genemark-NODE_215_length_35093_cov_6.065428-abinit-gene-0.11-mRNA-1 712 882 +","match_part"],[1,13399,13453,1,"M54","NODE_215_length_35093_cov_6.065428:hsp:134941:4.5.0.0","NODE_215_length_35093_cov_6.065428","genemark","genemark-NODE_215_length_35093_cov_6.065428-abinit-gene-0.11-mRNA-1 883 936 +","match_part"],[1,13530,13605,1,"M75","NODE_215_length_35093_cov_6.065428:hsp:134942:4.5.0.0","NODE_215_length_35093_cov_6.065428","genemark","genemark-NODE_215_length_35093_cov_6.065428-abinit-gene-0.11-mRNA-1 937 1011 +","match_part"],[1,16307,16456,1,"M149","NODE_215_length_35093_cov_6.065428:hsp:134943:4.5.0.0","NODE_215_length_35093_cov_6.065428","genemark","genemark-NODE_215_length_35093_cov_6.065428-abinit-gene-0.11-mRNA-1 1012 1160 +","match_part"],[1,16511,16715,1,"M204","NODE_215_length_35093_cov_6.065428:hsp:134944:4.5.0.0","NODE_215_length_35093_cov_6.065428","genemark","genemark-NODE_215_length_35093_cov_6.065428-abinit-gene-0.11-mRNA-1 1161 1364 +","match_part"],[1,16788,16939,1,"M151","NODE_215_length_35093_cov_6.065428:hsp:134945:4.5.0.0","NODE_215_length_35093_cov_6.065428","genemark","genemark-NODE_215_length_35093_cov_6.065428-abinit-gene-0.11-mRNA-1 1365 1515 +","match_part"],[1,17022,17100,1,"M78","NODE_215_length_35093_cov_6.065428:hsp:134946:4.5.0.0","NODE_215_length_35093_cov_6.065428","genemark","genemark-NODE_215_length_35093_cov_6.065428-abinit-gene-0.11-mRNA-1 1516 1593 +","match_part"],[1,17173,17343,1,"M170","NODE_215_length_35093_cov_6.065428:hsp:134947:4.5.0.0","NODE_215_length_35093_cov_6.065428","genemark","genemark-NODE_215_length_35093_cov_6.065428-abinit-gene-0.11-mRNA-1 1594 1763 +","match_part"],[1,17390,18133,1,"M743","NODE_215_length_35093_cov_6.065428:hsp:134948:4.5.0.0","NODE_215_length_35093_cov_6.065428","genemark","genemark-NODE_215_length_35093_cov_6.065428-abinit-gene-0.11-mRNA-1 1764 2506 +","match_part"],[1,19072,19248,1,"M176","NODE_215_length_35093_cov_6.065428:hsp:134949:4.5.0.0","NODE_215_length_35093_cov_6.065428","genemark","genemark-NODE_215_length_35093_cov_6.065428-abinit-gene-0.11-mRNA-1 2507 2682 +","match_part"],[1,19341,19420,1,"M79","NODE_215_length_35093_cov_6.065428:hsp:134950:4.5.0.0","NODE_215_length_35093_cov_6.065428","genemark","genemark-NODE_215_length_35093_cov_6.065428-abinit-gene-0.11-mRNA-1 2683 2761 +","match_part"],[1,19518,19580,1,"M62","NODE_215_length_35093_cov_6.065428:hsp:134951:4.5.0.0","NODE_215_length_35093_cov_6.065428","genemark","genemark-NODE_215_length_35093_cov_6.065428-abinit-gene-0.11-mRNA-1 2762 2823 +","match_part"],[1,19658,19756,1,"M98",