{"featureCount":9,"formatVersion":1,"histograms":{"meta":[{"arrayParams":{"chunkSize":10000,"length":3,"urlTemplate":"hist-1000-{Chunk}.json"},"basesPerBin":"1000"}],"stats":[{"basesPerBin":"1000","max":7,"mean":4.33333333333333}]},"intervals":{"classes":[{"attributes":["Start","End","Strand","Id","Name","Score","Seq_id","Source","Subfeatures","Target_length","Type"],"isArrayAttr":{"Subfeatures":1}},{"attributes":["Start","End","Strand","Gap","Id","Score","Seq_id","Source","Target","Type"],"isArrayAttr":{}},{"attributes":["Start","End","Chunk"],"isArrayAttr":{"Sublist":1}}],"count":9,"lazyClass":2,"maxEnd":2452,"minStart":602,"nclist":[[0,602,980,1,"NODE_7622_length_2810_cov_2.806933:hit:12188:3.2.0.0","TRINITY_DN33691_c0_g1_i1",372,"NODE_7622_length_2810_cov_2.806933","blastn",[[1,602,980,1,"M378","NODE_7622_length_2810_cov_2.806933:hsp:35844:3.2.0.0",372,"NODE_7622_length_2810_cov_2.806933","blastn","TRINITY_DN33691_c0_g1_i1 9 386 +","match_part"]],"386","expressed_sequence_match"],[0,977,1599,1,"NODE_7622_length_2810_cov_2.806933:hit:12189:3.2.0.0","TRINITY_DN8539_c0_g1_i1",100,"NODE_7622_length_2810_cov_2.806933","blastn",[[1,977,1077,1,"M100","NODE_7622_length_2810_cov_2.806933:hsp:35845:3.2.0.0",100,"NODE_7622_length_2810_cov_2.806933","blastn","TRINITY_DN8539_c0_g1_i1 1 100 +","match_part"],[1,1160,1367,1,"M207","NODE_7622_length_2810_cov_2.806933:hsp:35846:3.2.0.0",207,"NODE_7622_length_2810_cov_2.806933","blastn","TRINITY_DN8539_c0_g1_i1 100 306 +","match_part"],[1,1449,1599,1,"M150","NODE_7622_length_2810_cov_2.806933:hsp:35847:3.2.0.0",150,"NODE_7622_length_2810_cov_2.806933","blastn","TRINITY_DN8539_c0_g1_i1 306 455 +","match_part"]],"455","expressed_sequence_match"],[0,1434,1801,1,"NODE_7622_length_2810_cov_2.806933:hit:12190:3.2.0.0","TRINITY_DN3924_c0_g1_i2",151,"NODE_7622_length_2810_cov_2.806933","blastn",[[1,1434,1801,1,"M367","NODE_7622_length_2810_cov_2.806933:hsp:35848:3.2.0.0",151,"NODE_7622_length_2810_cov_2.806933","blastn","TRINITY_DN3924_c0_g1_i2 94 460 +","match_part"]],"752","expressed_sequence_match"],[0,1483,2037,1,"NODE_7622_length_2810_cov_2.806933:hit:12191:3.2.0.0","TRINITY_DN7997_c0_g2_i1",542,"NODE_7622_length_2810_cov_2.806933","blastn",[[1,1483,2037,1,"M554","NODE_7622_length_2810_cov_2.806933:hsp:35849:3.2.0.0",542,"NODE_7622_length_2810_cov_2.806933","blastn","TRINITY_DN7997_c0_g2_i1 1 554 +","match_part"]],"556","expressed_sequence_match",{"Sublist":[[0,1493,1864,1,"NODE_7622_length_2810_cov_2.806933:hit:12192:3.2.0.0","TRINITY_DN3924_c0_g3_i1",137,"NODE_7622_length_2810_cov_2.806933","blastn",[[1,1493,1864,1,"M371","NODE_7622_length_2810_cov_2.806933:hsp:35850:3.2.0.0",137,"NODE_7622_length_2810_cov_2.806933","blastn","TRINITY_DN3924_c0_g3_i1 7 377 +","match_part"]],"377","expressed_sequence_match"],[0,1621,1864,1,"NODE_7622_length_2810_cov_2.806933:hit:12193:3.2.0.0","TRINITY_DN3924_c0_g3_i2",81,"NODE_7622_length_2810_cov_2.806933","blastn",[[1,1621,1864,1,"M243","NODE_7622_length_2810_cov_2.806933:hsp:35851:3.2.0.0",81,"NODE_7622_length_2810_cov_2.806933","blastn","TRINITY_DN3924_c0_g3_i2 2 244 +","match_part"]],"244","expressed_sequence_match"]]}],[0,1722,2051,1,"NODE_7622_length_2810_cov_2.806933:hit:12194:3.2.0.0","TRINITY_DN7997_c0_g1_i1",75,"NODE_7622_length_2810_cov_2.806933","blastn",[[1,1722,1911,1,"M189","NODE_7622_length_2810_cov_2.806933:hsp:35852:3.2.0.0",75,"NODE_7622_length_2810_cov_2.806933","blastn","TRINITY_DN7997_c0_g1_i1 1 189 +","match_part"],[1,1976,2051,1,"M75","NODE_7622_length_2810_cov_2.806933:hsp:35853:3.2.0.0",63,"NODE_7622_length_2810_cov_2.806933","blastn","TRINITY_DN7997_c0_g1_i1 271 345 +","match_part"]],"388","expressed_sequence_match"],[0,1722,2051,1,"NODE_7622_length_2810_cov_2.806933:hit:12195:3.2.0.0","TRINITY_DN7997_c0_g1_i2",158,"NODE_7622_length_2810_cov_2.806933","blastn",[[1,1722,2051,1,"M189 I3 M1 I2 M54 I1 M85","NODE_7622_length_2810_cov_2.806933:hsp:35854:3.2.0.0",158,"NODE_7622_length_2810_cov_2.806933","blastn","TRINITY_DN7997_c0_g1_i2 1 335 +","match_part"]],"378","expressed_sequence_match"],[0,2046,2452,-1,"NODE_7622_length_2810_cov_2.806933:hit:12196:3.2.0.0","TRINITY_DN9042_c0_g1_i1",346,"NODE_7622_length_2810_cov_2.806933","blastn",[[1,2046,2452,-1,"M406","NODE_7622_length_2810_cov_2.806933:hsp:35855:3.2.0.0",346,"NODE_7622_length_2810_cov_2.806933","blastn","TRINITY_DN9042_c0_g1_i1 1 406 +","match_part"]],"406","expressed_sequence_match"]],"urlTemplate":"lf-{Chunk}.json"}}