{"featureCount":2,"formatVersion":1,"histograms":{"meta":[{"arrayParams":{"chunkSize":10000,"length":1,"urlTemplate":"hist-10000-{Chunk}.json"},"basesPerBin":"10000"}],"stats":[{"basesPerBin":"10000","max":2,"mean":2}]},"intervals":{"classes":[{"attributes":["Start","End","Strand","Id","Name","Score","Seq_id","Source","Subfeatures","Target_length","Type"],"isArrayAttr":{"Subfeatures":1}},{"attributes":["Start","End","Strand","Gap","Id","Score","Seq_id","Source","Target","Type"],"isArrayAttr":{}},{"attributes":["Start","End","Chunk"],"isArrayAttr":{"Sublist":1}}],"count":2,"lazyClass":2,"maxEnd":6574,"minStart":1890,"nclist":[[0,1890,3079,1,"NODE_3335_length_7300_cov_8.062317:hit:30570:4.5.0.0","augustus-NODE_3335_length_7300_cov_8.062317-abinit-gene-0.24-mRNA-1",0.25,"NODE_3335_length_7300_cov_8.062317","augustus",[[1,1890,1995,1,"M105","NODE_3335_length_7300_cov_8.062317:hsp:129620:4.5.0.0",0.25,"NODE_3335_length_7300_cov_8.062317","augustus","augustus-NODE_3335_length_7300_cov_8.062317-abinit-gene-0.24-mRNA-1 1 105 +","match_part"],[1,2159,2223,1,"M64","NODE_3335_length_7300_cov_8.062317:hsp:129621:4.5.0.0",0.25,"NODE_3335_length_7300_cov_8.062317","augustus","augustus-NODE_3335_length_7300_cov_8.062317-abinit-gene-0.24-mRNA-1 106 169 +","match_part"],[1,2339,2402,1,"M63","NODE_3335_length_7300_cov_8.062317:hsp:129622:4.5.0.0",0.25,"NODE_3335_length_7300_cov_8.062317","augustus","augustus-NODE_3335_length_7300_cov_8.062317-abinit-gene-0.24-mRNA-1 170 232 +","match_part"],[1,2626,2694,1,"M68","NODE_3335_length_7300_cov_8.062317:hsp:129623:4.5.0.0",0.25,"NODE_3335_length_7300_cov_8.062317","augustus","augustus-NODE_3335_length_7300_cov_8.062317-abinit-gene-0.24-mRNA-1 233 300 +","match_part"],[1,2767,2924,1,"M157","NODE_3335_length_7300_cov_8.062317:hsp:129624:4.5.0.0",0.25,"NODE_3335_length_7300_cov_8.062317","augustus","augustus-NODE_3335_length_7300_cov_8.062317-abinit-gene-0.24-mRNA-1 301 457 +","match_part"],[1,2987,3079,1,"M92","NODE_3335_length_7300_cov_8.062317:hsp:129625:4.5.0.0",0.25,"NODE_3335_length_7300_cov_8.062317","augustus","augustus-NODE_3335_length_7300_cov_8.062317-abinit-gene-0.24-mRNA-1 458 549 +","match_part"]],"7300","match"],[0,5696,6574,-1,"NODE_3335_length_7300_cov_8.062317:hit:30572:4.5.0.0","augustus-NODE_3335_length_7300_cov_8.062317-abinit-gene-0.25-mRNA-1",0.18,"NODE_3335_length_7300_cov_8.062317","augustus",[[1,6149,6574,-1,"M425","NODE_3335_length_7300_cov_8.062317:hsp:129630:4.5.0.0",0.18,"NODE_3335_length_7300_cov_8.062317","augustus","augustus-NODE_3335_length_7300_cov_8.062317-abinit-gene-0.25-mRNA-1 272 696 +","match_part"],[1,5934,6073,-1,"M139","NODE_3335_length_7300_cov_8.062317:hsp:129631:4.5.0.0",0.18,"NODE_3335_length_7300_cov_8.062317","augustus","augustus-NODE_3335_length_7300_cov_8.062317-abinit-gene-0.25-mRNA-1 133 271 +","match_part"],[1,5696,5828,-1,"M132","NODE_3335_length_7300_cov_8.062317:hsp:129632:4.5.0.0",0.18,"NODE_3335_length_7300_cov_8.062317","augustus","augustus-NODE_3335_length_7300_cov_8.062317-abinit-gene-0.25-mRNA-1 1 132 +","match_part"]],"7300","match"]],"urlTemplate":"lf-{Chunk}.json"}}