{"featureCount":9,"formatVersion":1,"histograms":{"meta":[{"arrayParams":{"chunkSize":10000,"length":3,"urlTemplate":"hist-500-{Chunk}.json"},"basesPerBin":"500"}],"stats":[{"basesPerBin":"500","max":9,"mean":8.66666666666667}]},"intervals":{"classes":[{"attributes":["Start","End","Strand","Aligned_coverage","Aligned_identity","Id","Name","Score","Seq_id","Source","Subfeatures","Target_length","Type"],"isArrayAttr":{"Subfeatures":1}},{"attributes":["Start","End","Strand","Gap","Id","Score","Seq_id","Source","Target","Type"],"isArrayAttr":{}},{"attributes":["Start","End","Chunk"],"isArrayAttr":{"Sublist":1}}],"count":9,"lazyClass":2,"maxEnd":1078,"minStart":78,"nclist":[[0,78,1078,1,"99.26","85.8","NODE_1821_length_12293_cov_6.147296:hit:117681:3.2.0.0","TRINITY_DN5904_c0_g1_i6",3346,"NODE_1821_length_12293_cov_6.147296","est2genome",[[1,78,151,1,"M73","NODE_1821_length_12293_cov_6.147296:hsp:582917:3.2.0.0",3346,"NODE_1821_length_12293_cov_6.147296","est2genome","TRINITY_DN5904_c0_g1_i6 8 80 +","match_part"],[1,202,900,1,"M7 I1 M10 D2 M106 I1 M123 D1 M17 I1 M205 D2 M7 I7 M8 I1 M35 I1 M86 I3 M4 I3 M8 I7 M73 I2 M3 I2 M1","NODE_1821_length_12293_cov_6.147296:hsp:582918:3.2.0.0",3346,"NODE_1821_length_12293_cov_6.147296","est2genome","TRINITY_DN5904_c0_g1_i6 81 802 +","match_part"],[1,920,1078,1,"M69 D2 M7 D8 M12 D6 M24 D3 M2 D1 M24","NODE_1821_length_12293_cov_6.147296:hsp:582919:3.2.0.0",3346,"NODE_1821_length_12293_cov_6.147296","est2genome","TRINITY_DN5904_c0_g1_i6 803 940 +","match_part"]],"940","expressed_sequence_match"],[0,78,1078,1,"99.29","85.6","NODE_1821_length_12293_cov_6.147296:hit:117682:3.2.0.0","TRINITY_DN5904_c0_g1_i7",3552,"NODE_1821_length_12293_cov_6.147296","est2genome",[[1,78,900,1,"M69 D10 M10 D2 M63 I1 M95 I1 M123 D1 M17 I1 M205 D2 M7 I7 M8 I1 M35 I1 M86 I3 M4 I3 M8 I7 M73 I2 M3 I2 M1","NODE_1821_length_12293_cov_6.147296:hsp:582920:3.2.0.0",3552,"NODE_1821_length_12293_cov_6.147296","est2genome","TRINITY_DN5904_c0_g1_i7 8 843 +","match_part"],[1,920,1078,1,"M69 D2 M7 D8 M12 D6 M24 D3 M2 D1 M24","NODE_1821_length_12293_cov_6.147296:hsp:582921:3.2.0.0",3552,"NODE_1821_length_12293_cov_6.147296","est2genome","TRINITY_DN5904_c0_g1_i7 844 981 +","match_part"]],"981","expressed_sequence_match"],[0,177,1078,1,"100","85.6","NODE_1821_length_12293_cov_6.147296:hit:117683:3.2.0.0","TRINITY_DN5904_c0_g1_i1",3194,"NODE_1821_length_12293_cov_6.147296","est2genome",[[1,177,900,1,"M55 I1 M111 D2 M105 D1 M17 I1 M205 D2 M7 I7 M8 I1 M35 I1 M86 I3 M4 I3 M8 I7 M73 I2 M3 I2 M1","NODE_1821_length_12293_cov_6.147296:hsp:582922:3.2.0.0",3194,"NODE_1821_length_12293_cov_6.147296","est2genome","TRINITY_DN5904_c0_g1_i1 1 746 +","match_part"],[1,920,1078,1,"M69 D2 M7 D8 M12 D6 M24 D3 M2 D1 M24","NODE_1821_length_12293_cov_6.147296:hsp:582923:3.2.0.0",3194,"NODE_1821_length_12293_cov_6.147296","est2genome","TRINITY_DN5904_c0_g1_i1 747 884 +","match_part"]],"884","expressed_sequence_match"],[0,177,1078,1,"100","85.9","NODE_1821_length_12293_cov_6.147296:hit:117684:3.2.0.0","TRINITY_DN5904_c0_g1_i2",3229,"NODE_1821_length_12293_cov_6.147296","est2genome",[[1,177,900,1,"M55 I1 M111 D2 M123 I1 M205 D2 M7 I7 M8 I1 M35 I1 M86 I3 M4 I3 M8 I7 M73 I2 M3 I2 M1","NODE_1821_length_12293_cov_6.147296:hsp:582924:3.2.0.0",3229,"NODE_1821_length_12293_cov_6.147296","est2genome","TRINITY_DN5904_c0_g1_i2 1 747 +","match_part"],[1,920,1078,1,"M69 D2 M7 D8 M12 D6 M24 D3 M2 D1 M24","NODE_1821_length_12293_cov_6.147296:hsp:582925:3.2.0.0",3229,"NODE_1821_length_12293_cov_6.147296","est2genome","TRINITY_DN5904_c0_g1_i2 748 885 +","match_part"]],"885","expressed_sequence_match"],[0,177,1078,1,"100","80.6","NODE_1821_length_12293_cov_6.147296:hit:117685:3.2.0.0","TRINITY_DN5904_c0_g1_i3",2639,"NODE_1821_length_12293_cov_6.147296","est2genome",[[1,177,416,1,"M55 I1 M111 D2 M71","NODE_1821_length_12293_cov_6.147296:hsp:582926:3.2.0.0",2639,"NODE_1821_length_12293_cov_6.147296","est2genome","TRINITY_DN5904_c0_g1_i3 1 238 +","match_part"],[1,440,900,1,"M6 D2 M2 D2 M12 D1 M13 D1 M15 I1 M44 I1 M64 I2 M36 D6 M29 D2 M7 I7 M8 I1 M35 I1 M86 I3 M4 I3 M8 I7 M73 I2 M3 I2 M1","NODE_1821_length_12293_cov_6.147296:hsp:582927:3.2.0.0",2639,"NODE_1821_length_12293_cov_6.147296","est2genome","TRINITY_DN5904_c0_g1_i3 239 714 +","match_part"],[1,920,1078,1,"M69 D2 M7 D8 M12 D6 M24 D3 M2 D1 M24","NODE_1821_length_12293_cov_6.147296:hsp:582928:3.2.0.0",2639,"NODE_1821_length_12293_cov_6.147296","est2genome","TRINITY_DN5904_c0_g1_i3 715 852 +","match_part"]],"852","expressed_sequence_match"],[0,177,1078,1,"100","80.9","NODE_1821_length_12293_cov_6.147296:hit:117686:3.2.0.0","TRINITY_DN5904_c0_g1_i9",2657,"NODE_1821_length_12293_cov_6.147296","est2genome",[[1,177,416,1,"M55 I1 M111 D2 M71","NODE_1821_length_12293_cov_6.147296:hsp:582929:3.2.0.0",2657,"NODE_1821_length_12293_cov_6.147296","est2genome","TRINITY_DN5904_c0_g1_i9 1 238 +","match_part"],[1,440,900,1,"M6 D2 M2 D2 M12 D1 M13 D1 M9 I1 M50 I1 M64 I2 M36 D6 M29 D2 M7 I7 M8 I1 M35 I1 M86 I3 M4 I3 M8 I7 M73 I2 M3 I2 M1","NODE_1821_length_12293_cov_6.147296:hsp:582930:3.2.0.0",2657,"NODE_1821_length_12293_cov_6.147296","est2genome","TRINITY_DN5904_c0_g1_i9 239 714 +","match_part"],[1,920,1078,1,"M69 D2 M7 D8 M12 D6 M24 D3 M2 D1 M24","NODE_1821_length_12293_cov_6.147296:hsp:582931:3.2.0.0",2657,"NODE_1821_length_12293_cov_6.147296","est2genome","TRINITY_DN5904_c0_g1_i9 715 852 +","match_part"]],"852","expressed_sequence_match"],[0,177,1078,1,"100","85.5","NODE_1821_length_12293_cov_6.147296:hit:117687:3.2.0.0","TRINITY_DN5904_c0_g1_i4",3193,"NODE_1821_length_12293_cov_6.147296","est2genome",[[1,177,900,1,"M55 I1 M111 D2 M123 I1 M205 D2 M7 I7 M8 I1 M35 I1 M86 I3 M4 I3 M8 I7 M73 I2 M3 I2 M1","NODE_1821_length_12293_cov_6.147296:hsp:582932:3.2.0.0",3193,"NODE_1821_length_12293_cov_6.147296","est2genome","TRINITY_DN5904_c0_g1_i4 1 747 +","match_part"],[1,920,1078,1,"M69 D2 M7 D8 M12 D6 M24 D3 M2 D1 M24","NODE_1821_length_12293_cov_6.147296:hsp:582933:3.2.0.0",3193,"NODE_1821_length_12293_cov_6.147296","est2genome","TRINITY_DN5904_c0_g1_i4 748 885 +","match_part"]],"885","expressed_sequence_match"],[0,232,1078,1,"100","79.9","NODE_1821_length_12293_cov_6.147296:hit:117689:3.2.0.0","TRINITY_DN5904_c0_g1_i10",2412,"NODE_1821_length_12293_cov_6.147296","est2genome",[[1,232,416,1,"M111 D2 M71","NODE_1821_length_12293_cov_6.147296:hsp:582936:3.2.0.0",2412,"NODE_1821_length_12293_cov_6.147296","est2genome","TRINITY_DN5904_c0_g1_i10 1 182 +","match_part"],[1,440,900,1,"M6 D2 M2 D2 M12 D1 M13 D1 M15 I1 M44 I1 M64 I2 M36 D6 M29 D2 M7 I7 M8 I1 M35 I1 M86 I3 M4 I3 M8 I7 M73 I2 M3 I2 M1","NODE_1821_length_12293_cov_6.147296:hsp:582937:3.2.0.0",2412,"NODE_1821_length_12293_cov_6.147296","est2genome","TRINITY_DN5904_c0_g1_i10 183 658 +","match_part"],[1,920,1078,1,"M69 D2 M7 D8 M12 D6 M24 D3 M2 D1 M24","NODE_1821_length_12293_cov_6.147296:hsp:582938:3.2.0.0",2412,"NODE_1821_length_12293_cov_6.147296","est2genome","TRINITY_DN5904_c0_g1_i10 659 796 +","match_part"]],"796","expressed_sequence_match",{"Sublist":[[0,232,678,1,"100","83.3","NODE_1821_length_12293_cov_6.147296:hit:117688:3.2.0.0","TRINITY_DN5904_c0_g1_i8",1386,"NODE_1821_length_12293_cov_6.147296","est2genome",[[1,232,416,1,"M111 D2 M71","NODE_1821_length_12293_cov_6.147296:hsp:582934:3.2.0.0",1386,"NODE_1821_length_12293_cov_6.147296","est2genome","TRINITY_DN5904_c0_g1_i8 1 182 +","match_part"],[1,440,678,1,"M6 D2 M2 D2 M12 D1 M13 D1 M9 I1 M50 I1 M64 I7 M16 D1 M19 D1 M10 D2 M27","NODE_1821_length_12293_cov_6.147296:hsp:582935:3.2.0.0",1386,"NODE_1821_length_12293_cov_6.147296","est2genome","TRINITY_DN5904_c0_g1_i8 183 419 +","match_part"]],"419","expressed_sequence_match"]]}]],"urlTemplate":"lf-{Chunk}.json"}}