{"featureCount":2,"formatVersion":1,"histograms":{"meta":[{"arrayParams":{"chunkSize":10000,"length":1,"urlTemplate":"hist-10000-{Chunk}.json"},"basesPerBin":"10000"}],"stats":[{"basesPerBin":"10000","max":2,"mean":2}]},"intervals":{"classes":[{"attributes":["Start","End","Strand","Id","Name","Score","Seq_id","Source","Subfeatures","Target_length","Type"],"isArrayAttr":{"Subfeatures":1}},{"attributes":["Start","End","Strand","Gap","Id","Score","Seq_id","Source","Target","Type"],"isArrayAttr":{}},{"attributes":["Start","End","Chunk"],"isArrayAttr":{"Sublist":1}}],"count":2,"lazyClass":2,"maxEnd":4961,"minStart":1295,"nclist":[[0,1295,3021,1,"NODE_4940_length_5167_cov_7.427778:hit:10695:4.5.0.0","augustus-NODE_4940_length_5167_cov_7.427778-abinit-gene-0.4-mRNA-1",0.08,"NODE_4940_length_5167_cov_7.427778","augustus",[[1,1295,1397,1,"M102","NODE_4940_length_5167_cov_7.427778:hsp:37254:4.5.0.0",0.08,"NODE_4940_length_5167_cov_7.427778","augustus","augustus-NODE_4940_length_5167_cov_7.427778-abinit-gene-0.4-mRNA-1 1 102 +","match_part"],[1,1507,1580,1,"M73","NODE_4940_length_5167_cov_7.427778:hsp:37255:4.5.0.0",0.08,"NODE_4940_length_5167_cov_7.427778","augustus","augustus-NODE_4940_length_5167_cov_7.427778-abinit-gene-0.4-mRNA-1 103 175 +","match_part"],[1,1662,1836,1,"M174","NODE_4940_length_5167_cov_7.427778:hsp:37256:4.5.0.0",0.08,"NODE_4940_length_5167_cov_7.427778","augustus","augustus-NODE_4940_length_5167_cov_7.427778-abinit-gene-0.4-mRNA-1 176 349 +","match_part"],[1,1947,2043,1,"M96","NODE_4940_length_5167_cov_7.427778:hsp:37257:4.5.0.0",0.08,"NODE_4940_length_5167_cov_7.427778","augustus","augustus-NODE_4940_length_5167_cov_7.427778-abinit-gene-0.4-mRNA-1 350 445 +","match_part"],[1,2119,2274,1,"M155","NODE_4940_length_5167_cov_7.427778:hsp:37258:4.5.0.0",0.08,"NODE_4940_length_5167_cov_7.427778","augustus","augustus-NODE_4940_length_5167_cov_7.427778-abinit-gene-0.4-mRNA-1 446 600 +","match_part"],[1,2355,2448,1,"M93","NODE_4940_length_5167_cov_7.427778:hsp:37259:4.5.0.0",0.08,"NODE_4940_length_5167_cov_7.427778","augustus","augustus-NODE_4940_length_5167_cov_7.427778-abinit-gene-0.4-mRNA-1 601 693 +","match_part"],[1,2523,3021,1,"M498","NODE_4940_length_5167_cov_7.427778:hsp:37260:4.5.0.0",0.08,"NODE_4940_length_5167_cov_7.427778","augustus","augustus-NODE_4940_length_5167_cov_7.427778-abinit-gene-0.4-mRNA-1 694 1191 +","match_part"]],"5167","match"],[0,3776,4961,1,"NODE_4940_length_5167_cov_7.427778:hit:10698:4.5.0.0","augustus-NODE_4940_length_5167_cov_7.427778-abinit-gene-0.5-mRNA-1",0.53,"NODE_4940_length_5167_cov_7.427778","augustus",[[1,3776,4961,1,"M1185","NODE_4940_length_5167_cov_7.427778:hsp:37268:4.5.0.0",0.53,"NODE_4940_length_5167_cov_7.427778","augustus","augustus-NODE_4940_length_5167_cov_7.427778-abinit-gene-0.5-mRNA-1 1 1185 +","match_part"]],"5167","match"]],"urlTemplate":"lf-{Chunk}.json"}}