{"featureCount":2,"formatVersion":1,"histograms":{"meta":[{"arrayParams":{"chunkSize":10000,"length":1,"urlTemplate":"hist-5000-{Chunk}.json"},"basesPerBin":"5000"}],"stats":[{"basesPerBin":"5000","max":2,"mean":2}]},"intervals":{"classes":[{"attributes":["Start","End","Strand","Id","Name","Seq_id","Source","Subfeatures","Target_length","Type"],"isArrayAttr":{"Subfeatures":1}},{"attributes":["Start","End","Strand","Gap","Id","Seq_id","Source","Target","Type"],"isArrayAttr":{}},{"attributes":["Start","End","Strand","Id","Seq_id","Source","Target","Type"],"isArrayAttr":{}},{"attributes":["Start","End","Chunk"],"isArrayAttr":{"Sublist":1}}],"count":2,"lazyClass":3,"maxEnd":3869,"minStart":2077,"nclist":[[0,2077,3297,-1,"NODE_5770_length_4306_cov_9.642737:hit:18139:4.5.0.0","genemark-NODE_5770_length_4306_cov_9.642737-abinit-gene-0.6-mRNA-1","NODE_5770_length_4306_cov_9.642737","genemark",[[1,3036,3297,-1,"M261","NODE_5770_length_4306_cov_9.642737:hsp:62610:4.5.0.0","NODE_5770_length_4306_cov_9.642737","genemark","genemark-NODE_5770_length_4306_cov_9.642737-abinit-gene-0.6-mRNA-1 532 792 +","match_part"],[1,2840,2941,-1,"M101","NODE_5770_length_4306_cov_9.642737:hsp:62611:4.5.0.0","NODE_5770_length_4306_cov_9.642737","genemark","genemark-NODE_5770_length_4306_cov_9.642737-abinit-gene-0.6-mRNA-1 431 531 +","match_part"],[1,2617,2777,-1,"M160","NODE_5770_length_4306_cov_9.642737:hsp:62612:4.5.0.0","NODE_5770_length_4306_cov_9.642737","genemark","genemark-NODE_5770_length_4306_cov_9.642737-abinit-gene-0.6-mRNA-1 271 430 +","match_part"],[1,2457,2541,-1,"M84","NODE_5770_length_4306_cov_9.642737:hsp:62613:4.5.0.0","NODE_5770_length_4306_cov_9.642737","genemark","genemark-NODE_5770_length_4306_cov_9.642737-abinit-gene-0.6-mRNA-1 187 270 +","match_part"],[1,2330,2399,-1,"M69","NODE_5770_length_4306_cov_9.642737:hsp:62614:4.5.0.0","NODE_5770_length_4306_cov_9.642737","genemark","genemark-NODE_5770_length_4306_cov_9.642737-abinit-gene-0.6-mRNA-1 118 186 +","match_part"],[1,2223,2277,-1,"M54","NODE_5770_length_4306_cov_9.642737:hsp:62615:4.5.0.0","NODE_5770_length_4306_cov_9.642737","genemark","genemark-NODE_5770_length_4306_cov_9.642737-abinit-gene-0.6-mRNA-1 64 117 +","match_part"],[1,2077,2140,-1,"M63","NODE_5770_length_4306_cov_9.642737:hsp:62616:4.5.0.0","NODE_5770_length_4306_cov_9.642737","genemark","genemark-NODE_5770_length_4306_cov_9.642737-abinit-gene-0.6-mRNA-1 1 63 +","match_part"]],"4306","match"],[0,3617,3869,-1,"NODE_5770_length_4306_cov_9.642737:hit:18141:4.5.0.0","genemark-NODE_5770_length_4306_cov_9.642737-abinit-gene-0.7-mRNA-1","NODE_5770_length_4306_cov_9.642737","genemark",[[1,3617,3869,-1,"M252","NODE_5770_length_4306_cov_9.642737:hsp:62624:4.5.0.0","NODE_5770_length_4306_cov_9.642737","genemark","genemark-NODE_5770_length_4306_cov_9.642737-abinit-gene-0.7-mRNA-1 1 252 +","match_part"]],"4306","match"]],"urlTemplate":"lf-{Chunk}.json"}}