{"featureCount":10,"formatVersion":1,"histograms":{"meta":[{"arrayParams":{"chunkSize":10000,"length":3,"urlTemplate":"hist-2000-{Chunk}.json"},"basesPerBin":"2000"}],"stats":[{"basesPerBin":"2000","max":10,"mean":7.66666666666667}]},"intervals":{"classes":[{"attributes":["Start","End","Strand","Aligned_coverage","Aligned_identity","Id","Name","Score","Seq_id","Source","Subfeatures","Target_length","Type"],"isArrayAttr":{"Subfeatures":1}},{"attributes":["Start","End","Strand","Gap","Id","Score","Seq_id","Source","Target","Type"],"isArrayAttr":{}},{"attributes":["Start","End","Chunk"],"isArrayAttr":{"Sublist":1}}],"count":10,"lazyClass":2,"maxEnd":4209,"minStart":0,"nclist":[[0,0,520,-1,"84.97","99.8","NODE_5868_length_4209_cov_8.015924:hit:19088:3.2.0.0","TRINITY_DN30749_c0_g1_i1",2591,"NODE_5868_length_4209_cov_8.015924","est2genome",[[1,0,520,-1,"M520","NODE_5868_length_4209_cov_8.015924:hsp:65665:3.2.0.0",2591,"NODE_5868_length_4209_cov_8.015924","est2genome","TRINITY_DN30749_c0_g1_i1 1 520 +","match_part"]],"612","expressed_sequence_match"],[0,592,1126,-1,"99.26","99","NODE_5868_length_4209_cov_8.015924:hit:19089:3.2.0.0","TRINITY_DN21413_c0_g1_i1",1960,"NODE_5868_length_4209_cov_8.015924","est2genome",[[1,851,1126,-1,"M275","NODE_5868_length_4209_cov_8.015924:hsp:65666:3.2.0.0",1960,"NODE_5868_length_4209_cov_8.015924","est2genome","TRINITY_DN21413_c0_g1_i1 1 275 +","match_part"],[1,592,721,-1,"M129","NODE_5868_length_4209_cov_8.015924:hsp:65667:3.2.0.0",1960,"NODE_5868_length_4209_cov_8.015924","est2genome","TRINITY_DN21413_c0_g1_i1 276 404 +","match_part"]],"407","expressed_sequence_match"],[0,1200,4209,1,"94.92","96","NODE_5868_length_4209_cov_8.015924:hit:19094:3.2.0.0","TRINITY_DN4889_c0_g1_i5",13220,"NODE_5868_length_4209_cov_8.015924","est2genome",[[1,1200,1889,1,"M9 I4 M4 I2 M18 D1 M11 D1 M13 I3 M8 I2 M1 I2 M26 D2 M15 D1 M9 D1 M569","NODE_5868_length_4209_cov_8.015924:hsp:65678:3.2.0.0",13220,"NODE_5868_length_4209_cov_8.015924","est2genome","TRINITY_DN4889_c0_g1_i5 5 700 +","match_part"],[1,1959,3026,1,"M40 D8 M870 I6 M149","NODE_5868_length_4209_cov_8.015924:hsp:65679:3.2.0.0",13220,"NODE_5868_length_4209_cov_8.015924","est2genome","TRINITY_DN4889_c0_g1_i5 701 1765 +","match_part"],[1,3111,4209,1,"M1098","NODE_5868_length_4209_cov_8.015924:hsp:65680:3.2.0.0",13220,"NODE_5868_length_4209_cov_8.015924","est2genome","TRINITY_DN4889_c0_g1_i5 1766 2863 +","match_part"]],"3012","expressed_sequence_match"],[0,1200,4209,1,"94.94","95.5","NODE_5868_length_4209_cov_8.015924:hit:19095:3.2.0.0","TRINITY_DN4889_c0_g1_i10",13123,"NODE_5868_length_4209_cov_8.015924","est2genome",[[1,1200,1889,1,"M9 I4 M4 I2 M18 D1 M11 D1 M13 I3 M8 I2 M1 I2 M26 D2 M15 D1 M9 D1 M569","NODE_5868_length_4209_cov_8.015924:hsp:65681:3.2.0.0",13123,"NODE_5868_length_4209_cov_8.015924","est2genome","TRINITY_DN4889_c0_g1_i10 5 700 +","match_part"],[1,1959,3026,1,"M40 D8 M503 I2 M367 I6 M149","NODE_5868_length_4209_cov_8.015924:hsp:65682:3.2.0.0",13123,"NODE_5868_length_4209_cov_8.015924","est2genome","TRINITY_DN4889_c0_g1_i10 701 1767 +","match_part"],[1,3111,4209,1,"M353 I1 M3 I6 M2 I5 M740","NODE_5868_length_4209_cov_8.015924:hsp:65683:3.2.0.0",13123,"NODE_5868_length_4209_cov_8.015924","est2genome","TRINITY_DN4889_c0_g1_i10 1768 2877 +","match_part"]],"3026","expressed_sequence_match"],[0,1200,4209,1,"94.92","96","NODE_5868_length_4209_cov_8.015924:hit:19097:3.2.0.0","TRINITY_DN4889_c0_g1_i7",13204,"NODE_5868_length_4209_cov_8.015924","est2genome",[[1,1200,1889,1,"M9 I4 M4 I2 M18 D1 M11 D1 M13 I3 M8 I2 M1 I2 M26 D2 M15 D1 M9 D1 M569","NODE_5868_length_4209_cov_8.015924:hsp:65687:3.2.0.0",13204,"NODE_5868_length_4209_cov_8.015924","est2genome","TRINITY_DN4889_c0_g1_i7 5 700 +","match_part"],[1,1959,3026,1,"M40 D8 M503 I2 M367 I6 M149","NODE_5868_length_4209_cov_8.015924:hsp:65688:3.2.0.0",13204,"NODE_5868_length_4209_cov_8.015924","est2genome","TRINITY_DN4889_c0_g1_i7 701 1767 +","match_part"],[1,3111,4209,1,"M1098","NODE_5868_length_4209_cov_8.015924:hsp:65689:3.2.0.0",13204,"NODE_5868_length_4209_cov_8.015924","est2genome","TRINITY_DN4889_c0_g1_i7 1768 2865 +","match_part"]],"3014","expressed_sequence_match",{"Sublist":[[0,1200,4202,1,"99.86","96","NODE_5868_length_4209_cov_8.015924:hit:19090:3.2.0.0","TRINITY_DN4889_c0_g1_i1",13175,"NODE_5868_length_4209_cov_8.015924","est2genome",[[1,1200,1889,1,"M9 I4 M4 I2 M18 D1 M11 D1 M13 I3 M8 I2 M1 I2 M26 D2 M15 D1 M9 D1 M408 I1 M161","NODE_5868_length_4209_cov_8.015924:hsp:65668:3.2.0.0",13175,"NODE_5868_length_4209_cov_8.015924","est2genome","TRINITY_DN4889_c0_g1_i1 5 701 +","match_part"],[1,1959,3026,1,"M40 D8 M503 I2 M367 I6 M149","NODE_5868_length_4209_cov_8.015924:hsp:65669:3.2.0.0",13175,"NODE_5868_length_4209_cov_8.015924","est2genome","TRINITY_DN4889_c0_g1_i1 702 1768 +","match_part"],[1,3111,4202,1,"M1091","NODE_5868_length_4209_cov_8.015924:hsp:65670:3.2.0.0",13175,"NODE_5868_length_4209_cov_8.015924","est2genome","TRINITY_DN4889_c0_g1_i1 1769 2859 +","match_part"]],"2859","expressed_sequence_match"],[0,1200,4202,1,"99.86","96.1","NODE_5868_length_4209_cov_8.015924:hit:19092:3.2.0.0","TRINITY_DN4889_c0_g1_i3",13193,"NODE_5868_length_4209_cov_8.015924","est2genome",[[1,1200,1889,1,"M9 I4 M4 I2 M18 D1 M11 D1 M13 I3 M8 I2 M1 I2 M26 D2 M15 D1 M9 D1 M408 I1 M161","NODE_5868_length_4209_cov_8.015924:hsp:65674:3.2.0.0",13193,"NODE_5868_length_4209_cov_8.015924","est2genome","TRINITY_DN4889_c0_g1_i3 5 701 +","match_part"],[1,1959,3026,1,"M40 D8 M503 I2 M367 I6 M149","NODE_5868_length_4209_cov_8.015924:hsp:65675:3.2.0.0",13193,"NODE_5868_length_4209_cov_8.015924","est2genome","TRINITY_DN4889_c0_g1_i3 702 1768 +","match_part"],[1,3111,4202,1,"M1091","NODE_5868_length_4209_cov_8.015924:hsp:65676:3.2.0.0",13193,"NODE_5868_length_4209_cov_8.015924","est2genome","TRINITY_DN4889_c0_g1_i3 1769 2859 +","match_part"]],"2859","expressed_sequence_match"],[0,1200,4202,1,"99.86","96.1","NODE_5868_length_4209_cov_8.015924:hit:19096:3.2.0.0","TRINITY_DN4889_c0_g1_i6",13205,"NODE_5868_length_4209_cov_8.015924","est2genome",[[1,1200,1889,1,"M9 I4 M4 I2 M18 D1 M11 D1 M13 I3 M8 I2 M1 I2 M26 D2 M15 D1 M9 D1 M569","NODE_5868_length_4209_cov_8.015924:hsp:65684:3.2.0.0",13205,"NODE_5868_length_4209_cov_8.015924","est2genome","TRINITY_DN4889_c0_g1_i6 5 700 +","match_part"],[1,1959,3026,1,"M40 D8 M503 I2 M367 I6 M149","NODE_5868_length_4209_cov_8.015924:hsp:65685:3.2.0.0",13205,"NODE_5868_length_4209_cov_8.015924","est2genome","TRINITY_DN4889_c0_g1_i6 701 1767 +","match_part"],[1,3111,4202,1,"M1091","NODE_5868_length_4209_cov_8.015924:hsp:65686:3.2.0.0",13205,"NODE_5868_length_4209_cov_8.015924","est2genome","TRINITY_DN4889_c0_g1_i6 1768 2858 +","match_part"]],"2858","expressed_sequence_match",{"Sublist":[[0,1200,3447,1,"99.81","94.7","NODE_5868_length_4209_cov_8.015924:hit:19091:3.2.0.0","TRINITY_DN4889_c0_g1_i2",9413,"NODE_5868_length_4209_cov_8.015924","est2genome",[[1,1200,1889,1,"M9 I4 M4 I2 M18 D1 M11 D1 M13 I3 M8 I2 M1 I2 M26 D2 M15 D1 M9 D1 M569","NODE_5868_length_4209_cov_8.015924:hsp:65671:3.2.0.0",9413,"NODE_5868_length_4209_cov_8.015924","est2genome","TRINITY_DN4889_c0_g1_i2 5 700 +","match_part"],[1,1959,3026,1,"M40 D8 M124 D4 M375 I2 M367 I6 M149","NODE_5868_length_4209_cov_8.015924:hsp:65672:3.2.0.0",9413,"NODE_5868_length_4209_cov_8.015924","est2genome","TRINITY_DN4889_c0_g1_i2 701 1763 +","match_part"],[1,3111,3447,1,"M336","NODE_5868_length_4209_cov_8.015924:hsp:65673:3.2.0.0",9413,"NODE_5868_length_4209_cov_8.015924","est2genome","TRINITY_DN4889_c0_g1_i2 1764 2099 +","match_part"]],