{"featureCount":6,"formatVersion":1,"histograms":{"meta":[{"arrayParams":{"chunkSize":10000,"length":2,"urlTemplate":"hist-10000-{Chunk}.json"},"basesPerBin":"10000"}],"stats":[{"basesPerBin":"10000","max":5,"mean":3}]},"intervals":{"classes":[{"attributes":["Start","End","Strand","Id","Name","Seq_id","Source","Subfeatures","Target_length","Type"],"isArrayAttr":{"Subfeatures":1}},{"attributes":["Start","End","Strand","Gap","Id","Seq_id","Source","Target","Type"],"isArrayAttr":{}},{"attributes":["Start","End","Strand","Id","Seq_id","Source","Target","Type"],"isArrayAttr":{}},{"attributes":["Start","End","Chunk"],"isArrayAttr":{"Sublist":1}}],"count":6,"lazyClass":3,"maxEnd":17065,"minStart":179,"nclist":[[0,179,681,1,"NODE_1102_length_17086_cov_7.554809:hit:87481:4.5.0.0","genemark-NODE_1102_length_17086_cov_7.554809-abinit-gene-0.0-mRNA-1","NODE_1102_length_17086_cov_7.554809","genemark",[[1,179,421,1,"M242","NODE_1102_length_17086_cov_7.554809:hsp:445969:4.5.0.0","NODE_1102_length_17086_cov_7.554809","genemark","genemark-NODE_1102_length_17086_cov_7.554809-abinit-gene-0.0-mRNA-1 1 242 +","match_part"],[1,494,681,1,"M187","NODE_1102_length_17086_cov_7.554809:hsp:445970:4.5.0.0","NODE_1102_length_17086_cov_7.554809","genemark","genemark-NODE_1102_length_17086_cov_7.554809-abinit-gene-0.0-mRNA-1 243 429 +","match_part"]],"17086","match"],[0,736,2278,1,"NODE_1102_length_17086_cov_7.554809:hit:87485:4.5.0.0","genemark-NODE_1102_length_17086_cov_7.554809-abinit-gene-0.1-mRNA-1","NODE_1102_length_17086_cov_7.554809","genemark",[[1,736,2278,1,"M1542","NODE_1102_length_17086_cov_7.554809:hsp:445976:4.5.0.0","NODE_1102_length_17086_cov_7.554809","genemark","genemark-NODE_1102_length_17086_cov_7.554809-abinit-gene-0.1-mRNA-1 1 1542 +","match_part"]],"17086","match"],[0,2878,3756,1,"NODE_1102_length_17086_cov_7.554809:hit:87488:4.5.0.0","genemark-NODE_1102_length_17086_cov_7.554809-abinit-gene-0.2-mRNA-1","NODE_1102_length_17086_cov_7.554809","genemark",[[1,2878,2933,1,"M55","NODE_1102_length_17086_cov_7.554809:hsp:445982:4.5.0.0","NODE_1102_length_17086_cov_7.554809","genemark","genemark-NODE_1102_length_17086_cov_7.554809-abinit-gene-0.2-mRNA-1 1 55 +","match_part"],[1,3027,3102,1,"M75","NODE_1102_length_17086_cov_7.554809:hsp:445983:4.5.0.0","NODE_1102_length_17086_cov_7.554809","genemark","genemark-NODE_1102_length_17086_cov_7.554809-abinit-gene-0.2-mRNA-1 56 130 +","match_part"],[1,3179,3260,1,"M81","NODE_1102_length_17086_cov_7.554809:hsp:445984:4.5.0.0","NODE_1102_length_17086_cov_7.554809","genemark","genemark-NODE_1102_length_17086_cov_7.554809-abinit-gene-0.2-mRNA-1 131 211 +","match_part"],[1,3319,3756,1,"M437","NODE_1102_length_17086_cov_7.554809:hsp:445985:4.5.0.0","NODE_1102_length_17086_cov_7.554809","genemark","genemark-NODE_1102_length_17086_cov_7.554809-abinit-gene-0.2-mRNA-1 212 648 +","match_part"]],"17086","match"],[0,4010,5265,-1,"NODE_1102_length_17086_cov_7.554809:hit:87490:4.5.0.0","genemark-NODE_1102_length_17086_cov_7.554809-abinit-gene-0.5-mRNA-1","NODE_1102_length_17086_cov_7.554809","genemark",[[1,4892,5265,-1,"M373","NODE_1102_length_17086_cov_7.554809:hsp:445990:4.5.0.0","NODE_1102_length_17086_cov_7.554809","genemark","genemark-NODE_1102_length_17086_cov_7.554809-abinit-gene-0.5-mRNA-1 726 1098 +","match_part"],[1,4317,4805,-1,"M488","NODE_1102_length_17086_cov_7.554809:hsp:445991:4.5.0.0","NODE_1102_length_17086_cov_7.554809","genemark","genemark-NODE_1102_length_17086_cov_7.554809-abinit-gene-0.5-mRNA-1 238 725 +","match_part"],[1,4010,4247,-1,"M237","NODE_1102_length_17086_cov_7.554809:hsp:445992:4.5.0.0","NODE_1102_length_17086_cov_7.554809","genemark","genemark-NODE_1102_length_17086_cov_7.554809-abinit-gene-0.5-mRNA-1 1 237 +","match_part"]],"17086","match"],[0,5907,7450,1,"NODE_1102_length_17086_cov_7.554809:hit:87493:4.5.0.0","genemark-NODE_1102_length_17086_cov_7.554809-abinit-gene-0.3-mRNA-1","NODE_1102_length_17086_cov_7.554809","genemark",[[1,5907,5957,1,"M50","NODE_1102_length_17086_cov_7.554809:hsp:445996:4.5.0.0","NODE_1102_length_17086_cov_7.554809","genemark","genemark-NODE_1102_length_17086_cov_7.554809-abinit-gene-0.3-mRNA-1 1 50 +","match_part"],[1,7141,7281,1,"M140","NODE_1102_length_17086_cov_7.554809:hsp:445997:4.5.0.0","NODE_1102_length_17086_cov_7.554809","genemark","genemark-NODE_1102_length_17086_cov_7.554809-abinit-gene-0.3-mRNA-1 51 190 +","match_part"],[1,7361,7450,1,"M89","NODE_1102_length_17086_cov_7.554809:hsp:445998:4.5.0.0","NODE_1102_length_17086_cov_7.554809","genemark","genemark-NODE_1102_length_17086_cov_7.554809-abinit-gene-0.3-mRNA-1 191 279 +","match_part"]],