{"featureCount":2,"formatVersion":1,"histograms":{"meta":[{"arrayParams":{"chunkSize":10000,"length":1,"urlTemplate":"hist-10000-{Chunk}.json"},"basesPerBin":"10000"}],"stats":[{"basesPerBin":"10000","max":2,"mean":2}]},"intervals":{"classes":[{"attributes":["Start","End","Strand","Id","Name","Seq_id","Source","Subfeatures","Target_length","Type"],"isArrayAttr":{"Subfeatures":1}},{"attributes":["Start","End","Strand","Gap","Id","Seq_id","Source","Target","Type"],"isArrayAttr":{}},{"attributes":["Start","End","Strand","Id","Seq_id","Source","Target","Type"],"isArrayAttr":{}},{"attributes":["Start","End","Chunk"],"isArrayAttr":{"Sublist":1}}],"count":2,"lazyClass":3,"maxEnd":7866,"minStart":1757,"nclist":[[0,1757,5888,1,"NODE_2101_length_11056_cov_7.574526:hit:2971:4.5.0.0","genemark-NODE_2101_length_11056_cov_7.574526-abinit-gene-0.26-mRNA-1","NODE_2101_length_11056_cov_7.574526","genemark",[[1,1757,2836,1,"M1079","NODE_2101_length_11056_cov_7.574526:hsp:14601:4.5.0.0","NODE_2101_length_11056_cov_7.574526","genemark","genemark-NODE_2101_length_11056_cov_7.574526-abinit-gene-0.26-mRNA-1 1 1079 +","match_part"],[1,2938,3068,1,"M130","NODE_2101_length_11056_cov_7.574526:hsp:14602:4.5.0.0","NODE_2101_length_11056_cov_7.574526","genemark","genemark-NODE_2101_length_11056_cov_7.574526-abinit-gene-0.26-mRNA-1 1080 1209 +","match_part"],[1,3155,3436,1,"M281","NODE_2101_length_11056_cov_7.574526:hsp:14603:4.5.0.0","NODE_2101_length_11056_cov_7.574526","genemark","genemark-NODE_2101_length_11056_cov_7.574526-abinit-gene-0.26-mRNA-1 1210 1490 +","match_part"],[1,3509,3600,1,"M91","NODE_2101_length_11056_cov_7.574526:hsp:14604:4.5.0.0","NODE_2101_length_11056_cov_7.574526","genemark","genemark-NODE_2101_length_11056_cov_7.574526-abinit-gene-0.26-mRNA-1 1491 1581 +","match_part"],[1,3685,3872,1,"M187","NODE_2101_length_11056_cov_7.574526:hsp:14605:4.5.0.0","NODE_2101_length_11056_cov_7.574526","genemark","genemark-NODE_2101_length_11056_cov_7.574526-abinit-gene-0.26-mRNA-1 1582 1768 +","match_part"],[1,3943,4270,1,"M327","NODE_2101_length_11056_cov_7.574526:hsp:14606:4.5.0.0","NODE_2101_length_11056_cov_7.574526","genemark","genemark-NODE_2101_length_11056_cov_7.574526-abinit-gene-0.26-mRNA-1 1769 2095 +","match_part"],[1,4374,4448,1,"M74","NODE_2101_length_11056_cov_7.574526:hsp:14607:4.5.0.0","NODE_2101_length_11056_cov_7.574526","genemark","genemark-NODE_2101_length_11056_cov_7.574526-abinit-gene-0.26-mRNA-1 2096 2169 +","match_part"],[1,4520,4621,1,"M101","NODE_2101_length_11056_cov_7.574526:hsp:14608:4.5.0.0","NODE_2101_length_11056_cov_7.574526","genemark","genemark-NODE_2101_length_11056_cov_7.574526-abinit-gene-0.26-mRNA-1 2170 2270 +","match_part"],[1,4687,4776,1,"M89","NODE_2101_length_11056_cov_7.574526:hsp:14609:4.5.0.0","NODE_2101_length_11056_cov_7.574526","genemark","genemark-NODE_2101_length_11056_cov_7.574526-abinit-gene-0.26-mRNA-1 2271 2359 +","match_part"],[1,4872,5036,1,"M164","NODE_2101_length_11056_cov_7.574526:hsp:14610:4.5.0.0","NODE_2101_length_11056_cov_7.574526","genemark","genemark-NODE_2101_length_11056_cov_7.574526-abinit-gene-0.26-mRNA-1 2360 2523 +","match_part"],[1,5113,5376,1,"M263","NODE_2101_length_11056_cov_7.574526:hsp:14611:4.5.0.0","NODE_2101_length_11056_cov_7.574526","genemark","genemark-NODE_2101_length_11056_cov_7.574526-abinit-gene-0.26-mRNA-1 2524 2786 +","match_part"],[1,5443,5888,1,"M445","NODE_2101_length_11056_cov_7.574526:hsp:14612:4.5.0.0","NODE_2101_length_11056_cov_7.574526","genemark","genemark-NODE_2101_length_11056_cov_7.574526-abinit-gene-0.26-mRNA-1 2787 3231 +","match_part"]],"11056","match"],[0,6805,7866,-1,"NODE_2101_length_11056_cov_7.574526:hit:2974:4.5.0.0","genemark-NODE_2101_length_11056_cov_7.574526-abinit-gene-0.27-mRNA-1","NODE_2101_length_11056_cov_7.574526","genemark",[[1,7324,7866,-1,"M542","NODE_2101_length_11056_cov_7.574526:hsp:14630:4.5.0.0","NODE_2101_length_11056_cov_7.574526","genemark","genemark-NODE_2101_length_11056_cov_7.574526-abinit-gene-0.27-mRNA-1 212 753 +","match_part"],[1,7204,7241,-1,"M37","NODE_2101_length_11056_cov_7.574526:hsp:14631:4.5.0.0","NODE_2101_length_11056_cov_7.574526","genemark","genemark-NODE_2101_length_11056_cov_7.574526-abinit-gene-0.27-mRNA-1 175 211 +","match_part"],[1,7096,7115,-1,"M19","NODE_2101_length_11056_cov_7.574526:hsp:14632:4.5.0.0","NODE_2101_length_11056_cov_7.574526","genemark","genemark-NODE_2101_length_11056_cov_7.574526-abinit-gene-0.27-mRNA-1 156 174 +","match_part"],[1,6982,7020,-1,"M38","NODE_2101_length_11056_cov_7.574526:hsp:14633:4.5.0.0","NODE_2101_length_11056_cov_7.574526","genemark","genemark-NODE_2101_length_11056_cov_7.574526-abinit-gene-0.27-mRNA-1 118 155 +","match_part"],[1,6805,6922,-1,"M117","NODE_2101_length_11056_cov_7.574526:hsp:14634:4.5.0.0","NODE_2101_length_11056_cov_7.574526","genemark","genemark-NODE_2101_length_11056_cov_7.574526-abinit-gene-0.27-mRNA-1 1 117 +","match_part"]],"11056","match"]],"urlTemplate":"lf-{Chunk}.json"}}