{"featureCount":8,"formatVersion":1,"histograms":{"meta":[{"arrayParams":{"chunkSize":10000,"length":3,"urlTemplate":"hist-10000-{Chunk}.json"},"basesPerBin":"10000"}],"stats":[{"basesPerBin":"10000","max":5,"mean":3.66666666666667}]},"intervals":{"classes":[{"attributes":["Start","End","Strand","Aligned_coverage","Aligned_identity","Id","Name","Score","Seq_id","Source","Subfeatures","Target_length","Type"],"isArrayAttr":{"Subfeatures":1}},{"attributes":["Start","End","Strand","Gap","Id","Score","Seq_id","Source","Target","Type"],"isArrayAttr":{}},{"attributes":["Start","End","Chunk"],"isArrayAttr":{"Sublist":1}}],"count":8,"lazyClass":2,"maxEnd":24123,"minStart":1815,"nclist":[[0,1815,2619,1,"99.02","99.9","NODE_303_length_31044_cov_10.079633:hit:34159:3.2.0.0","TRINITY_DN27524_c0_g1_i1",3515,"NODE_303_length_31044_cov_10.079633","est2genome",[[1,1815,1967,1,"M152","NODE_303_length_31044_cov_10.079633:hsp:175622:3.2.0.0",3515,"NODE_303_length_31044_cov_10.079633","est2genome","TRINITY_DN27524_c0_g1_i1 8 159 +","match_part"],[1,2062,2619,1,"M557","NODE_303_length_31044_cov_10.079633:hsp:175623:3.2.0.0",3515,"NODE_303_length_31044_cov_10.079633","est2genome","TRINITY_DN27524_c0_g1_i1 160 716 +","match_part"]],"716","expressed_sequence_match"],[0,2658,3014,1,"100","100","NODE_303_length_31044_cov_10.079633:hit:34160:3.2.0.0","TRINITY_DN34148_c0_g1_i1",1780,"NODE_303_length_31044_cov_10.079633","est2genome",[[1,2658,3014,1,"M356","NODE_303_length_31044_cov_10.079633:hsp:175624:3.2.0.0",1780,"NODE_303_length_31044_cov_10.079633","est2genome","TRINITY_DN34148_c0_g1_i1 1 356 +","match_part"]],"356","expressed_sequence_match"],[0,7219,10568,1,"100","100","NODE_303_length_31044_cov_10.079633:hit:34161:3.2.0.0","TRINITY_DN3957_c0_g1_i1",15968,"NODE_303_length_31044_cov_10.079633","est2genome",[[1,7219,7539,1,"M320","NODE_303_length_31044_cov_10.079633:hsp:175625:3.2.0.0",15968,"NODE_303_length_31044_cov_10.079633","est2genome","TRINITY_DN3957_c0_g1_i1 1 320 +","match_part"],[1,7596,8071,1,"M475","NODE_303_length_31044_cov_10.079633:hsp:175626:3.2.0.0",15968,"NODE_303_length_31044_cov_10.079633","est2genome","TRINITY_DN3957_c0_g1_i1 321 795 +","match_part"],[1,8163,10568,1,"M2405","NODE_303_length_31044_cov_10.079633:hsp:175627:3.2.0.0",15968,"NODE_303_length_31044_cov_10.079633","est2genome","TRINITY_DN3957_c0_g1_i1 796 3200 +","match_part"]],"3200","expressed_sequence_match"],[0,7219,10568,1,"100","100","NODE_303_length_31044_cov_10.079633:hit:34162:3.2.0.0","TRINITY_DN3957_c0_g1_i2",15499,"NODE_303_length_31044_cov_10.079633","est2genome",[[1,7219,7539,1,"M320","NODE_303_length_31044_cov_10.079633:hsp:175628:3.2.0.0",15499,"NODE_303_length_31044_cov_10.079633","est2genome","TRINITY_DN3957_c0_g1_i2 1 320 +","match_part"],[1,7596,8071,1,"M475","NODE_303_length_31044_cov_10.079633:hsp:175629:3.2.0.0",15499,"NODE_303_length_31044_cov_10.079633","est2genome","TRINITY_DN3957_c0_g1_i2 321 795 +","match_part"],[1,8163,9549,1,"M1386","NODE_303_length_31044_cov_10.079633:hsp:175630:3.2.0.0",15499,"NODE_303_length_31044_cov_10.079633","est2genome","TRINITY_DN3957_c0_g1_i2 796 2181 +","match_part"],[1,9640,10568,1,"M928","NODE_303_length_31044_cov_10.079633:hsp:175631:3.2.0.0",15499,"NODE_303_length_31044_cov_10.079633","est2genome","TRINITY_DN3957_c0_g1_i2 2182 3109 +","match_part"]],"3109","expressed_sequence_match"],[0,10726,10933,-1,"100","100","NODE_303_length_31044_cov_10.079633:hit:34163:3.2.0.0","TRINITY_DN44410_c0_g1_i1",1035,"NODE_303_length_31044_cov_10.079633","est2genome",[[1,10726,10933,-1,"M207","NODE_303_length_31044_cov_10.079633:hsp:175632:3.2.0.0",1035,"NODE_303_length_31044_cov_10.079633","est2genome","TRINITY_DN44410_c0_g1_i1 1 207 +","match_part"]],"207","expressed_sequence_match"],[0,12247,15603,1,"99.85","99","NODE_303_length_31044_cov_10.079633:hit:34164:3.2.0.0","TRINITY_DN6365_c0_g1_i1",13017,"NODE_303_length_31044_cov_10.079633","est2genome",[[1,12247,12560,1,"M313","NODE_303_length_31044_cov_10.079633:hsp:175633:3.2.0.0",13017,"NODE_303_length_31044_cov_10.079633","est2genome","TRINITY_DN6365_c0_g1_i1 5 317 +","match_part"],[1,12627,12701,1,"M74","NODE_303_length_31044_cov_10.079633:hsp:175634:3.2.0.0",13017,"NODE_303_length_31044_cov_10.079633","est2genome","TRINITY_DN6365_c0_g1_i1 318 391 +","match_part"],[1,12774,13163,1,"M389","NODE_303_length_31044_cov_10.079633:hsp:175635:3.2.0.0",13017,"NODE_303_length_31044_cov_10.079633","est2genome","TRINITY_DN6365_c0_g1_i1 392 780 +","match_part"],[1,13274,13384,1,"M110","NODE_303_length_31044_cov_10.079633:hsp:175636:3.2.0.0",13017,"NODE_303_length_31044_cov_10.079633","est2genome","TRINITY_DN6365_c0_g1_i1 781 890 +","match_part"],[1,13442,13632,1,"M190","NODE_303_length_31044_cov_10.079633:hsp:175637:3.2.0.0",13017,"NODE_303_length_31044_cov_10.079633","est2genome","TRINITY_DN6365_c0_g1_i1 891 1080 +","match_part"],[1,13700,14312,1,"M84 D5 M4 D8 M511","NODE_303_length_31044_cov_10.079633:hsp:175638:3.2.0.0",13017,"NODE_303_length_31044_cov_10.079633","est2genome","TRINITY_DN6365_c0_g1_i1 1081 1679 +","match_part"],[1,14407,14565,1,"M158","NODE_303_length_31044_cov_10.079633:hsp:175639:3.2.0.0",13017,"NODE_303_length_31044_cov_10.079633","est2genome","TRINITY_DN6365_c0_g1_i1 1680 1837 +","match_part"],[1,14657,14745,1,"M1 I1 M87","NODE_303_length_31044_cov_10.079633:hsp:175640:3.2.0.0",13017,"NODE_303_length_31044_cov_10.079633","est2genome","TRINITY_DN6365_c0_g1_i1 1838 1926 +","match_part"],[1,14842,15603,1,"M761","NODE_303_length_31044_cov_10.079633:hsp:175641:3.2.0.0",13017,"NODE_303_length_31044_cov_10.079633","est2genome","TRINITY_DN6365_c0_g1_i1 1927 2687 +","match_part"]],