{"featureCount":2,"formatVersion":1,"histograms":{"meta":[{"arrayParams":{"chunkSize":10000,"length":1,"urlTemplate":"hist-2000-{Chunk}.json"},"basesPerBin":"2000"}],"stats":[{"basesPerBin":"2000","max":2,"mean":2}]},"intervals":{"classes":[{"attributes":["Start","End","Strand","Aligned_coverage","Aligned_identity","Id","Name","Score","Seq_id","Source","Subfeatures","Target_length","Type"],"isArrayAttr":{"Subfeatures":1}},{"attributes":["Start","End","Strand","Gap","Id","Score","Seq_id","Source","Target","Type"],"isArrayAttr":{}},{"attributes":["Start","End","Chunk"],"isArrayAttr":{"Sublist":1}}],"count":2,"lazyClass":2,"maxEnd":1404,"minStart":934,"nclist":[[0,934,1404,-1,"89.8","98.7","NODE_12679_length_1404_cov_3.366484:hit:1925:3.2.0.0","TRINITY_DN14147_c0_g1_i1",1513,"NODE_12679_length_1404_cov_3.366484","est2genome",[[1,1182,1404,-1,"M222","NODE_12679_length_1404_cov_3.366484:hsp:3993:3.2.0.0",1513,"NODE_12679_length_1404_cov_3.366484","est2genome","TRINITY_DN14147_c0_g1_i1 37 258 +","match_part"],[1,1052,1110,-1,"M58","NODE_12679_length_1404_cov_3.366484:hsp:3994:3.2.0.0",1513,"NODE_12679_length_1404_cov_3.366484","est2genome","TRINITY_DN14147_c0_g1_i1 259 316 +","match_part"],[1,934,971,-1,"M37","NODE_12679_length_1404_cov_3.366484:hsp:3995:3.2.0.0",1513,"NODE_12679_length_1404_cov_3.366484","est2genome","TRINITY_DN14147_c0_g1_i1 317 353 +","match_part"]],"353","expressed_sequence_match"],[0,1123,1404,-1,"84.81","99","NODE_12679_length_1404_cov_3.366484:hit:1926:3.2.0.0","TRINITY_DN14147_c0_g1_i3",975,"NODE_12679_length_1404_cov_3.366484","est2genome",[[1,1276,1404,-1,"M128","NODE_12679_length_1404_cov_3.366484:hsp:3996:3.2.0.0",975,"NODE_12679_length_1404_cov_3.366484","est2genome","TRINITY_DN14147_c0_g1_i3 37 164 +","match_part"],[1,1123,1196,-1,"M73","NODE_12679_length_1404_cov_3.366484:hsp:3997:3.2.0.0",975,"NODE_12679_length_1404_cov_3.366484","est2genome","TRINITY_DN14147_c0_g1_i3 165 237 +","match_part"]],"237","expressed_sequence_match"]],"urlTemplate":"lf-{Chunk}.json"}}