{"featureCount":8,"formatVersion":1,"histograms":{"meta":[{"arrayParams":{"chunkSize":10000,"length":3,"urlTemplate":"hist-500-{Chunk}.json"},"basesPerBin":"500"}],"stats":[{"basesPerBin":"500","max":8,"mean":6.33333333333333}]},"intervals":{"classes":[{"attributes":["Start","End","Strand","Id","Name","Score","Seq_id","Source","Subfeatures","Target_length","Type"],"isArrayAttr":{"Subfeatures":1}},{"attributes":["Start","End","Strand","Gap","Id","Score","Seq_id","Source","Target","Type"],"isArrayAttr":{}},{"attributes":["Start","End","Chunk"],"isArrayAttr":{"Sublist":1}}],"count":8,"lazyClass":2,"maxEnd":1297,"minStart":109,"nclist":[[0,109,722,-1,"NODE_9152_length_2150_cov_4.086011:hit:5474:3.2.0.0","TRINITY_DN3240_c0_g1_i2",66,"NODE_9152_length_2150_cov_4.086011","blastn",[[1,656,722,-1,"M66","NODE_9152_length_2150_cov_4.086011:hsp:13004:3.2.0.0",66,"NODE_9152_length_2150_cov_4.086011","blastn","TRINITY_DN3240_c0_g1_i2 1 66 +","match_part"],[1,365,560,-1,"M195","NODE_9152_length_2150_cov_4.086011:hsp:13005:3.2.0.0",195,"NODE_9152_length_2150_cov_4.086011","blastn","TRINITY_DN3240_c0_g1_i2 65 259 +","match_part"],[1,109,291,-1,"M182","NODE_9152_length_2150_cov_4.086011:hsp:13006:3.2.0.0",182,"NODE_9152_length_2150_cov_4.086011","blastn","TRINITY_DN3240_c0_g1_i2 259 440 +","match_part"]],"529","expressed_sequence_match"],[0,135,722,-1,"NODE_9152_length_2150_cov_4.086011:hit:5475:3.2.0.0","TRINITY_DN3240_c0_g1_i1",66,"NODE_9152_length_2150_cov_4.086011","blastn",[[1,656,722,-1,"M66","NODE_9152_length_2150_cov_4.086011:hsp:13007:3.2.0.0",66,"NODE_9152_length_2150_cov_4.086011","blastn","TRINITY_DN3240_c0_g1_i1 1 66 +","match_part"],[1,365,560,-1,"M195","NODE_9152_length_2150_cov_4.086011:hsp:13008:3.2.0.0",195,"NODE_9152_length_2150_cov_4.086011","blastn","TRINITY_DN3240_c0_g1_i1 65 259 +","match_part"],[1,135,291,-1,"M156","NODE_9152_length_2150_cov_4.086011:hsp:13009:3.2.0.0",156,"NODE_9152_length_2150_cov_4.086011","blastn","TRINITY_DN3240_c0_g1_i1 259 414 +","match_part"]],"541","expressed_sequence_match"],[0,331,722,-1,"NODE_9152_length_2150_cov_4.086011:hit:5476:3.2.0.0","TRINITY_DN3240_c0_g1_i6",66,"NODE_9152_length_2150_cov_4.086011","blastn",[[1,656,722,-1,"M66","NODE_9152_length_2150_cov_4.086011:hsp:13010:3.2.0.0",66,"NODE_9152_length_2150_cov_4.086011","blastn","TRINITY_DN3240_c0_g1_i6 1 66 +","match_part"],[1,331,560,-1,"M229","NODE_9152_length_2150_cov_4.086011:hsp:13011:3.2.0.0",229,"NODE_9152_length_2150_cov_4.086011","blastn","TRINITY_DN3240_c0_g1_i6 65 293 +","match_part"]],"293","expressed_sequence_match"],[0,365,1297,-1,"NODE_9152_length_2150_cov_4.086011:hit:5478:3.2.0.0","TRINITY_DN3240_c0_g1_i8",421,"NODE_9152_length_2150_cov_4.086011","blastn",[[1,846,1297,-1,"M451","NODE_9152_length_2150_cov_4.086011:hsp:13013:3.2.0.0",421,"NODE_9152_length_2150_cov_4.086011","blastn","TRINITY_DN3240_c0_g1_i8 5 455 +","match_part"],[1,657,722,-1,"M65","NODE_9152_length_2150_cov_4.086011:hsp:13014:3.2.0.0",65,"NODE_9152_length_2150_cov_4.086011","blastn","TRINITY_DN3240_c0_g1_i8 454 518 +","match_part"],[1,365,587,-1,"M222","NODE_9152_length_2150_cov_4.086011:hsp:13015:3.2.0.0",222,"NODE_9152_length_2150_cov_4.086011","blastn","TRINITY_DN3240_c0_g1_i8 518 739 +","match_part"]],"739","expressed_sequence_match"],[0,365,1297,-1,"NODE_9152_length_2150_cov_4.086011:hit:5479:3.2.0.0","TRINITY_DN3240_c0_g1_i9",421,"NODE_9152_length_2150_cov_4.086011","blastn",[[1,846,1297,-1,"M451","NODE_9152_length_2150_cov_4.086011:hsp:13016:3.2.0.0",421,"NODE_9152_length_2150_cov_4.086011","blastn","TRINITY_DN3240_c0_g1_i9 5 455 +","match_part"],[1,656,722,-1,"M66","NODE_9152_length_2150_cov_4.086011:hsp:13017:3.2.0.0",66,"NODE_9152_length_2150_cov_4.086011","blastn","TRINITY_DN3240_c0_g1_i9 454 519 +","match_part"],[1,365,571,-1,"M206","NODE_9152_length_2150_cov_4.086011:hsp:13018:3.2.0.0",206,"NODE_9152_length_2150_cov_4.086011","blastn","TRINITY_DN3240_c0_g1_i9 518 723 +","match_part"]],"723","expressed_sequence_match"],[0,365,1297,-1,"NODE_9152_length_2150_cov_4.086011:hit:5480:3.2.0.0","TRINITY_DN3240_c0_g1_i5",421,"NODE_9152_length_2150_cov_4.086011","blastn",[[1,846,1297,-1,"M451","NODE_9152_length_2150_cov_4.086011:hsp:13019:3.2.0.0",421,"NODE_9152_length_2150_cov_4.086011","blastn","TRINITY_DN3240_c0_g1_i5 5 455 +","match_part"],[1,656,722,-1,"M66","NODE_9152_length_2150_cov_4.086011:hsp:13020:3.2.0.0",66,"NODE_9152_length_2150_cov_4.086011","blastn","TRINITY_DN3240_c0_g1_i5 454 519 +","match_part"],[1,365,560,-1,"M195","NODE_9152_length_2150_cov_4.086011:hsp:13021:3.2.0.0",195,"NODE_9152_length_2150_cov_4.086011","blastn","TRINITY_DN3240_c0_g1_i5 518 712 +","match_part"]],"712","expressed_sequence_match",{"Sublist":[[0,365,851,-1,"NODE_9152_length_2150_cov_4.086011:hit:5477:3.2.0.0","TRINITY_DN3240_c0_g1_i3",486,"NODE_9152_length_2150_cov_4.086011","blastn",[[1,365,851,-1,"M486","NODE_9152_length_2150_cov_4.086011:hsp:13012:3.2.0.0",486,"NODE_9152_length_2150_cov_4.086011","blastn","TRINITY_DN3240_c0_g1_i3 1 486 +","match_part"]],"486","expressed_sequence_match"],[0,365,851,-1,"NODE_9152_length_2150_cov_4.086011:hit:5481:3.2.0.0","TRINITY_DN3240_c0_g1_i7",194,"NODE_9152_length_2150_cov_4.086011","blastn",[[1,657,851,-1,"M194","NODE_9152_length_2150_cov_4.086011:hsp:13022:3.2.0.0",194,"NODE_9152_length_2150_cov_4.086011","blastn","TRINITY_DN3240_c0_g1_i7 1 194 +","match_part"],[1,365,585,-1,"M220","NODE_9152_length_2150_cov_4.086011:hsp:13023:3.2.0.0",220,"NODE_9152_length_2150_cov_4.086011","blastn","TRINITY_DN3240_c0_g1_i7 196 415 +","match_part"]],"415","expressed_sequence_match"]]}]],"urlTemplate":"lf-{Chunk}.json"}}