{"featureCount":2,"formatVersion":1,"histograms":{"meta":[{"arrayParams":{"chunkSize":10000,"length":1,"urlTemplate":"hist-20000-{Chunk}.json"},"basesPerBin":"20000"}],"stats":[{"basesPerBin":"20000","max":2,"mean":2}]},"intervals":{"classes":[{"attributes":["Start","End","Strand","Id","Name","Seq_id","Source","Subfeatures","Target_length","Type"],"isArrayAttr":{"Subfeatures":1}},{"attributes":["Start","End","Strand","Gap","Id","Seq_id","Source","Target","Type"],"isArrayAttr":{}},{"attributes":["Start","End","Strand","Id","Seq_id","Source","Target","Type"],"isArrayAttr":{}},{"attributes":["Start","End","Chunk"],"isArrayAttr":{"Sublist":1}}],"count":2,"lazyClass":3,"maxEnd":12489,"minStart":2827,"nclist":[[0,2827,10804,1,"NODE_1564_length_13837_cov_4.993654:hit:107685:4.5.0.0","genemark-NODE_1564_length_13837_cov_4.993654-abinit-gene-0.0-mRNA-1","NODE_1564_length_13837_cov_4.993654","genemark",[[1,2827,3118,1,"M291","NODE_1564_length_13837_cov_4.993654:hsp:538309:4.5.0.0","NODE_1564_length_13837_cov_4.993654","genemark","genemark-NODE_1564_length_13837_cov_4.993654-abinit-gene-0.0-mRNA-1 1 291 +","match_part"],[1,3190,3253,1,"M63","NODE_1564_length_13837_cov_4.993654:hsp:538310:4.5.0.0","NODE_1564_length_13837_cov_4.993654","genemark","genemark-NODE_1564_length_13837_cov_4.993654-abinit-gene-0.0-mRNA-1 292 354 +","match_part"],[1,3326,3718,1,"M392","NODE_1564_length_13837_cov_4.993654:hsp:538311:4.5.0.0","NODE_1564_length_13837_cov_4.993654","genemark","genemark-NODE_1564_length_13837_cov_4.993654-abinit-gene-0.0-mRNA-1 355 746 +","match_part"],[1,3797,3930,1,"M133","NODE_1564_length_13837_cov_4.993654:hsp:538312:4.5.0.0","NODE_1564_length_13837_cov_4.993654","genemark","genemark-NODE_1564_length_13837_cov_4.993654-abinit-gene-0.0-mRNA-1 747 879 +","match_part"],[1,4006,4089,1,"M83","NODE_1564_length_13837_cov_4.993654:hsp:538313:4.5.0.0","NODE_1564_length_13837_cov_4.993654","genemark","genemark-NODE_1564_length_13837_cov_4.993654-abinit-gene-0.0-mRNA-1 880 962 +","match_part"],[1,4152,4294,1,"M142","NODE_1564_length_13837_cov_4.993654:hsp:538314:4.5.0.0","NODE_1564_length_13837_cov_4.993654","genemark","genemark-NODE_1564_length_13837_cov_4.993654-abinit-gene-0.0-mRNA-1 963 1104 +","match_part"],[1,4350,4684,1,"M334","NODE_1564_length_13837_cov_4.993654:hsp:538315:4.5.0.0","NODE_1564_length_13837_cov_4.993654","genemark","genemark-NODE_1564_length_13837_cov_4.993654-abinit-gene-0.0-mRNA-1 1105 1438 +","match_part"],[1,4776,5001,1,"M225","NODE_1564_length_13837_cov_4.993654:hsp:538316:4.5.0.0","NODE_1564_length_13837_cov_4.993654","genemark","genemark-NODE_1564_length_13837_cov_4.993654-abinit-gene-0.0-mRNA-1 1439 1663 +","match_part"],[1,5424,6897,1,"M1473","NODE_1564_length_13837_cov_4.993654:hsp:538317:4.5.0.0","NODE_1564_length_13837_cov_4.993654","genemark","genemark-NODE_1564_length_13837_cov_4.993654-abinit-gene-0.0-mRNA-1 1664 3136 +","match_part"],[1,6992,10804,1,"M3812","NODE_1564_length_13837_cov_4.993654:hsp:538318:4.5.0.0","NODE_1564_length_13837_cov_4.993654","genemark","genemark-NODE_1564_length_13837_cov_4.993654-abinit-gene-0.0-mRNA-1 3137 6948 +","match_part"]],"13837","match"],[0,12030,12489,1,"NODE_1564_length_13837_cov_4.993654:hit:107691:4.5.0.0","genemark-NODE_1564_length_13837_cov_4.993654-abinit-gene-0.1-mRNA-1","NODE_1564_length_13837_cov_4.993654","genemark",[[1,12030,12278,1,"M248","NODE_1564_length_13837_cov_4.993654:hsp:538333:4.5.0.0","NODE_1564_length_13837_cov_4.993654","genemark","genemark-NODE_1564_length_13837_cov_4.993654-abinit-gene-0.1-mRNA-1 1 248 +","match_part"],[1,12362,12489,1,"M127","NODE_1564_length_13837_cov_4.993654:hsp:538334:4.5.0.0","NODE_1564_length_13837_cov_4.993654","genemark","genemark-NODE_1564_length_13837_cov_4.993654-abinit-gene-0.1-mRNA-1 249 375 +","match_part"]],"13837","match"]],"urlTemplate":"lf-{Chunk}.json"}}