{"featureCount":2,"formatVersion":1,"histograms":{"meta":[{"arrayParams":{"chunkSize":10000,"length":1,"urlTemplate":"hist-10000-{Chunk}.json"},"basesPerBin":"10000"}],"stats":[{"basesPerBin":"10000","max":2,"mean":2}]},"intervals":{"classes":[{"attributes":["Start","End","Strand","Id","Name","Score","Seq_id","Source","Subfeatures","Target_length","Type"],"isArrayAttr":{"Subfeatures":1}},{"attributes":["Start","End","Strand","Gap","Id","Score","Seq_id","Source","Target","Type"],"isArrayAttr":{}},{"attributes":["Start","End","Chunk"],"isArrayAttr":{"Sublist":1}}],"count":2,"lazyClass":2,"maxEnd":5647,"minStart":808,"nclist":[[0,808,2193,1,"NODE_3996_length_6264_cov_6.767514:hit:40984:4.5.0.0","augustus-NODE_3996_length_6264_cov_6.767514-abinit-gene-0.12-mRNA-1",0.38,"NODE_3996_length_6264_cov_6.767514","augustus",[[1,808,1250,1,"M442","NODE_3996_length_6264_cov_6.767514:hsp:164688:4.5.0.0",0.38,"NODE_3996_length_6264_cov_6.767514","augustus","augustus-NODE_3996_length_6264_cov_6.767514-abinit-gene-0.12-mRNA-1 1 442 +","match_part"],[1,1320,1803,1,"M483","NODE_3996_length_6264_cov_6.767514:hsp:164689:4.5.0.0",0.38,"NODE_3996_length_6264_cov_6.767514","augustus","augustus-NODE_3996_length_6264_cov_6.767514-abinit-gene-0.12-mRNA-1 443 925 +","match_part"],[1,2152,2193,1,"M41","NODE_3996_length_6264_cov_6.767514:hsp:164690:4.5.0.0",0.38,"NODE_3996_length_6264_cov_6.767514","augustus","augustus-NODE_3996_length_6264_cov_6.767514-abinit-gene-0.12-mRNA-1 926 966 +","match_part"]],"6264","match"],[0,3830,5647,-1,"NODE_3996_length_6264_cov_6.767514:hit:40987:4.5.0.0","augustus-NODE_3996_length_6264_cov_6.767514-abinit-gene-0.13-mRNA-1",0.47,"NODE_3996_length_6264_cov_6.767514","augustus",[[1,5465,5647,-1,"M182","NODE_3996_length_6264_cov_6.767514:hsp:164699:4.5.0.0",0.47,"NODE_3996_length_6264_cov_6.767514","augustus","augustus-NODE_3996_length_6264_cov_6.767514-abinit-gene-0.13-mRNA-1 1277 1458 +","match_part"],[1,5276,5377,-1,"M101","NODE_3996_length_6264_cov_6.767514:hsp:164700:4.5.0.0",0.47,"NODE_3996_length_6264_cov_6.767514","augustus","augustus-NODE_3996_length_6264_cov_6.767514-abinit-gene-0.13-mRNA-1 1176 1276 +","match_part"],[1,4656,5161,-1,"M505","NODE_3996_length_6264_cov_6.767514:hsp:164701:4.5.0.0",0.47,"NODE_3996_length_6264_cov_6.767514","augustus","augustus-NODE_3996_length_6264_cov_6.767514-abinit-gene-0.13-mRNA-1 671 1175 +","match_part"],[1,4457,4582,-1,"M125","NODE_3996_length_6264_cov_6.767514:hsp:164702:4.5.0.0",0.47,"NODE_3996_length_6264_cov_6.767514","augustus","augustus-NODE_3996_length_6264_cov_6.767514-abinit-gene-0.13-mRNA-1 546 670 +","match_part"],[1,3830,4375,-1,"M545","NODE_3996_length_6264_cov_6.767514:hsp:164703:4.5.0.0",0.47,"NODE_3996_length_6264_cov_6.767514","augustus","augustus-NODE_3996_length_6264_cov_6.767514-abinit-gene-0.13-mRNA-1 1 545 +","match_part"]],"6264","match"]],"urlTemplate":"lf-{Chunk}.json"}}