{"featureCount":2,"formatVersion":1,"histograms":{"meta":[{"arrayParams":{"chunkSize":10000,"length":1,"urlTemplate":"hist-5000-{Chunk}.json"},"basesPerBin":"5000"}],"stats":[{"basesPerBin":"5000","max":2,"mean":2}]},"intervals":{"classes":[{"attributes":["Start","End","Strand","Id","Name","Score","Seq_id","Source","Subfeatures","Target_length","Type"],"isArrayAttr":{"Subfeatures":1}},{"attributes":["Start","End","Strand","Gap","Id","Score","Seq_id","Source","Target","Type"],"isArrayAttr":{}},{"attributes":["Start","End","Chunk"],"isArrayAttr":{"Sublist":1}}],"count":2,"lazyClass":2,"maxEnd":3109,"minStart":1137,"nclist":[[0,1137,2417,-1,"NODE_6759_length_3401_cov_7.147176:hit:6317:4.5.0.0","augustus-NODE_6759_length_3401_cov_7.147176-abinit-gene-0.4-mRNA-1",0.54,"NODE_6759_length_3401_cov_7.147176","augustus",[[1,2090,2417,-1,"M327","NODE_6759_length_3401_cov_7.147176:hsp:19833:4.5.0.0",0.54,"NODE_6759_length_3401_cov_7.147176","augustus","augustus-NODE_6759_length_3401_cov_7.147176-abinit-gene-0.4-mRNA-1 475 801 +","match_part"],[1,1765,1881,-1,"M116","NODE_6759_length_3401_cov_7.147176:hsp:19834:4.5.0.0",0.54,"NODE_6759_length_3401_cov_7.147176","augustus","augustus-NODE_6759_length_3401_cov_7.147176-abinit-gene-0.4-mRNA-1 359 474 +","match_part"],[1,1485,1638,-1,"M153","NODE_6759_length_3401_cov_7.147176:hsp:19835:4.5.0.0",0.54,"NODE_6759_length_3401_cov_7.147176","augustus","augustus-NODE_6759_length_3401_cov_7.147176-abinit-gene-0.4-mRNA-1 206 358 +","match_part"],[1,1137,1342,-1,"M205","NODE_6759_length_3401_cov_7.147176:hsp:19836:4.5.0.0",0.54,"NODE_6759_length_3401_cov_7.147176","augustus","augustus-NODE_6759_length_3401_cov_7.147176-abinit-gene-0.4-mRNA-1 1 205 +","match_part"]],"3401","match"],[0,2660,3109,1,"NODE_6759_length_3401_cov_7.147176:hit:6320:4.5.0.0","augustus-NODE_6759_length_3401_cov_7.147176-abinit-gene-0.3-mRNA-1",0.23,"NODE_6759_length_3401_cov_7.147176","augustus",[[1,2660,2689,1,"M29","NODE_6759_length_3401_cov_7.147176:hsp:19845:4.5.0.0",0.23,"NODE_6759_length_3401_cov_7.147176","augustus","augustus-NODE_6759_length_3401_cov_7.147176-abinit-gene-0.3-mRNA-1 1 29 +","match_part"],[1,2756,2780,1,"M24","NODE_6759_length_3401_cov_7.147176:hsp:19846:4.5.0.0",0.23,"NODE_6759_length_3401_cov_7.147176","augustus","augustus-NODE_6759_length_3401_cov_7.147176-abinit-gene-0.3-mRNA-1 30 53 +","match_part"],[1,2852,2857,1,"M5","NODE_6759_length_3401_cov_7.147176:hsp:19847:4.5.0.0",0.23,"NODE_6759_length_3401_cov_7.147176","augustus","augustus-NODE_6759_length_3401_cov_7.147176-abinit-gene-0.3-mRNA-1 54 58 +","match_part"],[1,2957,3109,1,"M152","NODE_6759_length_3401_cov_7.147176:hsp:19848:4.5.0.0",0.23,"NODE_6759_length_3401_cov_7.147176","augustus","augustus-NODE_6759_length_3401_cov_7.147176-abinit-gene-0.3-mRNA-1 59 210 +","match_part"]],"3401","match"]],"urlTemplate":"lf-{Chunk}.json"}}