{"featureCount":5,"formatVersion":1,"histograms":{"meta":[{"arrayParams":{"chunkSize":10000,"length":2,"urlTemplate":"hist-10000-{Chunk}.json"},"basesPerBin":"10000"}],"stats":[{"basesPerBin":"10000","max":4,"mean":3}]},"intervals":{"classes":[{"attributes":["Start","End","Strand","Id","Name","Score","Seq_id","Source","Subfeatures","Target_length","Type"],"isArrayAttr":{"Subfeatures":1}},{"attributes":["Start","End","Strand","Gap","Id","Score","Seq_id","Source","Target","Type"],"isArrayAttr":{}},{"attributes":["Start","End","Chunk"],"isArrayAttr":{"Sublist":1}}],"count":5,"lazyClass":2,"maxEnd":14097,"minStart":23,"nclist":[[0,23,2415,-1,"NODE_1342_length_15242_cov_5.991399:hit:98760:4.5.0.0","augustus-NODE_1342_length_15242_cov_5.991399-abinit-gene-0.3-mRNA-1",0.21,"NODE_1342_length_15242_cov_5.991399","augustus",[[1,2356,2415,-1,"M59","NODE_1342_length_15242_cov_5.991399:hsp:498828:4.5.0.0",0.21,"NODE_1342_length_15242_cov_5.991399","augustus","augustus-NODE_1342_length_15242_cov_5.991399-abinit-gene-0.3-mRNA-1 1472 1530 +","match_part"],[1,2039,2187,-1,"M148","NODE_1342_length_15242_cov_5.991399:hsp:498829:4.5.0.0",0.21,"NODE_1342_length_15242_cov_5.991399","augustus","augustus-NODE_1342_length_15242_cov_5.991399-abinit-gene-0.3-mRNA-1 1324 1471 +","match_part"],[1,1768,1962,-1,"M194","NODE_1342_length_15242_cov_5.991399:hsp:498830:4.5.0.0",0.21,"NODE_1342_length_15242_cov_5.991399","augustus","augustus-NODE_1342_length_15242_cov_5.991399-abinit-gene-0.3-mRNA-1 1130 1323 +","match_part"],[1,1615,1684,-1,"M69","NODE_1342_length_15242_cov_5.991399:hsp:498831:4.5.0.0",0.21,"NODE_1342_length_15242_cov_5.991399","augustus","augustus-NODE_1342_length_15242_cov_5.991399-abinit-gene-0.3-mRNA-1 1061 1129 +","match_part"],[1,732,1546,-1,"M814","NODE_1342_length_15242_cov_5.991399:hsp:498832:4.5.0.0",0.21,"NODE_1342_length_15242_cov_5.991399","augustus","augustus-NODE_1342_length_15242_cov_5.991399-abinit-gene-0.3-mRNA-1 247 1060 +","match_part"],[1,23,269,-1,"M246","NODE_1342_length_15242_cov_5.991399:hsp:498833:4.5.0.0",0.21,"NODE_1342_length_15242_cov_5.991399","augustus","augustus-NODE_1342_length_15242_cov_5.991399-abinit-gene-0.3-mRNA-1 1 246 +","match_part"]],"15242","match"],[0,3158,7629,1,"NODE_1342_length_15242_cov_5.991399:hit:98765:4.5.0.0","augustus-NODE_1342_length_15242_cov_5.991399-abinit-gene-0.0-mRNA-1",0.05,"NODE_1342_length_15242_cov_5.991399","augustus",[[1,3158,4001,1,"M843","NODE_1342_length_15242_cov_5.991399:hsp:498859:4.5.0.0",0.05,"NODE_1342_length_15242_cov_5.991399","augustus","augustus-NODE_1342_length_15242_cov_5.991399-abinit-gene-0.0-mRNA-1 1 843 +","match_part"],[1,4081,4686,1,"M605","NODE_1342_length_15242_cov_5.991399:hsp:498860:4.5.0.0",0.05,"NODE_1342_length_15242_cov_5.991399","augustus","augustus-NODE_1342_length_15242_cov_5.991399-abinit-gene-0.0-mRNA-1 844 1448 +","match_part"],[1,4768,6527,1,"M1759","NODE_1342_length_15242_cov_5.991399:hsp:498861:4.5.0.0",0.05,"NODE_1342_length_15242_cov_5.991399","augustus","augustus-NODE_1342_length_15242_cov_5.991399-abinit-gene-0.0-mRNA-1 1449 3207 +","match_part"],[1,6615,7629,1,"M1014","NODE_1342_length_15242_cov_5.991399:hsp:498862:4.5.0.0",0.05,"NODE_1342_length_15242_cov_5.991399","augustus","augustus-NODE_1342_length_15242_cov_5.991399-abinit-gene-0.0-mRNA-1 3208 4221 +","match_part"]],"15242","match"],[0,8228,8486,1,"NODE_1342_length_15242_cov_5.991399:hit:98768:4.5.0.0","augustus-NODE_1342_length_15242_cov_5.991399-abinit-gene-0.1-mRNA-1",0.21,"NODE_1342_length_15242_cov_5.991399","augustus",[[1,8228,8486,1,"M258","NODE_1342_length_15242_cov_5.991399:hsp:498865:4.5.0.0",0.21,"NODE_1342_length_15242_cov_5.991399","augustus","augustus-NODE_1342_length_15242_cov_5.991399-abinit-gene-0.1-mRNA-1 1 258 +","match_part"]],"15242","match"],[0,9019,10995,1,"NODE_1342_length_15242_cov_5.991399:hit:98770:4.5.0.0","augustus-NODE_1342_length_15242_cov_5.991399-abinit-gene-0.2-mRNA-1",0.6,"NODE_1342_length_15242_cov_5.991399","augustus",[[1,9019,9326,1,"M307","NODE_1342_length_15242_cov_5.991399:hsp:498872:4.5.0.0",0.6,"NODE_1342_length_15242_cov_5.991399","augustus","augustus-NODE_1342_length_15242_cov_5.991399-abinit-gene-0.2-mRNA-1 1 307 +","match_part"],[1,9417,9534,1,"M117","NODE_1342_length_15242_cov_5.991399:hsp:498873:4.5.0.0",0.6,"NODE_1342_length_15242_cov_5.991399","augustus","augustus-NODE_1342_length_15242_cov_5.991399-abinit-gene-0.2-mRNA-1 308 424 +","match_part"],[1,9623,10190,1,"M567","NODE_1342_length_15242_cov_5.991399:hsp:498874:4.5.0.0",0.6,"NODE_1342_length_15242_cov_5.991399","augustus","augustus-NODE_1342_length_15242_cov_5.991399-abinit-gene-0.2-mRNA-1 425 991 +","match_part"],[1,10261,10321,1,"M60","NODE_1342_length_15242_cov_5.991399:hsp:498875:4.5.0.0",0.6,"NODE_1342_length_15242_cov_5.991399","augustus","augustus-NODE_1342_length_15242_cov_5.991399-abinit-gene-0.2-mRNA-1 992 1051 +","match_part"],[1,10388,10837,1,"M449","NODE_1342_length_15242_cov_5.991399:hsp:498876:4.5.0.0",0.6,"NODE_1342_length_15242_cov_5.991399","augustus","augustus-NODE_1342_length_15242_cov_5.991399-abinit-gene-0.2-mRNA-1 1052 1500 +","match_part"],[1,10938,10995,1,"M57","NODE_1342_length_15242_cov_5.991399:hsp:498877:4.5.0.0",0.6,"NODE_1342_length_15242_cov_5.991399","augustus","augustus-NODE_1342_length_15242_cov_5.991399-abinit-gene-0.2-mRNA-1 1501 1557 +","match_part"]],"15242","match"],[0,11925,14097,-1,"NODE_1342_length_15242_cov_5.991399:hit:98773:4.5.0.0","augustus-NODE_1342_length_15242_cov_5.991399-abinit-gene-0.4-mRNA-1",0.1,"NODE_1342_length_15242_cov_5.991399","augustus",[[1,14077,14097,-1,"M20","NODE_1342_length_15242_cov_5.991399:hsp:498890:4.5.0.0",0.1,"NODE_1342_length_15242_cov_5.991399","augustus","augustus-NODE_1342_length_15242_cov_5.991399-abinit-gene-0.4-mRNA-1 1358 1377 +","match_part"],[1,13911,13963,-1,"M52","NODE_1342_length_15242_cov_5.991399:hsp:498891:4.5.0.0",0.1,"NODE_1342_length_15242_cov_5.991399","augustus","augustus-NODE_1342_length_15242_cov_5.991399-abinit-gene-0.4-mRNA-1 1306 1357 +","match_part"],[1,13321,13831,-1,"M510","NODE_1342_length_15242_cov_5.991399:hsp:498892:4.5.0.0",0.1,"NODE_1342_length_15242_cov_5.991399","augustus","augustus-NODE_1342_length_15242_cov_5.991399-abinit-gene-0.4-mRNA-1 796 1305 +","match_part"],[1,12938,13206,-1,"M268","NODE_1342_length_15242_cov_5.991399:hsp:498893:4.5.0.0",0.1,"NODE_1342_length_15242_cov_5.991399","augustus","augustus-NODE_1342_length_15242_cov_5.991399-abinit-gene-0.4-mRNA-1 528 795 +","match_part"],[1,12680,12852,-1,"M172","NODE_1342_length_15242_cov_5.991399:hsp:498894:4.5.0.0",0.1,"NODE_1342_length_15242_cov_5.991399","augustus","augustus-NODE_1342_length_15242_cov_5.991399-abinit-gene-0.4-mRNA-1 356 527 +","match_part"],[1,12483,12566,-1,"M83","NODE_1342_length_15242_cov_5.991399:hsp:498895:4.5.0.0",0.1,"NODE_1342_length_15242_cov_5.991399","augustus","augustus-NODE_1342_length_15242_cov_5.991399-abinit-gene-0.4-mRNA-1 273 355 +","match_part"],[1,12326,12403,-1,"M77","NODE_1342_length_15242_cov_5.991399:hsp:498896:4.5.0.0",0.1,"NODE_1342_length_15242_cov_5.991399","augustus","augustus-NODE_1342_length_15242_cov_5.991399-abinit-gene-0.4-mRNA-1 196 272 +","match_part"],[1,12203,12239,-1,"M36","NODE_1342_length_15242_cov_5.991399:hsp:498897:4.5.0.0",0.1,"NODE_1342_length_15242_cov_5.991399","augustus","augustus-NODE_1342_length_15242_cov_5.991399-abinit-gene-0.4-mRNA-1 160 195 +","match_part"],[1,11925,12084,-1,"M159","NODE_1342_length_15242_cov_5.991399:hsp:498898:4.5.0.0",0.1,"NODE_1342_length_15242_cov_5.991399","augustus","augustus-NODE_1342_length_15242_cov_5.991399-abinit-gene-0.4-mRNA-1 1 159 +","match_part"]],"15242","match"]],"urlTemplate":"lf-{Chunk}.json"}}