{"featureCount":5,"formatVersion":1,"histograms":{"meta":[{"arrayParams":{"chunkSize":10000,"length":2,"urlTemplate":"hist-5000-{Chunk}.json"},"basesPerBin":"5000"}],"stats":[{"basesPerBin":"5000","max":4,"mean":4}]},"intervals":{"classes":[{"attributes":["Start","End","Strand","Aligned_coverage","Aligned_identity","Id","Name","Score","Seq_id","Source","Subfeatures","Target_length","Type"],"isArrayAttr":{"Subfeatures":1}},{"attributes":["Start","End","Strand","Gap","Id","Score","Seq_id","Source","Target","Type"],"isArrayAttr":{}},{"attributes":["Start","End","Chunk"],"isArrayAttr":{"Sublist":1}}],"count":5,"lazyClass":2,"maxEnd":7977,"minStart":3237,"nclist":[[0,3237,5012,1,"99.94","97.9","NODE_2916_length_8336_cov_4.889877:hit:23015:3.2.0.0","TRINITY_DN5504_c0_g1_i4",8139,"NODE_2916_length_8336_cov_4.889877","est2genome",[[1,3237,4220,1,"M983","NODE_2916_length_8336_cov_4.889877:hsp:99030:3.2.0.0",8139,"NODE_2916_length_8336_cov_4.889877","est2genome","TRINITY_DN5504_c0_g1_i4 720 1702 -","match_part"],[1,4293,5012,1,"M239 I1 M66 I2 M23 D3 M388","NODE_2916_length_8336_cov_4.889877:hsp:99031:3.2.0.0",8139,"NODE_2916_length_8336_cov_4.889877","est2genome","TRINITY_DN5504_c0_g1_i4 1 719 -","match_part"]],"1703","expressed_sequence_match"],[0,3237,5012,1,"99.93","97.8","NODE_2916_length_8336_cov_4.889877:hit:23016:3.2.0.0","TRINITY_DN5504_c0_g1_i2",6681,"NODE_2916_length_8336_cov_4.889877","est2genome",[[1,3237,3346,1,"M109","NODE_2916_length_8336_cov_4.889877:hsp:99032:3.2.0.0",6681,"NODE_2916_length_8336_cov_4.889877","est2genome","TRINITY_DN5504_c0_g1_i2 1304 1412 -","match_part"],[1,3432,3522,1,"M90","NODE_2916_length_8336_cov_4.889877:hsp:99033:3.2.0.0",6681,"NODE_2916_length_8336_cov_4.889877","est2genome","TRINITY_DN5504_c0_g1_i2 1214 1303 -","match_part"],[1,3583,3735,1,"M152","NODE_2916_length_8336_cov_4.889877:hsp:99034:3.2.0.0",6681,"NODE_2916_length_8336_cov_4.889877","est2genome","TRINITY_DN5504_c0_g1_i2 1062 1213 -","match_part"],[1,3808,3918,1,"M110","NODE_2916_length_8336_cov_4.889877:hsp:99035:3.2.0.0",6681,"NODE_2916_length_8336_cov_4.889877","est2genome","TRINITY_DN5504_c0_g1_i2 952 1061 -","match_part"],[1,3988,4220,1,"M232","NODE_2916_length_8336_cov_4.889877:hsp:99036:3.2.0.0",6681,"NODE_2916_length_8336_cov_4.889877","est2genome","TRINITY_DN5504_c0_g1_i2 720 951 -","match_part"],[1,4293,5012,1,"M239 I1 M66 I2 M23 D3 M388","NODE_2916_length_8336_cov_4.889877:hsp:99037:3.2.0.0",6681,"NODE_2916_length_8336_cov_4.889877","est2genome","TRINITY_DN5504_c0_g1_i2 1 719 -","match_part"]],"1413","expressed_sequence_match"],[0,3583,5012,1,"100","97.6","NODE_2916_length_8336_cov_4.889877:hit:23017:3.2.0.0","TRINITY_DN5504_c0_g1_i1",6392,"NODE_2916_length_8336_cov_4.889877","est2genome",[[1,3583,4220,1,"M240 I1 M219 I6 M178","NODE_2916_length_8336_cov_4.889877:hsp:99038:3.2.0.0",6392,"NODE_2916_length_8336_cov_4.889877","est2genome","TRINITY_DN5504_c0_g1_i1 720 1363 -","match_part"],[1,4293,5012,1,"M239 I1 M66 I2 M23 D3 M388","NODE_2916_length_8336_cov_4.889877:hsp:99039:3.2.0.0",6392,"NODE_2916_length_8336_cov_4.889877","est2genome","TRINITY_DN5504_c0_g1_i1 1 719 -","match_part"]],"1363","expressed_sequence_match",{"Sublist":[[0,4197,4573,1,"100","98.9","NODE_2916_length_8336_cov_4.889877:hit:23018:3.2.0.0","TRINITY_DN5504_c0_g1_i3",1824,"NODE_2916_length_8336_cov_4.889877","est2genome",[[1,4197,4573,1,"M289 I3 M87","NODE_2916_length_8336_cov_4.889877:hsp:99040:3.2.0.0",1824,"NODE_2916_length_8336_cov_4.889877","est2genome","TRINITY_DN5504_c0_g1_i3 1 379 -","match_part"]],"379","expressed_sequence_match"]]}],[0,6976,7977,1,"95.49","94.3","NODE_2916_length_8336_cov_4.889877:hit:23019:3.2.0.0","TRINITY_DN41520_c0_g1_i1",4071,"NODE_2916_length_8336_cov_4.889877","est2genome",[[1,6976,7377,1,"M94 I2 M307","NODE_2916_length_8336_cov_4.889877:hsp:99041:3.2.0.0",4071,"NODE_2916_length_8336_cov_4.889877","est2genome","TRINITY_DN41520_c0_g1_i1 44 446 +","match_part"],[1,7465,7977,1,"M326 D1 M14 D4 M167","NODE_2916_length_8336_cov_4.889877:hsp:99042:3.2.0.0",4071,"NODE_2916_length_8336_cov_4.889877","est2genome","TRINITY_DN41520_c0_g1_i1 447 953 +","match_part"]],"953","expressed_sequence_match"]],"urlTemplate":"lf-{Chunk}.json"}}