{"featureCount":27,"formatVersion":1,"histograms":{"meta":[{"arrayParams":{"chunkSize":10000,"length":8,"urlTemplate":"hist-1000-{Chunk}.json"},"basesPerBin":"1000"}],"stats":[{"basesPerBin":"1000","max":15,"mean":6.5}]},"intervals":{"classes":[{"attributes":["Start","End","Strand","Id","Name","Score","Seq_id","Source","Subfeatures","Target_length","Type"],"isArrayAttr":{"Subfeatures":1}},{"attributes":["Start","End","Strand","Gap","Id","Score","Seq_id","Source","Target","Type"],"isArrayAttr":{}},{"attributes":["Start","End","Chunk"],"isArrayAttr":{"Sublist":1}}],"count":27,"lazyClass":2,"maxEnd":7239,"minStart":38,"nclist":[[0,38,2196,1,"NODE_3363_length_7239_cov_6.190101:hit:31135:3.2.0.0","TRINITY_DN2119_c0_g1_i16",348,"NODE_3363_length_7239_cov_6.190101","blastn",[[1,38,392,1,"M354","NODE_3363_length_7239_cov_6.190101:hsp:131777:3.2.0.0",348,"NODE_3363_length_7239_cov_6.190101","blastn","TRINITY_DN2119_c0_g1_i16 447 800 +","match_part"],[1,556,812,1,"M256","NODE_3363_length_7239_cov_6.190101:hsp:131778:3.2.0.0",202,"NODE_3363_length_7239_cov_6.190101","blastn","TRINITY_DN2119_c0_g1_i16 798 1053 +","match_part"],[1,897,2196,1,"M1299","NODE_3363_length_7239_cov_6.190101:hsp:131779:3.2.0.0",1239,"NODE_3363_length_7239_cov_6.190101","blastn","TRINITY_DN2119_c0_g1_i16 1053 2351 +","match_part"]],"2358","expressed_sequence_match"],[0,38,2196,1,"NODE_3363_length_7239_cov_6.190101:hit:31136:3.2.0.0","TRINITY_DN2119_c0_g1_i5",348,"NODE_3363_length_7239_cov_6.190101","blastn",[[1,38,392,1,"M354","NODE_3363_length_7239_cov_6.190101:hsp:131780:3.2.0.0",348,"NODE_3363_length_7239_cov_6.190101","blastn","TRINITY_DN2119_c0_g1_i5 447 800 +","match_part"],[1,556,812,1,"M256","NODE_3363_length_7239_cov_6.190101:hsp:131781:3.2.0.0",202,"NODE_3363_length_7239_cov_6.190101","blastn","TRINITY_DN2119_c0_g1_i5 798 1053 +","match_part"],[1,897,1056,1,"M159","NODE_3363_length_7239_cov_6.190101:hsp:131782:3.2.0.0",141,"NODE_3363_length_7239_cov_6.190101","blastn","TRINITY_DN2119_c0_g1_i5 1053 1211 +","match_part"],[1,1143,2196,1,"M1053","NODE_3363_length_7239_cov_6.190101:hsp:131783:3.2.0.0",1005,"NODE_3363_length_7239_cov_6.190101","blastn","TRINITY_DN2119_c0_g1_i5 1212 2264 +","match_part"]],"2271","expressed_sequence_match"],[0,38,2196,1,"NODE_3363_length_7239_cov_6.190101:hit:31137:3.2.0.0","TRINITY_DN2119_c0_g1_i6",337,"NODE_3363_length_7239_cov_6.190101","blastn",[[1,38,405,1,"M367","NODE_3363_length_7239_cov_6.190101:hsp:131784:3.2.0.0",337,"NODE_3363_length_7239_cov_6.190101","blastn","TRINITY_DN2119_c0_g1_i6 447 813 +","match_part"],[1,557,812,1,"M255","NODE_3363_length_7239_cov_6.190101:hsp:131785:3.2.0.0",201,"NODE_3363_length_7239_cov_6.190101","blastn","TRINITY_DN2119_c0_g1_i6 812 1066 +","match_part"],[1,897,2196,1,"M1299","NODE_3363_length_7239_cov_6.190101:hsp:131786:3.2.0.0",1239,"NODE_3363_length_7239_cov_6.190101","blastn","TRINITY_DN2119_c0_g1_i6 1066 2364 +","match_part"]],"2371","expressed_sequence_match"],[0,38,2196,1,"NODE_3363_length_7239_cov_6.190101:hit:31138:3.2.0.0","TRINITY_DN2119_c0_g1_i8",337,"NODE_3363_length_7239_cov_6.190101","blastn",[[1,38,405,1,"M367","NODE_3363_length_7239_cov_6.190101:hsp:131787:3.2.0.0",337,"NODE_3363_length_7239_cov_6.190101","blastn","TRINITY_DN2119_c0_g1_i8 447 813 +","match_part"],[1,557,812,1,"M255","NODE_3363_length_7239_cov_6.190101:hsp:131788:3.2.0.0",201,"NODE_3363_length_7239_cov_6.190101","blastn","TRINITY_DN2119_c0_g1_i8 812 1066 +","match_part"],[1,897,1056,1,"M159","NODE_3363_length_7239_cov_6.190101:hsp:131789:3.2.0.0",141,"NODE_3363_length_7239_cov_6.190101","blastn","TRINITY_DN2119_c0_g1_i8 1066 1224 +","match_part"],[1,1143,2196,1,"M1053","NODE_3363_length_7239_cov_6.190101:hsp:131790:3.2.0.0",1011,"NODE_3363_length_7239_cov_6.190101","blastn","TRINITY_DN2119_c0_g1_i8 1225 2277 +","match_part"]],"2284","expressed_sequence_match",{"Sublist":[[0,309,962,1,"NODE_3363_length_7239_cov_6.190101:hit:31139:3.2.0.0","TRINITY_DN2119_c0_g1_i15",65,"NODE_3363_length_7239_cov_6.190101","blastn",[[1,309,392,1,"M83","NODE_3363_length_7239_cov_6.190101:hsp:131791:3.2.0.0",65,"NODE_3363_length_7239_cov_6.190101","blastn","TRINITY_DN2119_c0_g1_i15 2 84 +","match_part"],[1,556,812,1,"M256","NODE_3363_length_7239_cov_6.190101:hsp:131792:3.2.0.0",220,"NODE_3363_length_7239_cov_6.190101","blastn","TRINITY_DN2119_c0_g1_i15 82 337 +","match_part"],[1,897,962,1,"M65","NODE_3363_length_7239_cov_6.190101:hsp:131793:3.2.0.0",65,"NODE_3363_length_7239_cov_6.190101","blastn","TRINITY_DN2119_c0_g1_i15 337 401 +","match_part"]],"401","expressed_sequence_match"],[0,405,962,1,"NODE_3363_length_7239_cov_6.190101:hit:31140:3.2.0.0","TRINITY_DN2119_c0_g1_i21",343,"NODE_3363_length_7239_cov_6.190101","blastn",[[1,405,812,1,"M82 D1 M2 D1 M321","NODE_3363_length_7239_cov_6.190101:hsp:131794:3.2.0.0",343,"NODE_3363_length_7239_cov_6.190101","blastn","TRINITY_DN2119_c0_g1_i21 1 405 +","match_part"],[1,897,962,1,"M65","NODE_3363_length_7239_cov_6.190101:hsp:131795:3.2.0.0",65,"NODE_3363_length_7239_cov_6.190101","blastn","TRINITY_DN2119_c0_g1_i21 405 469 +","match_part"]],"469","expressed_sequence_match"]]}],[0,3215,3611,1,"NODE_3363_length_7239_cov_6.190101:hit:31141:3.2.0.0","TRINITY_DN44480_c0_g1_i1",396,"NODE_3363_length_7239_cov_6.190101","blastn",[[1,3215,3611,1,"M396","NODE_3363_length_7239_cov_6.190101:hsp:131796:3.2.0.0",396,"NODE_3363_length_7239_cov_6.190101","blastn","TRINITY_DN44480_c0_g1_i1 4 399 +","match_part"]],"399","expressed_sequence_match"],[0,4116,4541,-1,"NODE_3363_length_7239_cov_6.190101:hit:31142:3.2.0.0","TRINITY_DN7203_c0_g1_i1",109,"NODE_3363_length_7239_cov_6.190101","blastn",[[1,4420,4541,-1,"M121","NODE_3363_length_7239_cov_6.190101:hsp:131797:3.2.0.0",109,"NODE_3363_length_7239_cov_6.190101","blastn","TRINITY_DN7203_c0_g1_i1 1 121 +","match_part"],[1,4279,4366,-1,"M45 I3 M42","NODE_3363_length_7239_cov_6.190101:hsp:131798:3.2.0.0",61,"NODE_3363_length_7239_cov_6.190101","blastn","TRINITY_DN7203_c0_g1_i1 171 260 +","match_part"],[1,4116,4275,-1,"M126 D3 M30","NODE_3363_length_7239_cov_6.190101:hsp:131799:3.2.0.0",118,"NODE_3363_length_7239_cov_6.190101","blastn","TRINITY_DN7203_c0_g1_i1 274 429 +","match_part"]],"434","expressed_sequence_match"],[0,4116,4541,-1,"NODE_3363_length_7239_cov_6.190101:hit:31143:3.2.0.0","TRINITY_DN7203_c0_g1_i2",97,"NODE_3363_length_7239_cov_6.190101","blastn",[[1,4444,4541,-1,"M97","NODE_3363_length_7239_cov_6.190101:hsp:131800:3.2.0.0",97,"NODE_3363_length_7239_cov_6.190101","blastn","TRINITY_DN7203_c0_g1_i2 1 97 +","match_part"],[1,4279,4356,-1,"M35 I3 M42","NODE_3363_length_7239_cov_6.190101:hsp:131801:3.2.0.0",51,"NODE_3363_length_7239_cov_6.190101","blastn","TRINITY_DN7203_c0_g1_i2 96 175 +","match_part"],[1,4116,4275,-1,"M126 D3 M30","NODE_3363_length_7239_cov_6.190101:hsp:131802:3.2.0.0",118,"NODE_3363_length_7239_cov_6.190101","blastn","TRINITY_DN7203_c0_g1_i2 189 344 +","match_part"]],"349","expressed_sequence_match"],[0,4444,7239,-1,"NODE_3363_length_7239_cov_6.190101:hit:31144:3.2.0.0","TRINITY_DN627_c3_g1_i11",838,"NODE_3363_length_7239_cov_6.190101","blastn",[[1,6308,7239,-1,"M44 D1 M134 D1 M697 D2 M52","NODE_3363_length_7239_cov_6.190101:hsp:131803:3.2.0.0",838,"NODE_3363_length_7239_cov_6.190101","blastn","TRINITY_DN627_c3_g1_i11 352 1278 +","match_part"],[1,4444,6307,-1,"M980 I1 M487 I1 M334 I2 M62","NODE_3363_length_7239_cov_6.190101:hsp:131804:3.2.0.0",1750,"NODE_3363_length_7239_cov_6.190101","blastn","TRINITY_DN627_c3_g1_i11 1270 3136 +","match_part"]],"3182","expressed_sequence_match",{"Sublist":[[0,4852,5114,1,"NODE_3363_length_7239_cov_6.190101:hit:31145:3.2.0.0","TRINITY_DN7573_c0_g1_i1",220,"NODE_3363_length_7239_cov_6.190101","blastn",[[1,4852,5114,1,"M262","NODE_3363_length_7239_cov_6.190101:hsp:131805:3.2.0.0",220,"NODE_3363_length_7239_cov_6.190101","blastn","TRINITY_DN7573_c0_g1_i1 1 262 +","match_part"]],