{"featureCount":4,"formatVersion":1,"histograms":{"meta":[{"arrayParams":{"chunkSize":10000,"length":2,"urlTemplate":"hist-5000-{Chunk}.json"},"basesPerBin":"5000"}],"stats":[{"basesPerBin":"5000","max":3,"mean":2.5}]},"intervals":{"classes":[{"attributes":["Start","End","Strand","Id","Name","Seq_id","Source","Subfeatures","Target_length","Type"],"isArrayAttr":{"Subfeatures":1}},{"attributes":["Start","End","Strand","Gap","Id","Seq_id","Source","Target","Type"],"isArrayAttr":{}},{"attributes":["Start","End","Strand","Id","Seq_id","Source","Target","Type"],"isArrayAttr":{}},{"attributes":["Start","End","Chunk"],"isArrayAttr":{"Sublist":1}}],"count":4,"lazyClass":3,"maxEnd":7613,"minStart":47,"nclist":[[0,47,140,-1,"NODE_3196_length_7626_cov_7.224697:hit:28245:4.5.0.0","genemark-NODE_3196_length_7626_cov_7.224697-abinit-gene-0.3-mRNA-1","NODE_3196_length_7626_cov_7.224697","genemark",[[1,47,140,-1,"M93","NODE_3196_length_7626_cov_7.224697:hsp:120475:4.5.0.0","NODE_3196_length_7626_cov_7.224697","genemark","genemark-NODE_3196_length_7626_cov_7.224697-abinit-gene-0.3-mRNA-1 1 93 +","match_part"]],"7626","match"],[0,396,2654,1,"NODE_3196_length_7626_cov_7.224697:hit:28247:4.5.0.0","genemark-NODE_3196_length_7626_cov_7.224697-abinit-gene-0.2-mRNA-1","NODE_3196_length_7626_cov_7.224697","genemark",[[1,396,555,1,"M159","NODE_3196_length_7626_cov_7.224697:hsp:120482:4.5.0.0","NODE_3196_length_7626_cov_7.224697","genemark","genemark-NODE_3196_length_7626_cov_7.224697-abinit-gene-0.2-mRNA-1 1 159 +","match_part"],[1,643,1441,1,"M798","NODE_3196_length_7626_cov_7.224697:hsp:120483:4.5.0.0","NODE_3196_length_7626_cov_7.224697","genemark","genemark-NODE_3196_length_7626_cov_7.224697-abinit-gene-0.2-mRNA-1 160 957 +","match_part"],[1,1523,1902,1,"M379","NODE_3196_length_7626_cov_7.224697:hsp:120484:4.5.0.0","NODE_3196_length_7626_cov_7.224697","genemark","genemark-NODE_3196_length_7626_cov_7.224697-abinit-gene-0.2-mRNA-1 958 1336 +","match_part"],[1,2005,2239,1,"M234","NODE_3196_length_7626_cov_7.224697:hsp:120485:4.5.0.0","NODE_3196_length_7626_cov_7.224697","genemark","genemark-NODE_3196_length_7626_cov_7.224697-abinit-gene-0.2-mRNA-1 1337 1570 +","match_part"],[1,2351,2440,1,"M89","NODE_3196_length_7626_cov_7.224697:hsp:120486:4.5.0.0","NODE_3196_length_7626_cov_7.224697","genemark","genemark-NODE_3196_length_7626_cov_7.224697-abinit-gene-0.2-mRNA-1 1571 1659 +","match_part"],[1,2510,2654,1,"M144","NODE_3196_length_7626_cov_7.224697:hsp:120487:4.5.0.0","NODE_3196_length_7626_cov_7.224697","genemark","genemark-NODE_3196_length_7626_cov_7.224697-abinit-gene-0.2-mRNA-1 1660 1803 +","match_part"]],"7626","match"],[0,4495,5028,-1,"NODE_3196_length_7626_cov_7.224697:hit:28249:4.5.0.0","genemark-NODE_3196_length_7626_cov_7.224697-abinit-gene-0.4-mRNA-1","NODE_3196_length_7626_cov_7.224697","genemark",[[1,5025,5028,-1,"M3","NODE_3196_length_7626_cov_7.224697:hsp:120496:4.5.0.0","NODE_3196_length_7626_cov_7.224697","genemark","genemark-NODE_3196_length_7626_cov_7.224697-abinit-gene-0.4-mRNA-1 148 150 +","match_part"],[1,4911,4926,-1,"M15","NODE_3196_length_7626_cov_7.224697:hsp:120497:4.5.0.0","NODE_3196_length_7626_cov_7.224697","genemark","genemark-NODE_3196_length_7626_cov_7.224697-abinit-gene-0.4-mRNA-1 133 147 +","match_part"],[1,4804,4838,-1,"M34","NODE_3196_length_7626_cov_7.224697:hsp:120498:4.5.0.0","NODE_3196_length_7626_cov_7.224697","genemark","genemark-NODE_3196_length_7626_cov_7.224697-abinit-gene-0.4-mRNA-1 99 132 +","match_part"],[1,4622,4717,-1,"M95","NODE_3196_length_7626_cov_7.224697:hsp:120499:4.5.0.0","NODE_3196_length_7626_cov_7.224697","genemark","genemark-NODE_3196_length_7626_cov_7.224697-abinit-gene-0.4-mRNA-1 4 98 +","match_part"],[1,4495,4498,-1,"M3","NODE_3196_length_7626_cov_7.224697:hsp:120500:4.5.0.0","NODE_3196_length_7626_cov_7.224697","genemark","genemark-NODE_3196_length_7626_cov_7.224697-abinit-gene-0.4-mRNA-1 1 3 +","match_part"]],"7626","match"],[0,7307,7613,-1,"NODE_3196_length_7626_cov_7.224697:hit:28250:4.5.0.0","genemark-NODE_3196_length_7626_cov_7.224697-abinit-gene-0.5-mRNA-1","NODE_3196_length_7626_cov_7.224697","genemark",[[1,7580,7613,-1,"M33","NODE_3196_length_7626_cov_7.224697:hsp:120501:4.5.0.0","NODE_3196_length_7626_cov_7.224697","genemark","genemark-NODE_3196_length_7626_cov_7.224697-abinit-gene-0.5-mRNA-1 220 252 +","match_part"],[1,7307,7526,-1,"M219","NODE_3196_length_7626_cov_7.224697:hsp:120502:4.5.0.0","NODE_3196_length_7626_cov_7.224697","genemark","genemark-NODE_3196_length_7626_cov_7.224697-abinit-gene-0.5-mRNA-1 1 219 +","match_part"]],"7626","match"]],"urlTemplate":"lf-{Chunk}.json"}}