{"featureCount":2,"formatVersion":1,"histograms":{"meta":[{"arrayParams":{"chunkSize":10000,"length":1,"urlTemplate":"hist-5000-{Chunk}.json"},"basesPerBin":"5000"}],"stats":[{"basesPerBin":"5000","max":2,"mean":2}]},"intervals":{"classes":[{"attributes":["Start","End","Strand","Id","Name","Score","Seq_id","Source","Subfeatures","Target_length","Type"],"isArrayAttr":{"Subfeatures":1}},{"attributes":["Start","End","Strand","Gap","Id","Score","Seq_id","Source","Target","Type"],"isArrayAttr":{}},{"attributes":["Start","End","Chunk"],"isArrayAttr":{"Sublist":1}}],"count":2,"lazyClass":2,"maxEnd":2718,"minStart":0,"nclist":[[0,0,577,1,"NODE_7769_length_2720_cov_8.157732:hit:12983:4.5.0.0","augustus-NODE_7769_length_2720_cov_8.157732-abinit-gene-0.3-mRNA-1",0.82,"NODE_7769_length_2720_cov_8.157732","augustus",[[1,0,102,1,"M102","NODE_7769_length_2720_cov_8.157732:hsp:37796:4.5.0.0",0.82,"NODE_7769_length_2720_cov_8.157732","augustus","augustus-NODE_7769_length_2720_cov_8.157732-abinit-gene-0.3-mRNA-1 1 102 +","match_part"],[1,203,241,1,"M38","NODE_7769_length_2720_cov_8.157732:hsp:37797:4.5.0.0",0.82,"NODE_7769_length_2720_cov_8.157732","augustus","augustus-NODE_7769_length_2720_cov_8.157732-abinit-gene-0.3-mRNA-1 103 140 +","match_part"],[1,332,396,1,"M64","NODE_7769_length_2720_cov_8.157732:hsp:37798:4.5.0.0",0.82,"NODE_7769_length_2720_cov_8.157732","augustus","augustus-NODE_7769_length_2720_cov_8.157732-abinit-gene-0.3-mRNA-1 141 204 +","match_part"],[1,505,577,1,"M72","NODE_7769_length_2720_cov_8.157732:hsp:37799:4.5.0.0",0.82,"NODE_7769_length_2720_cov_8.157732","augustus","augustus-NODE_7769_length_2720_cov_8.157732-abinit-gene-0.3-mRNA-1 205 276 +","match_part"]],"2720","match"],[0,1277,2718,1,"NODE_7769_length_2720_cov_8.157732:hit:12987:4.5.0.0","augustus-NODE_7769_length_2720_cov_8.157732-abinit-gene-0.4-mRNA-1",0.61,"NODE_7769_length_2720_cov_8.157732","augustus",[[1,1277,1530,1,"M253","NODE_7769_length_2720_cov_8.157732:hsp:37814:4.5.0.0",0.61,"NODE_7769_length_2720_cov_8.157732","augustus","augustus-NODE_7769_length_2720_cov_8.157732-abinit-gene-0.4-mRNA-1 1 253 +","match_part"],[1,1612,2462,1,"M850","NODE_7769_length_2720_cov_8.157732:hsp:37815:4.5.0.0",0.61,"NODE_7769_length_2720_cov_8.157732","augustus","augustus-NODE_7769_length_2720_cov_8.157732-abinit-gene-0.4-mRNA-1 254 1103 +","match_part"],[1,2531,2718,1,"M187","NODE_7769_length_2720_cov_8.157732:hsp:37816:4.5.0.0",0.61,"NODE_7769_length_2720_cov_8.157732","augustus","augustus-NODE_7769_length_2720_cov_8.157732-abinit-gene-0.4-mRNA-1 1104 1290 +","match_part"]],"2720","match"]],"urlTemplate":"lf-{Chunk}.json"}}