{"featureCount":2,"formatVersion":1,"histograms":{"meta":[{"arrayParams":{"chunkSize":10000,"length":1,"urlTemplate":"hist-20000-{Chunk}.json"},"basesPerBin":"20000"}],"stats":[{"basesPerBin":"20000","max":2,"mean":2}]},"intervals":{"classes":[{"attributes":["Start","End","Strand","Id","Name","Score","Seq_id","Source","Subfeatures","Target_length","Type"],"isArrayAttr":{"Subfeatures":1}},{"attributes":["Start","End","Strand","Gap","Id","Score","Seq_id","Source","Target","Type"],"isArrayAttr":{}},{"attributes":["Start","End","Chunk"],"isArrayAttr":{"Sublist":1}}],"count":2,"lazyClass":2,"maxEnd":8365,"minStart":2039,"nclist":[[0,2039,4487,-1,"NODE_2124_length_10948_cov_2.215764:hit:3586:4.5.0.0","augustus-NODE_2124_length_10948_cov_2.215764-abinit-gene-0.3-mRNA-1",0.7,"NODE_2124_length_10948_cov_2.215764","augustus",[[1,3412,4487,-1,"M1075","NODE_2124_length_10948_cov_2.215764:hsp:17058:4.5.0.0",0.7,"NODE_2124_length_10948_cov_2.215764","augustus","augustus-NODE_2124_length_10948_cov_2.215764-abinit-gene-0.3-mRNA-1 1152 2226 +","match_part"],[1,2862,3338,-1,"M476","NODE_2124_length_10948_cov_2.215764:hsp:17059:4.5.0.0",0.7,"NODE_2124_length_10948_cov_2.215764","augustus","augustus-NODE_2124_length_10948_cov_2.215764-abinit-gene-0.3-mRNA-1 676 1151 +","match_part"],[1,2424,2783,-1,"M359","NODE_2124_length_10948_cov_2.215764:hsp:17060:4.5.0.0",0.7,"NODE_2124_length_10948_cov_2.215764","augustus","augustus-NODE_2124_length_10948_cov_2.215764-abinit-gene-0.3-mRNA-1 317 675 +","match_part"],[1,2039,2355,-1,"M316","NODE_2124_length_10948_cov_2.215764:hsp:17061:4.5.0.0",0.7,"NODE_2124_length_10948_cov_2.215764","augustus","augustus-NODE_2124_length_10948_cov_2.215764-abinit-gene-0.3-mRNA-1 1 316 +","match_part"]],"10948","match"],[0,5131,8365,1,"NODE_2124_length_10948_cov_2.215764:hit:3589:4.5.0.0","augustus-NODE_2124_length_10948_cov_2.215764-abinit-gene-0.2-mRNA-1",0.25,"NODE_2124_length_10948_cov_2.215764","augustus",[[1,5131,5856,1,"M725","NODE_2124_length_10948_cov_2.215764:hsp:17067:4.5.0.0",0.25,"NODE_2124_length_10948_cov_2.215764","augustus","augustus-NODE_2124_length_10948_cov_2.215764-abinit-gene-0.2-mRNA-1 1 725 +","match_part"],[1,5926,6859,1,"M933","NODE_2124_length_10948_cov_2.215764:hsp:17068:4.5.0.0",0.25,"NODE_2124_length_10948_cov_2.215764","augustus","augustus-NODE_2124_length_10948_cov_2.215764-abinit-gene-0.2-mRNA-1 726 1658 +","match_part"],[1,6940,7008,1,"M68","NODE_2124_length_10948_cov_2.215764:hsp:17069:4.5.0.0",0.25,"NODE_2124_length_10948_cov_2.215764","augustus","augustus-NODE_2124_length_10948_cov_2.215764-abinit-gene-0.2-mRNA-1 1659 1726 +","match_part"],[1,7456,7725,1,"M269","NODE_2124_length_10948_cov_2.215764:hsp:17070:4.5.0.0",0.25,"NODE_2124_length_10948_cov_2.215764","augustus","augustus-NODE_2124_length_10948_cov_2.215764-abinit-gene-0.2-mRNA-1 1727 1995 +","match_part"],[1,7792,8176,1,"M384","NODE_2124_length_10948_cov_2.215764:hsp:17071:4.5.0.0",0.25,"NODE_2124_length_10948_cov_2.215764","augustus","augustus-NODE_2124_length_10948_cov_2.215764-abinit-gene-0.2-mRNA-1 1996 2379 +","match_part"],[1,8284,8365,1,"M81","NODE_2124_length_10948_cov_2.215764:hsp:17072:4.5.0.0",0.25,"NODE_2124_length_10948_cov_2.215764","augustus","augustus-NODE_2124_length_10948_cov_2.215764-abinit-gene-0.2-mRNA-1 2380 2460 +","match_part"]],"10948","match"]],"urlTemplate":"lf-{Chunk}.json"}}