{"featureCount":2,"formatVersion":1,"histograms":{"meta":[{"arrayParams":{"chunkSize":10000,"length":1,"urlTemplate":"hist-10000-{Chunk}.json"},"basesPerBin":"10000"}],"stats":[{"basesPerBin":"10000","max":2,"mean":2}]},"intervals":{"classes":[{"attributes":["Start","End","Strand","Id","Name","Score","Seq_id","Source","Subfeatures","Target_length","Type"],"isArrayAttr":{"Subfeatures":1}},{"attributes":["Start","End","Strand","Gap","Id","Score","Seq_id","Source","Target","Type"],"isArrayAttr":{}},{"attributes":["Start","End","Chunk"],"isArrayAttr":{"Sublist":1}}],"count":2,"lazyClass":2,"maxEnd":5910,"minStart":5608,"nclist":[[0,5608,5910,-1,"NODE_3080_length_7920_cov_4.987553:hit:25933:3.2.0.0","TRINITY_DN6717_c0_g1_i1",97,"NODE_3080_length_7920_cov_4.987553","blastn",[[1,5608,5910,-1,"M19 I1 M34 D2 M24 I1 M1 I2 M36 D1 M84 I1 M36 D2 M22 I1 M1 I2 M40","NODE_3080_length_7920_cov_4.987553:hsp:110768:3.2.0.0",97,"NODE_3080_length_7920_cov_4.987553","blastn","TRINITY_DN6717_c0_g1_i1 13 317 +","match_part"],[1,5854,5891,-1,"M37","NODE_3080_length_7920_cov_4.987553:hsp:110769:3.2.0.0",37,"NODE_3080_length_7920_cov_4.987553","blastn","TRINITY_DN6717_c0_g1_i1 216 252 +","match_part"],[1,5670,5740,-1,"M31 I1 M39","NODE_3080_length_7920_cov_4.987553:hsp:110770:3.2.0.0",48,"NODE_3080_length_7920_cov_4.987553","blastn","TRINITY_DN6717_c0_g1_i1 1 71 +","match_part"]],"421","expressed_sequence_match"],[0,5608,5910,-1,"NODE_3080_length_7920_cov_4.987553:hit:25934:3.2.0.0","TRINITY_DN6717_c0_g1_i2",40,"NODE_3080_length_7920_cov_4.987553","blastn",[[1,5854,5910,-1,"M19 I1 M37","NODE_3080_length_7920_cov_4.987553:hsp:110771:3.2.0.0",40,"NODE_3080_length_7920_cov_4.987553","blastn","TRINITY_DN6717_c0_g1_i2 13 69 +","match_part"],[1,5608,5740,-1,"M31 I1 M36 D2 M22 I1 M1 I2 M40","NODE_3080_length_7920_cov_4.987553:hsp:110772:3.2.0.0",50,"NODE_3080_length_7920_cov_4.987553","blastn","TRINITY_DN6717_c0_g1_i2 1 134 +","match_part"]],"238","expressed_sequence_match"]],"urlTemplate":"lf-{Chunk}.json"}}