{"featureCount":3,"formatVersion":1,"histograms":{"meta":[{"arrayParams":{"chunkSize":10000,"length":1,"urlTemplate":"hist-5000-{Chunk}.json"},"basesPerBin":"5000"}],"stats":[{"basesPerBin":"5000","max":3,"mean":3}]},"intervals":{"classes":[{"attributes":["Start","End","Strand","Aligned_coverage","Aligned_identity","Id","Name","Score","Seq_id","Source","Subfeatures","Target_length","Type"],"isArrayAttr":{"Subfeatures":1}},{"attributes":["Start","End","Strand","Gap","Id","Score","Seq_id","Source","Target","Type"],"isArrayAttr":{}},{"attributes":["Start","End","Chunk"],"isArrayAttr":{"Sublist":1}}],"count":3,"lazyClass":2,"maxEnd":3385,"minStart":2832,"nclist":[[0,2832,3385,1,"99.79","90.9","NODE_6370_length_3731_cov_2.885683:hit:3505:3.2.0.0","TRINITY_DN15410_c0_g1_i2",1938,"NODE_6370_length_3731_cov_2.885683","est2genome",[[1,2832,3109,1,"M72 D3 M3 D3 M192 D2 M2","NODE_6370_length_3731_cov_2.885683:hsp:10482:3.2.0.0",1938,"NODE_6370_length_3731_cov_2.885683","est2genome","TRINITY_DN15410_c0_g1_i2 2 270 +","match_part"],[1,3189,3385,1,"M196","NODE_6370_length_3731_cov_2.885683:hsp:10483:3.2.0.0",1938,"NODE_6370_length_3731_cov_2.885683","est2genome","TRINITY_DN15410_c0_g1_i2 271 466 +","match_part"]],"466","expressed_sequence_match"],[0,2858,3385,1,"100","98","NODE_6370_length_3731_cov_2.885683:hit:3506:3.2.0.0","TRINITY_DN15410_c0_g1_i1",2130,"NODE_6370_length_3731_cov_2.885683","est2genome",[[1,2858,3109,1,"M247 D2 M2","NODE_6370_length_3731_cov_2.885683:hsp:10484:3.2.0.0",2130,"NODE_6370_length_3731_cov_2.885683","est2genome","TRINITY_DN15410_c0_g1_i1 1 249 +","match_part"],[1,3189,3385,1,"M196","NODE_6370_length_3731_cov_2.885683:hsp:10485:3.2.0.0",2130,"NODE_6370_length_3731_cov_2.885683","est2genome","TRINITY_DN15410_c0_g1_i1 250 445 +","match_part"]],"445","expressed_sequence_match",{"Sublist":[[0,2858,3255,1,"100","94.7","NODE_6370_length_3731_cov_2.885683:hit:3507:3.2.0.0","TRINITY_DN15410_c0_g1_i3",1780,"NODE_6370_length_3731_cov_2.885683","est2genome",[[1,2858,3255,1,"M247 D2 M28 D4 M116","NODE_6370_length_3731_cov_2.885683:hsp:10486:3.2.0.0",1780,"NODE_6370_length_3731_cov_2.885683","est2genome","TRINITY_DN15410_c0_g1_i3 1 391 +","match_part"]],"391","expressed_sequence_match"]]}]],"urlTemplate":"lf-{Chunk}.json"}}