{"featureCount":4,"formatVersion":1,"histograms":{"meta":[{"arrayParams":{"chunkSize":10000,"length":2,"urlTemplate":"hist-5000-{Chunk}.json"},"basesPerBin":"5000"}],"stats":[{"basesPerBin":"5000","max":3,"mean":2.5}]},"intervals":{"classes":[{"attributes":["Start","End","Strand","Id","Name","Seq_id","Source","Subfeatures","Target_length","Type"],"isArrayAttr":{"Subfeatures":1}},{"attributes":["Start","End","Strand","Gap","Id","Seq_id","Source","Target","Type"],"isArrayAttr":{}},{"attributes":["Start","End","Strand","Id","Seq_id","Source","Target","Type"],"isArrayAttr":{}},{"attributes":["Start","End","Chunk"],"isArrayAttr":{"Sublist":1}}],"count":4,"lazyClass":3,"maxEnd":7349,"minStart":18,"nclist":[[0,18,302,1,"NODE_2445_length_9746_cov_10.434557:hit:12635:4.5.0.0","genemark-NODE_2445_length_9746_cov_10.434557-abinit-gene-0.0-mRNA-1","NODE_2445_length_9746_cov_10.434557","genemark",[[1,18,132,1,"M114","NODE_2445_length_9746_cov_10.434557:hsp:54973:4.5.0.0","NODE_2445_length_9746_cov_10.434557","genemark","genemark-NODE_2445_length_9746_cov_10.434557-abinit-gene-0.0-mRNA-1 1 114 +","match_part"],[1,233,302,1,"M69","NODE_2445_length_9746_cov_10.434557:hsp:54974:4.5.0.0","NODE_2445_length_9746_cov_10.434557","genemark","genemark-NODE_2445_length_9746_cov_10.434557-abinit-gene-0.0-mRNA-1 115 183 +","match_part"]],"9746","match"],[0,427,577,1,"NODE_2445_length_9746_cov_10.434557:hit:12636:4.5.0.0","genemark-NODE_2445_length_9746_cov_10.434557-abinit-gene-0.1-mRNA-1","NODE_2445_length_9746_cov_10.434557","genemark",[[1,427,577,1,"M150","NODE_2445_length_9746_cov_10.434557:hsp:54975:4.5.0.0","NODE_2445_length_9746_cov_10.434557","genemark","genemark-NODE_2445_length_9746_cov_10.434557-abinit-gene-0.1-mRNA-1 1 150 +","match_part"]],"9746","match"],[0,1100,5240,1,"NODE_2445_length_9746_cov_10.434557:hit:12639:4.5.0.0","genemark-NODE_2445_length_9746_cov_10.434557-abinit-gene-0.2-mRNA-1","NODE_2445_length_9746_cov_10.434557","genemark",[[1,1100,1166,1,"M66","NODE_2445_length_9746_cov_10.434557:hsp:54989:4.5.0.0","NODE_2445_length_9746_cov_10.434557","genemark","genemark-NODE_2445_length_9746_cov_10.434557-abinit-gene-0.2-mRNA-1 1 66 +","match_part"],[1,1229,1875,1,"M646","NODE_2445_length_9746_cov_10.434557:hsp:54990:4.5.0.0","NODE_2445_length_9746_cov_10.434557","genemark","genemark-NODE_2445_length_9746_cov_10.434557-abinit-gene-0.2-mRNA-1 67 712 +","match_part"],[1,2051,2091,1,"M40","NODE_2445_length_9746_cov_10.434557:hsp:54991:4.5.0.0","NODE_2445_length_9746_cov_10.434557","genemark","genemark-NODE_2445_length_9746_cov_10.434557-abinit-gene-0.2-mRNA-1 713 752 +","match_part"],[1,2170,2250,1,"M80","NODE_2445_length_9746_cov_10.434557:hsp:54992:4.5.0.0","NODE_2445_length_9746_cov_10.434557","genemark","genemark-NODE_2445_length_9746_cov_10.434557-abinit-gene-0.2-mRNA-1 753 832 +","match_part"],[1,2309,3025,1,"M716","NODE_2445_length_9746_cov_10.434557:hsp:54993:4.5.0.0","NODE_2445_length_9746_cov_10.434557","genemark","genemark-NODE_2445_length_9746_cov_10.434557-abinit-gene-0.2-mRNA-1 833 1548 +","match_part"],[1,3091,3248,1,"M157","NODE_2445_length_9746_cov_10.434557:hsp:54994:4.5.0.0","NODE_2445_length_9746_cov_10.434557","genemark","genemark-NODE_2445_length_9746_cov_10.434557-abinit-gene-0.2-mRNA-1 1549 1705 +","match_part"],[1,3321,3642,1,"M321","NODE_2445_length_9746_cov_10.434557:hsp:54995:4.5.0.0","NODE_2445_length_9746_cov_10.434557","genemark","genemark-NODE_2445_length_9746_cov_10.434557-abinit-gene-0.2-mRNA-1 1706 2026 +","match_part"],[1,3727,4218,1,"M491","NODE_2445_length_9746_cov_10.434557:hsp:54996:4.5.0.0","NODE_2445_length_9746_cov_10.434557","genemark","genemark-NODE_2445_length_9746_cov_10.434557-abinit-gene-0.2-mRNA-1 2027 2517 +","match_part"],[1,4283,4394,1,"M111","NODE_2445_length_9746_cov_10.434557:hsp:54997:4.5.0.0","NODE_2445_length_9746_cov_10.434557","genemark","genemark-NODE_2445_length_9746_cov_10.434557-abinit-gene-0.2-mRNA-1 2518 2628 +","match_part"],[1,4464,4629,1,"M165","NODE_2445_length_9746_cov_10.434557:hsp:54998:4.5.0.0","NODE_2445_length_9746_cov_10.434557","genemark","genemark-NODE_2445_length_9746_cov_10.434557-abinit-gene-0.2-mRNA-1 2629 2793 +","match_part"],[1,4691,5240,1,"M549","NODE_2445_length_9746_cov_10.434557:hsp:54999:4.5.0.0","NODE_2445_length_9746_cov_10.434557","genemark","genemark-NODE_2445_length_9746_cov_10.434557-abinit-gene-0.2-mRNA-1 2794 3342 +","match_part"]],"9746","match"],[0,6059,7349,-1,"NODE_2445_length_9746_cov_10.434557:hit:12642:4.5.0.0","genemark-NODE_2445_length_9746_cov_10.434557-abinit-gene-0.3-mRNA-1","NODE_2445_length_9746_cov_10.434557","genemark",[[1,7276,7349,-1,"M73","NODE_2445_length_9746_cov_10.434557:hsp:55012:4.5.0.0","NODE_2445_length_9746_cov_10.434557","genemark","genemark-NODE_2445_length_9746_cov_10.434557-abinit-gene-0.3-mRNA-1 990 1062 +","match_part"],[1,6746,7211,-1,"M465","NODE_2445_length_9746_cov_10.434557:hsp:55013:4.5.0.0","NODE_2445_length_9746_cov_10.434557","genemark","genemark-NODE_2445_length_9746_cov_10.434557-abinit-gene-0.3-mRNA-1 525 989 +","match_part"],[1,6460,6666,-1,"M206","NODE_2445_length_9746_cov_10.434557:hsp:55014:4.5.0.0","NODE_2445_length_9746_cov_10.434557","genemark","genemark-NODE_2445_length_9746_cov_10.434557-abinit-gene-0.3-mRNA-1 319 524 +","match_part"],[1,6059,6377,-1,"M318","NODE_2445_length_9746_cov_10.434557:hsp:55015:4.5.0.0","NODE_2445_length_9746_cov_10.434557","genemark","genemark-NODE_2445_length_9746_cov_10.434557-abinit-gene-0.3-mRNA-1 1 318 +","match_part"]],"9746","match"]],"urlTemplate":"lf-{Chunk}.json"}}