{"featureCount":2,"formatVersion":1,"histograms":{"meta":[{"arrayParams":{"chunkSize":10000,"length":1,"urlTemplate":"hist-20000-{Chunk}.json"},"basesPerBin":"20000"}],"stats":[{"basesPerBin":"20000","max":2,"mean":2}]},"intervals":{"classes":[{"attributes":["Start","End","Strand","Id","Name","Seq_id","Source","Subfeatures","Target_length","Type"],"isArrayAttr":{"Subfeatures":1}},{"attributes":["Start","End","Strand","Gap","Id","Seq_id","Source","Target","Type"],"isArrayAttr":{}},{"attributes":["Start","End","Strand","Id","Seq_id","Source","Target","Type"],"isArrayAttr":{}},{"attributes":["Start","End","Chunk"],"isArrayAttr":{"Sublist":1}}],"count":2,"lazyClass":3,"maxEnd":8936,"minStart":451,"nclist":[[0,451,3619,-1,"NODE_2579_length_9310_cov_9.877382:hit:15895:4.5.0.0","genemark-NODE_2579_length_9310_cov_9.877382-abinit-gene-0.7-mRNA-1","NODE_2579_length_9310_cov_9.877382","genemark",[[1,3337,3619,-1,"M282","NODE_2579_length_9310_cov_9.877382:hsp:68803:4.5.0.0","NODE_2579_length_9310_cov_9.877382","genemark","genemark-NODE_2579_length_9310_cov_9.877382-abinit-gene-0.7-mRNA-1 1588 1869 +","match_part"],[1,3144,3280,-1,"M136","NODE_2579_length_9310_cov_9.877382:hsp:68804:4.5.0.0","NODE_2579_length_9310_cov_9.877382","genemark","genemark-NODE_2579_length_9310_cov_9.877382-abinit-gene-0.7-mRNA-1 1452 1587 +","match_part"],[1,2368,2410,-1,"M42","NODE_2579_length_9310_cov_9.877382:hsp:68805:4.5.0.0","NODE_2579_length_9310_cov_9.877382","genemark","genemark-NODE_2579_length_9310_cov_9.877382-abinit-gene-0.7-mRNA-1 1410 1451 +","match_part"],[1,2112,2282,-1,"M170","NODE_2579_length_9310_cov_9.877382:hsp:68806:4.5.0.0","NODE_2579_length_9310_cov_9.877382","genemark","genemark-NODE_2579_length_9310_cov_9.877382-abinit-gene-0.7-mRNA-1 1240 1409 +","match_part"],[1,1845,1994,-1,"M149","NODE_2579_length_9310_cov_9.877382:hsp:68807:4.5.0.0","NODE_2579_length_9310_cov_9.877382","genemark","genemark-NODE_2579_length_9310_cov_9.877382-abinit-gene-0.7-mRNA-1 1091 1239 +","match_part"],[1,1687,1773,-1,"M86","NODE_2579_length_9310_cov_9.877382:hsp:68808:4.5.0.0","NODE_2579_length_9310_cov_9.877382","genemark","genemark-NODE_2579_length_9310_cov_9.877382-abinit-gene-0.7-mRNA-1 1005 1090 +","match_part"],[1,1397,1531,-1,"M134","NODE_2579_length_9310_cov_9.877382:hsp:68809:4.5.0.0","NODE_2579_length_9310_cov_9.877382","genemark","genemark-NODE_2579_length_9310_cov_9.877382-abinit-gene-0.7-mRNA-1 871 1004 +","match_part"],[1,451,1321,-1,"M870","NODE_2579_length_9310_cov_9.877382:hsp:68810:4.5.0.0","NODE_2579_length_9310_cov_9.877382","genemark","genemark-NODE_2579_length_9310_cov_9.877382-abinit-gene-0.7-mRNA-1 1 870 +","match_part"]],"9310","match"],[0,4011,8936,1,"NODE_2579_length_9310_cov_9.877382:hit:15898:4.5.0.0","genemark-NODE_2579_length_9310_cov_9.877382-abinit-gene-0.6-mRNA-1","NODE_2579_length_9310_cov_9.877382","genemark",[[1,4011,4351,1,"M340","NODE_2579_length_9310_cov_9.877382:hsp:68825:4.5.0.0","NODE_2579_length_9310_cov_9.877382","genemark","genemark-NODE_2579_length_9310_cov_9.877382-abinit-gene-0.6-mRNA-1 1 340 +","match_part"],[1,4429,5029,1,"M600","NODE_2579_length_9310_cov_9.877382:hsp:68826:4.5.0.0","NODE_2579_length_9310_cov_9.877382","genemark","genemark-NODE_2579_length_9310_cov_9.877382-abinit-gene-0.6-mRNA-1 341 940 +","match_part"],[1,5113,6228,1,"M1115","NODE_2579_length_9310_cov_9.877382:hsp:68827:4.5.0.0","NODE_2579_length_9310_cov_9.877382","genemark","genemark-NODE_2579_length_9310_cov_9.877382-abinit-gene-0.6-mRNA-1 941 2055 +","match_part"],[1,6309,7306,1,"M997","NODE_2579_length_9310_cov_9.877382:hsp:68828:4.5.0.0","NODE_2579_length_9310_cov_9.877382","genemark","genemark-NODE_2579_length_9310_cov_9.877382-abinit-gene-0.6-mRNA-1 2056 3052 +","match_part"],[1,7383,7602,1,"M219","NODE_2579_length_9310_cov_9.877382:hsp:68829:4.5.0.0","NODE_2579_length_9310_cov_9.877382","genemark","genemark-NODE_2579_length_9310_cov_9.877382-abinit-gene-0.6-mRNA-1 3053 3271 +","match_part"],[1,7658,7874,1,"M216","NODE_2579_length_9310_cov_9.877382:hsp:68830:4.5.0.0","NODE_2579_length_9310_cov_9.877382","genemark","genemark-NODE_2579_length_9310_cov_9.877382-abinit-gene-0.6-mRNA-1 3272 3487 +","match_part"],[1,7951,8448,1,"M497","NODE_2579_length_9310_cov_9.877382:hsp:68831:4.5.0.0","NODE_2579_length_9310_cov_9.877382","genemark","genemark-NODE_2579_length_9310_cov_9.877382-abinit-gene-0.6-mRNA-1 3488 3984 +","match_part"],[1,8525,8936,1,"M411","NODE_2579_length_9310_cov_9.877382:hsp:68832:4.5.0.0","NODE_2579_length_9310_cov_9.877382","genemark","genemark-NODE_2579_length_9310_cov_9.877382-abinit-gene-0.6-mRNA-1 3985 4395 +","match_part"]],"9310","match"]],"urlTemplate":"lf-{Chunk}.json"}}