{"featureCount":3,"formatVersion":1,"histograms":{"meta":[{"arrayParams":{"chunkSize":10000,"length":1,"urlTemplate":"hist-2000-{Chunk}.json"},"basesPerBin":"2000"}],"stats":[{"basesPerBin":"2000","max":3,"mean":3}]},"intervals":{"classes":[{"attributes":["Start","End","Strand","Aligned_coverage","Aligned_identity","Id","Name","Score","Seq_id","Source","Subfeatures","Target_length","Type"],"isArrayAttr":{"Subfeatures":1}},{"attributes":["Start","End","Strand","Gap","Id","Score","Seq_id","Source","Target","Type"],"isArrayAttr":{}},{"attributes":["Start","End","Chunk"],"isArrayAttr":{"Sublist":1}}],"count":3,"lazyClass":2,"maxEnd":1277,"minStart":713,"nclist":[[0,713,1277,-1,"99.64","87.5","NODE_9334_length_2097_cov_1.551777:hit:6176:3.2.0.0","TRINITY_DN13368_c0_g1_i1",2142,"NODE_9334_length_2097_cov_1.551777","est2genome",[[1,713,1277,-1,"M26 I4 M59 I2 M10 D1 M9 D2 M2 D4 M3 D1 M7 D2 M12 D6 M20 D1 M265 I4 M134","NODE_9334_length_2097_cov_1.551777:hsp:14584:3.2.0.0",2142,"NODE_9334_length_2097_cov_1.551777","est2genome","TRINITY_DN13368_c0_g1_i1 1 557 +","match_part"]],"559","expressed_sequence_match"],[0,713,1277,-1,"99.65","93.2","NODE_9334_length_2097_cov_1.551777:hit:6178:3.2.0.0","TRINITY_DN13368_c0_g1_i3",2485,"NODE_9334_length_2097_cov_1.551777","est2genome",[[1,713,1277,-1,"M26 I4 M138 D1 M265 I4 M134","NODE_9334_length_2097_cov_1.551777:hsp:14588:3.2.0.0",2485,"NODE_9334_length_2097_cov_1.551777","est2genome","TRINITY_DN13368_c0_g1_i3 1 571 +","match_part"]],"573","expressed_sequence_match",{"Sublist":[[0,713,1192,-1,"99.21","96","NODE_9334_length_2097_cov_1.551777:hit:6177:3.2.0.0","TRINITY_DN13368_c0_g1_i2",1133,"NODE_9334_length_2097_cov_1.551777","est2genome",[[1,1048,1192,-1,"M79 D1 M64","NODE_9334_length_2097_cov_1.551777:hsp:14585:3.2.0.0",1133,"NODE_9334_length_2097_cov_1.551777","est2genome","TRINITY_DN13368_c0_g1_i2 1 143 +","match_part"],[1,853,916,-1,"M63","NODE_9334_length_2097_cov_1.551777:hsp:14586:3.2.0.0",1133,"NODE_9334_length_2097_cov_1.551777","est2genome","TRINITY_DN13368_c0_g1_i2 144 206 +","match_part"],[1,713,758,-1,"M45","NODE_9334_length_2097_cov_1.551777:hsp:14587:3.2.0.0",1133,"NODE_9334_length_2097_cov_1.551777","est2genome","TRINITY_DN13368_c0_g1_i2 207 251 +","match_part"]],"253","expressed_sequence_match"]]}]],"urlTemplate":"lf-{Chunk}.json"}}