{"featureCount":16,"formatVersion":1,"histograms":{"meta":[{"arrayParams":{"chunkSize":10000,"length":6,"urlTemplate":"hist-1000-{Chunk}.json"},"basesPerBin":"1000"}],"stats":[{"basesPerBin":"1000","max":10,"mean":7}]},"intervals":{"classes":[{"attributes":["Start","End","Strand","Id","Name","Score","Seq_id","Source","Subfeatures","Target_length","Type"],"isArrayAttr":{"Subfeatures":1}},{"attributes":["Start","End","Strand","Gap","Id","Score","Seq_id","Source","Target","Type"],"isArrayAttr":{}},{"attributes":["Start","End","Chunk"],"isArrayAttr":{"Sublist":1}}],"count":16,"lazyClass":2,"maxEnd":5073,"minStart":4,"nclist":[[0,4,2816,1,"NODE_4815_length_5314_cov_7.001928:hit:9425:3.2.0.0","TRINITY_DN3731_c0_g1_i17",408,"NODE_4815_length_5314_cov_7.001928","blastn",[[1,4,424,1,"M420","NODE_4815_length_5314_cov_7.001928:hsp:32971:3.2.0.0",408,"NODE_4815_length_5314_cov_7.001928","blastn","TRINITY_DN3731_c0_g1_i17 613 1032 +","match_part"],[1,512,1347,1,"M835","NODE_4815_length_5314_cov_7.001928:hsp:32972:3.2.0.0",811,"NODE_4815_length_5314_cov_7.001928","blastn","TRINITY_DN3731_c0_g1_i17 1033 1867 +","match_part"],[1,1442,1760,1,"M318","NODE_4815_length_5314_cov_7.001928:hsp:32973:3.2.0.0",318,"NODE_4815_length_5314_cov_7.001928","blastn","TRINITY_DN3731_c0_g1_i17 1868 2185 +","match_part"],[1,1843,2160,1,"M195 I6 M64 D2 M56","NODE_4815_length_5314_cov_7.001928:hsp:32974:3.2.0.0",259,"NODE_4815_length_5314_cov_7.001928","blastn","TRINITY_DN3731_c0_g1_i17 2186 2506 +","match_part"],[1,2176,2492,1,"M25 I1 M291","NODE_4815_length_5314_cov_7.001928:hsp:32975:3.2.0.0",264,"NODE_4815_length_5314_cov_7.001928","blastn","TRINITY_DN3731_c0_g1_i17 2532 2848 +","match_part"],[1,2516,2816,1,"M56 I1 M31 I1 M1 I3 M212","NODE_4815_length_5314_cov_7.001928:hsp:32976:3.2.0.0",212,"NODE_4815_length_5314_cov_7.001928","blastn","TRINITY_DN3731_c0_g1_i17 2883 3187 +","match_part"]],"3208","expressed_sequence_match"],[0,4,2816,1,"NODE_4815_length_5314_cov_7.001928:hit:9426:3.2.0.0","TRINITY_DN3731_c0_g1_i14",408,"NODE_4815_length_5314_cov_7.001928","blastn",[[1,4,424,1,"M420","NODE_4815_length_5314_cov_7.001928:hsp:32977:3.2.0.0",408,"NODE_4815_length_5314_cov_7.001928","blastn","TRINITY_DN3731_c0_g1_i14 598 1017 +","match_part"],[1,512,1347,1,"M835","NODE_4815_length_5314_cov_7.001928:hsp:32978:3.2.0.0",811,"NODE_4815_length_5314_cov_7.001928","blastn","TRINITY_DN3731_c0_g1_i14 1018 1852 +","match_part"],[1,1442,1760,1,"M318","NODE_4815_length_5314_cov_7.001928:hsp:32979:3.2.0.0",318,"NODE_4815_length_5314_cov_7.001928","blastn","TRINITY_DN3731_c0_g1_i14 1853 2170 +","match_part"],[1,1843,2160,1,"M259 D2 M56","NODE_4815_length_5314_cov_7.001928:hsp:32980:3.2.0.0",294,"NODE_4815_length_5314_cov_7.001928","blastn","TRINITY_DN3731_c0_g1_i14 2171 2485 +","match_part"],[1,2176,2492,1,"M25 I1 M66 D1 M224","NODE_4815_length_5314_cov_7.001928:hsp:32981:3.2.0.0",259,"NODE_4815_length_5314_cov_7.001928","blastn","TRINITY_DN3731_c0_g1_i14 2511 2826 +","match_part"],[1,2516,2816,1,"M56 I1 M31 I1 M1 I3 M212","NODE_4815_length_5314_cov_7.001928:hsp:32982:3.2.0.0",212,"NODE_4815_length_5314_cov_7.001928","blastn","TRINITY_DN3731_c0_g1_i14 2861 3165 +","match_part"]],"3186","expressed_sequence_match"],[0,4,2816,1,"NODE_4815_length_5314_cov_7.001928:hit:9427:3.2.0.0","TRINITY_DN3731_c0_g1_i15",408,"NODE_4815_length_5314_cov_7.001928","blastn",[[1,4,424,1,"M420","NODE_4815_length_5314_cov_7.001928:hsp:32983:3.2.0.0",408,"NODE_4815_length_5314_cov_7.001928","blastn","TRINITY_DN3731_c0_g1_i15 598 1017 +","match_part"],[1,512,1347,1,"M835","NODE_4815_length_5314_cov_7.001928:hsp:32984:3.2.0.0",811,"NODE_4815_length_5314_cov_7.001928","blastn","TRINITY_DN3731_c0_g1_i15 1018 1852 +","match_part"],[1,1442,1760,1,"M318","NODE_4815_length_5314_cov_7.001928:hsp:32985:3.2.0.0",318,"NODE_4815_length_5314_cov_7.001928","blastn","TRINITY_DN3731_c0_g1_i15 1853 2170 +","match_part"],[1,1843,2160,1,"M195 I6 M64 D2 M56","NODE_4815_length_5314_cov_7.001928:hsp:32986:3.2.0.0",259,"NODE_4815_length_5314_cov_7.001928","blastn","TRINITY_DN3731_c0_g1_i15 2171 2491 +","match_part"],[1,2176,2492,1,"M25 I1 M66 D1 M224","NODE_4815_length_5314_cov_7.001928:hsp:32987:3.2.0.0",259,"NODE_4815_length_5314_cov_7.001928","blastn","TRINITY_DN3731_c0_g1_i15 2517 2832 +","match_part"],[1,2516,2816,1,"M56 I1 M31 I1 M1 I3 M212","NODE_4815_length_5314_cov_7.001928:hsp:32988:3.2.0.0",212,"NODE_4815_length_5314_cov_7.001928","blastn","TRINITY_DN3731_c0_g1_i15 2867 3171 +","match_part"]],"3192","expressed_sequence_match"],[0,4,2816,1,"NODE_4815_length_5314_cov_7.001928:hit:9428:3.2.0.0","TRINITY_DN3731_c0_g1_i5",408,"NODE_4815_length_5314_cov_7.001928","blastn",[[1,4,424,1,"M420","NODE_4815_length_5314_cov_7.001928:hsp:32989:3.2.0.0",408,"NODE_4815_length_5314_cov_7.001928","blastn","TRINITY_DN3731_c0_g1_i5 614 1033 +","match_part"],[1,512,1347,1,"M835","NODE_4815_length_5314_cov_7.001928:hsp:32990:3.2.0.0",811,"NODE_4815_length_5314_cov_7.001928","blastn","TRINITY_DN3731_c0_g1_i5 1034 1868 +","match_part"],[1,1442,1760,1,"M318","NODE_4815_length_5314_cov_7.001928:hsp:32991:3.2.0.0",318,"NODE_4815_length_5314_cov_7.001928","blastn","TRINITY_DN3731_c0_g1_i5 1869 2186 +","match_part"],[1,1843,2160,1,"M259 D2 M56","NODE_4815_length_5314_cov_7.001928:hsp:32992:3.2.0.0",294,"NODE_4815_length_5314_cov_7.001928","blastn","TRINITY_DN3731_c0_g1_i5 2187 2501 +","match_part"],[1,2176,2492,1,"M25 I1 M291","NODE_4815_length_5314_cov_7.001928:hsp:32993:3.2.0.0",264,"NODE_4815_length_5314_cov_7.001928","blastn","TRINITY_DN3731_c0_g1_i5 2527 2843 +","match_part"],[1,2516,2816,1,"M56 I1 M31 I1 M1 I3 M212","NODE_4815_length_5314_cov_7.001928:hsp:32994:3.2.0.0",212,"NODE_4815_length_5314_cov_7.001928","blastn","TRINITY_DN3731_c0_g1_i5 2878 3182 +","match_part"]],"3203","expressed_sequence_match"],[0,4,2816,1,"NODE_4815_length_5314_cov_7.001928:hit:9429:3.2.0.0","TRINITY_DN3731_c0_g1_i13",408,"NODE_4815_length_5314_cov_7.001928","blastn",[[1,4,424,1,"M420","NODE_4815_length_5314_cov_7.001928:hsp:32995:3.2.0.0",408,"NODE_4815_length_5314_cov_7.001928","blastn","TRINITY_DN3731_c0_g1_i13 614 1033 +","match_part"],[1,512,1347,1,"M835","NODE_4815_length_5314_cov_7.001928:hsp:32996:3.2.0.0",811,"NODE_4815_length_5314_cov_7.001928","blastn","TRINITY_DN3731_c0_g1_i13 1034 1868 +","match_part"],[1,1442,1760,1,"M318","NODE_4815_length_5314_cov_7.001928:hsp:32997:3.2.0.0",318,"NODE_4815_length_5314_cov_7.001928","blastn","TRINITY_DN3731_c0_g1_i13 1869 2186 +","match_part"],[1,1843,2160,1,"M259 D2 M56","NODE_4815_length_5314_cov_7.001928:hsp:32998:3.2.0.0",294,"NODE_4815_length_5314_cov_7.001928","blastn","TRINITY_DN3731_c0_g1_i13 2187 2501 +","match_part"],[1,2176,2492,1,"M25 I1 M66 D1 M224","NODE_4815_length_5314_cov_7.001928:hsp:32999:3.2.0.0",259,"NODE_4815_length_5314_cov_7.001928","blastn","TRINITY_DN3731_c0_g1_i13 2527 2842 +","match_part"],[1,2516,2816,1,"M56 I1 M31 I1 M1 I3 M212","NODE_4815_length_5314_cov_7.001928:hsp:33000:3.2.0.0",212,"NODE_4815_length_5314_cov_7.001928","blastn","TRINITY_DN3731_c0_g1_i13 2877 3181 +","match_part"]],