{"featureCount":5,"formatVersion":1,"histograms":{"meta":[{"arrayParams":{"chunkSize":10000,"length":2,"urlTemplate":"hist-1000-{Chunk}.json"},"basesPerBin":"1000"}],"stats":[{"basesPerBin":"1000","max":5,"mean":4.5}]},"intervals":{"classes":[{"attributes":["Start","End","Strand","Id","Name","Score","Seq_id","Source","Subfeatures","Target_length","Type"],"isArrayAttr":{"Subfeatures":1}},{"attributes":["Start","End","Strand","Gap","Id","Score","Seq_id","Source","Target","Type"],"isArrayAttr":{}},{"attributes":["Start","End","Chunk"],"isArrayAttr":{"Sublist":1}}],"count":5,"lazyClass":2,"maxEnd":1433,"minStart":0,"nclist":[[0,0,1433,-1,"NODE_7080_length_3158_cov_7.218080:hit:8680:3.2.0.0","TRINITY_DN2920_c0_g1_i9",266,"NODE_7080_length_3158_cov_7.218080","blastn",[[1,1125,1433,-1,"M308","NODE_7080_length_3158_cov_7.218080:hsp:26397:3.2.0.0",266,"NODE_7080_length_3158_cov_7.218080","blastn","TRINITY_DN2920_c0_g1_i9 91 398 +","match_part"],[1,416,1038,-1,"M75 D3 M83 D1 M460","NODE_7080_length_3158_cov_7.218080:hsp:26398:3.2.0.0",576,"NODE_7080_length_3158_cov_7.218080","blastn","TRINITY_DN2920_c0_g1_i9 416 1033 +","match_part"],[1,205,339,-1,"M134","NODE_7080_length_3158_cov_7.218080:hsp:26399:3.2.0.0",134,"NODE_7080_length_3158_cov_7.218080","blastn","TRINITY_DN2920_c0_g1_i9 1032 1165 +","match_part"],[1,0,116,-1,"M116","NODE_7080_length_3158_cov_7.218080:hsp:26400:3.2.0.0",116,"NODE_7080_length_3158_cov_7.218080","blastn","TRINITY_DN2920_c0_g1_i9 1160 1275 +","match_part"]],"1324","expressed_sequence_match"],[0,0,1433,-1,"NODE_7080_length_3158_cov_7.218080:hit:8681:3.2.0.0","TRINITY_DN2920_c0_g1_i12",266,"NODE_7080_length_3158_cov_7.218080","blastn",[[1,1125,1433,-1,"M308","NODE_7080_length_3158_cov_7.218080:hsp:26401:3.2.0.0",266,"NODE_7080_length_3158_cov_7.218080","blastn","TRINITY_DN2920_c0_g1_i12 91 398 +","match_part"],[1,416,1038,-1,"M75 D3 M83 D1 M460","NODE_7080_length_3158_cov_7.218080:hsp:26402:3.2.0.0",576,"NODE_7080_length_3158_cov_7.218080","blastn","TRINITY_DN2920_c0_g1_i12 416 1033 +","match_part"],[1,0,339,-1,"M339","NODE_7080_length_3158_cov_7.218080:hsp:26403:3.2.0.0",339,"NODE_7080_length_3158_cov_7.218080","blastn","TRINITY_DN2920_c0_g1_i12 1032 1370 +","match_part"]],"1419","expressed_sequence_match"],[0,0,1433,-1,"NODE_7080_length_3158_cov_7.218080:hit:8682:3.2.0.0","TRINITY_DN2920_c0_g1_i13",894,"NODE_7080_length_3158_cov_7.218080","blastn",[[1,416,1433,-1,"M470 D3 M76 I1 M468","NODE_7080_length_3158_cov_7.218080:hsp:26404:3.2.0.0",894,"NODE_7080_length_3158_cov_7.218080","blastn","TRINITY_DN2920_c0_g1_i13 91 1105 +","match_part"],[1,0,339,-1,"M339","NODE_7080_length_3158_cov_7.218080:hsp:26405:3.2.0.0",339,"NODE_7080_length_3158_cov_7.218080","blastn","TRINITY_DN2920_c0_g1_i13 1104 1442 +","match_part"]],"1491","expressed_sequence_match"],[0,0,1433,-1,"NODE_7080_length_3158_cov_7.218080:hit:8683:3.2.0.0","TRINITY_DN2920_c0_g1_i11",894,"NODE_7080_length_3158_cov_7.218080","blastn",[[1,416,1433,-1,"M470 D3 M76 I1 M468","NODE_7080_length_3158_cov_7.218080:hsp:26406:3.2.0.0",894,"NODE_7080_length_3158_cov_7.218080","blastn","TRINITY_DN2920_c0_g1_i11 91 1105 +","match_part"],[1,205,339,-1,"M134","NODE_7080_length_3158_cov_7.218080:hsp:26407:3.2.0.0",134,"NODE_7080_length_3158_cov_7.218080","blastn","TRINITY_DN2920_c0_g1_i11 1104 1237 +","match_part"],[1,0,116,-1,"M116","NODE_7080_length_3158_cov_7.218080:hsp:26408:3.2.0.0",116,"NODE_7080_length_3158_cov_7.218080","blastn","TRINITY_DN2920_c0_g1_i11 1232 1347 +","match_part"]],"1396","expressed_sequence_match",{"Sublist":[[0,0,876,-1,"NODE_7080_length_3158_cov_7.218080:hit:8684:3.2.0.0","TRINITY_DN2920_c0_g1_i7",810,"NODE_7080_length_3158_cov_7.218080","blastn",[[1,0,876,-1,"M506 I1 M5 I3 M365","NODE_7080_length_3158_cov_7.218080:hsp:26409:3.2.0.0",810,"NODE_7080_length_3158_cov_7.218080","blastn","TRINITY_DN2920_c0_g1_i7 1 880 +","match_part"]],"929","expressed_sequence_match"]]}]],"urlTemplate":"lf-{Chunk}.json"}}