{"featureCount":12,"formatVersion":1,"histograms":{"meta":[{"arrayParams":{"chunkSize":10000,"length":4,"urlTemplate":"hist-5000-{Chunk}.json"},"basesPerBin":"5000"}],"stats":[{"basesPerBin":"5000","max":11,"mean":4}]},"intervals":{"classes":[{"attributes":["Start","End","Strand","Id","Name","Score","Seq_id","Source","Subfeatures","Target_length","Type"],"isArrayAttr":{"Subfeatures":1}},{"attributes":["Start","End","Strand","Gap","Id","Score","Seq_id","Source","Target","Type"],"isArrayAttr":{}},{"attributes":["Start","End","Chunk"],"isArrayAttr":{"Sublist":1}}],"count":12,"lazyClass":2,"maxEnd":15625,"minStart":3985,"nclist":[[0,3985,7209,1,"NODE_1276_length_15707_cov_8.590436:hit:95735:3.2.0.0","TRINITY_DN5181_c0_g1_i2",999,"NODE_1276_length_15707_cov_8.590436","blastn",[[1,3985,5059,1,"M269 I8 M805","NODE_1276_length_15707_cov_8.590436:hsp:484099:3.2.0.0",999,"NODE_1276_length_15707_cov_8.590436","blastn","TRINITY_DN5181_c0_g1_i2 75 1156 +","match_part"],[1,5143,5376,1,"M233","NODE_1276_length_15707_cov_8.590436:hsp:484100:3.2.0.0",233,"NODE_1276_length_15707_cov_8.590436","blastn","TRINITY_DN5181_c0_g1_i2 1155 1387 +","match_part"],[1,5444,5835,1,"M391","NODE_1276_length_15707_cov_8.590436:hsp:484101:3.2.0.0",373,"NODE_1276_length_15707_cov_8.590436","blastn","TRINITY_DN5181_c0_g1_i2 1388 1778 +","match_part"],[1,5911,6039,1,"M128","NODE_1276_length_15707_cov_8.590436:hsp:484102:3.2.0.0",128,"NODE_1276_length_15707_cov_8.590436","blastn","TRINITY_DN5181_c0_g1_i2 1779 1906 +","match_part"],[1,6135,6492,1,"M357","NODE_1276_length_15707_cov_8.590436:hsp:484103:3.2.0.0",339,"NODE_1276_length_15707_cov_8.590436","blastn","TRINITY_DN5181_c0_g1_i2 1902 2258 +","match_part"],[1,6572,6687,1,"M115","NODE_1276_length_15707_cov_8.590436:hsp:484104:3.2.0.0",115,"NODE_1276_length_15707_cov_8.590436","blastn","TRINITY_DN5181_c0_g1_i2 2258 2372 +","match_part"],[1,6750,7095,1,"M345","NODE_1276_length_15707_cov_8.590436:hsp:484105:3.2.0.0",345,"NODE_1276_length_15707_cov_8.590436","blastn","TRINITY_DN5181_c0_g1_i2 2373 2717 +","match_part"],[1,7169,7209,1,"M40","NODE_1276_length_15707_cov_8.590436:hsp:484106:3.2.0.0",40,"NODE_1276_length_15707_cov_8.590436","blastn","TRINITY_DN5181_c0_g1_i2 2716 2755 +","match_part"]],"2755","expressed_sequence_match",{"Sublist":[[0,3985,6235,1,"NODE_1276_length_15707_cov_8.590436:hit:95734:3.2.0.0","TRINITY_DN5181_c0_g1_i7",999,"NODE_1276_length_15707_cov_8.590436","blastn",[[1,3985,5059,1,"M269 I8 M805","NODE_1276_length_15707_cov_8.590436:hsp:484093:3.2.0.0",999,"NODE_1276_length_15707_cov_8.590436","blastn","TRINITY_DN5181_c0_g1_i7 75 1156 +","match_part"],[1,5143,5376,1,"M233","NODE_1276_length_15707_cov_8.590436:hsp:484094:3.2.0.0",233,"NODE_1276_length_15707_cov_8.590436","blastn","TRINITY_DN5181_c0_g1_i7 1155 1387 +","match_part"],[1,5444,5630,1,"M186","NODE_1276_length_15707_cov_8.590436:hsp:484095:3.2.0.0",180,"NODE_1276_length_15707_cov_8.590436","blastn","TRINITY_DN5181_c0_g1_i7 1388 1573 +","match_part"],[1,5699,5835,1,"M136","NODE_1276_length_15707_cov_8.590436:hsp:484096:3.2.0.0",130,"NODE_1276_length_15707_cov_8.590436","blastn","TRINITY_DN5181_c0_g1_i7 1572 1707 +","match_part"],[1,5911,6039,1,"M128","NODE_1276_length_15707_cov_8.590436:hsp:484097:3.2.0.0",116,"NODE_1276_length_15707_cov_8.590436","blastn","TRINITY_DN5181_c0_g1_i7 1708 1835 +","match_part"],[1,6135,6235,1,"M100","NODE_1276_length_15707_cov_8.590436:hsp:484098:3.2.0.0",100,"NODE_1276_length_15707_cov_8.590436","blastn","TRINITY_DN5181_c0_g1_i7 1831 1930 +","match_part"]],"1930","expressed_sequence_match"]]}],[0,5701,7209,1,"NODE_1276_length_15707_cov_8.590436:hit:95737:3.2.0.0","TRINITY_DN5181_c0_g1_i1",128,"NODE_1276_length_15707_cov_8.590436","blastn",[[1,5701,5835,1,"M134","NODE_1276_length_15707_cov_8.590436:hsp:484110:3.2.0.0",128,"NODE_1276_length_15707_cov_8.590436","blastn","TRINITY_DN5181_c0_g1_i1 1 134 +","match_part"],[1,5911,6039,1,"M128","NODE_1276_length_15707_cov_8.590436:hsp:484111:3.2.0.0",116,"NODE_1276_length_15707_cov_8.590436","blastn","TRINITY_DN5181_c0_g1_i1 135 262 +","match_part"],[1,6201,6492,1,"M291","NODE_1276_length_15707_cov_8.590436:hsp:484112:3.2.0.0",261,"NODE_1276_length_15707_cov_8.590436","blastn","TRINITY_DN5181_c0_g1_i1 263 553 +","match_part"],[1,6572,6687,1,"M115","NODE_1276_length_15707_cov_8.590436:hsp:484113:3.2.0.0",115,"NODE_1276_length_15707_cov_8.590436","blastn","TRINITY_DN5181_c0_g1_i1 553 667 +","match_part"],[1,6750,7095,1,"M345","NODE_1276_length_15707_cov_8.590436:hsp:484114:3.2.0.0",345,"NODE_1276_length_15707_cov_8.590436","blastn","TRINITY_DN5181_c0_g1_i1 668 1012 +","match_part"],[1,7169,7209,1,"M40","NODE_1276_length_15707_cov_8.590436:hsp:484115:3.2.0.0",40,"NODE_1276_length_15707_cov_8.590436","blastn","TRINITY_DN5181_c0_g1_i1 1011 1050 +","match_part"]],"1050","expressed_sequence_match"],[0,5701,7209,1,"NODE_1276_length_15707_cov_8.590436:hit:95738:3.2.0.0","TRINITY_DN5181_c0_g1_i3",128,"NODE_1276_length_15707_cov_8.590436","blastn",[[1,5701,5835,1,"M134","NODE_1276_length_15707_cov_8.590436:hsp:484116:3.2.0.0",128,"NODE_1276_length_15707_cov_8.590436","blastn","TRINITY_DN5181_c0_g1_i3 1 134 +","match_part"],[1,5911,6492,1,"M214 I3 M367","NODE_1276_length_15707_cov_8.590436:hsp:484117:3.2.0.0",519,"NODE_1276_length_15707_cov_8.590436","blastn","TRINITY_DN5181_c0_g1_i3 135 718 +","match_part"],[1,6572,6687,1,"M115","NODE_1276_length_15707_cov_8.590436:hsp:484118:3.2.0.0",115,"NODE_1276_length_15707_cov_8.590436","blastn","TRINITY_DN5181_c0_g1_i3 718 832 +","match_part"],[1,6750,7095,1,"M345","NODE_1276_length_15707_cov_8.590436:hsp:484119:3.2.0.0",345,"NODE_1276_length_15707_cov_8.590436","blastn","TRINITY_DN5181_c0_g1_i3 833 1177 +","match_part"],[1,7169,7209,1,"M40","NODE_1276_length_15707_cov_8.590436:hsp:484120:3.2.0.0",40,"NODE_1276_length_15707_cov_8.590436","blastn","TRINITY_DN5181_c0_g1_i3 1176 1215 +","match_part"]],"1215","expressed_sequence_match"],[0,5701,7209,1,"NODE_1276_length_15707_cov_8.590436:hit:95739:3.2.0.0","TRINITY_DN5181_c0_g1_i8",128,"NODE_1276_length_15707_cov_8.590436","blastn",[[1,5701,5835,1,"M134","NODE_1276_length_15707_cov_8.590436:hsp:484121:3.2.0.0",128,"NODE_1276_length_15707_cov_8.590436","blastn","TRINITY_DN5181_c0_g1_i8 1 134 +","match_part"],[1,5911,6039,1,"M128","NODE_1276_length_15707_cov_8.590436:hsp:484122:3.2.0.0",116,"NODE_1276_length_15707_cov_8.590436","blastn","TRINITY_DN5181_c0_g1_i8 135 262 +","match_part"],[1,6201,6492,1,"M291","NODE_1276_length_15707_cov_8.590436:hsp:484123:3.2.0.0",273,"NODE_1276_length_15707_cov_8.590436","blastn","TRINITY_DN5181_c0_g1_i8 263 553 +","match_part"],[1,6572,6687,1,"M115","NODE_1276_length_15707_cov_8.590436:hsp:484124:3.2.0.0",115,"NODE_1276_length_15707_cov_8.590436","blastn","TRINITY_DN5181_c0_g1_i8 553 667 +","match_part"],[1,6750,7095,1,"M345","NODE_1276_length_15707_cov_8.590436:hsp:484125:3.2.0.0",345,"NODE_1276_length_15707_cov_8.590436","blastn","TRINITY_DN5181_c0_g1_i8 668 1012 +","match_part"],[1,7169,7209,1,"M40","NODE_1276_length_15707_cov_8.590436:hsp:484126:3.2.0.0",40,"NODE_1276_length_15707_cov_8.590436","blastn","TRINITY_DN5181_c0_g1_i8 1011 1050 +","match_part"]],"1050","expressed_sequence_match",{"Sublist":[[0,5701,6235,1,"NODE_1276_length_15707_cov_8.590436:hit:95736:3.2.0.0","TRINITY_DN5181_c0_g1_i5",128,"NODE_1276_length_15707_cov_8.590436","blastn",[[1,5701,5835,1,"M134","NODE_1276_length_15707_cov_8.590436:hsp:484107:3.2.0.0",128,"NODE_1276_length_15707_cov_8.590436","blastn","TRINITY_DN5181_c0_g1_i5 1 134 +","match_part"],[1,5911,6039,1,"M128","NODE_1276_length_15707_cov_8.590436:hsp:484108:3.2.0.0",104,"NODE_1276_length_15707_cov_8.590436","blastn","TRINITY_DN5181_c0_g1_i5 135 262 +","match_part"],[1,6135,6235,1,"M100","NODE_1276_length_15707_cov_8.590436:hsp:484109:3.2.0.0",100,"NODE_1276_length_15707_cov_8.590436","blastn","TRINITY_DN5181_c0_g1_i5 258 357 +","match_part"]],