{"featureCount":1,"formatVersion":1,"histograms":{"meta":[{"arrayParams":{"chunkSize":10000,"length":1,"urlTemplate":"hist-10000-{Chunk}.json"},"basesPerBin":"10000"}],"stats":[{"basesPerBin":"10000","max":1,"mean":1}]},"intervals":{"classes":[{"attributes":["Start","End","Strand","Id","Name","Seq_id","Source","Subfeatures","Target_length","Type"],"isArrayAttr":{"Subfeatures":1}},{"attributes":["Start","End","Strand","Gap","Id","Seq_id","Source","Target","Type"],"isArrayAttr":{}},{"attributes":["Start","End","Strand","Id","Seq_id","Source","Target","Type"],"isArrayAttr":{}},{"attributes":["Start","End","Chunk"],"isArrayAttr":{"Sublist":1}}],"count":1,"lazyClass":3,"maxEnd":3889,"minStart":90,"nclist":[[0,90,3889,1,"NODE_5523_length_4560_cov_10.537785:hit:15976:4.5.0.0","genemark-NODE_5523_length_4560_cov_10.537785-abinit-gene-0.0-mRNA-1","NODE_5523_length_4560_cov_10.537785","genemark",[[1,90,325,1,"M235","NODE_5523_length_4560_cov_10.537785:hsp:55165:4.5.0.0","NODE_5523_length_4560_cov_10.537785","genemark","genemark-NODE_5523_length_4560_cov_10.537785-abinit-gene-0.0-mRNA-1 1 235 +","match_part"],[1,411,858,1,"M447","NODE_5523_length_4560_cov_10.537785:hsp:55166:4.5.0.0","NODE_5523_length_4560_cov_10.537785","genemark","genemark-NODE_5523_length_4560_cov_10.537785-abinit-gene-0.0-mRNA-1 236 682 +","match_part"],[1,920,1522,1,"M602","NODE_5523_length_4560_cov_10.537785:hsp:55167:4.5.0.0","NODE_5523_length_4560_cov_10.537785","genemark","genemark-NODE_5523_length_4560_cov_10.537785-abinit-gene-0.0-mRNA-1 683 1284 +","match_part"],[1,1589,1738,1,"M149","NODE_5523_length_4560_cov_10.537785:hsp:55168:4.5.0.0","NODE_5523_length_4560_cov_10.537785","genemark","genemark-NODE_5523_length_4560_cov_10.537785-abinit-gene-0.0-mRNA-1 1285 1433 +","match_part"],[1,1812,1921,1,"M109","NODE_5523_length_4560_cov_10.537785:hsp:55169:4.5.0.0","NODE_5523_length_4560_cov_10.537785","genemark","genemark-NODE_5523_length_4560_cov_10.537785-abinit-gene-0.0-mRNA-1 1434 1542 +","match_part"],[1,1988,2560,1,"M572","NODE_5523_length_4560_cov_10.537785:hsp:55170:4.5.0.0","NODE_5523_length_4560_cov_10.537785","genemark","genemark-NODE_5523_length_4560_cov_10.537785-abinit-gene-0.0-mRNA-1 1543 2114 +","match_part"],[1,2635,2741,1,"M106","NODE_5523_length_4560_cov_10.537785:hsp:55171:4.5.0.0","NODE_5523_length_4560_cov_10.537785","genemark","genemark-NODE_5523_length_4560_cov_10.537785-abinit-gene-0.0-mRNA-1 2115 2220 +","match_part"],[1,2818,2951,1,"M133","NODE_5523_length_4560_cov_10.537785:hsp:55172:4.5.0.0","NODE_5523_length_4560_cov_10.537785","genemark","genemark-NODE_5523_length_4560_cov_10.537785-abinit-gene-0.0-mRNA-1 2221 2353 +","match_part"],[1,3020,3889,1,"M869","NODE_5523_length_4560_cov_10.537785:hsp:55173:4.5.0.0","NODE_5523_length_4560_cov_10.537785","genemark","genemark-NODE_5523_length_4560_cov_10.537785-abinit-gene-0.0-mRNA-1 2354 3222 +","match_part"]],"4560","match"]],"urlTemplate":"lf-{Chunk}.json"}}