{"featureCount":3,"formatVersion":1,"histograms":{"meta":[{"arrayParams":{"chunkSize":10000,"length":1,"urlTemplate":"hist-10000-{Chunk}.json"},"basesPerBin":"10000"}],"stats":[{"basesPerBin":"10000","max":3,"mean":3}]},"intervals":{"classes":[{"attributes":["Start","End","Strand","Id","Name","Seq_id","Source","Subfeatures","Target_length","Type"],"isArrayAttr":{"Subfeatures":1}},{"attributes":["Start","End","Strand","Gap","Id","Seq_id","Source","Target","Type"],"isArrayAttr":{}},{"attributes":["Start","End","Strand","Id","Seq_id","Source","Target","Type"],"isArrayAttr":{}},{"attributes":["Start","End","Chunk"],"isArrayAttr":{"Sublist":1}}],"count":3,"lazyClass":3,"maxEnd":8612,"minStart":1501,"nclist":[[0,1501,3539,1,"NODE_2766_length_8705_cov_5.709990:hit:19886:4.5.0.0","genemark-NODE_2766_length_8705_cov_5.709990-abinit-gene-0.3-mRNA-1","NODE_2766_length_8705_cov_5.709990","genemark",[[1,1501,2026,1,"M525","NODE_2766_length_8705_cov_5.709990:hsp:85313:4.5.0.0","NODE_2766_length_8705_cov_5.709990","genemark","genemark-NODE_2766_length_8705_cov_5.709990-abinit-gene-0.3-mRNA-1 1 525 +","match_part"],[1,2088,2655,1,"M567","NODE_2766_length_8705_cov_5.709990:hsp:85314:4.5.0.0","NODE_2766_length_8705_cov_5.709990","genemark","genemark-NODE_2766_length_8705_cov_5.709990-abinit-gene-0.3-mRNA-1 526 1092 +","match_part"],[1,2720,3539,1,"M819","NODE_2766_length_8705_cov_5.709990:hsp:85315:4.5.0.0","NODE_2766_length_8705_cov_5.709990","genemark","genemark-NODE_2766_length_8705_cov_5.709990-abinit-gene-0.3-mRNA-1 1093 1911 +","match_part"]],"8705","match"],[0,4385,5829,1,"NODE_2766_length_8705_cov_5.709990:hit:19889:4.5.0.0","genemark-NODE_2766_length_8705_cov_5.709990-abinit-gene-0.4-mRNA-1","NODE_2766_length_8705_cov_5.709990","genemark",[[1,4385,4491,1,"M106","NODE_2766_length_8705_cov_5.709990:hsp:85326:4.5.0.0","NODE_2766_length_8705_cov_5.709990","genemark","genemark-NODE_2766_length_8705_cov_5.709990-abinit-gene-0.4-mRNA-1 1 106 +","match_part"],[1,4551,4977,1,"M426","NODE_2766_length_8705_cov_5.709990:hsp:85327:4.5.0.0","NODE_2766_length_8705_cov_5.709990","genemark","genemark-NODE_2766_length_8705_cov_5.709990-abinit-gene-0.4-mRNA-1 107 532 +","match_part"],[1,5047,5266,1,"M219","NODE_2766_length_8705_cov_5.709990:hsp:85328:4.5.0.0","NODE_2766_length_8705_cov_5.709990","genemark","genemark-NODE_2766_length_8705_cov_5.709990-abinit-gene-0.4-mRNA-1 533 751 +","match_part"],[1,5332,5829,1,"M497","NODE_2766_length_8705_cov_5.709990:hsp:85329:4.5.0.0","NODE_2766_length_8705_cov_5.709990","genemark","genemark-NODE_2766_length_8705_cov_5.709990-abinit-gene-0.4-mRNA-1 752 1248 +","match_part"]],"8705","match"],[0,7882,8612,1,"NODE_2766_length_8705_cov_5.709990:hit:19892:4.5.0.0","genemark-NODE_2766_length_8705_cov_5.709990-abinit-gene-0.5-mRNA-1","NODE_2766_length_8705_cov_5.709990","genemark",[[1,7882,8447,1,"M565","NODE_2766_length_8705_cov_5.709990:hsp:85333:4.5.0.0","NODE_2766_length_8705_cov_5.709990","genemark","genemark-NODE_2766_length_8705_cov_5.709990-abinit-gene-0.5-mRNA-1 1 565 +","match_part"],[1,8520,8612,1,"M92","NODE_2766_length_8705_cov_5.709990:hsp:85334:4.5.0.0","NODE_2766_length_8705_cov_5.709990","genemark","genemark-NODE_2766_length_8705_cov_5.709990-abinit-gene-0.5-mRNA-1 566 657 +","match_part"]],"8705","match"]],"urlTemplate":"lf-{Chunk}.json"}}