{"featureCount":5,"formatVersion":1,"histograms":{"meta":[{"arrayParams":{"chunkSize":10000,"length":2,"urlTemplate":"hist-20000-{Chunk}.json"},"basesPerBin":"20000"}],"stats":[{"basesPerBin":"20000","max":4,"mean":3}]},"intervals":{"classes":[{"attributes":["Start","End","Strand","Id","Name","Score","Seq_id","Source","Subfeatures","Target_length","Type"],"isArrayAttr":{"Subfeatures":1}},{"attributes":["Start","End","Strand","Gap","Id","Score","Seq_id","Source","Target","Type"],"isArrayAttr":{}},{"attributes":["Start","End","Chunk"],"isArrayAttr":{"Sublist":1}}],"count":5,"lazyClass":2,"maxEnd":24936,"minStart":2139,"nclist":[[0,2139,4981,-1,"NODE_485_length_25983_cov_7.421875:hit:49700:4.5.0.0","augustus-NODE_485_length_25983_cov_7.421875-abinit-gene-0.1-mRNA-1",0.8,"NODE_485_length_25983_cov_7.421875","augustus",[[1,4005,4981,-1,"M976","NODE_485_length_25983_cov_7.421875:hsp:259379:4.5.0.0",0.8,"NODE_485_length_25983_cov_7.421875","augustus","augustus-NODE_485_length_25983_cov_7.421875-abinit-gene-0.1-mRNA-1 1335 2310 +","match_part"],[1,3593,3726,-1,"M133","NODE_485_length_25983_cov_7.421875:hsp:259380:4.5.0.0",0.8,"NODE_485_length_25983_cov_7.421875","augustus","augustus-NODE_485_length_25983_cov_7.421875-abinit-gene-0.1-mRNA-1 1202 1334 +","match_part"],[1,3154,3515,-1,"M361","NODE_485_length_25983_cov_7.421875:hsp:259381:4.5.0.0",0.8,"NODE_485_length_25983_cov_7.421875","augustus","augustus-NODE_485_length_25983_cov_7.421875-abinit-gene-0.1-mRNA-1 841 1201 +","match_part"],[1,2526,3049,-1,"M523","NODE_485_length_25983_cov_7.421875:hsp:259382:4.5.0.0",0.8,"NODE_485_length_25983_cov_7.421875","augustus","augustus-NODE_485_length_25983_cov_7.421875-abinit-gene-0.1-mRNA-1 318 840 +","match_part"],[1,2139,2456,-1,"M317","NODE_485_length_25983_cov_7.421875:hsp:259383:4.5.0.0",0.8,"NODE_485_length_25983_cov_7.421875","augustus","augustus-NODE_485_length_25983_cov_7.421875-abinit-gene-0.1-mRNA-1 1 317 +","match_part"]],"25983","match"],[0,17115,17666,-1,"NODE_485_length_25983_cov_7.421875:hit:49705:4.5.0.0","augustus-NODE_485_length_25983_cov_7.421875-abinit-gene-0.2-mRNA-1",0.9,"NODE_485_length_25983_cov_7.421875","augustus",[[1,17602,17666,-1,"M64","NODE_485_length_25983_cov_7.421875:hsp:259399:4.5.0.0",0.9,"NODE_485_length_25983_cov_7.421875","augustus","augustus-NODE_485_length_25983_cov_7.421875-abinit-gene-0.2-mRNA-1 204 267 +","match_part"],[1,17495,17527,-1,"M32","NODE_485_length_25983_cov_7.421875:hsp:259400:4.5.0.0",0.9,"NODE_485_length_25983_cov_7.421875","augustus","augustus-NODE_485_length_25983_cov_7.421875-abinit-gene-0.2-mRNA-1 172 203 +","match_part"],[1,17360,17426,-1,"M66","NODE_485_length_25983_cov_7.421875:hsp:259401:4.5.0.0",0.9,"NODE_485_length_25983_cov_7.421875","augustus","augustus-NODE_485_length_25983_cov_7.421875-abinit-gene-0.2-mRNA-1 106 171 +","match_part"],[1,17115,17220,-1,"M105","NODE_485_length_25983_cov_7.421875:hsp:259402:4.5.0.0",0.9,"NODE_485_length_25983_cov_7.421875","augustus","augustus-NODE_485_length_25983_cov_7.421875-abinit-gene-0.2-mRNA-1 1 105 +","match_part"]],"25983","match"],[0,17956,18792,1,"NODE_485_length_25983_cov_7.421875:hit:49707:4.5.0.0","augustus-NODE_485_length_25983_cov_7.421875-abinit-gene-0.0-mRNA-1",0.45,"NODE_485_length_25983_cov_7.421875","augustus",[[1,17956,18155,1,"M199","NODE_485_length_25983_cov_7.421875:hsp:259406:4.5.0.0",0.45,"NODE_485_length_25983_cov_7.421875","augustus","augustus-NODE_485_length_25983_cov_7.421875-abinit-gene-0.0-mRNA-1 1 199 +","match_part"],[1,18249,18447,1,"M198","NODE_485_length_25983_cov_7.421875:hsp:259407:4.5.0.0",0.45,"NODE_485_length_25983_cov_7.421875","augustus","augustus-NODE_485_length_25983_cov_7.421875-abinit-gene-0.0-mRNA-1 200 397 +","match_part"],[1,18520,18792,1,"M272","NODE_485_length_25983_cov_7.421875:hsp:259408:4.5.0.0",0.45,"NODE_485_length_25983_cov_7.421875","augustus","augustus-NODE_485_length_25983_cov_7.421875-abinit-gene-0.0-mRNA-1 398 669 +","match_part"]],"25983","match"],[0,19089,20006,-1,"NODE_485_length_25983_cov_7.421875:hit:49710:4.5.0.0","augustus-NODE_485_length_25983_cov_7.421875-abinit-gene-0.3-mRNA-1",0.8,"NODE_485_length_25983_cov_7.421875","augustus",[[1,19765,20006,-1,"M241","NODE_485_length_25983_cov_7.421875:hsp:259419:4.5.0.0",0.8,"NODE_485_length_25983_cov_7.421875","augustus","augustus-NODE_485_length_25983_cov_7.421875-abinit-gene-0.3-mRNA-1 528 768 +","match_part"],[1,19501,19672,-1,"M171","NODE_485_length_25983_cov_7.421875:hsp:259420:4.5.0.0",0.8,"NODE_485_length_25983_cov_7.421875","augustus","augustus-NODE_485_length_25983_cov_7.421875-abinit-gene-0.3-mRNA-1 357 527 +","match_part"],[1,19089,19445,-1,"M356","NODE_485_length_25983_cov_7.421875:hsp:259421:4.5.0.0",0.8,"NODE_485_length_25983_cov_7.421875","augustus","augustus-NODE_485_length_25983_cov_7.421875-abinit-gene-0.3-mRNA-1 1 356 +","match_part"]],"25983","match"],[0,22719,24936,-1,"NODE_485_length_25983_cov_7.421875:hit:49714:4.5.0.0","augustus-NODE_485_length_25983_cov_7.421875-abinit-gene-0.4-mRNA-1",0.22,"NODE_485_length_25983_cov_7.421875","augustus",[[1,24573,24936,-1,"M363","NODE_485_length_25983_cov_7.421875:hsp:259439:4.5.0.0",0.22,"NODE_485_length_25983_cov_7.421875","augustus","augustus-NODE_485_length_25983_cov_7.421875-abinit-gene-0.4-mRNA-1 1369 1731 +","match_part"],[1,23904,24482,-1,"M578","NODE_485_length_25983_cov_7.421875:hsp:259440:4.5.0.0",0.22,"NODE_485_length_25983_cov_7.421875","augustus","augustus-NODE_485_length_25983_cov_7.421875-abinit-gene-0.4-mRNA-1 791 1368 +","match_part"],[1,23734,23819,-1,"M85","NODE_485_length_25983_cov_7.421875:hsp:259441:4.5.0.0",0.22,"NODE_485_length_25983_cov_7.421875","augustus","augustus-NODE_485_length_25983_cov_7.421875-abinit-gene-0.4-mRNA-1 706 790 +","match_part"],[1,23640,23658,-1,"M18","NODE_485_length_25983_cov_7.421875:hsp:259442:4.5.0.0",0.22,"NODE_485_length_25983_cov_7.421875","augustus","augustus-NODE_485_length_25983_cov_7.421875-abinit-gene-0.4-mRNA-1 688 705 +","match_part"],[1,23215,23561,-1,"M346","NODE_485_length_25983_cov_7.421875:hsp:259443:4.5.0.0",0.22,"NODE_485_length_25983_cov_7.421875","augustus","augustus-NODE_485_length_25983_cov_7.421875-abinit-gene-0.4-mRNA-1 342 687 +","match_part"],[1,23059,23141,-1,"M82","NODE_485_length_25983_cov_7.421875:hsp:259444:4.5.0.0",0.22,"NODE_485_length_25983_cov_7.421875","augustus","augustus-NODE_485_length_25983_cov_7.421875-abinit-gene-0.4-mRNA-1 260 341 +","match_part"],[1,22719,22978,-1,"M259","NODE_485_length_25983_cov_7.421875:hsp:259445:4.5.0.0",0.22,"NODE_485_length_25983_cov_7.421875","augustus","augustus-NODE_485_length_25983_cov_7.421875-abinit-gene-0.4-mRNA-1 1 259 +","match_part"]],"25983","match"]],"urlTemplate":"lf-{Chunk}.json"}}