{"featureCount":5,"formatVersion":1,"histograms":{"meta":[{"arrayParams":{"chunkSize":10000,"length":2,"urlTemplate":"hist-20000-{Chunk}.json"},"basesPerBin":"20000"}],"stats":[{"basesPerBin":"20000","max":4,"mean":3}]},"intervals":{"classes":[{"attributes":["Start","End","Strand","Id","Name","Score","Seq_id","Source","Subfeatures","Target_length","Type"],"isArrayAttr":{"Subfeatures":1}},{"attributes":["Start","End","Strand","Gap","Id","Score","Seq_id","Source","Target","Type"],"isArrayAttr":{}},{"attributes":["Start","End","Chunk"],"isArrayAttr":{"Sublist":1}}],"count":5,"lazyClass":2,"maxEnd":36281,"minStart":3515,"nclist":[[0,3515,8465,1,"NODE_65_length_51458_cov_9.484376:hit:9045:4.5.0.0","augustus-NODE_65_length_51458_cov_9.484376-abinit-gene-0.0-mRNA-1",0.01,"NODE_65_length_51458_cov_9.484376","augustus",[[1,3515,3721,1,"M206","NODE_65_length_51458_cov_9.484376:hsp:48010:4.5.0.0",0.01,"NODE_65_length_51458_cov_9.484376","augustus","augustus-NODE_65_length_51458_cov_9.484376-abinit-gene-0.0-mRNA-1 1 206 +","match_part"],[1,3848,3993,1,"M145","NODE_65_length_51458_cov_9.484376:hsp:48011:4.5.0.0",0.01,"NODE_65_length_51458_cov_9.484376","augustus","augustus-NODE_65_length_51458_cov_9.484376-abinit-gene-0.0-mRNA-1 207 351 +","match_part"],[1,4078,4156,1,"M78","NODE_65_length_51458_cov_9.484376:hsp:48012:4.5.0.0",0.01,"NODE_65_length_51458_cov_9.484376","augustus","augustus-NODE_65_length_51458_cov_9.484376-abinit-gene-0.0-mRNA-1 352 429 +","match_part"],[1,4256,4590,1,"M334","NODE_65_length_51458_cov_9.484376:hsp:48013:4.5.0.0",0.01,"NODE_65_length_51458_cov_9.484376","augustus","augustus-NODE_65_length_51458_cov_9.484376-abinit-gene-0.0-mRNA-1 430 763 +","match_part"],[1,4697,4861,1,"M164","NODE_65_length_51458_cov_9.484376:hsp:48014:4.5.0.0",0.01,"NODE_65_length_51458_cov_9.484376","augustus","augustus-NODE_65_length_51458_cov_9.484376-abinit-gene-0.0-mRNA-1 764 927 +","match_part"],[1,4982,5150,1,"M168","NODE_65_length_51458_cov_9.484376:hsp:48015:4.5.0.0",0.01,"NODE_65_length_51458_cov_9.484376","augustus","augustus-NODE_65_length_51458_cov_9.484376-abinit-gene-0.0-mRNA-1 928 1095 +","match_part"],[1,5431,5655,1,"M224","NODE_65_length_51458_cov_9.484376:hsp:48016:4.5.0.0",0.01,"NODE_65_length_51458_cov_9.484376","augustus","augustus-NODE_65_length_51458_cov_9.484376-abinit-gene-0.0-mRNA-1 1096 1319 +","match_part"],[1,5750,5863,1,"M113","NODE_65_length_51458_cov_9.484376:hsp:48017:4.5.0.0",0.01,"NODE_65_length_51458_cov_9.484376","augustus","augustus-NODE_65_length_51458_cov_9.484376-abinit-gene-0.0-mRNA-1 1320 1432 +","match_part"],[1,5926,6052,1,"M126","NODE_65_length_51458_cov_9.484376:hsp:48018:4.5.0.0",0.01,"NODE_65_length_51458_cov_9.484376","augustus","augustus-NODE_65_length_51458_cov_9.484376-abinit-gene-0.0-mRNA-1 1433 1558 +","match_part"],[1,6132,6296,1,"M164","NODE_65_length_51458_cov_9.484376:hsp:48019:4.5.0.0",0.01,"NODE_65_length_51458_cov_9.484376","augustus","augustus-NODE_65_length_51458_cov_9.484376-abinit-gene-0.0-mRNA-1 1559 1722 +","match_part"],[1,6623,6774,1,"M151","NODE_65_length_51458_cov_9.484376:hsp:48020:4.5.0.0",0.01,"NODE_65_length_51458_cov_9.484376","augustus","augustus-NODE_65_length_51458_cov_9.484376-abinit-gene-0.0-mRNA-1 1723 1873 +","match_part"],[1,7248,7325,1,"M77","NODE_65_length_51458_cov_9.484376:hsp:48021:4.5.0.0",0.01,"NODE_65_length_51458_cov_9.484376","augustus","augustus-NODE_65_length_51458_cov_9.484376-abinit-gene-0.0-mRNA-1 1874 1950 +","match_part"],[1,7427,7465,1,"M38","NODE_65_length_51458_cov_9.484376:hsp:48022:4.5.0.0",0.01,"NODE_65_length_51458_cov_9.484376","augustus","augustus-NODE_65_length_51458_cov_9.484376-abinit-gene-0.0-mRNA-1 1951 1988 +","match_part"],[1,7536,7594,1,"M58","NODE_65_length_51458_cov_9.484376:hsp:48023:4.5.0.0",0.01,"NODE_65_length_51458_cov_9.484376","augustus","augustus-NODE_65_length_51458_cov_9.484376-abinit-gene-0.0-mRNA-1 1989 2046 +","match_part"],[1,7667,8465,1,"M798","NODE_65_length_51458_cov_9.484376:hsp:48024:4.5.0.0",0.01,"NODE_65_length_51458_cov_9.484376","augustus","augustus-NODE_65_length_51458_cov_9.484376-abinit-gene-0.0-mRNA-1 2047 2844 +","match_part"]],