{"featureCount":9,"formatVersion":1,"histograms":{"meta":[{"arrayParams":{"chunkSize":10000,"length":2,"urlTemplate":"hist-5000-{Chunk}.json"},"basesPerBin":"5000"}],"stats":[{"basesPerBin":"5000","max":9,"mean":4.5}]},"intervals":{"classes":[{"attributes":["Start","End","Strand","Aligned_coverage","Aligned_identity","Id","Name","Score","Seq_id","Source","Subfeatures","Target_length","Type"],"isArrayAttr":{"Subfeatures":1}},{"attributes":["Start","End","Strand","Gap","Id","Score","Seq_id","Source","Target","Type"],"isArrayAttr":{}},{"attributes":["Start","End","Chunk"],"isArrayAttr":{"Sublist":1}}],"count":9,"lazyClass":2,"maxEnd":9075,"minStart":7139,"nclist":[[0,7139,9075,-1,"99.86","99.1","NODE_1959_length_11689_cov_7.789396:hit:123016:3.2.0.0","TRINITY_DN351_c0_g1_i6",7026,"NODE_1959_length_11689_cov_7.789396","est2genome",[[1,8584,9075,-1,"M349 I3 M3 I9 M139","NODE_1959_length_11689_cov_7.789396:hsp:605222:3.2.0.0",7026,"NODE_1959_length_11689_cov_7.789396","est2genome","TRINITY_DN351_c0_g1_i6 3 505 +","match_part"],[1,8385,8479,-1,"M94","NODE_1959_length_11689_cov_7.789396:hsp:605223:3.2.0.0",7026,"NODE_1959_length_11689_cov_7.789396","est2genome","TRINITY_DN351_c0_g1_i6 506 599 +","match_part"],[1,8218,8259,-1,"M41","NODE_1959_length_11689_cov_7.789396:hsp:605224:3.2.0.0",7026,"NODE_1959_length_11689_cov_7.789396","est2genome","TRINITY_DN351_c0_g1_i6 600 640 +","match_part"],[1,8068,8126,-1,"M58","NODE_1959_length_11689_cov_7.789396:hsp:605225:3.2.0.0",7026,"NODE_1959_length_11689_cov_7.789396","est2genome","TRINITY_DN351_c0_g1_i6 641 698 +","match_part"],[1,7883,7993,-1,"M110","NODE_1959_length_11689_cov_7.789396:hsp:605226:3.2.0.0",7026,"NODE_1959_length_11689_cov_7.789396","est2genome","TRINITY_DN351_c0_g1_i6 699 808 +","match_part"],[1,7139,7785,-1,"M646","NODE_1959_length_11689_cov_7.789396:hsp:605227:3.2.0.0",7026,"NODE_1959_length_11689_cov_7.789396","est2genome","TRINITY_DN351_c0_g1_i6 809 1454 +","match_part"]],"1454","expressed_sequence_match"],[0,7139,9075,-1,"99.86","97.9","NODE_1959_length_11689_cov_7.789396:hit:123017:3.2.0.0","TRINITY_DN351_c0_g1_i1",6508,"NODE_1959_length_11689_cov_7.789396","est2genome",[[1,8584,9075,-1,"M349 I3 M3 I9 M139","NODE_1959_length_11689_cov_7.789396:hsp:605228:3.2.0.0",6508,"NODE_1959_length_11689_cov_7.789396","est2genome","TRINITY_DN351_c0_g1_i1 3 505 +","match_part"],[1,8385,8479,-1,"M94","NODE_1959_length_11689_cov_7.789396:hsp:605229:3.2.0.0",6508,"NODE_1959_length_11689_cov_7.789396","est2genome","TRINITY_DN351_c0_g1_i1 506 599 +","match_part"],[1,8218,8259,-1,"M41","NODE_1959_length_11689_cov_7.789396:hsp:605230:3.2.0.0",6508,"NODE_1959_length_11689_cov_7.789396","est2genome","TRINITY_DN351_c0_g1_i1 600 640 +","match_part"],[1,8068,8126,-1,"M58","NODE_1959_length_11689_cov_7.789396:hsp:605231:3.2.0.0",6508,"NODE_1959_length_11689_cov_7.789396","est2genome","TRINITY_DN351_c0_g1_i1 641 698 +","match_part"],[1,7883,7993,-1,"M110","NODE_1959_length_11689_cov_7.789396:hsp:605232:3.2.0.0",6508,"NODE_1959_length_11689_cov_7.789396","est2genome","TRINITY_DN351_c0_g1_i1 699 808 +","match_part"],[1,7593,7785,-1,"M192","NODE_1959_length_11689_cov_7.789396:hsp:605233:3.2.0.0",6508,"NODE_1959_length_11689_cov_7.789396","est2genome","TRINITY_DN351_c0_g1_i1 809 1000 +","match_part"],[1,7139,7526,-1,"M15 I1 M20 D4 M348","NODE_1959_length_11689_cov_7.789396:hsp:605234:3.2.0.0",6508,"NODE_1959_length_11689_cov_7.789396","est2genome","TRINITY_DN351_c0_g1_i1 1001 1384 +","match_part"]],"1384","expressed_sequence_match"],[0,7139,9075,-1,"99.87","99.2","NODE_1959_length_11689_cov_7.789396:hit:123018:3.2.0.0","TRINITY_DN351_c0_g1_i8",7544,"NODE_1959_length_11689_cov_7.789396","est2genome",[[1,8584,9075,-1,"M349 I3 M3 I9 M139","NODE_1959_length_11689_cov_7.789396:hsp:605235:3.2.0.0",7544,"NODE_1959_length_11689_cov_7.789396","est2genome","TRINITY_DN351_c0_g1_i8 3 505 +","match_part"],[1,8385,8479,-1,"M94","NODE_1959_length_11689_cov_7.789396:hsp:605236:3.2.0.0",7544,"NODE_1959_length_11689_cov_7.789396","est2genome","TRINITY_DN351_c0_g1_i8 506 599 +","match_part"],[1,8218,8259,-1,"M41","NODE_1959_length_11689_cov_7.789396:hsp:605237:3.2.0.0",7544,"NODE_1959_length_11689_cov_7.789396","est2genome","TRINITY_DN351_c0_g1_i8 600 640 +","match_part"],[1,8068,8126,-1,"M58","NODE_1959_length_11689_cov_7.789396:hsp:605238:3.2.0.0",7544,"NODE_1959_length_11689_cov_7.789396","est2genome","TRINITY_DN351_c0_g1_i8 641 698 +","match_part"],[1,7139,7993,-1,"M854","NODE_1959_length_11689_cov_7.789396:hsp:605239:3.2.0.0",7544,"NODE_1959_length_11689_cov_7.789396","est2genome","TRINITY_DN351_c0_g1_i8 699 1552 +","match_part"]],"1552","expressed_sequence_match",{"Sublist":[[0,7139,7883,-1,"100","97.6","NODE_1959_length_11689_cov_7.789396:hit:123019:3.2.0.0","TRINITY_DN351_c0_g1_i9",3547,"NODE_1959_length_11689_cov_7.789396","est2genome",[[1,7139,7883,-1,"M372 I1 M20 D4 M348","NODE_1959_length_11689_cov_7.789396:hsp:605240:3.2.0.0",3547,"NODE_1959_length_11689_cov_7.789396","est2genome","TRINITY_DN351_c0_g1_i9 1 741 +","match_part"]],"741","expressed_sequence_match"]]}],[0,7883,9075,-1,"99.82","98.7","NODE_1959_length_11689_cov_7.789396:hit:123020:3.2.0.0","TRINITY_DN351_c0_g1_i4",5334,"NODE_1959_length_11689_cov_7.789396","est2genome",[[1,8584,9075,-1,"M349 I3 M3 I9 M139","NODE_1959_length_11689_cov_7.789396:hsp:605241:3.2.0.0",5334,"NODE_1959_length_11689_cov_7.789396","est2genome","TRINITY_DN351_c0_g1_i4 3 505 +","match_part"],[1,7883,8479,-1,"M596","NODE_1959_length_11689_cov_7.789396:hsp:605242:3.2.0.0",5334,"NODE_1959_length_11689_cov_7.789396","est2genome","TRINITY_DN351_c0_g1_i4 506 1101 +","match_part"]],"1101","expressed_sequence_match"],[0,7883,9075,-1,"99.77","98.4","NODE_1959_length_11689_cov_7.789396:hit:123022:3.2.0.0","TRINITY_DN351_c0_g1_i2",4211,"NODE_1959_length_11689_cov_7.789396","est2genome",[[1,8584,9075,-1,"M349 I3 M3 I9 M139","NODE_1959_length_11689_cov_7.789396:hsp:605245:3.2.0.0",4211,"NODE_1959_length_11689_cov_7.789396","est2genome","TRINITY_DN351_c0_g1_i2 3 505 +","match_part"],[1,8385,8479,-1,"M94","NODE_1959_length_11689_cov_7.789396:hsp:605246:3.2.0.0",4211,"NODE_1959_length_11689_cov_7.789396","est2genome","TRINITY_DN351_c0_g1_i2 506 599 +","match_part"],[1,8218,8259,-1,"M41","NODE_1959_length_11689_cov_7.789396:hsp:605247:3.2.0.0",4211,"NODE_1959_length_11689_cov_7.789396","est2genome","TRINITY_DN351_c0_g1_i2 600 640 +","match_part"],[1,7883,8126,-1,"M243","NODE_1959_length_11689_cov_7.789396:hsp:605248:3.2.0.0",4211,"NODE_1959_length_11689_cov_7.789396","est2genome","TRINITY_DN351_c0_g1_i2 641 883 +","match_part"]],"883","expressed_sequence_match"],[0,7883,9075,-1,"99.8","98.6","NODE_1959_length_11689_cov_7.789396:hit:123023:3.2.0.0","TRINITY_DN351_c0_g1_i3",4860,"NODE_1959_length_11689_cov_7.789396","est2genome",[[1,8584,9075,-1,"M349 I3 M3 I9 M139","NODE_1959_length_11689_cov_7.789396:hsp:605249:3.2.0.0",4860,"NODE_1959_length_11689_cov_7.789396","est2genome","TRINITY_DN351_c0_g1_i3 3 505 +","match_part"],[1,8218,8479,-1,"M261","NODE_1959_length_11689_cov_7.789396:hsp:605250:3.2.0.0",4860,"NODE_1959_length_11689_cov_7.789396","est2genome","TRINITY_DN351_c0_g1_i3 506 766 +","match_part"],[1,7883,8126,-1,"M243","NODE_1959_length_11689_cov_7.789396:hsp:605251:3.2.0.0",4860,"NODE_1959_length_11689_cov_7.789396","est2genome","TRINITY_DN351_c0_g1_i3 767 1009 +","match_part"]],"1009","expressed_sequence_match",{"Sublist":[[0,7883,8583,-1,"100","99.3","NODE_1959_length_11689_cov_7.789396:hit:123021:3.2.0.0","TRINITY_DN351_c0_g1_i7",2990,"NODE_1959_length_11689_cov_7.789396","est2genome",[[1,8218,8583,-1,"M365","NODE_1959_length_11689_cov_7.789396:hsp:605243:3.2.0.0",2990,"NODE_1959_length_11689_cov_7.789396","est2genome","TRINITY_DN351_c0_g1_i7 1 365 +","match_part"],[1,7883,8126,-1,"M243","NODE_1959_length_11689_cov_7.789396:hsp:605244:3.2.0.0",2990,"NODE_1959_length_11689_cov_7.789396","est2genome","TRINITY_DN351_c0_g1_i7 366 608 +","match_part"]],