{"featureCount":1,"formatVersion":1,"histograms":{"meta":[{"arrayParams":{"chunkSize":10000,"length":1,"urlTemplate":"hist-5000-{Chunk}.json"},"basesPerBin":"5000"}],"stats":[{"basesPerBin":"5000","max":1,"mean":1}]},"intervals":{"classes":[{"attributes":["Start","End","Strand","Id","Name","Score","Seq_id","Source","Subfeatures","Target_length","Type"],"isArrayAttr":{"Subfeatures":1}},{"attributes":["Start","End","Strand","Gap","Id","Score","Seq_id","Source","Target","Type"],"isArrayAttr":{}},{"attributes":["Start","End","Chunk"],"isArrayAttr":{"Sublist":1}}],"count":1,"lazyClass":2,"maxEnd":1888,"minStart":0,"nclist":[[0,0,1888,-1,"NODE_8683_length_2306_cov_0.510279:hit:3485:4.5.0.0","augustus-NODE_8683_length_2306_cov_0.510279-abinit-gene-0.0-mRNA-1",0.32,"NODE_8683_length_2306_cov_0.510279","augustus",[[1,1608,1888,-1,"M280","NODE_8683_length_2306_cov_0.510279:hsp:8496:4.5.0.0",0.32,"NODE_8683_length_2306_cov_0.510279","augustus","augustus-NODE_8683_length_2306_cov_0.510279-abinit-gene-0.0-mRNA-1 1164 1443 +","match_part"],[1,973,1536,-1,"M563","NODE_8683_length_2306_cov_0.510279:hsp:8497:4.5.0.0",0.32,"NODE_8683_length_2306_cov_0.510279","augustus","augustus-NODE_8683_length_2306_cov_0.510279-abinit-gene-0.0-mRNA-1 601 1163 +","match_part"],[1,800,896,-1,"M96","NODE_8683_length_2306_cov_0.510279:hsp:8498:4.5.0.0",0.32,"NODE_8683_length_2306_cov_0.510279","augustus","augustus-NODE_8683_length_2306_cov_0.510279-abinit-gene-0.0-mRNA-1 505 600 +","match_part"],[1,558,732,-1,"M174","NODE_8683_length_2306_cov_0.510279:hsp:8499:4.5.0.0",0.32,"NODE_8683_length_2306_cov_0.510279","augustus","augustus-NODE_8683_length_2306_cov_0.510279-abinit-gene-0.0-mRNA-1 331 504 +","match_part"],[1,429,491,-1,"M62","NODE_8683_length_2306_cov_0.510279:hsp:8500:4.5.0.0",0.32,"NODE_8683_length_2306_cov_0.510279","augustus","augustus-NODE_8683_length_2306_cov_0.510279-abinit-gene-0.0-mRNA-1 269 330 +","match_part"],[1,194,349,-1,"M155","NODE_8683_length_2306_cov_0.510279:hsp:8501:4.5.0.0",0.32,"NODE_8683_length_2306_cov_0.510279","augustus","augustus-NODE_8683_length_2306_cov_0.510279-abinit-gene-0.0-mRNA-1 114 268 +","match_part"],[1,0,113,-1,"M113","NODE_8683_length_2306_cov_0.510279:hsp:8502:4.5.0.0",0.32,"NODE_8683_length_2306_cov_0.510279","augustus","augustus-NODE_8683_length_2306_cov_0.510279-abinit-gene-0.0-mRNA-1 1 113 +","match_part"]],"2306","match"]],"urlTemplate":"lf-{Chunk}.json"}}