{"featureCount":2,"formatVersion":1,"histograms":{"meta":[{"arrayParams":{"chunkSize":10000,"length":1,"urlTemplate":"hist-10000-{Chunk}.json"},"basesPerBin":"10000"}],"stats":[{"basesPerBin":"10000","max":2,"mean":2}]},"intervals":{"classes":[{"attributes":["Start","End","Strand","Id","Name","Seq_id","Source","Subfeatures","Target_length","Type"],"isArrayAttr":{"Subfeatures":1}},{"attributes":["Start","End","Strand","Gap","Id","Seq_id","Source","Target","Type"],"isArrayAttr":{}},{"attributes":["Start","End","Strand","Id","Seq_id","Source","Target","Type"],"isArrayAttr":{}},{"attributes":["Start","End","Chunk"],"isArrayAttr":{"Sublist":1}}],"count":2,"lazyClass":3,"maxEnd":7175,"minStart":142,"nclist":[[0,142,1937,-1,"NODE_3208_length_7582_cov_3.302482:hit:28493:4.5.0.0","genemark-NODE_3208_length_7582_cov_3.302482-abinit-gene-0.4-mRNA-1","NODE_3208_length_7582_cov_3.302482","genemark",[[1,1369,1937,-1,"M568","NODE_3208_length_7582_cov_3.302482:hsp:121581:4.5.0.0","NODE_3208_length_7582_cov_3.302482","genemark","genemark-NODE_3208_length_7582_cov_3.302482-abinit-gene-0.4-mRNA-1 855 1422 +","match_part"],[1,1087,1293,-1,"M206","NODE_3208_length_7582_cov_3.302482:hsp:121582:4.5.0.0","NODE_3208_length_7582_cov_3.302482","genemark","genemark-NODE_3208_length_7582_cov_3.302482-abinit-gene-0.4-mRNA-1 649 854 +","match_part"],[1,669,1029,-1,"M360","NODE_3208_length_7582_cov_3.302482:hsp:121583:4.5.0.0","NODE_3208_length_7582_cov_3.302482","genemark","genemark-NODE_3208_length_7582_cov_3.302482-abinit-gene-0.4-mRNA-1 289 648 +","match_part"],[1,563,599,-1,"M36","NODE_3208_length_7582_cov_3.302482:hsp:121584:4.5.0.0","NODE_3208_length_7582_cov_3.302482","genemark","genemark-NODE_3208_length_7582_cov_3.302482-abinit-gene-0.4-mRNA-1 253 288 +","match_part"],[1,264,462,-1,"M198","NODE_3208_length_7582_cov_3.302482:hsp:121585:4.5.0.0","NODE_3208_length_7582_cov_3.302482","genemark","genemark-NODE_3208_length_7582_cov_3.302482-abinit-gene-0.4-mRNA-1 55 252 +","match_part"],[1,142,196,-1,"M54","NODE_3208_length_7582_cov_3.302482:hsp:121586:4.5.0.0","NODE_3208_length_7582_cov_3.302482","genemark","genemark-NODE_3208_length_7582_cov_3.302482-abinit-gene-0.4-mRNA-1 1 54 +","match_part"]],"7582","match"],[0,5165,7175,-1,"NODE_3208_length_7582_cov_3.302482:hit:28498:4.5.0.0","genemark-NODE_3208_length_7582_cov_3.302482-abinit-gene-0.5-mRNA-1","NODE_3208_length_7582_cov_3.302482","genemark",[[1,6554,7175,-1,"M621","NODE_3208_length_7582_cov_3.302482:hsp:121606:4.5.0.0","NODE_3208_length_7582_cov_3.302482","genemark","genemark-NODE_3208_length_7582_cov_3.302482-abinit-gene-0.5-mRNA-1 1048 1668 +","match_part"],[1,6404,6487,-1,"M83","NODE_3208_length_7582_cov_3.302482:hsp:121607:4.5.0.0","NODE_3208_length_7582_cov_3.302482","genemark","genemark-NODE_3208_length_7582_cov_3.302482-abinit-gene-0.5-mRNA-1 965 1047 +","match_part"],[1,6009,6323,-1,"M314","NODE_3208_length_7582_cov_3.302482:hsp:121608:4.5.0.0","NODE_3208_length_7582_cov_3.302482","genemark","genemark-NODE_3208_length_7582_cov_3.302482-abinit-gene-0.5-mRNA-1 651 964 +","match_part"],[1,5635,5921,-1,"M286","NODE_3208_length_7582_cov_3.302482:hsp:121609:4.5.0.0","NODE_3208_length_7582_cov_3.302482","genemark","genemark-NODE_3208_length_7582_cov_3.302482-abinit-gene-0.5-mRNA-1 365 650 +","match_part"],[1,5165,5529,-1,"M364","NODE_3208_length_7582_cov_3.302482:hsp:121610:4.5.0.0","NODE_3208_length_7582_cov_3.302482","genemark","genemark-NODE_3208_length_7582_cov_3.302482-abinit-gene-0.5-mRNA-1 1 364 +","match_part"]],"7582","match"]],"urlTemplate":"lf-{Chunk}.json"}}