{"featureCount":2,"formatVersion":1,"histograms":{"meta":[{"arrayParams":{"chunkSize":10000,"length":1,"urlTemplate":"hist-10000-{Chunk}.json"},"basesPerBin":"10000"}],"stats":[{"basesPerBin":"10000","max":2,"mean":2}]},"intervals":{"classes":[{"attributes":["Start","End","Strand","Id","Name","Score","Seq_id","Source","Subfeatures","Target_length","Type"],"isArrayAttr":{"Subfeatures":1}},{"attributes":["Start","End","Strand","Gap","Id","Score","Seq_id","Source","Target","Type"],"isArrayAttr":{}},{"attributes":["Start","End","Chunk"],"isArrayAttr":{"Sublist":1}}],"count":2,"lazyClass":2,"maxEnd":6135,"minStart":1359,"nclist":[[0,1359,3394,1,"NODE_3610_length_6812_cov_9.151832:hit:35795:4.5.0.0","augustus-NODE_3610_length_6812_cov_9.151832-abinit-gene-0.0-mRNA-1",0.12,"NODE_3610_length_6812_cov_9.151832","augustus",[[1,1359,1436,1,"M77","NODE_3610_length_6812_cov_9.151832:hsp:147743:4.5.0.0",0.12,"NODE_3610_length_6812_cov_9.151832","augustus","augustus-NODE_3610_length_6812_cov_9.151832-abinit-gene-0.0-mRNA-1 1 77 +","match_part"],[1,1555,1647,1,"M92","NODE_3610_length_6812_cov_9.151832:hsp:147744:4.5.0.0",0.12,"NODE_3610_length_6812_cov_9.151832","augustus","augustus-NODE_3610_length_6812_cov_9.151832-abinit-gene-0.0-mRNA-1 78 169 +","match_part"],[1,1792,2047,1,"M255","NODE_3610_length_6812_cov_9.151832:hsp:147745:4.5.0.0",0.12,"NODE_3610_length_6812_cov_9.151832","augustus","augustus-NODE_3610_length_6812_cov_9.151832-abinit-gene-0.0-mRNA-1 170 424 +","match_part"],[1,2165,2285,1,"M120","NODE_3610_length_6812_cov_9.151832:hsp:147746:4.5.0.0",0.12,"NODE_3610_length_6812_cov_9.151832","augustus","augustus-NODE_3610_length_6812_cov_9.151832-abinit-gene-0.0-mRNA-1 425 544 +","match_part"],[1,2369,2528,1,"M159","NODE_3610_length_6812_cov_9.151832:hsp:147747:4.5.0.0",0.12,"NODE_3610_length_6812_cov_9.151832","augustus","augustus-NODE_3610_length_6812_cov_9.151832-abinit-gene-0.0-mRNA-1 545 703 +","match_part"],[1,2651,2830,1,"M179","NODE_3610_length_6812_cov_9.151832:hsp:147748:4.5.0.0",0.12,"NODE_3610_length_6812_cov_9.151832","augustus","augustus-NODE_3610_length_6812_cov_9.151832-abinit-gene-0.0-mRNA-1 704 882 +","match_part"],[1,2896,3394,1,"M498","NODE_3610_length_6812_cov_9.151832:hsp:147749:4.5.0.0",0.12,"NODE_3610_length_6812_cov_9.151832","augustus","augustus-NODE_3610_length_6812_cov_9.151832-abinit-gene-0.0-mRNA-1 883 1380 +","match_part"]],"6812","match"],[0,4345,6135,1,"NODE_3610_length_6812_cov_9.151832:hit:35796:4.5.0.0","augustus-NODE_3610_length_6812_cov_9.151832-abinit-gene-0.1-mRNA-1",0.12,"NODE_3610_length_6812_cov_9.151832","augustus",[[1,4345,5693,1,"M1348","NODE_3610_length_6812_cov_9.151832:hsp:147750:4.5.0.0",0.12,"NODE_3610_length_6812_cov_9.151832","augustus","augustus-NODE_3610_length_6812_cov_9.151832-abinit-gene-0.1-mRNA-1 1 1348 +","match_part"],[1,6106,6135,1,"M29","NODE_3610_length_6812_cov_9.151832:hsp:147751:4.5.0.0",0.12,"NODE_3610_length_6812_cov_9.151832","augustus","augustus-NODE_3610_length_6812_cov_9.151832-abinit-gene-0.1-mRNA-1 1349 1377 +","match_part"]],"6812","match"]],"urlTemplate":"lf-{Chunk}.json"}}