{"featureCount":5,"formatVersion":1,"histograms":{"meta":[{"arrayParams":{"chunkSize":10000,"length":2,"urlTemplate":"hist-10000-{Chunk}.json"},"basesPerBin":"10000"}],"stats":[{"basesPerBin":"10000","max":5,"mean":3}]},"intervals":{"classes":[{"attributes":["Start","End","Strand","Id","Name","Seq_id","Source","Subfeatures","Target_length","Type"],"isArrayAttr":{"Subfeatures":1}},{"attributes":["Start","End","Strand","Gap","Id","Seq_id","Source","Target","Type"],"isArrayAttr":{}},{"attributes":["Start","End","Strand","Id","Seq_id","Source","Target","Type"],"isArrayAttr":{}},{"attributes":["Start","End","Chunk"],"isArrayAttr":{"Sublist":1}}],"count":5,"lazyClass":3,"maxEnd":11443,"minStart":1020,"nclist":[[0,1020,3826,-1,"NODE_1846_length_12174_cov_9.548518:hit:118625:4.5.0.0","genemark-NODE_1846_length_12174_cov_9.548518-abinit-gene-0.46-mRNA-1","NODE_1846_length_12174_cov_9.548518","genemark",[[1,3468,3826,-1,"M358","NODE_1846_length_12174_cov_9.548518:hsp:587560:4.5.0.0","NODE_1846_length_12174_cov_9.548518","genemark","genemark-NODE_1846_length_12174_cov_9.548518-abinit-gene-0.46-mRNA-1 1350 1707 +","match_part"],[1,3224,3381,-1,"M157","NODE_1846_length_12174_cov_9.548518:hsp:587561:4.5.0.0","NODE_1846_length_12174_cov_9.548518","genemark","genemark-NODE_1846_length_12174_cov_9.548518-abinit-gene-0.46-mRNA-1 1193 1349 +","match_part"],[1,3111,3154,-1,"M43","NODE_1846_length_12174_cov_9.548518:hsp:587562:4.5.0.0","NODE_1846_length_12174_cov_9.548518","genemark","genemark-NODE_1846_length_12174_cov_9.548518-abinit-gene-0.46-mRNA-1 1150 1192 +","match_part"],[1,2944,3027,-1,"M83","NODE_1846_length_12174_cov_9.548518:hsp:587563:4.5.0.0","NODE_1846_length_12174_cov_9.548518","genemark","genemark-NODE_1846_length_12174_cov_9.548518-abinit-gene-0.46-mRNA-1 1067 1149 +","match_part"],[1,2810,2849,-1,"M39","NODE_1846_length_12174_cov_9.548518:hsp:587564:4.5.0.0","NODE_1846_length_12174_cov_9.548518","genemark","genemark-NODE_1846_length_12174_cov_9.548518-abinit-gene-0.46-mRNA-1 1028 1066 +","match_part"],[1,2534,2731,-1,"M197","NODE_1846_length_12174_cov_9.548518:hsp:587565:4.5.0.0","NODE_1846_length_12174_cov_9.548518","genemark","genemark-NODE_1846_length_12174_cov_9.548518-abinit-gene-0.46-mRNA-1 831 1027 +","match_part"],[1,2078,2458,-1,"M380","NODE_1846_length_12174_cov_9.548518:hsp:587566:4.5.0.0","NODE_1846_length_12174_cov_9.548518","genemark","genemark-NODE_1846_length_12174_cov_9.548518-abinit-gene-0.46-mRNA-1 451 830 +","match_part"],[1,1969,2012,-1,"M43","NODE_1846_length_12174_cov_9.548518:hsp:587567:4.5.0.0","NODE_1846_length_12174_cov_9.548518","genemark","genemark-NODE_1846_length_12174_cov_9.548518-abinit-gene-0.46-mRNA-1 408 450 +","match_part"],[1,1833,1885,-1,"M52","NODE_1846_length_12174_cov_9.548518:hsp:587568:4.5.0.0","NODE_1846_length_12174_cov_9.548518","genemark","genemark-NODE_1846_length_12174_cov_9.548518-abinit-gene-0.46-mRNA-1 356 407 +","match_part"],[1,1673,1768,-1,"M95","NODE_1846_length_12174_cov_9.548518:hsp:587569:4.5.0.0","NODE_1846_length_12174_cov_9.548518","genemark","genemark-NODE_1846_length_12174_cov_9.548518-abinit-gene-0.46-mRNA-1 261 355 +","match_part"],[1,1580,1598,-1,"M18","NODE_1846_length_12174_cov_9.548518:hsp:587570:4.5.0.0","NODE_1846_length_12174_cov_9.548518","genemark","genemark-NODE_1846_length_12174_cov_9.548518-abinit-gene-0.46-mRNA-1 243 260 +","match_part"],[1,1374,1498,-1,"M124","NODE_1846_length_12174_cov_9.548518:hsp:587571:4.5.0.0","NODE_1846_length_12174_cov_9.548518","genemark","genemark-NODE_1846_length_12174_cov_9.548518-abinit-gene-0.46-mRNA-1 119 242 +","match_part"],[1,1242,1306,-1,"M64","NODE_1846_length_12174_cov_9.548518:hsp:587572:4.5.0.0","NODE_1846_length_12174_cov_9.548518","genemark","genemark-NODE_1846_length_12174_cov_9.548518-abinit-gene-0.46-mRNA-1 55 118 +","match_part"],[1,1135,1153,-1,"M18","NODE_1846_length_12174_cov_9.548518:hsp:587573:4.5.0.0","NODE_1846_length_12174_cov_9.548518","genemark","genemark-NODE_1846_length_12174_cov_9.548518-abinit-gene-0.46-mRNA-1 37 54 +","match_part"],[1,1020,1056,-1,"M36","NODE_1846_length_12174_cov_9.548518:hsp:587574:4.5.0.0","NODE_1846_length_12174_cov_9.548518","genemark","genemark-NODE_1846_length_12174_cov_9.548518-abinit-gene-0.46-mRNA-1 1 36 +","match_part"]],"12174","match"],[0,4535,6225,-1,"NODE_1846_length_12174_cov_9.548518:hit:118627:4.5.0.0","genemark-NODE_1846_length_12174_cov_9.548518-abinit-gene-0.47-mRNA-1","NODE_1846_length_12174_cov_9.548518","genemark",[[1,5792,6225,-1,"M433","NODE_1846_length_12174_cov_9.548518:hsp:587579:4.5.0.0","NODE_1846_length_12174_cov_9.548518","genemark","genemark-NODE_1846_length_12174_cov_9.548518-abinit-gene-0.47-mRNA-1 960 1392 +","match_part"],[1,5609,5699,-1,"M90","NODE_1846_length_12174_cov_9.548518:hsp:587580:4.5.0.0","NODE_1846_length_12174_cov_9.548518","genemark","genemark-NODE_1846_length_12174_cov_9.548518-abinit-gene-0.47-mRNA-1 870 959 +","match_part"],[1,5446,5517,-1,"M71","NODE_1846_length_12174_cov_9.548518:hsp:587581:4.5.0.0","NODE_1846_length_12174_cov_9.548518","genemark","genemark-NODE_1846_length_12174_cov_9.548518-abinit-gene-0.47-mRNA-1 799 869 +","match_part"],[1,4535,5333,-1,"M798","NODE_1846_length_12174_cov_9.548518:hsp:587582:4.5.0.0","NODE_1846_length_12174_cov_9.548518","genemark","genemark-NODE_1846_length_12174_cov_9.548518-abinit-gene-0.47-mRNA-1 1 798 +","match_part"]],"12174","match"],[0,6571,7135,1,"NODE_1846_length_12174_cov_9.548518:hit:118630:4.5.0.0","genemark-NODE_1846_length_12174_cov_9.548518-abinit-gene-0.44-mRNA-1","NODE_1846_length_12174_cov_9.548518","genemark",[[1,6571,6574,1,"M3","NODE_1846_length_12174_cov_9.548518:hsp:587591:4.5.0.0","NODE_1846_length_12174_cov_9.548518","genemark","genemark-NODE_1846_length_12174_cov_9.548518-abinit-gene-0.44-mRNA-1 1 3 +","match_part"],[1,6661,6925,1,"M264","NODE_1846_length_12174_cov_9.548518:hsp:587592:4.5.0.0","NODE_1846_length_12174_cov_9.548518","genemark","genemark-NODE_1846_length_12174_cov_9.548518-abinit-gene-0.44-mRNA-1 4 267 +","match_part"],[1,6988,7135,1,"M147","NODE_1846_length_12174_cov_9.548518:hsp:587593:4.5.0.0","NODE_1846_length_12174_cov_9.548518","genemark","genemark-NODE_1846_length_12174_cov_9.548518-abinit-gene-0.44-mRNA-1 268 414 +","match_part"]],"12174","match"],[0,8005,8326,1,"NODE_1846_length_12174_cov_9.548518:hit:118631:4.5.0.0","genemark-NODE_1846_length_12174_cov_9.548518-abinit-gene-0.45-mRNA-1","NODE_1846_length_12174_cov_9.548518","genemark",[[1,8005,8053,1,"M48","NODE_1846_length_12174_cov_9.548518:hsp:587594:4.5.0.0","NODE_1846_length_12174_cov_9.548518","genemark","genemark-NODE_1846_length_12174_cov_9.548518-abinit-gene-0.45-mRNA-1 1 48 +","match_part"],[1,8119,8326,1,"M207","NODE_1846_length_12174_cov_9.548518:hsp:587595:4.5.0.0","NODE_1846_length_12174_cov_9.548518","genemark","genemark-NODE_1846_length_12174_cov_9.548518-abinit-gene-0.45-mRNA-1 49 255 +","match_part"]],