{"featureCount":1,"formatVersion":1,"histograms":{"meta":[{"arrayParams":{"chunkSize":10000,"length":1,"urlTemplate":"hist-20000-{Chunk}.json"},"basesPerBin":"20000"}],"stats":[{"basesPerBin":"20000","max":1,"mean":1}]},"intervals":{"classes":[{"attributes":["Start","End","Strand","Id","Name","Score","Seq_id","Source","Subfeatures","Target_length","Type"],"isArrayAttr":{"Subfeatures":1}},{"attributes":["Start","End","Strand","Gap","Id","Score","Seq_id","Source","Target","Type"],"isArrayAttr":{}},{"attributes":["Start","End","Chunk"],"isArrayAttr":{"Sublist":1}}],"count":1,"lazyClass":2,"maxEnd":4497,"minStart":146,"nclist":[[0,146,4497,-1,"NODE_5521_length_4563_cov_0.915464:hit:15967:4.5.0.0","augustus-NODE_5521_length_4563_cov_0.915464-abinit-gene-0.2-mRNA-1",0.04,"NODE_5521_length_4563_cov_0.915464","augustus",[[1,3805,4497,-1,"M692","NODE_5521_length_4563_cov_0.915464:hsp:55140:4.5.0.0",0.04,"NODE_5521_length_4563_cov_0.915464","augustus","augustus-NODE_5521_length_4563_cov_0.915464-abinit-gene-0.2-mRNA-1 3329 4020 +","match_part"],[1,3497,3740,-1,"M243","NODE_5521_length_4563_cov_0.915464:hsp:55141:4.5.0.0",0.04,"NODE_5521_length_4563_cov_0.915464","augustus","augustus-NODE_5521_length_4563_cov_0.915464-abinit-gene-0.2-mRNA-1 3086 3328 +","match_part"],[1,3389,3436,-1,"M47","NODE_5521_length_4563_cov_0.915464:hsp:55142:4.5.0.0",0.04,"NODE_5521_length_4563_cov_0.915464","augustus","augustus-NODE_5521_length_4563_cov_0.915464-abinit-gene-0.2-mRNA-1 3039 3085 +","match_part"],[1,2797,3278,-1,"M481","NODE_5521_length_4563_cov_0.915464:hsp:55143:4.5.0.0",0.04,"NODE_5521_length_4563_cov_0.915464","augustus","augustus-NODE_5521_length_4563_cov_0.915464-abinit-gene-0.2-mRNA-1 2558 3038 +","match_part"],[1,146,2703,-1,"M2557","NODE_5521_length_4563_cov_0.915464:hsp:55144:4.5.0.0",0.04,"NODE_5521_length_4563_cov_0.915464","augustus","augustus-NODE_5521_length_4563_cov_0.915464-abinit-gene-0.2-mRNA-1 1 2557 +","match_part"]],"4563","match"]],"urlTemplate":"lf-{Chunk}.json"}}