{"featureCount":1,"formatVersion":1,"histograms":{"meta":[{"arrayParams":{"chunkSize":10000,"length":1,"urlTemplate":"hist-5000-{Chunk}.json"},"basesPerBin":"5000"}],"stats":[{"basesPerBin":"5000","max":1,"mean":1}]},"intervals":{"classes":[{"attributes":["Start","End","Strand","Id","Name","Score","Seq_id","Source","Subfeatures","Target_length","Type"],"isArrayAttr":{"Subfeatures":1}},{"attributes":["Start","End","Strand","Gap","Id","Score","Seq_id","Source","Target","Type"],"isArrayAttr":{}},{"attributes":["Start","End","Chunk"],"isArrayAttr":{"Sublist":1}}],"count":1,"lazyClass":2,"maxEnd":987,"minStart":52,"nclist":[[0,52,987,-1,"NODE_12302_length_1457_cov_9.081955:hit:821:4.5.0.0","augustus-NODE_12302_length_1457_cov_9.081955-abinit-gene-0.12-mRNA-1",0.22,"NODE_12302_length_1457_cov_9.081955","augustus",[[1,900,987,-1,"M87","NODE_12302_length_1457_cov_9.081955:hsp:1634:4.5.0.0",0.22,"NODE_12302_length_1457_cov_9.081955","augustus","augustus-NODE_12302_length_1457_cov_9.081955-abinit-gene-0.12-mRNA-1 469 555 +","match_part"],[1,724,844,-1,"M120","NODE_12302_length_1457_cov_9.081955:hsp:1635:4.5.0.0",0.22,"NODE_12302_length_1457_cov_9.081955","augustus","augustus-NODE_12302_length_1457_cov_9.081955-abinit-gene-0.12-mRNA-1 349 468 +","match_part"],[1,601,637,-1,"M36","NODE_12302_length_1457_cov_9.081955:hsp:1636:4.5.0.0",0.22,"NODE_12302_length_1457_cov_9.081955","augustus","augustus-NODE_12302_length_1457_cov_9.081955-abinit-gene-0.12-mRNA-1 313 348 +","match_part"],[1,380,526,-1,"M146","NODE_12302_length_1457_cov_9.081955:hsp:1637:4.5.0.0",0.22,"NODE_12302_length_1457_cov_9.081955","augustus","augustus-NODE_12302_length_1457_cov_9.081955-abinit-gene-0.12-mRNA-1 167 312 +","match_part"],[1,174,309,-1,"M135","NODE_12302_length_1457_cov_9.081955:hsp:1638:4.5.0.0",0.22,"NODE_12302_length_1457_cov_9.081955","augustus","augustus-NODE_12302_length_1457_cov_9.081955-abinit-gene-0.12-mRNA-1 32 166 +","match_part"],[1,52,83,-1,"M31","NODE_12302_length_1457_cov_9.081955:hsp:1639:4.5.0.0",0.22,"NODE_12302_length_1457_cov_9.081955","augustus","augustus-NODE_12302_length_1457_cov_9.081955-abinit-gene-0.12-mRNA-1 1 31 +","match_part"]],"1457","match"]],"urlTemplate":"lf-{Chunk}.json"}}