{"featureCount":3,"formatVersion":1,"histograms":{"meta":[{"arrayParams":{"chunkSize":10000,"length":1,"urlTemplate":"hist-5000-{Chunk}.json"},"basesPerBin":"5000"}],"stats":[{"basesPerBin":"5000","max":3,"mean":3}]},"intervals":{"classes":[{"attributes":["Start","End","Strand","Id","Name","Score","Seq_id","Source","Subfeatures","Target_length","Type"],"isArrayAttr":{"Subfeatures":1}},{"attributes":["Start","End","Strand","Gap","Id","Score","Seq_id","Source","Target","Type"],"isArrayAttr":{}},{"attributes":["Start","End","Chunk"],"isArrayAttr":{"Sublist":1}}],"count":3,"lazyClass":2,"maxEnd":4875,"minStart":1257,"nclist":[[0,1257,1549,-1,"NODE_3114_length_7812_cov_2.610540:hit:26727:3.2.0.0","TRINITY_DN39438_c0_g1_i1",54,"NODE_3114_length_7812_cov_2.610540","blastn",[[1,1459,1549,-1,"M90","NODE_3114_length_7812_cov_2.610540:hsp:114343:3.2.0.0",54,"NODE_3114_length_7812_cov_2.610540","blastn","TRINITY_DN39438_c0_g1_i1 1 90 +","match_part"],[1,1257,1455,-1,"M198","NODE_3114_length_7812_cov_2.610540:hsp:114344:3.2.0.0",132,"NODE_3114_length_7812_cov_2.610540","blastn","TRINITY_DN39438_c0_g1_i1 86 283 +","match_part"]],"284","expressed_sequence_match"],[0,3836,4183,1,"NODE_3114_length_7812_cov_2.610540:hit:26728:3.2.0.0","TRINITY_DN49485_c0_g1_i1",205,"NODE_3114_length_7812_cov_2.610540","blastn",[[1,3836,4183,1,"M226 I1 M121","NODE_3114_length_7812_cov_2.610540:hsp:114345:3.2.0.0",205,"NODE_3114_length_7812_cov_2.610540","blastn","TRINITY_DN49485_c0_g1_i1 38 385 +","match_part"]],"387","expressed_sequence_match"],[0,4469,4875,1,"NODE_3114_length_7812_cov_2.610540:hit:26729:3.2.0.0","TRINITY_DN23688_c0_g1_i1",240,"NODE_3114_length_7812_cov_2.610540","blastn",[[1,4469,4875,1,"M386 I1 M20","NODE_3114_length_7812_cov_2.610540:hsp:114346:3.2.0.0",240,"NODE_3114_length_7812_cov_2.610540","blastn","TRINITY_DN23688_c0_g1_i1 6 412 +","match_part"]],"414","expressed_sequence_match"]],"urlTemplate":"lf-{Chunk}.json"}}