{"featureCount":19,"formatVersion":1,"histograms":{"meta":[{"arrayParams":{"chunkSize":10000,"length":4,"urlTemplate":"hist-5000-{Chunk}.json"},"basesPerBin":"5000"}],"stats":[{"basesPerBin":"5000","max":17,"mean":6.25}]},"intervals":{"classes":[{"attributes":["Start","End","Strand","Aligned_coverage","Aligned_identity","Id","Name","Score","Seq_id","Source","Subfeatures","Target_length","Type"],"isArrayAttr":{"Subfeatures":1}},{"attributes":["Start","End","Strand","Gap","Id","Score","Seq_id","Source","Target","Type"],"isArrayAttr":{}},{"attributes":["Start","End","Chunk"],"isArrayAttr":{"Sublist":1}}],"count":19,"lazyClass":2,"maxEnd":16919,"minStart":8381,"nclist":[[0,8381,12809,1,"99.97","98.2","NODE_1096_length_17166_cov_10.871295:hit:87194:3.2.0.0","TRINITY_DN2875_c0_g1_i2",17446,"NODE_1096_length_17166_cov_10.871295","est2genome",[[1,8381,8527,1,"M146","NODE_1096_length_17166_cov_10.871295:hsp:444638:3.2.0.0",17446,"NODE_1096_length_17166_cov_10.871295","est2genome","TRINITY_DN2875_c0_g1_i2 2 147 +","match_part"],[1,8617,9634,1,"M239 D1 M2 D9 M766","NODE_1096_length_17166_cov_10.871295:hsp:444639:3.2.0.0",17446,"NODE_1096_length_17166_cov_10.871295","est2genome","TRINITY_DN2875_c0_g1_i2 148 1154 +","match_part"],[1,9763,10442,1,"M221 I2 M458","NODE_1096_length_17166_cov_10.871295:hsp:444640:3.2.0.0",17446,"NODE_1096_length_17166_cov_10.871295","est2genome","TRINITY_DN2875_c0_g1_i2 1155 1835 +","match_part"],[1,10565,11685,1,"M700 D1 M419","NODE_1096_length_17166_cov_10.871295:hsp:444641:3.2.0.0",17446,"NODE_1096_length_17166_cov_10.871295","est2genome","TRINITY_DN2875_c0_g1_i2 1836 2954 +","match_part"],[1,11749,12178,1,"M188 I1 M223 D1 M15 I5 M2","NODE_1096_length_17166_cov_10.871295:hsp:444642:3.2.0.0",17446,"NODE_1096_length_17166_cov_10.871295","est2genome","TRINITY_DN2875_c0_g1_i2 2955 3388 +","match_part"],[1,12392,12462,1,"M70","NODE_1096_length_17166_cov_10.871295:hsp:444643:3.2.0.0",17446,"NODE_1096_length_17166_cov_10.871295","est2genome","TRINITY_DN2875_c0_g1_i2 3389 3458 +","match_part"],[1,12527,12583,1,"M56","NODE_1096_length_17166_cov_10.871295:hsp:444644:3.2.0.0",17446,"NODE_1096_length_17166_cov_10.871295","est2genome","TRINITY_DN2875_c0_g1_i2 3459 3514 +","match_part"],[1,12675,12809,1,"M134","NODE_1096_length_17166_cov_10.871295:hsp:444645:3.2.0.0",17446,"NODE_1096_length_17166_cov_10.871295","est2genome","TRINITY_DN2875_c0_g1_i2 3515 3648 +","match_part"]],"3648","expressed_sequence_match"],[0,8381,12809,1,"99.97","98.3","NODE_1096_length_17166_cov_10.871295:hit:87195:3.2.0.0","TRINITY_DN2875_c0_g1_i9",17074,"NODE_1096_length_17166_cov_10.871295","est2genome",[[1,8381,8527,1,"M146","NODE_1096_length_17166_cov_10.871295:hsp:444646:3.2.0.0",17074,"NODE_1096_length_17166_cov_10.871295","est2genome","TRINITY_DN2875_c0_g1_i9 2 147 +","match_part"],[1,8617,9560,1,"M239 D1 M2 D9 M692","NODE_1096_length_17166_cov_10.871295:hsp:444647:3.2.0.0",17074,"NODE_1096_length_17166_cov_10.871295","est2genome","TRINITY_DN2875_c0_g1_i9 148 1080 +","match_part"],[1,9769,10442,1,"M215 I2 M458","NODE_1096_length_17166_cov_10.871295:hsp:444648:3.2.0.0",17074,"NODE_1096_length_17166_cov_10.871295","est2genome","TRINITY_DN2875_c0_g1_i9 1081 1755 +","match_part"],[1,10565,11685,1,"M700 D1 M419","NODE_1096_length_17166_cov_10.871295:hsp:444649:3.2.0.0",17074,"NODE_1096_length_17166_cov_10.871295","est2genome","TRINITY_DN2875_c0_g1_i9 1756 2874 +","match_part"],[1,11749,12178,1,"M188 I1 M223 D1 M15 I5 M2","NODE_1096_length_17166_cov_10.871295:hsp:444650:3.2.0.0",17074,"NODE_1096_length_17166_cov_10.871295","est2genome","TRINITY_DN2875_c0_g1_i9 2875 3308 +","match_part"],[1,12392,12462,1,"M70","NODE_1096_length_17166_cov_10.871295:hsp:444651:3.2.0.0",17074,"NODE_1096_length_17166_cov_10.871295","est2genome","TRINITY_DN2875_c0_g1_i9 3309 3378 +","match_part"],[1,12527,12583,1,"M56","NODE_1096_length_17166_cov_10.871295:hsp:444652:3.2.0.0",17074,"NODE_1096_length_17166_cov_10.871295","est2genome","TRINITY_DN2875_c0_g1_i9 3379 3434 +","match_part"],[1,12675,12809,1,"M134","NODE_1096_length_17166_cov_10.871295:hsp:444653:3.2.0.0",17074,"NODE_1096_length_17166_cov_10.871295","est2genome","TRINITY_DN2875_c0_g1_i9 3435 3568 +","match_part"]],"3568","expressed_sequence_match",{"Sublist":[[0,8381,12154,1,"99.97","98.4","NODE_1096_length_17166_cov_10.871295:hit:87196:3.2.0.0","TRINITY_DN2875_c0_g1_i13",15847,"NODE_1096_length_17166_cov_10.871295","est2genome",[[1,8381,8527,1,"M146","NODE_1096_length_17166_cov_10.871295:hsp:444654:3.2.0.0",15847,"NODE_1096_length_17166_cov_10.871295","est2genome","TRINITY_DN2875_c0_g1_i13 2 147 +","match_part"],[1,8617,9560,1,"M239 D1 M2 D9 M692","NODE_1096_length_17166_cov_10.871295:hsp:444655:3.2.0.0",15847,"NODE_1096_length_17166_cov_10.871295","est2genome","TRINITY_DN2875_c0_g1_i13 148 1080 +","match_part"],[1,9769,10444,1,"M215 I2 M460","NODE_1096_length_17166_cov_10.871295:hsp:444656:3.2.0.0",15847,"NODE_1096_length_17166_cov_10.871295","est2genome","TRINITY_DN2875_c0_g1_i13 1081 1757 +","match_part"],[1,10567,11689,1,"M698 D1 M421 I2 M2","NODE_1096_length_17166_cov_10.871295:hsp:444657:3.2.0.0",15847,"NODE_1096_length_17166_cov_10.871295","est2genome","TRINITY_DN2875_c0_g1_i13 1758 2880 +","match_part"],[1,11755,12154,1,"M399","NODE_1096_length_17166_cov_10.871295:hsp:444658:3.2.0.0",15847,"NODE_1096_length_17166_cov_10.871295","est2genome","TRINITY_DN2875_c0_g1_i13 2881 3279 +","match_part"]],"3279","expressed_sequence_match",{"Sublist":[[0,10957,11244,1,"100","95.1","NODE_1096_length_17166_cov_10.871295:hit:87197:3.2.0.0","TRINITY_DN8625_c0_g1_i1",1301,"NODE_1096_length_17166_cov_10.871295","est2genome",[[1,10957,11244,1,"M201 D1 M85","NODE_1096_length_17166_cov_10.871295:hsp:444659:3.2.0.0",1301,"NODE_1096_length_17166_cov_10.871295","est2genome","TRINITY_DN8625_c0_g1_i1 1 286 -","match_part"]],"286","expressed_sequence_match"]]}]]}],[0,11943,12809,1,"100","99","NODE_1096_length_17166_cov_10.871295:hit:87198:3.2.0.0","TRINITY_DN2875_c0_g1_i11",2383,"NODE_1096_length_17166_cov_10.871295","est2genome",[[1,11943,12183,1,"M240","NODE_1096_length_17166_cov_10.871295:hsp:444660:3.2.0.0",2383,"NODE_1096_length_17166_cov_10.871295","est2genome","TRINITY_DN2875_c0_g1_i11 1 240 +","match_part"],[1,12392,12462,1,"M70","NODE_1096_length_17166_cov_10.871295:hsp:444661:3.2.0.0",2383,"NODE_1096_length_17166_cov_10.871295","est2genome","TRINITY_DN2875_c0_g1_i11 241 310 +","match_part"],[1,12527,12583,1,"M56","NODE_1096_length_17166_cov_10.871295:hsp:444662:3.2.0.0",2383,"NODE_1096_length_17166_cov_10.871295","est2genome","TRINITY_DN2875_c0_g1_i11 311 366 +","match_part"],[1,12675,12809,1,"M134","NODE_1096_length_17166_cov_10.871295:hsp:444663:3.2.0.0",2383,"NODE_1096_length_17166_cov_10.871295","est2genome","TRINITY_DN2875_c0_g1_i11 367 500 +","match_part"]],"500","expressed_sequence_match"],[0,11943,12809,-1,"100","99.7","NODE_1096_length_17166_cov_10.871295:hit:87199:3.2.0.0","TRINITY_DN2875_c0_g1_i4",3046,"NODE_1096_length_17166_cov_10.871295","est2genome",[[1,12675,12809,-1,"M134","NODE_1096_length_17166_cov_10.871295:hsp:444664:3.2.0.0",3046,"NODE_1096_length_17166_cov_10.871295","est2genome","TRINITY_DN2875_c0_g1_i4 490 623 -","match_part"],[1,12527,12583,-1,"M56","NODE_1096_length_17166_cov_10.871295:hsp:444665:3.2.0.0",3046,"NODE_1096_length_17166_cov_10.871295","est2genome","TRINITY_DN2875_c0_g1_i4 434 489 -","match_part"],[1,12392,12462,-1,"M70","NODE_1096_length_17166_cov_10.871295:hsp:444666:3.2.0.0",3046,"NODE_1096_length_17166_cov_10.871295","est2genome","TRINITY_DN2875_c0_g1_i4 364 433 -","match_part"],[1,11943,12306,-1,"M363","NODE_1096_length_17166_cov_10.871295:hsp:444667:3.2.0.0",3046,"NODE_1096_length_17166_cov_10.871295","est2genome","TRINITY_DN2875_c0_g1_i4 1 363 -","match_part"]],