{"featureCount":3,"formatVersion":1,"histograms":{"meta":[{"arrayParams":{"chunkSize":10000,"length":1,"urlTemplate":"hist-5000-{Chunk}.json"},"basesPerBin":"5000"}],"stats":[{"basesPerBin":"5000","max":3,"mean":3}]},"intervals":{"classes":[{"attributes":["Start","End","Strand","Aligned_coverage","Aligned_identity","Id","Name","Score","Seq_id","Source","Subfeatures","Target_length","Type"],"isArrayAttr":{"Subfeatures":1}},{"attributes":["Start","End","Strand","Gap","Id","Score","Seq_id","Source","Target","Type"],"isArrayAttr":{}},{"attributes":["Start","End","Chunk"],"isArrayAttr":{"Sublist":1}}],"count":3,"lazyClass":2,"maxEnd":3850,"minStart":1092,"nclist":[[0,1092,1592,-1,"84.8","93.8","NODE_3803_length_6537_cov_2.400936:hit:38462:3.2.0.0","TRINITY_DN10940_c0_g1_i1",2215,"NODE_3803_length_6537_cov_2.400936","est2genome",[[1,1092,1592,-1,"M14 I1 M1 I1 M485","NODE_3803_length_6537_cov_2.400936:hsp:156991:3.2.0.0",2215,"NODE_3803_length_6537_cov_2.400936","est2genome","TRINITY_DN10940_c0_g1_i1 90 591 +","match_part"]],"592","expressed_sequence_match"],[0,1692,2162,-1,"98.46","92.5","NODE_3803_length_6537_cov_2.400936:hit:38463:3.2.0.0","TRINITY_DN47946_c0_g1_i1",1576,"NODE_3803_length_6537_cov_2.400936","est2genome",[[1,2088,2162,-1,"M56 I2 M8 D1 M4 I1 M5","NODE_3803_length_6537_cov_2.400936:hsp:156992:3.2.0.0",1576,"NODE_3803_length_6537_cov_2.400936","est2genome","TRINITY_DN47946_c0_g1_i1 1 76 +","match_part"],[1,1953,2068,-1,"M1 I3 M28 D1 M85","NODE_3803_length_6537_cov_2.400936:hsp:156993:3.2.0.0",1576,"NODE_3803_length_6537_cov_2.400936","est2genome","TRINITY_DN47946_c0_g1_i1 77 193 +","match_part"],[1,1692,1881,-1,"M158 I2 M31","NODE_3803_length_6537_cov_2.400936:hsp:156994:3.2.0.0",1576,"NODE_3803_length_6537_cov_2.400936","est2genome","TRINITY_DN47946_c0_g1_i1 194 384 +","match_part"]],"390","expressed_sequence_match"],[0,2645,3850,-1,"99.37","99.4","NODE_3803_length_6537_cov_2.400936:hit:38464:3.2.0.0","TRINITY_DN7578_c0_g1_i1",4605,"NODE_3803_length_6537_cov_2.400936","est2genome",[[1,3685,3850,-1,"M165","NODE_3803_length_6537_cov_2.400936:hsp:156995:3.2.0.0",4605,"NODE_3803_length_6537_cov_2.400936","est2genome","TRINITY_DN7578_c0_g1_i1 1 165 +","match_part"],[1,3544,3613,-1,"M69","NODE_3803_length_6537_cov_2.400936:hsp:156996:3.2.0.0",4605,"NODE_3803_length_6537_cov_2.400936","est2genome","TRINITY_DN7578_c0_g1_i1 166 234 +","match_part"],[1,3379,3475,-1,"M96","NODE_3803_length_6537_cov_2.400936:hsp:156997:3.2.0.0",4605,"NODE_3803_length_6537_cov_2.400936","est2genome","TRINITY_DN7578_c0_g1_i1 235 330 +","match_part"],[1,3178,3318,-1,"M140","NODE_3803_length_6537_cov_2.400936:hsp:156998:3.2.0.0",4605,"NODE_3803_length_6537_cov_2.400936","est2genome","TRINITY_DN7578_c0_g1_i1 331 470 +","match_part"],[1,2645,3114,-1,"M469","NODE_3803_length_6537_cov_2.400936:hsp:156999:3.2.0.0",4605,"NODE_3803_length_6537_cov_2.400936","est2genome","TRINITY_DN7578_c0_g1_i1 471 939 +","match_part"]],"945","expressed_sequence_match"]],"urlTemplate":"lf-{Chunk}.json"}}