{"featureCount":4,"formatVersion":1,"histograms":{"meta":[{"arrayParams":{"chunkSize":10000,"length":2,"urlTemplate":"hist-10000-{Chunk}.json"},"basesPerBin":"10000"}],"stats":[{"basesPerBin":"10000","max":3,"mean":2}]},"intervals":{"classes":[{"attributes":["Start","End","Strand","Id","Name","Score","Seq_id","Source","Subfeatures","Target_length","Type"],"isArrayAttr":{"Subfeatures":1}},{"attributes":["Start","End","Strand","Gap","Id","Score","Seq_id","Source","Target","Type"],"isArrayAttr":{}},{"attributes":["Start","End","Chunk"],"isArrayAttr":{"Sublist":1}}],"count":4,"lazyClass":2,"maxEnd":10827,"minStart":2716,"nclist":[[0,2716,3314,-1,"NODE_2158_length_10829_cov_8.164985:hit:4579:4.5.0.0","augustus-NODE_2158_length_10829_cov_8.164985-abinit-gene-0.2-mRNA-1",0.79,"NODE_2158_length_10829_cov_8.164985","augustus",[[1,3265,3314,-1,"M49","NODE_2158_length_10829_cov_8.164985:hsp:21908:4.5.0.0",0.79,"NODE_2158_length_10829_cov_8.164985","augustus","augustus-NODE_2158_length_10829_cov_8.164985-abinit-gene-0.2-mRNA-1 267 315 +","match_part"],[1,2858,3093,-1,"M235","NODE_2158_length_10829_cov_8.164985:hsp:21909:4.5.0.0",0.79,"NODE_2158_length_10829_cov_8.164985","augustus","augustus-NODE_2158_length_10829_cov_8.164985-abinit-gene-0.2-mRNA-1 32 266 +","match_part"],[1,2716,2747,-1,"M31","NODE_2158_length_10829_cov_8.164985:hsp:21910:4.5.0.0",0.79,"NODE_2158_length_10829_cov_8.164985","augustus","augustus-NODE_2158_length_10829_cov_8.164985-abinit-gene-0.2-mRNA-1 1 31 +","match_part"]],"10829","match"],[0,3772,4477,1,"NODE_2158_length_10829_cov_8.164985:hit:4581:4.5.0.0","augustus-NODE_2158_length_10829_cov_8.164985-abinit-gene-0.0-mRNA-1",1,"NODE_2158_length_10829_cov_8.164985","augustus",[[1,3772,4477,1,"M705","NODE_2158_length_10829_cov_8.164985:hsp:21919:4.5.0.0",1,"NODE_2158_length_10829_cov_8.164985","augustus","augustus-NODE_2158_length_10829_cov_8.164985-abinit-gene-0.0-mRNA-1 1 705 +","match_part"]],"10829","match"],[0,7140,9420,1,"NODE_2158_length_10829_cov_8.164985:hit:4584:4.5.0.0","augustus-NODE_2158_length_10829_cov_8.164985-abinit-gene-0.1-mRNA-1",0.82,"NODE_2158_length_10829_cov_8.164985","augustus",[[1,7140,7335,1,"M195","NODE_2158_length_10829_cov_8.164985:hsp:21922:4.5.0.0",0.82,"NODE_2158_length_10829_cov_8.164985","augustus","augustus-NODE_2158_length_10829_cov_8.164985-abinit-gene-0.1-mRNA-1 1 195 +","match_part"],[1,7732,7871,1,"M139","NODE_2158_length_10829_cov_8.164985:hsp:21923:4.5.0.0",0.82,"NODE_2158_length_10829_cov_8.164985","augustus","augustus-NODE_2158_length_10829_cov_8.164985-abinit-gene-0.1-mRNA-1 196 334 +","match_part"],[1,8037,9268,1,"M1231","NODE_2158_length_10829_cov_8.164985:hsp:21924:4.5.0.0",0.82,"NODE_2158_length_10829_cov_8.164985","augustus","augustus-NODE_2158_length_10829_cov_8.164985-abinit-gene-0.1-mRNA-1 335 1565 +","match_part"],[1,9344,9420,1,"M76","NODE_2158_length_10829_cov_8.164985:hsp:21925:4.5.0.0",0.82,"NODE_2158_length_10829_cov_8.164985","augustus","augustus-NODE_2158_length_10829_cov_8.164985-abinit-gene-0.1-mRNA-1 1566 1641 +","match_part"]],"10829","match"],[0,10302,10827,-1,"NODE_2158_length_10829_cov_8.164985:hit:4588:4.5.0.0","augustus-NODE_2158_length_10829_cov_8.164985-abinit-gene-0.3-mRNA-1",0.59,"NODE_2158_length_10829_cov_8.164985","augustus",[[1,10601,10827,-1,"M226","NODE_2158_length_10829_cov_8.164985:hsp:21937:4.5.0.0",0.59,"NODE_2158_length_10829_cov_8.164985","augustus","augustus-NODE_2158_length_10829_cov_8.164985-abinit-gene-0.3-mRNA-1 228 453 +","match_part"],[1,10302,10529,-1,"M227","NODE_2158_length_10829_cov_8.164985:hsp:21938:4.5.0.0",0.59,"NODE_2158_length_10829_cov_8.164985","augustus","augustus-NODE_2158_length_10829_cov_8.164985-abinit-gene-0.3-mRNA-1 1 227 +","match_part"]],"10829","match"]],"urlTemplate":"lf-{Chunk}.json"}}