{"featureCount":3,"formatVersion":1,"histograms":{"meta":[{"arrayParams":{"chunkSize":10000,"length":1,"urlTemplate":"hist-2000-{Chunk}.json"},"basesPerBin":"2000"}],"stats":[{"basesPerBin":"2000","max":3,"mean":3}]},"intervals":{"classes":[{"attributes":["Start","End","Strand","Id","Name","Score","Seq_id","Source","Subfeatures","Target_length","Type"],"isArrayAttr":{"Subfeatures":1}},{"attributes":["Start","End","Strand","Gap","Id","Score","Seq_id","Source","Target","Type"],"isArrayAttr":{}},{"attributes":["Start","End","Chunk"],"isArrayAttr":{"Sublist":1}}],"count":3,"lazyClass":2,"maxEnd":1229,"minStart":74,"nclist":[[0,74,925,1,"NODE_12594_length_1416_cov_7.567882:hit:1710:3.2.0.0","TRINITY_DN4582_c0_g1_i2",279,"NODE_12594_length_1416_cov_7.567882","blastn",[[1,74,377,1,"M303","NODE_12594_length_1416_cov_7.567882:hsp:3584:3.2.0.0",279,"NODE_12594_length_1416_cov_7.567882","blastn","TRINITY_DN4582_c0_g1_i2 65 367 +","match_part"],[1,471,925,1,"M454","NODE_12594_length_1416_cov_7.567882:hsp:3585:3.2.0.0",448,"NODE_12594_length_1416_cov_7.567882","blastn","TRINITY_DN4582_c0_g1_i2 367 820 +","match_part"]],"826","expressed_sequence_match",{"Sublist":[[0,132,369,-1,"NODE_12594_length_1416_cov_7.567882:hit:1711:3.2.0.0","TRINITY_DN11463_c0_g1_i3",136,"NODE_12594_length_1416_cov_7.567882","blastn",[[1,132,369,-1,"M108 D1 M128","NODE_12594_length_1416_cov_7.567882:hsp:3586:3.2.0.0",136,"NODE_12594_length_1416_cov_7.567882","blastn","TRINITY_DN11463_c0_g1_i3 96 331 +","match_part"]],"331","expressed_sequence_match"]]}],[0,982,1229,1,"NODE_12594_length_1416_cov_7.567882:hit:1712:3.2.0.0","TRINITY_DN12205_c0_g1_i1",84,"NODE_12594_length_1416_cov_7.567882","blastn",[[1,982,1229,1,"M171 I4 M76","NODE_12594_length_1416_cov_7.567882:hsp:3587:3.2.0.0",84,"NODE_12594_length_1416_cov_7.567882","blastn","TRINITY_DN12205_c0_g1_i1 26 276 +","match_part"]],"276","expressed_sequence_match"]],"urlTemplate":"lf-{Chunk}.json"}}