{"featureCount":16,"formatVersion":1,"histograms":{"meta":[{"arrayParams":{"chunkSize":10000,"length":6,"urlTemplate":"hist-2000-{Chunk}.json"},"basesPerBin":"2000"}],"stats":[{"basesPerBin":"2000","max":6,"mean":4}]},"intervals":{"classes":[{"attributes":["Start","End","Strand","Id","Name","Score","Seq_id","Source","Subfeatures","Target_length","Type"],"isArrayAttr":{"Subfeatures":1}},{"attributes":["Start","End","Strand","Gap","Id","Score","Seq_id","Source","Target","Type"],"isArrayAttr":{}},{"attributes":["Start","End","Chunk"],"isArrayAttr":{"Sublist":1}}],"count":16,"lazyClass":2,"maxEnd":10325,"minStart":436,"nclist":[[0,436,741,1,"NODE_2276_length_10326_cov_5.926002:hit:7986:3.2.0.0","TRINITY_DN12341_c0_g1_i1",205,"NODE_2276_length_10326_cov_5.926002","blastn",[[1,436,741,1,"M169 I1 M136","NODE_2276_length_10326_cov_5.926002:hsp:36433:3.2.0.0",205,"NODE_2276_length_10326_cov_5.926002","blastn","TRINITY_DN12341_c0_g1_i1 1 306 +","match_part"]],"307","expressed_sequence_match"],[0,1581,1779,-1,"NODE_2276_length_10326_cov_5.926002:hit:7988:3.2.0.0","TRINITY_DN5764_c0_g1_i1",104,"NODE_2276_length_10326_cov_5.926002","blastn",[[1,1581,1779,-1,"M52 I1 M146","NODE_2276_length_10326_cov_5.926002:hsp:36435:3.2.0.0",104,"NODE_2276_length_10326_cov_5.926002","blastn","TRINITY_DN5764_c0_g1_i1 111 309 +","match_part"]],"360","expressed_sequence_match",{"Sublist":[[0,1581,1773,-1,"NODE_2276_length_10326_cov_5.926002:hit:7987:3.2.0.0","TRINITY_DN5764_c0_g1_i11",98,"NODE_2276_length_10326_cov_5.926002","blastn",[[1,1581,1773,-1,"M46 I1 M146","NODE_2276_length_10326_cov_5.926002:hsp:36434:3.2.0.0",98,"NODE_2276_length_10326_cov_5.926002","blastn","TRINITY_DN5764_c0_g1_i11 116 308 +","match_part"]],"359","expressed_sequence_match"]]}],[0,4726,7051,1,"NODE_2276_length_10326_cov_5.926002:hit:7989:3.2.0.0","TRINITY_DN4655_c1_g1_i2",434,"NODE_2276_length_10326_cov_5.926002","blastn",[[1,4726,5219,1,"M76 D1 M37 I1 M89 I1 M227 I1 M63","NODE_2276_length_10326_cov_5.926002:hsp:36436:3.2.0.0",434,"NODE_2276_length_10326_cov_5.926002","blastn","TRINITY_DN4655_c1_g1_i2 4 498 +","match_part"],[1,5315,5376,1,"M61","NODE_2276_length_10326_cov_5.926002:hsp:36437:3.2.0.0",61,"NODE_2276_length_10326_cov_5.926002","blastn","TRINITY_DN4655_c1_g1_i2 499 559 +","match_part"],[1,5472,5713,1,"M241","NODE_2276_length_10326_cov_5.926002:hsp:36438:3.2.0.0",241,"NODE_2276_length_10326_cov_5.926002","blastn","TRINITY_DN4655_c1_g1_i2 560 800 +","match_part"],[1,5787,5917,1,"M130","NODE_2276_length_10326_cov_5.926002:hsp:36439:3.2.0.0",130,"NODE_2276_length_10326_cov_5.926002","blastn","TRINITY_DN4655_c1_g1_i2 799 928 +","match_part"],[1,6022,6151,1,"M129","NODE_2276_length_10326_cov_5.926002:hsp:36440:3.2.0.0",129,"NODE_2276_length_10326_cov_5.926002","blastn","TRINITY_DN4655_c1_g1_i2 929 1057 +","match_part"],[1,6258,6605,1,"M347","NODE_2276_length_10326_cov_5.926002:hsp:36441:3.2.0.0",347,"NODE_2276_length_10326_cov_5.926002","blastn","TRINITY_DN4655_c1_g1_i2 1058 1404 +","match_part"],[1,6764,6842,1,"M78","NODE_2276_length_10326_cov_5.926002:hsp:36442:3.2.0.0",78,"NODE_2276_length_10326_cov_5.926002","blastn","TRINITY_DN4655_c1_g1_i2 1403 1480 +","match_part"],[1,6933,7051,1,"M118","NODE_2276_length_10326_cov_5.926002:hsp:36443:3.2.0.0",118,"NODE_2276_length_10326_cov_5.926002","blastn","TRINITY_DN4655_c1_g1_i2 1478 1595 +","match_part"]],"1831","expressed_sequence_match"],[0,4726,7051,1,"NODE_2276_length_10326_cov_5.926002:hit:7993:3.2.0.0","TRINITY_DN4655_c1_g1_i3",424,"NODE_2276_length_10326_cov_5.926002","blastn",[[1,4726,5219,1,"M76 D1 M37 I1 M89 I1 M231 I3 M59","NODE_2276_length_10326_cov_5.926002:hsp:36453:3.2.0.0",424,"NODE_2276_length_10326_cov_5.926002","blastn","TRINITY_DN4655_c1_g1_i3 4 500 +","match_part"],[1,5315,5376,1,"M61","NODE_2276_length_10326_cov_5.926002:hsp:36454:3.2.0.0",61,"NODE_2276_length_10326_cov_5.926002","blastn","TRINITY_DN4655_c1_g1_i3 501 561 +","match_part"],[1,5472,5713,1,"M241","NODE_2276_length_10326_cov_5.926002:hsp:36455:3.2.0.0",241,"NODE_2276_length_10326_cov_5.926002","blastn","TRINITY_DN4655_c1_g1_i3 562 802 +","match_part"],[1,5787,5917,1,"M130","NODE_2276_length_10326_cov_5.926002:hsp:36456:3.2.0.0",130,"NODE_2276_length_10326_cov_5.926002","blastn","TRINITY_DN4655_c1_g1_i3 801 930 +","match_part"],[1,6022,6151,1,"M129","NODE_2276_length_10326_cov_5.926002:hsp:36457:3.2.0.0",129,"NODE_2276_length_10326_cov_5.926002","blastn","TRINITY_DN4655_c1_g1_i3 931 1059 +","match_part"],[1,6258,6605,1,"M347","NODE_2276_length_10326_cov_5.926002:hsp:36458:3.2.0.0",347,"NODE_2276_length_10326_cov_5.926002","blastn","TRINITY_DN4655_c1_g1_i3 1060 1406 +","match_part"],[1,6764,6842,1,"M78","NODE_2276_length_10326_cov_5.926002:hsp:36459:3.2.0.0",78,"NODE_2276_length_10326_cov_5.926002","blastn","TRINITY_DN4655_c1_g1_i3 1405 1482 +","match_part"],[1,6933,7051,1,"M118","NODE_2276_length_10326_cov_5.926002:hsp:36460:3.2.0.0",118,"NODE_2276_length_10326_cov_5.926002","blastn","TRINITY_DN4655_c1_g1_i3 1480 1597 +","match_part"]],"1833","expressed_sequence_match",{"Sublist":[[0,4726,5917,1,"NODE_2276_length_10326_cov_5.926002:hit:7991:3.2.0.0","TRINITY_DN4655_c1_g1_i4",421,"NODE_2276_length_10326_cov_5.926002","blastn",[[1,4726,5219,1,"M76 D1 M37 I1 M89 I1 M230 D1 M59","NODE_2276_length_10326_cov_5.926002:hsp:36445:3.2.0.0",421,"NODE_2276_length_10326_cov_5.926002","blastn","TRINITY_DN4655_c1_g1_i4 4 496 +","match_part"],[1,5315,5376,1,"M61","NODE_2276_length_10326_cov_5.926002:hsp:36446:3.2.0.0",61,"NODE_2276_length_10326_cov_5.926002","blastn","TRINITY_DN4655_c1_g1_i4 497 557 +","match_part"],[1,5472,5713,1,"M241","NODE_2276_length_10326_cov_5.926002:hsp:36447:3.2.0.0",241,"NODE_2276_length_10326_cov_5.926002","blastn","TRINITY_DN4655_c1_g1_i4 558 798 +","match_part"],[1,5787,5917,1,"M130","NODE_2276_length_10326_cov_5.926002:hsp:36448:3.2.0.0",130,"NODE_2276_length_10326_cov_5.926002","blastn","TRINITY_DN4655_c1_g1_i4 797 926 +","match_part"]],"926","expressed_sequence_match"],[0,4726,5917,1,"NODE_2276_length_10326_cov_5.926002:hit:7992:3.2.0.0","TRINITY_DN4655_c1_g1_i6",419,"NODE_2276_length_10326_cov_5.926002","blastn",[[1,4726,5219,1,"M76 D1 M37 I1 M89 I1 M228 I2 M4 I1 M58","NODE_2276_length_10326_cov_5.926002:hsp:36449:3.2.0.0",419,"NODE_2276_length_10326_cov_5.926002","blastn","TRINITY_DN4655_c1_g1_i6 4 500 +","match_part"],[1,5315,5376,1,"M61","NODE_2276_length_10326_cov_5.926002:hsp:36450:3.2.0.0",61,"NODE_2276_length_10326_cov_5.926002","blastn","TRINITY_DN4655_c1_g1_i6 501 561 +","match_part"],[1,5472,5713,1,"M241","NODE_2276_length_10326_cov_5.926002:hsp:36451:3.2.0.0",241,"NODE_2276_length_10326_cov_5.926002","blastn","TRINITY_DN4655_c1_g1_i6 562 802 +","match_part"],[1,5787,5917,1,"M130","NODE_2276_length_10326_cov_5.926002:hsp:36452:3.2.0.0",130,"NODE_2276_length_10326_cov_5.926002","blastn","TRINITY_DN4655_c1_g1_i6 801 930 +","match_part"]],"930","expressed_sequence_match",{"Sublist":[[0,4726,5338,1,"NODE_2276_length_10326_cov_5.926002:hit:7990:3.2.0.0","TRINITY_DN4655_c1_g1_i5",511,"NODE_2276_length_10326_cov_5.926002","blastn",[[1,4726,5338,1,"M76 D1 M37 I1 M89 I1 M228 I1 M181","NODE_2276_length_10326_cov_5.926002:hsp:36444:3.2.0.0",511,"NODE_2276_length_10326_cov_5.926002","blastn","TRINITY_DN4655_c1_g1_i5 4 617 +","match_part"]],