{"featureCount":4,"formatVersion":1,"histograms":{"meta":[{"arrayParams":{"chunkSize":10000,"length":2,"urlTemplate":"hist-10000-{Chunk}.json"},"basesPerBin":"10000"}],"stats":[{"basesPerBin":"10000","max":3,"mean":2}]},"intervals":{"classes":[{"attributes":["Start","End","Strand","Id","Name","Seq_id","Source","Subfeatures","Target_length","Type"],"isArrayAttr":{"Subfeatures":1}},{"attributes":["Start","End","Strand","Gap","Id","Seq_id","Source","Target","Type"],"isArrayAttr":{}},{"attributes":["Start","End","Strand","Id","Seq_id","Source","Target","Type"],"isArrayAttr":{}},{"attributes":["Start","End","Chunk"],"isArrayAttr":{"Sublist":1}}],"count":4,"lazyClass":3,"maxEnd":12165,"minStart":76,"nclist":[[0,76,459,-1,"NODE_1847_length_12173_cov_7.458243:hit:118714:4.5.0.0","genemark-NODE_1847_length_12173_cov_7.458243-abinit-gene-0.26-mRNA-1","NODE_1847_length_12173_cov_7.458243","genemark",[[1,248,459,-1,"M211","NODE_1847_length_12173_cov_7.458243:hsp:587804:4.5.0.0","NODE_1847_length_12173_cov_7.458243","genemark","genemark-NODE_1847_length_12173_cov_7.458243-abinit-gene-0.26-mRNA-1 105 315 +","match_part"],[1,76,180,-1,"M104","NODE_1847_length_12173_cov_7.458243:hsp:587805:4.5.0.0","NODE_1847_length_12173_cov_7.458243","genemark","genemark-NODE_1847_length_12173_cov_7.458243-abinit-gene-0.26-mRNA-1 1 104 +","match_part"]],"12173","match"],[0,4741,6354,-1,"NODE_1847_length_12173_cov_7.458243:hit:118717:4.5.0.0","genemark-NODE_1847_length_12173_cov_7.458243-abinit-gene-0.27-mRNA-1","NODE_1847_length_12173_cov_7.458243","genemark",[[1,5849,6354,-1,"M505","NODE_1847_length_12173_cov_7.458243:hsp:587810:4.5.0.0","NODE_1847_length_12173_cov_7.458243","genemark","genemark-NODE_1847_length_12173_cov_7.458243-abinit-gene-0.27-mRNA-1 972 1476 +","match_part"],[1,4741,5712,-1,"M971","NODE_1847_length_12173_cov_7.458243:hsp:587811:4.5.0.0","NODE_1847_length_12173_cov_7.458243","genemark","genemark-NODE_1847_length_12173_cov_7.458243-abinit-gene-0.27-mRNA-1 1 971 +","match_part"]],"12173","match"],[0,6587,8377,1,"NODE_1847_length_12173_cov_7.458243:hit:118721:4.5.0.0","genemark-NODE_1847_length_12173_cov_7.458243-abinit-gene-0.24-mRNA-1","NODE_1847_length_12173_cov_7.458243","genemark",[[1,6587,6699,1,"M112","NODE_1847_length_12173_cov_7.458243:hsp:587816:4.5.0.0","NODE_1847_length_12173_cov_7.458243","genemark","genemark-NODE_1847_length_12173_cov_7.458243-abinit-gene-0.24-mRNA-1 1 112 +","match_part"],[1,6779,6799,1,"M20","NODE_1847_length_12173_cov_7.458243:hsp:587817:4.5.0.0","NODE_1847_length_12173_cov_7.458243","genemark","genemark-NODE_1847_length_12173_cov_7.458243-abinit-gene-0.24-mRNA-1 113 132 +","match_part"],[1,6881,7064,1,"M183","NODE_1847_length_12173_cov_7.458243:hsp:587818:4.5.0.0","NODE_1847_length_12173_cov_7.458243","genemark","genemark-NODE_1847_length_12173_cov_7.458243-abinit-gene-0.24-mRNA-1 133 315 +","match_part"],[1,7099,7181,1,"M82","NODE_1847_length_12173_cov_7.458243:hsp:587819:4.5.0.0","NODE_1847_length_12173_cov_7.458243","genemark","genemark-NODE_1847_length_12173_cov_7.458243-abinit-gene-0.24-mRNA-1 316 397 +","match_part"],[1,7243,7495,1,"M252","NODE_1847_length_12173_cov_7.458243:hsp:587820:4.5.0.0","NODE_1847_length_12173_cov_7.458243","genemark","genemark-NODE_1847_length_12173_cov_7.458243-abinit-gene-0.24-mRNA-1 398 649 +","match_part"],[1,7596,7729,1,"M133","NODE_1847_length_12173_cov_7.458243:hsp:587821:4.5.0.0","NODE_1847_length_12173_cov_7.458243","genemark","genemark-NODE_1847_length_12173_cov_7.458243-abinit-gene-0.24-mRNA-1 650 782 +","match_part"],[1,7856,7983,1,"M127","NODE_1847_length_12173_cov_7.458243:hsp:587822:4.5.0.0","NODE_1847_length_12173_cov_7.458243","genemark","genemark-NODE_1847_length_12173_cov_7.458243-abinit-gene-0.24-mRNA-1 783 909 +","match_part"],[1,8074,8377,1,"M303","NODE_1847_length_12173_cov_7.458243:hsp:587823:4.5.0.0","NODE_1847_length_12173_cov_7.458243","genemark","genemark-NODE_1847_length_12173_cov_7.458243-abinit-gene-0.24-mRNA-1 910 1212 +","match_part"]],"12173","match"],[0,10888,12165,1,"NODE_1847_length_12173_cov_7.458243:hit:118724:4.5.0.0","genemark-NODE_1847_length_12173_cov_7.458243-abinit-gene-0.25-mRNA-1","NODE_1847_length_12173_cov_7.458243","genemark",[[1,10888,11270,1,"M382","NODE_1847_length_12173_cov_7.458243:hsp:587839:4.5.0.0","NODE_1847_length_12173_cov_7.458243","genemark","genemark-NODE_1847_length_12173_cov_7.458243-abinit-gene-0.25-mRNA-1 1 382 +","match_part"],[1,11335,11458,1,"M123","NODE_1847_length_12173_cov_7.458243:hsp:587840:4.5.0.0","NODE_1847_length_12173_cov_7.458243","genemark","genemark-NODE_1847_length_12173_cov_7.458243-abinit-gene-0.25-mRNA-1 383 505 +","match_part"],[1,11536,11542,1,"M6","NODE_1847_length_12173_cov_7.458243:hsp:587841:4.5.0.0","NODE_1847_length_12173_cov_7.458243","genemark","genemark-NODE_1847_length_12173_cov_7.458243-abinit-gene-0.25-mRNA-1 506 511 +","match_part"],[1,11607,11670,1,"M63","NODE_1847_length_12173_cov_7.458243:hsp:587842:4.5.0.0","NODE_1847_length_12173_cov_7.458243","genemark","genemark-NODE_1847_length_12173_cov_7.458243-abinit-gene-0.25-mRNA-1 512 574 +","match_part"],[1,11739,11798,1,"M59","NODE_1847_length_12173_cov_7.458243:hsp:587843:4.5.0.0","NODE_1847_length_12173_cov_7.458243","genemark","genemark-NODE_1847_length_12173_cov_7.458243-abinit-gene-0.25-mRNA-1 575 633 +","match_part"],[1,11883,12165,1,"M282","NODE_1847_length_12173_cov_7.458243:hsp:587844:4.5.0.0","NODE_1847_length_12173_cov_7.458243","genemark","genemark-NODE_1847_length_12173_cov_7.458243-abinit-gene-0.25-mRNA-1 634 915 +","match_part"]],"12173","match"]],"urlTemplate":"lf-{Chunk}.json"}}