{"featureCount":2,"formatVersion":1,"histograms":{"meta":[{"arrayParams":{"chunkSize":10000,"length":1,"urlTemplate":"hist-10000-{Chunk}.json"},"basesPerBin":"10000"}],"stats":[{"basesPerBin":"10000","max":2,"mean":2}]},"intervals":{"classes":[{"attributes":["Start","End","Strand","Id","Name","Score","Seq_id","Source","Subfeatures","Target_length","Type"],"isArrayAttr":{"Subfeatures":1}},{"attributes":["Start","End","Strand","Gap","Id","Score","Seq_id","Source","Target","Type"],"isArrayAttr":{}},{"attributes":["Start","End","Chunk"],"isArrayAttr":{"Sublist":1}}],"count":2,"lazyClass":2,"maxEnd":6061,"minStart":1529,"nclist":[[0,1529,3162,-1,"NODE_4061_length_6171_cov_7.994540:hit:779:4.5.0.0","augustus-NODE_4061_length_6171_cov_7.994540-abinit-gene-0.7-mRNA-1",0.71,"NODE_4061_length_6171_cov_7.994540","augustus",[[1,3022,3162,-1,"M140","NODE_4061_length_6171_cov_7.994540:hsp:2928:4.5.0.0",0.71,"NODE_4061_length_6171_cov_7.994540","augustus","augustus-NODE_4061_length_6171_cov_7.994540-abinit-gene-0.7-mRNA-1 1196 1335 +","match_part"],[1,2776,2907,-1,"M131","NODE_4061_length_6171_cov_7.994540:hsp:2929:4.5.0.0",0.71,"NODE_4061_length_6171_cov_7.994540","augustus","augustus-NODE_4061_length_6171_cov_7.994540-abinit-gene-0.7-mRNA-1 1065 1195 +","match_part"],[1,2074,2663,-1,"M589","NODE_4061_length_6171_cov_7.994540:hsp:2930:4.5.0.0",0.71,"NODE_4061_length_6171_cov_7.994540","augustus","augustus-NODE_4061_length_6171_cov_7.994540-abinit-gene-0.7-mRNA-1 476 1064 +","match_part"],[1,1529,2004,-1,"M475","NODE_4061_length_6171_cov_7.994540:hsp:2931:4.5.0.0",0.71,"NODE_4061_length_6171_cov_7.994540","augustus","augustus-NODE_4061_length_6171_cov_7.994540-abinit-gene-0.7-mRNA-1 1 475 +","match_part"]],"6171","match"],[0,4702,6061,1,"NODE_4061_length_6171_cov_7.994540:hit:783:4.5.0.0","augustus-NODE_4061_length_6171_cov_7.994540-abinit-gene-0.6-mRNA-1",0.99,"NODE_4061_length_6171_cov_7.994540","augustus",[[1,4702,6061,1,"M1359","NODE_4061_length_6171_cov_7.994540:hsp:2940:4.5.0.0",0.99,"NODE_4061_length_6171_cov_7.994540","augustus","augustus-NODE_4061_length_6171_cov_7.994540-abinit-gene-0.6-mRNA-1 1 1359 +","match_part"]],"6171","match"]],"urlTemplate":"lf-{Chunk}.json"}}