{"featureCount":13,"formatVersion":1,"histograms":{"meta":[{"arrayParams":{"chunkSize":10000,"length":3,"urlTemplate":"hist-2000-{Chunk}.json"},"basesPerBin":"2000"}],"stats":[{"basesPerBin":"2000","max":11,"mean":7.33333333333333}]},"intervals":{"classes":[{"attributes":["Start","End","Strand","Aligned_coverage","Aligned_identity","Id","Name","Score","Seq_id","Source","Subfeatures","Target_length","Type"],"isArrayAttr":{"Subfeatures":1}},{"attributes":["Start","End","Strand","Gap","Id","Score","Seq_id","Source","Target","Type"],"isArrayAttr":{}},{"attributes":["Start","End","Chunk"],"isArrayAttr":{"Sublist":1}}],"count":13,"lazyClass":2,"maxEnd":5878,"minStart":1101,"nclist":[[0,1101,2100,1,"90.04","86.6","NODE_4158_length_6058_cov_6.952116:hit:1793:3.2.0.0","TRINITY_DN4704_c0_g2_i8",3672,"NODE_4158_length_6058_cov_6.952116","est2genome",[[1,1101,1138,1,"M8 I1 M9 I2 M20","NODE_4158_length_6058_cov_6.952116:hsp:6516:3.2.0.0",3672,"NODE_4158_length_6058_cov_6.952116","est2genome","TRINITY_DN4704_c0_g2_i8 15 54 +","match_part"],[1,1162,2100,1,"M22 I1 M10 D1 M26 D3 M4 D1 M36 D1 M142 D1 M360 I5 M4 I8 M2 I1 M4 I2 M47 I8 M43 D2 M229","NODE_4158_length_6058_cov_6.952116:hsp:6517:3.2.0.0",3672,"NODE_4158_length_6058_cov_6.952116","est2genome","TRINITY_DN4704_c0_g2_i8 55 1008 +","match_part"]],"1104","expressed_sequence_match"],[0,1101,2100,1,"88.92","85.7","NODE_4158_length_6058_cov_6.952116:hit:1794:3.2.0.0","TRINITY_DN4704_c0_g2_i1",3158,"NODE_4158_length_6058_cov_6.952116","est2genome",[[1,1101,1138,1,"M8 I1 M9 I2 M20","NODE_4158_length_6058_cov_6.952116:hsp:6518:3.2.0.0",3158,"NODE_4158_length_6058_cov_6.952116","est2genome","TRINITY_DN4704_c0_g2_i1 15 54 +","match_part"],[1,1162,1836,1,"M22 I1 M10 D1 M26 D3 M4 D1 M36 D1 M142 D1 M360 I5 M4 I8 M2 I1 M4 I2 M47 I8 M10","NODE_4158_length_6058_cov_6.952116:hsp:6519:3.2.0.0",3158,"NODE_4158_length_6058_cov_6.952116","est2genome","TRINITY_DN4704_c0_g2_i1 55 746 +","match_part"],[1,1949,2100,1,"M151","NODE_4158_length_6058_cov_6.952116:hsp:6520:3.2.0.0",3158,"NODE_4158_length_6058_cov_6.952116","est2genome","TRINITY_DN4704_c0_g2_i1 747 897 +","match_part"]],"993","expressed_sequence_match"],[0,1101,2100,1,"90.18","83.3","NODE_4158_length_6058_cov_6.952116:hit:1796:3.2.0.0","TRINITY_DN4704_c0_g2_i5",3369,"NODE_4158_length_6058_cov_6.952116","est2genome",[[1,1101,1138,1,"M8 I1 M9 I2 M20","NODE_4158_length_6058_cov_6.952116:hsp:6523:3.2.0.0",3369,"NODE_4158_length_6058_cov_6.952116","est2genome","TRINITY_DN4704_c0_g2_i5 15 54 +","match_part"],[1,1162,2100,1,"M22 I1 M10 D1 M26 D3 M4 D1 M36 D1 M142 D1 M272 I1 M4 I4 M3 I5 M2 I2 M5 I1 M11 I5 M9 D1 M5 I2 M8 I3 M8 I1 M16 I2 M12 I7 M61 I8 M43 D2 M229","NODE_4158_length_6058_cov_6.952116:hsp:6524:3.2.0.0",3369,"NODE_4158_length_6058_cov_6.952116","est2genome","TRINITY_DN4704_c0_g2_i5 55 1024 +","match_part"]],"1120","expressed_sequence_match"],[0,1101,2100,1,"88.1","85.7","NODE_4158_length_6058_cov_6.952116:hit:1798:3.2.0.0","TRINITY_DN4704_c0_g2_i7",2854,"NODE_4158_length_6058_cov_6.952116","est2genome",[[1,1101,1138,1,"M8 I1 M9 I2 M20","NODE_4158_length_6058_cov_6.952116:hsp:6527:3.2.0.0",2854,"NODE_4158_length_6058_cov_6.952116","est2genome","TRINITY_DN4704_c0_g2_i7 15 54 +","match_part"],[1,1162,1668,1,"M22 I1 M10 D1 M26 D3 M4 D1 M36 D1 M142 D1 M259","NODE_4158_length_6058_cov_6.952116:hsp:6528:3.2.0.0",2854,"NODE_4158_length_6058_cov_6.952116","est2genome","TRINITY_DN4704_c0_g2_i7 55 554 +","match_part"],[1,1737,1836,1,"M32 I5 M4 I8 M2 I1 M4 I2 M47 I8 M10","NODE_4158_length_6058_cov_6.952116:hsp:6529:3.2.0.0",2854,"NODE_4158_length_6058_cov_6.952116","est2genome","TRINITY_DN4704_c0_g2_i7 555 677 +","match_part"],[1,1949,2100,1,"M151","NODE_4158_length_6058_cov_6.952116:hsp:6530:3.2.0.0",2854,"NODE_4158_length_6058_cov_6.952116","est2genome","TRINITY_DN4704_c0_g2_i7 678 828 +","match_part"]],"924","expressed_sequence_match",{"Sublist":[[0,1101,2097,1,"91.46","83.4","NODE_4158_length_6058_cov_6.952116:hit:1795:3.2.0.0","TRINITY_DN4704_c0_g2_i2",3363,"NODE_4158_length_6058_cov_6.952116","est2genome",[[1,1101,1138,1,"M8 I1 M9 I2 M20","NODE_4158_length_6058_cov_6.952116:hsp:6521:3.2.0.0",3363,"NODE_4158_length_6058_cov_6.952116","est2genome","TRINITY_DN4704_c0_g2_i2 15 54 +","match_part"],[1,1162,2097,1,"M22 I1 M10 D1 M26 D3 M4 D1 M36 D1 M142 D1 M272 I1 M4 I4 M3 I5 M2 I2 M5 I1 M11 I5 M9 D1 M5 I2 M8 I3 M8 I1 M16 I2 M12 I7 M61 I8 M43 D2 M226","NODE_4158_length_6058_cov_6.952116:hsp:6522:3.2.0.0",3363,"NODE_4158_length_6058_cov_6.952116","est2genome","TRINITY_DN4704_c0_g2_i2 55 1021 +","match_part"]],"1101","expressed_sequence_match"],[0,1101,2097,1,"91.34","86.7","NODE_4158_length_6058_cov_6.952116:hit:1797:3.2.0.0","TRINITY_DN4704_c0_g2_i4",3666,"NODE_4158_length_6058_cov_6.952116","est2genome",[[1,1101,1138,1,"M8 I1 M9 I2 M20","NODE_4158_length_6058_cov_6.952116:hsp:6525:3.2.0.0",3666,"NODE_4158_length_6058_cov_6.952116","est2genome","TRINITY_DN4704_c0_g2_i4 15 54 +","match_part"],[1,1162,2097,1,"M22 I1 M10 D1 M26 D3 M4 D1 M36 D1 M142 D1 M360 I5 M4 I8 M2 I1 M4 I2 M47 I8 M43 D2 M226","NODE_4158_length_6058_cov_6.952116:hsp:6526:3.2.0.0",3666,"NODE_4158_length_6058_cov_6.952116","est2genome","TRINITY_DN4704_c0_g2_i4 55 1005 +","match_part"]],"1085","expressed_sequence_match"]]}],[0,2402,5878,1,"99.93","96.2","NODE_4158_length_6058_cov_6.952116:hit:1799:3.2.0.0","TRINITY_DN2184_c0_g1_i5",13896,"NODE_4158_length_6058_cov_6.952116","est2genome",[[1,2402,2694,1,"M10 D2 M29 D2 M19 I3 M11 I8 M47 D1 M11 I4 M25 I1 M23 I2 M9 I2 M4 I2 M99","NODE_4158_length_6058_cov_6.952116:hsp:6531:3.2.0.0",13896,"NODE_4158_length_6058_cov_6.952116","est2genome","TRINITY_DN2184_c0_g1_i5 3 311 +","match_part"],[1,2773,2846,1,"M73","NODE_4158_length_6058_cov_6.952116:hsp:6532:3.2.0.0",13896,"NODE_4158_length_6058_cov_6.952116","est2genome","TRINITY_DN2184_c0_g1_i5 312 384 +","match_part"],[1,2905,3163,1,"D1 M257","NODE_4158_length_6058_cov_6.952116:hsp:6533:3.2.0.0",13896,"NODE_4158_length_6058_cov_6.952116","est2genome","TRINITY_DN2184_c0_g1_i5 385 641 +","match_part"],[1,3233,3457,1,"M224","NODE_4158_length_6058_cov_6.952116:hsp:6534:3.2.0.0",13896,"NODE_4158_length_6058_cov_6.952116","est2genome","TRINITY_DN2184_c0_g1_i5 642 865 +","match_part"],[1,3478,4534,1,"M510 D6 M540","NODE_4158_length_6058_cov_6.952116:hsp:6535:3.2.0.0",13896,"NODE_4158_length_6058_cov_6.952116","est2genome","TRINITY_DN2184_c0_g1_i5 866 1915 +","match_part"],[1,4780,5878,1,"M888 I8 M18 D3 M48 I4 M34 D9 M38 D1 M6 I2 M10 D4 M15 I1 M24","NODE_4158_length_6058_cov_6.952116:hsp:6536:3.2.0.0",13896,"NODE_4158_length_6058_cov_6.952116","est2genome","TRINITY_DN2184_c0_g1_i5 1916 3011 +","match_part"]],