{"featureCount":16,"formatVersion":1,"histograms":{"meta":[{"arrayParams":{"chunkSize":10000,"length":4,"urlTemplate":"hist-5000-{Chunk}.json"},"basesPerBin":"5000"}],"stats":[{"basesPerBin":"5000","max":7,"mean":5}]},"intervals":{"classes":[{"attributes":["Start","End","Strand","Aligned_coverage","Aligned_identity","Id","Name","Score","Seq_id","Source","Subfeatures","Target_length","Type"],"isArrayAttr":{"Subfeatures":1}},{"attributes":["Start","End","Strand","Gap","Id","Score","Seq_id","Source","Target","Type"],"isArrayAttr":{}},{"attributes":["Start","End","Chunk"],"isArrayAttr":{"Sublist":1}}],"count":16,"lazyClass":2,"maxEnd":18741,"minStart":3249,"nclist":[[0,3249,3792,-1,"96.38","78.2","NODE_899_length_19126_cov_6.613506:hit:77549:3.2.0.0","TRINITY_DN5068_c0_g1_i2",1539,"NODE_899_length_19126_cov_6.613506","est2genome",[[1,3249,3792,-1,"M194 D1 M160 I2 M3 I1 M22 I1 M5 I2 M17 D2 M19 D2 M3 D1 M7 D5 M2 D1 M11 I1 M23 D1 M7 D1 M5 D2 M14 I1 M12 D1 M1 D1 M20","NODE_899_length_19126_cov_6.613506:hsp:398632:3.2.0.0",1539,"NODE_899_length_19126_cov_6.613506","est2genome","TRINITY_DN5068_c0_g1_i2 1 533 +","match_part"]],"553","expressed_sequence_match"],[0,4685,6992,-1,"99.87","94","NODE_899_length_19126_cov_6.613506:hit:77550:3.2.0.0","TRINITY_DN5054_c0_g1_i1",6903,"NODE_899_length_19126_cov_6.613506","est2genome",[[1,6513,6992,-1,"M41 I2 M106 D4 M83 D1 M244","NODE_899_length_19126_cov_6.613506:hsp:398633:3.2.0.0",6903,"NODE_899_length_19126_cov_6.613506","est2genome","TRINITY_DN5054_c0_g1_i1 1 476 +","match_part"],[1,6297,6417,-1,"M120","NODE_899_length_19126_cov_6.613506:hsp:398634:3.2.0.0",6903,"NODE_899_length_19126_cov_6.613506","est2genome","TRINITY_DN5054_c0_g1_i1 477 596 +","match_part"],[1,5923,6190,-1,"M267","NODE_899_length_19126_cov_6.613506:hsp:398635:3.2.0.0",6903,"NODE_899_length_19126_cov_6.613506","est2genome","TRINITY_DN5054_c0_g1_i1 597 863 +","match_part"],[1,5699,5807,-1,"M108","NODE_899_length_19126_cov_6.613506:hsp:398636:3.2.0.0",6903,"NODE_899_length_19126_cov_6.613506","est2genome","TRINITY_DN5054_c0_g1_i1 864 971 +","match_part"],[1,5467,5609,-1,"M134 D1 M1 D1 M5","NODE_899_length_19126_cov_6.613506:hsp:398637:3.2.0.0",6903,"NODE_899_length_19126_cov_6.613506","est2genome","TRINITY_DN5054_c0_g1_i1 972 1111 +","match_part"],[1,5260,5328,-1,"M1 D1 M5 D1 M7 D3 M7 D3 M9 D2 M25 D1 M3","NODE_899_length_19126_cov_6.613506:hsp:398638:3.2.0.0",6903,"NODE_899_length_19126_cov_6.613506","est2genome","TRINITY_DN5054_c0_g1_i1 1112 1168 +","match_part"],[1,5085,5193,-1,"M90 I1 M15 D1 M2","NODE_899_length_19126_cov_6.613506:hsp:398639:3.2.0.0",6903,"NODE_899_length_19126_cov_6.613506","est2genome","TRINITY_DN5054_c0_g1_i1 1169 1276 +","match_part"],[1,4685,4994,-1,"M309","NODE_899_length_19126_cov_6.613506:hsp:398640:3.2.0.0",6903,"NODE_899_length_19126_cov_6.613506","est2genome","TRINITY_DN5054_c0_g1_i1 1277 1585 +","match_part"]],"1587","expressed_sequence_match"],[0,4685,6992,1,"99.88","96.3","NODE_899_length_19126_cov_6.613506:hit:77551:3.2.0.0","TRINITY_DN5054_c0_g1_i2",7949,"NODE_899_length_19126_cov_6.613506","est2genome",[[1,4685,4994,1,"M309","NODE_899_length_19126_cov_6.613506:hsp:398641:3.2.0.0",7949,"NODE_899_length_19126_cov_6.613506","est2genome","TRINITY_DN5054_c0_g1_i2 1428 1736 -","match_part"],[1,5085,5294,1,"M191 I1 M15 D1 M2","NODE_899_length_19126_cov_6.613506:hsp:398642:3.2.0.0",7949,"NODE_899_length_19126_cov_6.613506","est2genome","TRINITY_DN5054_c0_g1_i2 1219 1427 -","match_part"],[1,5362,5609,1,"M247","NODE_899_length_19126_cov_6.613506:hsp:398643:3.2.0.0",7949,"NODE_899_length_19126_cov_6.613506","est2genome","TRINITY_DN5054_c0_g1_i2 972 1218 -","match_part"],[1,5699,5807,1,"M108","NODE_899_length_19126_cov_6.613506:hsp:398644:3.2.0.0",7949,"NODE_899_length_19126_cov_6.613506","est2genome","TRINITY_DN5054_c0_g1_i2 864 971 -","match_part"],[1,5923,6190,1,"M267","NODE_899_length_19126_cov_6.613506:hsp:398645:3.2.0.0",7949,"NODE_899_length_19126_cov_6.613506","est2genome","TRINITY_DN5054_c0_g1_i2 597 863 -","match_part"],[1,6297,6417,1,"M120","NODE_899_length_19126_cov_6.613506:hsp:398646:3.2.0.0",7949,"NODE_899_length_19126_cov_6.613506","est2genome","TRINITY_DN5054_c0_g1_i2 477 596 -","match_part"],[1,6513,6992,1,"M41 I2 M106 D4 M83 D1 M244","NODE_899_length_19126_cov_6.613506:hsp:398647:3.2.0.0",7949,"NODE_899_length_19126_cov_6.613506","est2genome","TRINITY_DN5054_c0_g1_i2 1 476 -","match_part"]],"1738","expressed_sequence_match"],[0,9340,9647,1,"99.68","92.8","NODE_899_length_19126_cov_6.613506:hit:77553:3.2.0.0","TRINITY_DN14132_c0_g1_i2",1337,"NODE_899_length_19126_cov_6.613506","est2genome",[[1,9340,9647,1,"M307","NODE_899_length_19126_cov_6.613506:hsp:398649:3.2.0.0",1337,"NODE_899_length_19126_cov_6.613506","est2genome","TRINITY_DN14132_c0_g1_i2 1 307 +","match_part"]],"308","expressed_sequence_match",{"Sublist":[[0,9340,9610,1,"95.14","92","NODE_899_length_19126_cov_6.613506:hit:77552:3.2.0.0","TRINITY_DN14132_c0_g1_i1",1164,"NODE_899_length_19126_cov_6.613506","est2genome",[[1,9340,9610,1,"M258 I4 M12","NODE_899_length_19126_cov_6.613506:hsp:398648:3.2.0.0",1164,"NODE_899_length_19126_cov_6.613506","est2genome","TRINITY_DN14132_c0_g1_i1 1 274 +","match_part"]],"288","expressed_sequence_match"]]}],[0,9838,10157,1,"97.6","91.7","NODE_899_length_19126_cov_6.613506:hit:77554:3.2.0.0","TRINITY_DN16384_c0_g1_i1",1366,"NODE_899_length_19126_cov_6.613506","est2genome",[[1,9838,10157,1,"M166 I1 M1 I5 M152","NODE_899_length_19126_cov_6.613506:hsp:398650:3.2.0.0",1366,"NODE_899_length_19126_cov_6.613506","est2genome","TRINITY_DN16384_c0_g1_i1 2 326 +","match_part"]],