{"featureCount":3,"formatVersion":1,"histograms":{"meta":[{"arrayParams":{"chunkSize":10000,"length":2,"urlTemplate":"hist-5000-{Chunk}.json"},"basesPerBin":"5000"}],"stats":[{"basesPerBin":"5000","max":2,"mean":1.5}]},"intervals":{"classes":[{"attributes":["Start","End","Strand","Id","Name","Seq_id","Source","Subfeatures","Target_length","Type"],"isArrayAttr":{"Subfeatures":1}},{"attributes":["Start","End","Strand","Gap","Id","Seq_id","Source","Target","Type"],"isArrayAttr":{}},{"attributes":["Start","End","Strand","Id","Seq_id","Source","Target","Type"],"isArrayAttr":{}},{"attributes":["Start","End","Chunk"],"isArrayAttr":{"Sublist":1}}],"count":3,"lazyClass":3,"maxEnd":5263,"minStart":24,"nclist":[[0,24,2219,1,"NODE_4379_length_5805_cov_11.373723:hit:4430:4.5.0.0","genemark-NODE_4379_length_5805_cov_11.373723-abinit-gene-0.0-mRNA-1","NODE_4379_length_5805_cov_11.373723","genemark",[[1,24,560,1,"M536","NODE_4379_length_5805_cov_11.373723:hsp:15776:4.5.0.0","NODE_4379_length_5805_cov_11.373723","genemark","genemark-NODE_4379_length_5805_cov_11.373723-abinit-gene-0.0-mRNA-1 1 536 +","match_part"],[1,627,814,1,"M187","NODE_4379_length_5805_cov_11.373723:hsp:15777:4.5.0.0","NODE_4379_length_5805_cov_11.373723","genemark","genemark-NODE_4379_length_5805_cov_11.373723-abinit-gene-0.0-mRNA-1 537 723 +","match_part"],[1,997,1723,1,"M726","NODE_4379_length_5805_cov_11.373723:hsp:15778:4.5.0.0","NODE_4379_length_5805_cov_11.373723","genemark","genemark-NODE_4379_length_5805_cov_11.373723-abinit-gene-0.0-mRNA-1 724 1449 +","match_part"],[1,1802,1918,1,"M116","NODE_4379_length_5805_cov_11.373723:hsp:15779:4.5.0.0","NODE_4379_length_5805_cov_11.373723","genemark","genemark-NODE_4379_length_5805_cov_11.373723-abinit-gene-0.0-mRNA-1 1450 1565 +","match_part"],[1,2008,2106,1,"M98","NODE_4379_length_5805_cov_11.373723:hsp:15780:4.5.0.0","NODE_4379_length_5805_cov_11.373723","genemark","genemark-NODE_4379_length_5805_cov_11.373723-abinit-gene-0.0-mRNA-1 1566 1663 +","match_part"],[1,2184,2219,1,"M35","NODE_4379_length_5805_cov_11.373723:hsp:15781:4.5.0.0","NODE_4379_length_5805_cov_11.373723","genemark","genemark-NODE_4379_length_5805_cov_11.373723-abinit-gene-0.0-mRNA-1 1664 1698 +","match_part"]],"5805","match"],[0,3171,4688,-1,"NODE_4379_length_5805_cov_11.373723:hit:4434:4.5.0.0","genemark-NODE_4379_length_5805_cov_11.373723-abinit-gene-0.1-mRNA-1","NODE_4379_length_5805_cov_11.373723","genemark",[[1,4299,4688,-1,"M389","NODE_4379_length_5805_cov_11.373723:hsp:15800:4.5.0.0","NODE_4379_length_5805_cov_11.373723","genemark","genemark-NODE_4379_length_5805_cov_11.373723-abinit-gene-0.1-mRNA-1 713 1101 +","match_part"],[1,4070,4210,-1,"M140","NODE_4379_length_5805_cov_11.373723:hsp:15801:4.5.0.0","NODE_4379_length_5805_cov_11.373723","genemark","genemark-NODE_4379_length_5805_cov_11.373723-abinit-gene-0.1-mRNA-1 573 712 +","match_part"],[1,3852,4001,-1,"M149","NODE_4379_length_5805_cov_11.373723:hsp:15802:4.5.0.0","NODE_4379_length_5805_cov_11.373723","genemark","genemark-NODE_4379_length_5805_cov_11.373723-abinit-gene-0.1-mRNA-1 424 572 +","match_part"],[1,3710,3759,-1,"M49","NODE_4379_length_5805_cov_11.373723:hsp:15803:4.5.0.0","NODE_4379_length_5805_cov_11.373723","genemark","genemark-NODE_4379_length_5805_cov_11.373723-abinit-gene-0.1-mRNA-1 375 423 +","match_part"],[1,3339,3622,-1,"M283","NODE_4379_length_5805_cov_11.373723:hsp:15804:4.5.0.0","NODE_4379_length_5805_cov_11.373723","genemark","genemark-NODE_4379_length_5805_cov_11.373723-abinit-gene-0.1-mRNA-1 92 374 +","match_part"],[1,3171,3262,-1,"M91","NODE_4379_length_5805_cov_11.373723:hsp:15805:4.5.0.0","NODE_4379_length_5805_cov_11.373723","genemark","genemark-NODE_4379_length_5805_cov_11.373723-abinit-gene-0.1-mRNA-1 1 91 +","match_part"]],"5805","match"],[0,5164,5263,-1,"NODE_4379_length_5805_cov_11.373723:hit:4436:4.5.0.0","genemark-NODE_4379_length_5805_cov_11.373723-abinit-gene-0.2-mRNA-1","NODE_4379_length_5805_cov_11.373723","genemark",[[1,5164,5263,-1,"M99","NODE_4379_length_5805_cov_11.373723:hsp:15811:4.5.0.0","NODE_4379_length_5805_cov_11.373723","genemark","genemark-NODE_4379_length_5805_cov_11.373723-abinit-gene-0.2-mRNA-1 1 99 +","match_part"]],"5805","match"]],"urlTemplate":"lf-{Chunk}.json"}}