{"featureCount":7,"formatVersion":1,"histograms":{"meta":[{"arrayParams":{"chunkSize":10000,"length":2,"urlTemplate":"hist-20000-{Chunk}.json"},"basesPerBin":"20000"}],"stats":[{"basesPerBin":"20000","max":6,"mean":4}]},"intervals":{"classes":[{"attributes":["Start","End","Strand","Id","Name","Seq_id","Source","Subfeatures","Target_length","Type"],"isArrayAttr":{"Subfeatures":1}},{"attributes":["Start","End","Strand","Gap","Id","Seq_id","Source","Target","Type"],"isArrayAttr":{}},{"attributes":["Start","End","Strand","Id","Seq_id","Source","Target","Type"],"isArrayAttr":{}},{"attributes":["Start","End","Chunk"],"isArrayAttr":{"Sublist":1}}],"count":7,"lazyClass":3,"maxEnd":29739,"minStart":1969,"nclist":[[0,1969,4406,1,"NODE_274_length_31840_cov_7.837485:hit:31674:4.5.0.0","genemark-NODE_274_length_31840_cov_7.837485-abinit-gene-0.0-mRNA-1","NODE_274_length_31840_cov_7.837485","genemark",[[1,1969,3021,1,"M1052","NODE_274_length_31840_cov_7.837485:hsp:163508:4.5.0.0","NODE_274_length_31840_cov_7.837485","genemark","genemark-NODE_274_length_31840_cov_7.837485-abinit-gene-0.0-mRNA-1 1 1052 +","match_part"],[1,3078,3596,1,"M518","NODE_274_length_31840_cov_7.837485:hsp:163509:4.5.0.0","NODE_274_length_31840_cov_7.837485","genemark","genemark-NODE_274_length_31840_cov_7.837485-abinit-gene-0.0-mRNA-1 1053 1570 +","match_part"],[1,3675,3873,1,"M198","NODE_274_length_31840_cov_7.837485:hsp:163510:4.5.0.0","NODE_274_length_31840_cov_7.837485","genemark","genemark-NODE_274_length_31840_cov_7.837485-abinit-gene-0.0-mRNA-1 1571 1768 +","match_part"],[1,3942,4148,1,"M206","NODE_274_length_31840_cov_7.837485:hsp:163511:4.5.0.0","NODE_274_length_31840_cov_7.837485","genemark","genemark-NODE_274_length_31840_cov_7.837485-abinit-gene-0.0-mRNA-1 1769 1974 +","match_part"],[1,4232,4406,1,"M174","NODE_274_length_31840_cov_7.837485:hsp:163512:4.5.0.0","NODE_274_length_31840_cov_7.837485","genemark","genemark-NODE_274_length_31840_cov_7.837485-abinit-gene-0.0-mRNA-1 1975 2148 +","match_part"]],"31840","match"],[0,6247,7959,-1,"NODE_274_length_31840_cov_7.837485:hit:31677:4.5.0.0","genemark-NODE_274_length_31840_cov_7.837485-abinit-gene-0.4-mRNA-1","NODE_274_length_31840_cov_7.837485","genemark",[[1,7718,7959,-1,"M241","NODE_274_length_31840_cov_7.837485:hsp:163527:4.5.0.0","NODE_274_length_31840_cov_7.837485","genemark","genemark-NODE_274_length_31840_cov_7.837485-abinit-gene-0.4-mRNA-1 825 1065 +","match_part"],[1,7555,7626,-1,"M71","NODE_274_length_31840_cov_7.837485:hsp:163528:4.5.0.0","NODE_274_length_31840_cov_7.837485","genemark","genemark-NODE_274_length_31840_cov_7.837485-abinit-gene-0.4-mRNA-1 754 824 +","match_part"],[1,7443,7478,-1,"M35","NODE_274_length_31840_cov_7.837485:hsp:163529:4.5.0.0","NODE_274_length_31840_cov_7.837485","genemark","genemark-NODE_274_length_31840_cov_7.837485-abinit-gene-0.4-mRNA-1 719 753 +","match_part"],[1,7202,7371,-1,"M169","NODE_274_length_31840_cov_7.837485:hsp:163530:4.5.0.0","NODE_274_length_31840_cov_7.837485","genemark","genemark-NODE_274_length_31840_cov_7.837485-abinit-gene-0.4-mRNA-1 550 718 +","match_part"],[1,7064,7113,-1,"M49","NODE_274_length_31840_cov_7.837485:hsp:163531:4.5.0.0","NODE_274_length_31840_cov_7.837485","genemark","genemark-NODE_274_length_31840_cov_7.837485-abinit-gene-0.4-mRNA-1 501 549 +","match_part"],[1,6888,6987,-1,"M99","NODE_274_length_31840_cov_7.837485:hsp:163532:4.5.0.0","NODE_274_length_31840_cov_7.837485","genemark","genemark-NODE_274_length_31840_cov_7.837485-abinit-gene-0.4-mRNA-1 402 500 +","match_part"],[1,6801,6815,-1,"M14","NODE_274_length_31840_cov_7.837485:hsp:163533:4.5.0.0","NODE_274_length_31840_cov_7.837485","genemark","genemark-NODE_274_length_31840_cov_7.837485-abinit-gene-0.4-mRNA-1 388 401 +","match_part"],[1,6586,6725,-1,"M139","NODE_274_length_31840_cov_7.837485:hsp:163534:4.5.0.0","NODE_274_length_31840_cov_7.837485","genemark","genemark-NODE_274_length_31840_cov_7.837485-abinit-gene-0.4-mRNA-1 249 387 +","match_part"],[1,6247,6495,-1,"M248","NODE_274_length_31840_cov_7.837485:hsp:163535:4.5.0.0","NODE_274_length_31840_cov_7.837485","genemark","genemark-NODE_274_length_31840_cov_7.837485-abinit-gene-0.4-mRNA-1 1 248 +","match_part"]],"31840","match"],[0,8491,11471,1,"NODE_274_length_31840_cov_7.837485:hit:31680:4.5.0.0","genemark-NODE_274_length_31840_cov_7.837485-abinit-gene-0.1-mRNA-1","NODE_274_length_31840_cov_7.837485","genemark",[[1,8491,8970,1,"M479","NODE_274_length_31840_cov_7.837485:hsp:163554:4.5.0.0","NODE_274_length_31840_cov_7.837485","genemark","genemark-NODE_274_length_31840_cov_7.837485-abinit-gene-0.1-mRNA-1 1 479 +","match_part"],[1,9062,9150,1,"M88","NODE_274_length_31840_cov_7.837485:hsp:163555:4.5.0.0","NODE_274_length_31840_cov_7.837485","genemark","genemark-NODE_274_length_31840_cov_7.837485-abinit-gene-0.1-mRNA-1 480 567 +","match_part"],[1,9251,9396,1,"M145","NODE_274_length_31840_cov_7.837485:hsp:163556:4.5.0.0","NODE_274_length_31840_cov_7.837485","genemark","genemark-NODE_274_length_31840_cov_7.837485-abinit-gene-0.1-mRNA-1 568 712 +","match_part"],[1,9460,9620,1,"M160","NODE_274_length_31840_cov_7.837485:hsp:163557:4.5.0.0","NODE_274_length_31840_cov_7.837485","genemark","genemark-NODE_274_length_31840_cov_7.837485-abinit-gene-0.1-mRNA-1 713 872 +","match_part"],[1,9774,9967,1,"M193","NODE_274_length_31840_cov_7.837485:hsp:163558:4.5.0.0","NODE_274_length_31840_cov_7.837485","genemark","genemark-NODE_274_length_31840_cov_7.837485-abinit-gene-0.1-mRNA-1 873 1065 +","match_part"],[1,10042,10144,1,"M102","NODE_274_length_31840_cov_7.837485:hsp:163559:4.5.0.0","NODE_274_length_31840_cov_7.837485","genemark","genemark-NODE_274_length_31840_cov_7.837485-abinit-gene-0.1-mRNA-1 1066 1167 +","match_part"],[1,10216,10448,1,"M232","NODE_274_length_31840_cov_7.837485:hsp:163560:4.5.0.0","NODE_274_length_31840_cov_7.837485","genemark","genemark-NODE_274_length_31840_cov_7.837485-abinit-gene-0.1-mRNA-1 1168 1399 +","match_part"],[1,10515,10686,1,"M171","NODE_274_length_31840_cov_7.837485:hsp:163561:4.5.0.0","NODE_274_length_31840_cov_7.837485","genemark","genemark-NODE_274_length_31840_cov_7.837485-abinit-gene-0.1-mRNA-1 1400 1570 +","match_part"],[1,10749,10880,1,"M131","NODE_274_length_31840_cov_7.837485:hsp:163562:4.5.0.0","NODE_274_length_31840_cov_7.837485","genemark","genemark-NODE_274_length_31840_cov_7.837485-abinit-gene-0.1-mRNA-1 1571 1701 +","match_part"],[1,10960,11078,1,"M118","NODE_274_length_31840_cov_7.837485:hsp:163563:4.5.0.0","NODE_274_length_31840_cov_7.837485","genemark","genemark-NODE_274_length_31840_cov_7.837485-abinit-gene-0.1-mRNA-1 1702 1819 +","match_part"],[1,11160,11471,1,"M311","NODE_274_length_31840_cov_7.837485:hsp:163564:4.5.0.0","NODE_274_length_31840_cov_7.837485","genemark","genemark-NODE_274_length_31840_cov_7.837485-abinit-gene-0.1-mRNA-1 1820 2130 +","match_part"]],"31840","match"],[0,12532,14229,1,"NODE_274_length_31840_cov_7.837485:hit:31685:4.5.0.0","genemark-NODE_274_length_31840_cov_7.837485-abinit-gene-0.2-mRNA-1","NODE_274_length_31840_cov_7.837485","genemark",[[1,12532,13090,1,"M558","NODE_274_length_31840_cov_7.837485:hsp:163582:4.5.0.0","NODE_274_length_31840_cov_7.837485","genemark","genemark-NODE_274_length_31840_cov_7.837485-abinit-gene-0.2-mRNA-1 1 558 +","match_part"],[1,13242,14229,1,"M987","NODE_274_length_31840_cov_7.837485:hsp:163583:4.5.0.0","NODE_274_length_31840_cov_7.837485","genemark","genemark-NODE_274_length_31840_cov_7.837485-abinit-gene-0.2-mRNA-1 559 1545 +","match_part"]],