{"featureCount":13,"formatVersion":1,"histograms":{"meta":[{"arrayParams":{"chunkSize":10000,"length":5,"urlTemplate":"hist-5000-{Chunk}.json"},"basesPerBin":"5000"}],"stats":[{"basesPerBin":"5000","max":7,"mean":3.6}]},"intervals":{"classes":[{"attributes":["Start","End","Strand","Aligned_coverage","Aligned_identity","Id","Name","Score","Seq_id","Source","Subfeatures","Target_length","Type"],"isArrayAttr":{"Subfeatures":1}},{"attributes":["Start","End","Strand","Gap","Id","Score","Seq_id","Source","Target","Type"],"isArrayAttr":{}},{"attributes":["Start","End","Chunk"],"isArrayAttr":{"Sublist":1}}],"count":13,"lazyClass":2,"maxEnd":22658,"minStart":6808,"nclist":[[0,6808,14983,-1,"100","99.1","NODE_583_length_23829_cov_7.433339:hit:56240:3.2.0.0","TRINITY_DN5598_c0_g1_i2",4728,"NODE_583_length_23829_cov_7.433339","est2genome",[[1,14924,14983,-1,"M59","NODE_583_length_23829_cov_7.433339:hsp:291716:3.2.0.0",4728,"NODE_583_length_23829_cov_7.433339","est2genome","TRINITY_DN5598_c0_g1_i2 936 994 -","match_part"],[1,7931,8020,-1,"M89","NODE_583_length_23829_cov_7.433339:hsp:291717:3.2.0.0",4728,"NODE_583_length_23829_cov_7.433339","est2genome","TRINITY_DN5598_c0_g1_i2 847 935 -","match_part"],[1,7632,7862,-1,"M230","NODE_583_length_23829_cov_7.433339:hsp:291718:3.2.0.0",4728,"NODE_583_length_23829_cov_7.433339","est2genome","TRINITY_DN5598_c0_g1_i2 617 846 -","match_part"],[1,7421,7565,-1,"M48 I5 M96","NODE_583_length_23829_cov_7.433339:hsp:291719:3.2.0.0",4728,"NODE_583_length_23829_cov_7.433339","est2genome","TRINITY_DN5598_c0_g1_i2 468 616 -","match_part"],[1,7136,7357,-1,"M221","NODE_583_length_23829_cov_7.433339:hsp:291720:3.2.0.0",4728,"NODE_583_length_23829_cov_7.433339","est2genome","TRINITY_DN5598_c0_g1_i2 247 467 -","match_part"],[1,6808,7054,-1,"M246","NODE_583_length_23829_cov_7.433339:hsp:291721:3.2.0.0",4728,"NODE_583_length_23829_cov_7.433339","est2genome","TRINITY_DN5598_c0_g1_i2 1 246 -","match_part"]],"994","expressed_sequence_match"],[0,6808,14983,-1,"100","98.7","NODE_583_length_23829_cov_7.433339:hit:56241:3.2.0.0","TRINITY_DN5598_c0_g1_i3",4038,"NODE_583_length_23829_cov_7.433339","est2genome",[[1,14924,14983,-1,"M59","NODE_583_length_23829_cov_7.433339:hsp:291722:3.2.0.0",4038,"NODE_583_length_23829_cov_7.433339","est2genome","TRINITY_DN5598_c0_g1_i3 787 845 -","match_part"],[1,7931,8020,-1,"M89","NODE_583_length_23829_cov_7.433339:hsp:291723:3.2.0.0",4038,"NODE_583_length_23829_cov_7.433339","est2genome","TRINITY_DN5598_c0_g1_i3 698 786 -","match_part"],[1,7771,7862,-1,"M68 D5 M18","NODE_583_length_23829_cov_7.433339:hsp:291724:3.2.0.0",4038,"NODE_583_length_23829_cov_7.433339","est2genome","TRINITY_DN5598_c0_g1_i3 612 697 -","match_part"],[1,7421,7565,-1,"M144","NODE_583_length_23829_cov_7.433339:hsp:291725:3.2.0.0",4038,"NODE_583_length_23829_cov_7.433339","est2genome","TRINITY_DN5598_c0_g1_i3 468 611 -","match_part"],[1,7136,7357,-1,"M221","NODE_583_length_23829_cov_7.433339:hsp:291726:3.2.0.0",4038,"NODE_583_length_23829_cov_7.433339","est2genome","TRINITY_DN5598_c0_g1_i3 247 467 -","match_part"],[1,6808,7054,-1,"M246","NODE_583_length_23829_cov_7.433339:hsp:291727:3.2.0.0",4038,"NODE_583_length_23829_cov_7.433339","est2genome","TRINITY_DN5598_c0_g1_i3 1 246 -","match_part"]],"845","expressed_sequence_match"],[0,6808,14983,1,"100","98.5","NODE_583_length_23829_cov_7.433339:hit:56242:3.2.0.0","TRINITY_DN5598_c0_g1_i1",4159,"NODE_583_length_23829_cov_7.433339","est2genome",[[1,6808,7054,1,"M246","NODE_583_length_23829_cov_7.433339:hsp:291728:3.2.0.0",4159,"NODE_583_length_23829_cov_7.433339","est2genome","TRINITY_DN5598_c0_g1_i1 1 246 +","match_part"],[1,7136,7357,1,"M221","NODE_583_length_23829_cov_7.433339:hsp:291729:3.2.0.0",4159,"NODE_583_length_23829_cov_7.433339","est2genome","TRINITY_DN5598_c0_g1_i1 247 467 +","match_part"],[1,7421,7590,1,"M48 I5 M121","NODE_583_length_23829_cov_7.433339:hsp:291730:3.2.0.0",4159,"NODE_583_length_23829_cov_7.433339","est2genome","TRINITY_DN5598_c0_g1_i1 468 641 +","match_part"],[1,7771,7862,1,"M91","NODE_583_length_23829_cov_7.433339:hsp:291731:3.2.0.0",4159,"NODE_583_length_23829_cov_7.433339","est2genome","TRINITY_DN5598_c0_g1_i1 642 732 +","match_part"],[1,7931,8020,1,"M89","NODE_583_length_23829_cov_7.433339:hsp:291732:3.2.0.0",4159,"NODE_583_length_23829_cov_7.433339","est2genome","TRINITY_DN5598_c0_g1_i1 733 821 +","match_part"],[1,14924,14983,1,"M59","NODE_583_length_23829_cov_7.433339:hsp:291733:3.2.0.0",4159,"NODE_583_length_23829_cov_7.433339","est2genome","TRINITY_DN5598_c0_g1_i1 822 880 +","match_part"]],"880","expressed_sequence_match",{"Sublist":[[0,8011,8875,-1,"99.88","99.7","NODE_583_length_23829_cov_7.433339:hit:56243:3.2.0.0","TRINITY_DN5598_c1_g1_i1",4285,"NODE_583_length_23829_cov_7.433339","est2genome",[[1,8011,8875,-1,"M823 D1 M40","NODE_583_length_23829_cov_7.433339:hsp:291734:3.2.0.0",4285,"NODE_583_length_23829_cov_7.433339","est2genome","TRINITY_DN5598_c1_g1_i1 2 864 +","match_part"]],"864","expressed_sequence_match"],[0,14225,14458,1,"100","100","NODE_583_length_23829_cov_7.433339:hit:56244:3.2.0.0","TRINITY_DN36321_c0_g1_i1",1165,"NODE_583_length_23829_cov_7.433339","est2genome",[[1,14225,14458,1,"M233","NODE_583_length_23829_cov_7.433339:hsp:291735:3.2.0.0",1165,"NODE_583_length_23829_cov_7.433339","est2genome","TRINITY_DN36321_c0_g1_i1 1 233 +","match_part"]],"233","expressed_sequence_match"],[0,14507,14934,-1,"100","100","NODE_583_length_23829_cov_7.433339:hit:56245:3.2.0.0","TRINITY_DN39790_c0_g1_i1",2135,"NODE_583_length_23829_cov_7.433339","est2genome",[[1,14507,14934,-1,"M427","NODE_583_length_23829_cov_7.433339:hsp:291736:3.2.0.0",2135,"NODE_583_length_23829_cov_7.433339","est2genome","TRINITY_DN39790_c0_g1_i1 1 427 -","match_part"]],"427","expressed_sequence_match"]]}],[0,15091,21934,1,"100","99.4","NODE_583_length_23829_cov_7.433339:hit:56246:3.2.0.0","TRINITY_DN5732_c0_g1_i1",30665,"NODE_583_length_23829_cov_7.433339","est2genome",[[1,15091,18283,1,"M3192","NODE_583_length_23829_cov_7.433339:hsp:291737:3.2.0.0",30665,"NODE_583_length_23829_cov_7.433339","est2genome","TRINITY_DN5732_c0_g1_i1 1 3192 +","match_part"],[1,18378,18761,1,"M383","NODE_583_length_23829_cov_7.433339:hsp:291738:3.2.0.0",30665,"NODE_583_length_23829_cov_7.433339","est2genome","TRINITY_DN5732_c0_g1_i1 3193 3575 +","match_part"],[1,18837,19045,1,"M208","NODE_583_length_23829_cov_7.433339:hsp:291739:3.2.0.0",30665,"NODE_583_length_23829_cov_7.433339","est2genome","TRINITY_DN5732_c0_g1_i1 3576 3783 +","match_part"],[1,19122,19248,1,"M126","NODE_583_length_23829_cov_7.433339:hsp:291740:3.2.0.0",30665,"NODE_583_length_23829_cov_7.433339","est2genome","TRINITY_DN5732_c0_g1_i1 3784 3909 +","match_part"],[1,19319,19392,1,"M73","NODE_583_length_23829_cov_7.433339:hsp:291741:3.2.0.0",30665,"NODE_583_length_23829_cov_7.433339","est2genome","TRINITY_DN5732_c0_g1_i1 3910 3982 +","match_part"],[1,19458,19969,1,"M511","NODE_583_length_23829_cov_7.433339:hsp:291742:3.2.0.0",30665,"NODE_583_length_23829_cov_7.433339","est2genome","TRINITY_DN5732_c0_g1_i1 3983 4493 +","match_part"],[1,20064,20238,1,"M174","NODE_583_length_23829_cov_7.433339:hsp:291743:3.2.0.0",30665,"NODE_583_length_23829_cov_7.433339","est2genome","TRINITY_DN5732_c0_g1_i1 4494 4667 +","match_part"],[1,20314,20452,1,"M138","NODE_583_length_23829_cov_7.433339:hsp:291744:3.2.0.0",30665,"NODE_583_length_23829_cov_7.433339","est2genome","TRINITY_DN5732_c0_g1_i1 4668 4805 +","match_part"],[1,20522,21934,1,"M253 I9 M302 D1 M29 I1 M827","NODE_583_length_23829_cov_7.433339:hsp:291745:3.2.0.0",30665,"NODE_583_length_23829_cov_7.433339","est2genome","TRINITY_DN5732_c0_g1_i1 4806 6226 +","match_part"]],