{"featureCount":3,"formatVersion":1,"histograms":{"meta":[{"arrayParams":{"chunkSize":10000,"length":1,"urlTemplate":"hist-10000-{Chunk}.json"},"basesPerBin":"10000"}],"stats":[{"basesPerBin":"10000","max":3,"mean":3}]},"intervals":{"classes":[{"attributes":["Start","End","Strand","Id","Name","Seq_id","Source","Subfeatures","Target_length","Type"],"isArrayAttr":{"Subfeatures":1}},{"attributes":["Start","End","Strand","Gap","Id","Seq_id","Source","Target","Type"],"isArrayAttr":{}},{"attributes":["Start","End","Strand","Id","Seq_id","Source","Target","Type"],"isArrayAttr":{}},{"attributes":["Start","End","Chunk"],"isArrayAttr":{"Sublist":1}}],"count":3,"lazyClass":3,"maxEnd":6611,"minStart":1366,"nclist":[[0,1366,4171,-1,"NODE_3668_length_6723_cov_5.389478:hit:36608:4.5.0.0","genemark-NODE_3668_length_6723_cov_5.389478-abinit-gene-0.3-mRNA-1","NODE_3668_length_6723_cov_5.389478","genemark",[[1,1366,4171,-1,"M2805","NODE_3668_length_6723_cov_5.389478:hsp:150881:4.5.0.0","NODE_3668_length_6723_cov_5.389478","genemark","genemark-NODE_3668_length_6723_cov_5.389478-abinit-gene-0.3-mRNA-1 1 2805 +","match_part"]],"6723","match"],[0,4244,4797,1,"NODE_3668_length_6723_cov_5.389478:hit:36611:4.5.0.0","genemark-NODE_3668_length_6723_cov_5.389478-abinit-gene-0.2-mRNA-1","NODE_3668_length_6723_cov_5.389478","genemark",[[1,4244,4286,1,"M42","NODE_3668_length_6723_cov_5.389478:hsp:150886:4.5.0.0","NODE_3668_length_6723_cov_5.389478","genemark","genemark-NODE_3668_length_6723_cov_5.389478-abinit-gene-0.2-mRNA-1 1 42 +","match_part"],[1,4366,4441,1,"M75","NODE_3668_length_6723_cov_5.389478:hsp:150887:4.5.0.0","NODE_3668_length_6723_cov_5.389478","genemark","genemark-NODE_3668_length_6723_cov_5.389478-abinit-gene-0.2-mRNA-1 43 117 +","match_part"],[1,4557,4632,1,"M75","NODE_3668_length_6723_cov_5.389478:hsp:150888:4.5.0.0","NODE_3668_length_6723_cov_5.389478","genemark","genemark-NODE_3668_length_6723_cov_5.389478-abinit-gene-0.2-mRNA-1 118 192 +","match_part"],[1,4737,4797,1,"M60","NODE_3668_length_6723_cov_5.389478:hsp:150889:4.5.0.0","NODE_3668_length_6723_cov_5.389478","genemark","genemark-NODE_3668_length_6723_cov_5.389478-abinit-gene-0.2-mRNA-1 193 252 +","match_part"]],"6723","match"],[0,4955,6611,-1,"NODE_3668_length_6723_cov_5.389478:hit:36613:4.5.0.0","genemark-NODE_3668_length_6723_cov_5.389478-abinit-gene-0.4-mRNA-1","NODE_3668_length_6723_cov_5.389478","genemark",[[1,4955,6611,-1,"M1656","NODE_3668_length_6723_cov_5.389478:hsp:150891:4.5.0.0","NODE_3668_length_6723_cov_5.389478","genemark","genemark-NODE_3668_length_6723_cov_5.389478-abinit-gene-0.4-mRNA-1 1 1656 +","match_part"]],"6723","match"]],"urlTemplate":"lf-{Chunk}.json"}}