{"featureCount":7,"formatVersion":1,"histograms":{"meta":[{"arrayParams":{"chunkSize":10000,"length":2,"urlTemplate":"hist-1000-{Chunk}.json"},"basesPerBin":"1000"}],"stats":[{"basesPerBin":"1000","max":6,"mean":4}]},"intervals":{"classes":[{"attributes":["Start","End","Strand","Id","Name","Score","Seq_id","Source","Subfeatures","Target_length","Type"],"isArrayAttr":{"Subfeatures":1}},{"attributes":["Start","End","Strand","Gap","Id","Score","Seq_id","Source","Target","Type"],"isArrayAttr":{}},{"attributes":["Start","End","Chunk"],"isArrayAttr":{"Sublist":1}}],"count":7,"lazyClass":2,"maxEnd":1868,"minStart":626,"nclist":[[0,626,1017,1,"NODE_8356_length_2455_cov_9.751718:hit:1880:3.2.0.0","TRINITY_DN13777_c0_g1_i1",62,"NODE_8356_length_2455_cov_9.751718","blastn",[[1,626,694,1,"M68","NODE_8356_length_2455_cov_9.751718:hsp:4589:3.2.0.0",62,"NODE_8356_length_2455_cov_9.751718","blastn","TRINITY_DN13777_c0_g1_i1 1 68 +","match_part"],[1,704,879,1,"M69 I2 M106","NODE_8356_length_2455_cov_9.751718:hsp:4590:3.2.0.0",130,"NODE_8356_length_2455_cov_9.751718","blastn","TRINITY_DN13777_c0_g1_i1 69 245 +","match_part"],[1,977,1017,1,"M40","NODE_8356_length_2455_cov_9.751718:hsp:4591:3.2.0.0",40,"NODE_8356_length_2455_cov_9.751718","blastn","TRINITY_DN13777_c0_g1_i1 246 285 +","match_part"]],"285","expressed_sequence_match",{"Sublist":[[0,626,864,1,"NODE_8356_length_2455_cov_9.751718:hit:1881:3.2.0.0","TRINITY_DN13777_c0_g1_i3",154,"NODE_8356_length_2455_cov_9.751718","blastn",[[1,626,864,1,"M93 I2 M54 I2 M91","NODE_8356_length_2455_cov_9.751718:hsp:4592:3.2.0.0",154,"NODE_8356_length_2455_cov_9.751718","blastn","TRINITY_DN13777_c0_g1_i3 1 242 +","match_part"]],"242","expressed_sequence_match"]]}],[0,1015,1270,-1,"NODE_8356_length_2455_cov_9.751718:hit:1882:3.2.0.0","TRINITY_DN14488_c0_g1_i1",171,"NODE_8356_length_2455_cov_9.751718","blastn",[[1,1015,1270,-1,"M143 I1 M10 I3 M102","NODE_8356_length_2455_cov_9.751718:hsp:4593:3.2.0.0",171,"NODE_8356_length_2455_cov_9.751718","blastn","TRINITY_DN14488_c0_g1_i1 5 263 +","match_part"]],"263","expressed_sequence_match",{"Sublist":[[0,1015,1238,-1,"NODE_8356_length_2455_cov_9.751718:hit:1883:3.2.0.0","TRINITY_DN14488_c0_g1_i2",145,"NODE_8356_length_2455_cov_9.751718","blastn",[[1,1015,1238,-1,"M111 I1 M10 I3 M102","NODE_8356_length_2455_cov_9.751718:hsp:4594:3.2.0.0",145,"NODE_8356_length_2455_cov_9.751718","blastn","TRINITY_DN14488_c0_g1_i2 2 228 +","match_part"]],"228","expressed_sequence_match"]]}],[0,1397,1868,1,"NODE_8356_length_2455_cov_9.751718:hit:1884:3.2.0.0","TRINITY_DN7810_c0_g1_i2",447,"NODE_8356_length_2455_cov_9.751718","blastn",[[1,1397,1868,1,"M471","NODE_8356_length_2455_cov_9.751718:hsp:4595:3.2.0.0",447,"NODE_8356_length_2455_cov_9.751718","blastn","TRINITY_DN7810_c0_g1_i2 1 471 +","match_part"]],"471","expressed_sequence_match"],[0,1397,1868,1,"NODE_8356_length_2455_cov_9.751718:hit:1885:3.2.0.0","TRINITY_DN7810_c0_g1_i4",72,"NODE_8356_length_2455_cov_9.751718","blastn",[[1,1397,1487,1,"M90","NODE_8356_length_2455_cov_9.751718:hsp:4596:3.2.0.0",72,"NODE_8356_length_2455_cov_9.751718","blastn","TRINITY_DN7810_c0_g1_i4 1 90 +","match_part"],[1,1516,1868,1,"M352","NODE_8356_length_2455_cov_9.751718:hsp:4597:3.2.0.0",340,"NODE_8356_length_2455_cov_9.751718","blastn","TRINITY_DN7810_c0_g1_i4 105 456 +","match_part"]],"456","expressed_sequence_match"],[0,1397,1868,1,"NODE_8356_length_2455_cov_9.751718:hit:1886:3.2.0.0","TRINITY_DN7810_c0_g1_i1",61,"NODE_8356_length_2455_cov_9.751718","blastn",[[1,1397,1476,1,"M79","NODE_8356_length_2455_cov_9.751718:hsp:4598:3.2.0.0",61,"NODE_8356_length_2455_cov_9.751718","blastn","TRINITY_DN7810_c0_g1_i1 1 79 +","match_part"],[1,1590,1868,1,"M278","NODE_8356_length_2455_cov_9.751718:hsp:4599:3.2.0.0",272,"NODE_8356_length_2455_cov_9.751718","blastn","TRINITY_DN7810_c0_g1_i1 79 356 +","match_part"]],"356","expressed_sequence_match"]],"urlTemplate":"lf-{Chunk}.json"}}