{"featureCount":23,"formatVersion":1,"histograms":{"meta":[{"arrayParams":{"chunkSize":10000,"length":5,"urlTemplate":"hist-2000-{Chunk}.json"},"basesPerBin":"2000"}],"stats":[{"basesPerBin":"2000","max":11,"mean":5.6}]},"intervals":{"classes":[{"attributes":["Start","End","Strand","Aligned_coverage","Aligned_identity","Id","Name","Score","Seq_id","Source","Subfeatures","Target_length","Type"],"isArrayAttr":{"Subfeatures":1}},{"attributes":["Start","End","Strand","Gap","Id","Score","Seq_id","Source","Target","Type"],"isArrayAttr":{}},{"attributes":["Start","End","Chunk"],"isArrayAttr":{"Sublist":1}}],"count":23,"lazyClass":2,"maxEnd":9620,"minStart":18,"nclist":[[0,18,338,-1,"100","91.2","NODE_1432_length_14663_cov_8.157609:hit:102509:3.2.0.0","TRINITY_DN30721_c0_g1_i1",1403,"NODE_1432_length_14663_cov_8.157609","est2genome",[[1,18,338,-1,"M95 I10 M70 I1 M46 I9 M20 I1 M89","NODE_1432_length_14663_cov_8.157609:hsp:515364:3.2.0.0",1403,"NODE_1432_length_14663_cov_8.157609","est2genome","TRINITY_DN30721_c0_g1_i1 1 341 +","match_part"]],"341","expressed_sequence_match"],[0,1497,2182,1,"100","91.7","NODE_1432_length_14663_cov_8.157609:hit:102510:3.2.0.0","TRINITY_DN16258_c0_g1_i1",2446,"NODE_1432_length_14663_cov_8.157609","est2genome",[[1,1497,1564,1,"M67","NODE_1432_length_14663_cov_8.157609:hsp:515365:3.2.0.0",2446,"NODE_1432_length_14663_cov_8.157609","est2genome","TRINITY_DN16258_c0_g1_i1 1 67 +","match_part"],[1,1632,1835,1,"M203","NODE_1432_length_14663_cov_8.157609:hsp:515366:3.2.0.0",2446,"NODE_1432_length_14663_cov_8.157609","est2genome","TRINITY_DN16258_c0_g1_i1 68 270 +","match_part"],[1,1859,2182,1,"M10 D1 M1 D2 M5 D4 M300","NODE_1432_length_14663_cov_8.157609:hsp:515367:3.2.0.0",2446,"NODE_1432_length_14663_cov_8.157609","est2genome","TRINITY_DN16258_c0_g1_i1 271 586 +","match_part"]],"586","expressed_sequence_match"],[0,2163,2460,-1,"98.99","92.6","NODE_1432_length_14663_cov_8.157609:hit:102511:3.2.0.0","TRINITY_DN20100_c0_g1_i1",1247,"NODE_1432_length_14663_cov_8.157609","est2genome",[[1,2163,2460,-1,"M117 D3 M9 D4 M116 I4 M48","NODE_1432_length_14663_cov_8.157609:hsp:515368:3.2.0.0",1247,"NODE_1432_length_14663_cov_8.157609","est2genome","TRINITY_DN20100_c0_g1_i1 1 294 -","match_part"]],"297","expressed_sequence_match"],[0,2163,2460,-1,"98.99","92.6","NODE_1432_length_14663_cov_8.157609:hit:102512:3.2.0.0","TRINITY_DN20100_c0_g1_i2",1247,"NODE_1432_length_14663_cov_8.157609","est2genome",[[1,2163,2460,-1,"M117 D3 M9 D4 M116 I4 M48","NODE_1432_length_14663_cov_8.157609:hsp:515369:3.2.0.0",1247,"NODE_1432_length_14663_cov_8.157609","est2genome","TRINITY_DN20100_c0_g1_i2 1 294 -","match_part"]],"297","expressed_sequence_match"],[0,2554,4294,1,"100","97.3","NODE_1432_length_14663_cov_8.157609:hit:102513:3.2.0.0","TRINITY_DN8960_c0_g2_i1",7662,"NODE_1432_length_14663_cov_8.157609","est2genome",[[1,2554,3312,1,"M758","NODE_1432_length_14663_cov_8.157609:hsp:515370:3.2.0.0",7662,"NODE_1432_length_14663_cov_8.157609","est2genome","TRINITY_DN8960_c0_g2_i1 863 1620 -","match_part"],[1,3433,4294,1,"M143 I1 M718","NODE_1432_length_14663_cov_8.157609:hsp:515371:3.2.0.0",7662,"NODE_1432_length_14663_cov_8.157609","est2genome","TRINITY_DN8960_c0_g2_i1 1 862 -","match_part"]],"1620","expressed_sequence_match",{"Sublist":[[0,3630,4188,-1,"100","90.9","NODE_1432_length_14663_cov_8.157609:hit:102514:3.2.0.0","TRINITY_DN8960_c0_g1_i1",1928,"NODE_1432_length_14663_cov_8.157609","est2genome",[[1,4010,4188,-1,"M78 I10 M51 D1 M48","NODE_1432_length_14663_cov_8.157609:hsp:515372:3.2.0.0",1928,"NODE_1432_length_14663_cov_8.157609","est2genome","TRINITY_DN8960_c0_g1_i1 1 187 +","match_part"],[1,3630,3916,-1,"M286","NODE_1432_length_14663_cov_8.157609:hsp:515373:3.2.0.0",1928,"NODE_1432_length_14663_cov_8.157609","est2genome","TRINITY_DN8960_c0_g1_i1 188 473 +","match_part"]],"473","expressed_sequence_match"]]}],[0,4248,5498,-1,"99.92","77.1","NODE_1432_length_14663_cov_8.157609:hit:102515:3.2.0.0","TRINITY_DN8110_c0_g1_i2",3174,"NODE_1432_length_14663_cov_8.157609","est2genome",[[1,4643,5498,-1,"M8 D1 M28 D2 M20 I2 M2 I4 M204 D2 M2 D3 M1 D1 M12 D5 M1 D1 M43 I3 M10 I8 M5 I1 M16 I3 M6 I3 M11 D1 M13 I1 M2 I1 M9 I1 M2 I2 M19 I4 M6 I1 M2 I5 M20 I1 M10 I3 M12 I3 M1 I1 M10 I1 M3 I1 M2 I1 M11 I4 M2 I1 M23 I3 M3 I9 M152 I9 M38 I9 M7 I3 M81 D1 M7 I1 M1 I1 M33","NODE_1432_length_14663_cov_8.157609:hsp:515374:3.2.0.0",3174,"NODE_1432_length_14663_cov_8.157609","est2genome","TRINITY_DN8110_c0_g1_i2 1 928 +","match_part"],[1,4248,4519,-1,"M13 D1 M3 D1 M4 D6 M11 I2 M3 D4 M3 D2 M3 D4 M8 D2 M26 I2 M105 D2 M11 I9 M47 D2 M10","NODE_1432_length_14663_cov_8.157609:hsp:515375:3.2.0.0",3174,"NODE_1432_length_14663_cov_8.157609","est2genome","TRINITY_DN8110_c0_g1_i2 929 1188 +","match_part"]],"1189","expressed_sequence_match"],[0,4282,5498,-1,"99.74","77.5","NODE_1432_length_14663_cov_8.157609:hit:102516:3.2.0.0","TRINITY_DN8110_c0_g1_i5",3137,"NODE_1432_length_14663_cov_8.157609","est2genome",[[1,4643,5498,-1,"M8 D1 M28 D2 M20 I2 M2 I4 M204 D2 M2 D3 M1 D1 M12 D5 M1 D1 M43 I3 M10 I8 M5 I1 M16 I3 M6 I3 M11 D1 M13 I1 M2 I1 M9 I1 M2 I2 M19 I4 M6 I1 M2 I5 M20 I1 M10 I3 M12 I3 M1 I1 M10 I1 M3 I1 M2 I1 M11 I4 M2 I1 M23 I3 M3 I9 M152 I9 M38 I9 M7 I3 M81 D1 M7 I1 M1 I1 M33","NODE_1432_length_14663_cov_8.157609:hsp:515376:3.2.0.0",3137,"NODE_1432_length_14663_cov_8.157609","est2genome","TRINITY_DN8110_c0_g1_i5 1 928 +","match_part"],[1,4282,4519,-1,"M13 D1 M3 D1 M4 D6 M11 I2 M3 D4 M3 D2 M3 D4 M8 D2 M26 I2 M119 I9 M24","NODE_1432_length_14663_cov_8.157609:hsp:515377:3.2.0.0",3137,"NODE_1432_length_14663_cov_8.157609","est2genome","TRINITY_DN8110_c0_g1_i5 929 1158 +","match_part"]],"1161","expressed_sequence_match"],[0,6518,6919,-1,"100","96.1","NODE_1432_length_14663_cov_8.157609:hit:102518:3.2.0.0","TRINITY_DN14418_c0_g1_i2",1862,"NODE_1432_length_14663_cov_8.157609","est2genome",[[1,6518,6919,-1,"M175 D4 M15 I4 M160 I1 M47","NODE_1432_length_14663_cov_8.157609:hsp:515379:3.2.0.0",1862,"NODE_1432_length_14663_cov_8.157609","est2genome","TRINITY_DN14418_c0_g1_i2 1 402 +","match_part"]],"402","expressed_sequence_match",{"Sublist":[[0,6518,6896,-1,"100","89.5","NODE_1432_length_14663_cov_8.157609:hit:102517:3.2.0.0","TRINITY_DN14418_c0_g1_i1",1571,"NODE_1432_length_14663_cov_8.157609","est2genome",[[1,6518,6896,-1,"M59 I4 M36 I3 M9 I6 M2 I5 M46 D4 M15 I4 M160 I1 M47","NODE_1432_length_14663_cov_8.157609:hsp:515378:3.2.0.0",1571,"NODE_1432_length_14663_cov_8.157609","est2genome","TRINITY_DN14418_c0_g1_i1 1 397 +","match_part"]],"397","expressed_sequence_match"]]}],[0,6947,7923,1,"100","91.1","NODE_1432_length_14663_cov_8.157609:hit:102520:3.2.0.0","TRINITY_DN12507_c0_g1_i7",3403,"NODE_1432_length_14663_cov_8.157609","est2genome",[[1,6947,7010,1,"M3 I1 M60","NODE_1432_length_14663_cov_8.157609:hsp:515382:3.2.0.0",3403,"NODE_1432_length_14663_cov_8.157609","est2genome","TRINITY_DN12507_c0_g1_i7 780 843 -","match_part"],[1,7121,7923,1,"M45 D4 M16 D1 M9 I2 M10 I1 M8 I1 M14 I1 M6 D3 M24 D1 M25 I4 M8 I2 M58 D4 M58 D7 M2 D4 M83 D1 M176 D1 M33 D1 M4 D5 M165 D2 M24","NODE_1432_length_14663_cov_8.157609:hsp:515383:3.2.0.0",3403,"NODE_1432_length_14663_cov_8.157609","est2genome","TRINITY_DN12507_c0_g1_i7 1 779 -","match_part"]],"843","expressed_sequence_match"],[0,6947,7923,-1,"100","91","NODE_1432_length_14663_cov_8.157609:hit:102521:3.2.0.0","TRINITY_DN12507_c0_g1_i1",4004,"NODE_1432_length_14663_cov_8.157609","est2genome",[[1,6947,7923,-1,"M45 D4 M16 D1 M9 I2 M10 I1 M8 I1 M14 I1 M6 D3 M24 D1 M25 I4 M8 I2 M58 D4 M154 D1 M142 I3 M3 I5 M23 D1 M7 D1 M4 I2 M29 D1 M4 D5 M89 I1 M76 D2 M136 D1 M61","NODE_1432_length_14663_cov_8.157609:hsp:515384:3.2.0.0",4004,"NODE_1432_length_14663_cov_8.157609","est2genome","TRINITY_DN12507_c0_g1_i1 1 973 +","match_part"]],