{"featureCount":2,"formatVersion":1,"histograms":{"meta":[{"arrayParams":{"chunkSize":10000,"length":1,"urlTemplate":"hist-5000-{Chunk}.json"},"basesPerBin":"5000"}],"stats":[{"basesPerBin":"5000","max":2,"mean":2}]},"intervals":{"classes":[{"attributes":["Start","End","Strand","Aligned_coverage","Aligned_identity","Id","Name","Score","Seq_id","Source","Subfeatures","Target_length","Type"],"isArrayAttr":{"Subfeatures":1}},{"attributes":["Start","End","Strand","Gap","Id","Score","Seq_id","Source","Target","Type"],"isArrayAttr":{}},{"attributes":["Start","End","Chunk"],"isArrayAttr":{"Sublist":1}}],"count":2,"lazyClass":2,"maxEnd":3900,"minStart":1980,"nclist":[[0,1980,3900,1,"99.59","99.8","NODE_6090_length_4001_cov_1.271560:hit:1018:3.2.0.0","TRINITY_DN9496_c0_g1_i1",8480,"NODE_6090_length_4001_cov_1.271560","est2genome",[[1,1980,3059,1,"M1079","NODE_6090_length_4001_cov_1.271560:hsp:3308:3.2.0.0",8480,"NODE_6090_length_4001_cov_1.271560","est2genome","TRINITY_DN9496_c0_g1_i1 639 1717 -","match_part"],[1,3152,3262,1,"M110","NODE_6090_length_4001_cov_1.271560:hsp:3309:3.2.0.0",8480,"NODE_6090_length_4001_cov_1.271560","est2genome","TRINITY_DN9496_c0_g1_i1 529 638 -","match_part"],[1,3321,3483,1,"M162","NODE_6090_length_4001_cov_1.271560:hsp:3310:3.2.0.0",8480,"NODE_6090_length_4001_cov_1.271560","est2genome","TRINITY_DN9496_c0_g1_i1 367 528 -","match_part"],[1,3541,3900,1,"M359","NODE_6090_length_4001_cov_1.271560:hsp:3311:3.2.0.0",8480,"NODE_6090_length_4001_cov_1.271560","est2genome","TRINITY_DN9496_c0_g1_i1 8 366 -","match_part"]],"1717","expressed_sequence_match"],[0,1980,3900,1,"99.58","99.8","NODE_6090_length_4001_cov_1.271560:hit:1019:3.2.0.0","TRINITY_DN9496_c0_g1_i2",8135,"NODE_6090_length_4001_cov_1.271560","est2genome",[[1,1980,2241,1,"M261","NODE_6090_length_4001_cov_1.271560:hsp:3312:3.2.0.0",8135,"NODE_6090_length_4001_cov_1.271560","est2genome","TRINITY_DN9496_c0_g1_i2 1394 1654 -","match_part"],[1,2304,3059,1,"M755","NODE_6090_length_4001_cov_1.271560:hsp:3313:3.2.0.0",8135,"NODE_6090_length_4001_cov_1.271560","est2genome","TRINITY_DN9496_c0_g1_i2 639 1393 -","match_part"],[1,3152,3262,1,"M110","NODE_6090_length_4001_cov_1.271560:hsp:3314:3.2.0.0",8135,"NODE_6090_length_4001_cov_1.271560","est2genome","TRINITY_DN9496_c0_g1_i2 529 638 -","match_part"],[1,3321,3483,1,"M162","NODE_6090_length_4001_cov_1.271560:hsp:3315:3.2.0.0",8135,"NODE_6090_length_4001_cov_1.271560","est2genome","TRINITY_DN9496_c0_g1_i2 367 528 -","match_part"],[1,3541,3900,1,"M359","NODE_6090_length_4001_cov_1.271560:hsp:3316:3.2.0.0",8135,"NODE_6090_length_4001_cov_1.271560","est2genome","TRINITY_DN9496_c0_g1_i2 8 366 -","match_part"]],"1654","expressed_sequence_match"]],"urlTemplate":"lf-{Chunk}.json"}}