{"featureCount":5,"formatVersion":1,"histograms":{"meta":[{"arrayParams":{"chunkSize":10000,"length":2,"urlTemplate":"hist-10000-{Chunk}.json"},"basesPerBin":"10000"}],"stats":[{"basesPerBin":"10000","max":3,"mean":3}]},"intervals":{"classes":[{"attributes":["Start","End","Strand","Id","Name","Seq_id","Source","Subfeatures","Target_length","Type"],"isArrayAttr":{"Subfeatures":1}},{"attributes":["Start","End","Strand","Gap","Id","Seq_id","Source","Target","Type"],"isArrayAttr":{}},{"attributes":["Start","End","Strand","Id","Seq_id","Source","Target","Type"],"isArrayAttr":{}},{"attributes":["Start","End","Chunk"],"isArrayAttr":{"Sublist":1}}],"count":5,"lazyClass":3,"maxEnd":19014,"minStart":1487,"nclist":[[0,1487,2621,1,"NODE_900_length_19086_cov_8.137665:hit:77640:4.5.0.0","genemark-NODE_900_length_19086_cov_8.137665-abinit-gene-0.22-mRNA-1","NODE_900_length_19086_cov_8.137665","genemark",[[1,1487,1533,1,"M46","NODE_900_length_19086_cov_8.137665:hsp:399002:4.5.0.0","NODE_900_length_19086_cov_8.137665","genemark","genemark-NODE_900_length_19086_cov_8.137665-abinit-gene-0.22-mRNA-1 1 46 +","match_part"],[1,1608,1735,1,"M127","NODE_900_length_19086_cov_8.137665:hsp:399003:4.5.0.0","NODE_900_length_19086_cov_8.137665","genemark","genemark-NODE_900_length_19086_cov_8.137665-abinit-gene-0.22-mRNA-1 47 173 +","match_part"],[1,1847,1892,1,"M45","NODE_900_length_19086_cov_8.137665:hsp:399004:4.5.0.0","NODE_900_length_19086_cov_8.137665","genemark","genemark-NODE_900_length_19086_cov_8.137665-abinit-gene-0.22-mRNA-1 174 218 +","match_part"],[1,1989,2054,1,"M65","NODE_900_length_19086_cov_8.137665:hsp:399005:4.5.0.0","NODE_900_length_19086_cov_8.137665","genemark","genemark-NODE_900_length_19086_cov_8.137665-abinit-gene-0.22-mRNA-1 219 283 +","match_part"],[1,2517,2621,1,"M104","NODE_900_length_19086_cov_8.137665:hsp:399006:4.5.0.0","NODE_900_length_19086_cov_8.137665","genemark","genemark-NODE_900_length_19086_cov_8.137665-abinit-gene-0.22-mRNA-1 284 387 +","match_part"]],"19086","match"],[0,3106,4014,1,"NODE_900_length_19086_cov_8.137665:hit:77643:4.5.0.0","genemark-NODE_900_length_19086_cov_8.137665-abinit-gene-0.23-mRNA-1","NODE_900_length_19086_cov_8.137665","genemark",[[1,3106,3404,1,"M298","NODE_900_length_19086_cov_8.137665:hsp:399010:4.5.0.0","NODE_900_length_19086_cov_8.137665","genemark","genemark-NODE_900_length_19086_cov_8.137665-abinit-gene-0.23-mRNA-1 1 298 +","match_part"],[1,3472,3572,1,"M100","NODE_900_length_19086_cov_8.137665:hsp:399011:4.5.0.0","NODE_900_length_19086_cov_8.137665","genemark","genemark-NODE_900_length_19086_cov_8.137665-abinit-gene-0.23-mRNA-1 299 398 +","match_part"],[1,3629,4014,1,"M385","NODE_900_length_19086_cov_8.137665:hsp:399012:4.5.0.0","NODE_900_length_19086_cov_8.137665","genemark","genemark-NODE_900_length_19086_cov_8.137665-abinit-gene-0.23-mRNA-1 399 783 +","match_part"]],"19086","match"],[0,7718,10593,-1,"NODE_900_length_19086_cov_8.137665:hit:77646:4.5.0.0","genemark-NODE_900_length_19086_cov_8.137665-abinit-gene-0.25-mRNA-1","NODE_900_length_19086_cov_8.137665","genemark",[[1,10239,10593,-1,"M354","NODE_900_length_19086_cov_8.137665:hsp:399023:4.5.0.0","NODE_900_length_19086_cov_8.137665","genemark","genemark-NODE_900_length_19086_cov_8.137665-abinit-gene-0.25-mRNA-1 2170 2523 +","match_part"],[1,9998,10148,-1,"M150","NODE_900_length_19086_cov_8.137665:hsp:399024:4.5.0.0","NODE_900_length_19086_cov_8.137665","genemark","genemark-NODE_900_length_19086_cov_8.137665-abinit-gene-0.25-mRNA-1 2020 2169 +","match_part"],[1,8825,9896,-1,"M1071","NODE_900_length_19086_cov_8.137665:hsp:399025:4.5.0.0","NODE_900_length_19086_cov_8.137665","genemark","genemark-NODE_900_length_19086_cov_8.137665-abinit-gene-0.25-mRNA-1 949 2019 +","match_part"],[1,8684,8755,-1,"M71","NODE_900_length_19086_cov_8.137665:hsp:399026:4.5.0.0","NODE_900_length_19086_cov_8.137665","genemark","genemark-NODE_900_length_19086_cov_8.137665-abinit-gene-0.25-mRNA-1 878 948 +","match_part"],[1,7718,8595,-1,"M877","NODE_900_length_19086_cov_8.137665:hsp:399027:4.5.0.0","NODE_900_length_19086_cov_8.137665","genemark","genemark-NODE_900_length_19086_cov_8.137665-abinit-gene-0.25-mRNA-1 1 877 +","match_part"]],"19086","match"],[0,16959,18246,-1,"NODE_900_length_19086_cov_8.137665:hit:77649:4.5.0.0","genemark-NODE_900_length_19086_cov_8.137665-abinit-gene-0.26-mRNA-1","NODE_900_length_19086_cov_8.137665","genemark",[[1,18102,18246,-1,"M144","NODE_900_length_19086_cov_8.137665:hsp:399044:4.5.0.0","NODE_900_length_19086_cov_8.137665","genemark","genemark-NODE_900_length_19086_cov_8.137665-abinit-gene-0.26-mRNA-1 586 729 +","match_part"],[1,17942,18004,-1,"M62","NODE_900_length_19086_cov_8.137665:hsp:399045:4.5.0.0","NODE_900_length_19086_cov_8.137665","genemark","genemark-NODE_900_length_19086_cov_8.137665-abinit-gene-0.26-mRNA-1 524 585 +","match_part"],[1,17700,17842,-1,"M142","NODE_900_length_19086_cov_8.137665:hsp:399046:4.5.0.0","NODE_900_length_19086_cov_8.137665","genemark","genemark-NODE_900_length_19086_cov_8.137665-abinit-gene-0.26-mRNA-1 382 523 +","match_part"],[1,17572,17633,-1,"M61","NODE_900_length_19086_cov_8.137665:hsp:399047:4.5.0.0","NODE_900_length_19086_cov_8.137665","genemark","genemark-NODE_900_length_19086_cov_8.137665-abinit-gene-0.26-mRNA-1 321 381 +","match_part"],[1,17385,17492,-1,"M107","NODE_900_length_19086_cov_8.137665:hsp:399048:4.5.0.0","NODE_900_length_19086_cov_8.137665","genemark","genemark-NODE_900_length_19086_cov_8.137665-abinit-gene-0.26-mRNA-1 214 320 +","match_part"],[1,17216,17314,-1,"M98","NODE_900_length_19086_cov_8.137665:hsp:399049:4.5.0.0","NODE_900_length_19086_cov_8.137665","genemark","genemark-NODE_900_length_19086_cov_8.137665-abinit-gene-0.26-mRNA-1 116 213 +","match_part"],[1,17110,17132,-1,"M22","NODE_900_length_19086_cov_8.137665:hsp:399050:4.5.0.0","NODE_900_length_19086_cov_8.137665","genemark","genemark-NODE_900_length_19086_cov_8.137665-abinit-gene-0.26-mRNA-1 94 115 +","match_part"],[1,16959,17052,-1,"M93","NODE_900_length_19086_cov_8.137665:hsp:399051:4.5.0.0","NODE_900_length_19086_cov_8.137665","genemark","genemark-NODE_900_length_19086_cov_8.137665-abinit-gene-0.26-mRNA-1 1 93 +","match_part"]],"19086","match"],[0,18924,19014,1,"NODE_900_length_19086_cov_8.137665:hit:77650:4.5.0.0","genemark-NODE_900_length_19086_cov_8.137665-abinit-gene-0.24-mRNA-1","NODE_900_length_19086_cov_8.137665","genemark",[[1,18924,19014,1,"M90","NODE_900_length_19086_cov_8.137665:hsp:399052:4.5.0.0","NODE_900_length_19086_cov_8.137665","genemark","genemark-NODE_900_length_19086_cov_8.137665-abinit-gene-0.24-mRNA-1 1 90 +","match_part"]],"19086","match"]],"urlTemplate":"lf-{Chunk}.json"}}