{"featureCount":14,"formatVersion":1,"histograms":{"meta":[{"arrayParams":{"chunkSize":10000,"length":4,"urlTemplate":"hist-2000-{Chunk}.json"},"basesPerBin":"2000"}],"stats":[{"basesPerBin":"2000","max":8,"mean":5.5}]},"intervals":{"classes":[{"attributes":["Start","End","Strand","Id","Name","Score","Seq_id","Source","Subfeatures","Target_length","Type"],"isArrayAttr":{"Subfeatures":1}},{"attributes":["Start","End","Strand","Gap","Id","Score","Seq_id","Source","Target","Type"],"isArrayAttr":{}},{"attributes":["Start","End","Chunk"],"isArrayAttr":{"Sublist":1}}],"count":14,"lazyClass":2,"maxEnd":6436,"minStart":280,"nclist":[[0,280,492,-1,"NODE_3145_length_7757_cov_6.502752:hit:27273:3.2.0.0","TRINITY_DN6592_c0_g1_i1",206,"NODE_3145_length_7757_cov_6.502752","blastn",[[1,280,492,-1,"M212","NODE_3145_length_7757_cov_6.502752:hsp:116359:3.2.0.0",206,"NODE_3145_length_7757_cov_6.502752","blastn","TRINITY_DN6592_c0_g1_i1 20 231 +","match_part"]],"231","expressed_sequence_match"],[0,992,1464,-1,"NODE_3145_length_7757_cov_6.502752:hit:27274:3.2.0.0","TRINITY_DN47946_c0_g1_i1",50,"NODE_3145_length_7757_cov_6.502752","blastn",[[1,1408,1464,-1,"M56","NODE_3145_length_7757_cov_6.502752:hsp:116360:3.2.0.0",50,"NODE_3145_length_7757_cov_6.502752","blastn","TRINITY_DN47946_c0_g1_i1 1 56 +","match_part"],[1,1255,1407,-1,"M56 D1 M95","NODE_3145_length_7757_cov_6.502752:hsp:116361:3.2.0.0",69,"NODE_3145_length_7757_cov_6.502752","blastn","TRINITY_DN47946_c0_g1_i1 43 193 +","match_part"],[1,992,1178,-1,"M186","NODE_3145_length_7757_cov_6.502752:hsp:116362:3.2.0.0",168,"NODE_3145_length_7757_cov_6.502752","blastn","TRINITY_DN47946_c0_g1_i1 199 384 +","match_part"]],"390","expressed_sequence_match"],[0,1601,2357,1,"NODE_3145_length_7757_cov_6.502752:hit:27275:3.2.0.0","TRINITY_DN1259_c0_g1_i1",124,"NODE_3145_length_7757_cov_6.502752","blastn",[[1,1601,1743,1,"M142","NODE_3145_length_7757_cov_6.502752:hsp:116363:3.2.0.0",124,"NODE_3145_length_7757_cov_6.502752","blastn","TRINITY_DN1259_c0_g1_i1 4 145 +","match_part"],[1,1822,1904,1,"M82","NODE_3145_length_7757_cov_6.502752:hsp:116364:3.2.0.0",70,"NODE_3145_length_7757_cov_6.502752","blastn","TRINITY_DN1259_c0_g1_i1 145 226 +","match_part"],[1,2023,2357,1,"M198 D3 M1 D2 M130","NODE_3145_length_7757_cov_6.502752:hsp:116365:3.2.0.0",234,"NODE_3145_length_7757_cov_6.502752","blastn","TRINITY_DN1259_c0_g1_i1 226 554 +","match_part"]],"554","expressed_sequence_match"],[0,1611,2357,1,"NODE_3145_length_7757_cov_6.502752:hit:27276:3.2.0.0","TRINITY_DN1259_c0_g1_i4",114,"NODE_3145_length_7757_cov_6.502752","blastn",[[1,1611,1743,1,"M132","NODE_3145_length_7757_cov_6.502752:hsp:116366:3.2.0.0",114,"NODE_3145_length_7757_cov_6.502752","blastn","TRINITY_DN1259_c0_g1_i4 1 132 +","match_part"],[1,1822,1904,1,"M82","NODE_3145_length_7757_cov_6.502752:hsp:116367:3.2.0.0",70,"NODE_3145_length_7757_cov_6.502752","blastn","TRINITY_DN1259_c0_g1_i4 132 213 +","match_part"],[1,2023,2357,1,"M198 D3 M1 D2 M130","NODE_3145_length_7757_cov_6.502752:hsp:116368:3.2.0.0",234,"NODE_3145_length_7757_cov_6.502752","blastn","TRINITY_DN1259_c0_g1_i4 213 541 +","match_part"]],"541","expressed_sequence_match"],[0,1822,2675,1,"NODE_3145_length_7757_cov_6.502752:hit:27277:3.2.0.0","TRINITY_DN1259_c0_g1_i2",70,"NODE_3145_length_7757_cov_6.502752","blastn",[[1,1822,1904,1,"M82","NODE_3145_length_7757_cov_6.502752:hsp:116369:3.2.0.0",70,"NODE_3145_length_7757_cov_6.502752","blastn","TRINITY_DN1259_c0_g1_i2 26 107 +","match_part"],[1,2023,2471,1,"M198 D3 M1 D2 M244","NODE_3145_length_7757_cov_6.502752:hsp:116370:3.2.0.0",336,"NODE_3145_length_7757_cov_6.502752","blastn","TRINITY_DN1259_c0_g1_i2 107 549 +","match_part"],[1,2503,2675,1,"M172","NODE_3145_length_7757_cov_6.502752:hsp:116371:3.2.0.0",148,"NODE_3145_length_7757_cov_6.502752","blastn","TRINITY_DN1259_c0_g1_i2 574 745 +","match_part"]],"745","expressed_sequence_match"],[0,1822,2675,1,"NODE_3145_length_7757_cov_6.502752:hit:27278:3.2.0.0","TRINITY_DN1259_c0_g1_i3",70,"NODE_3145_length_7757_cov_6.502752","blastn",[[1,1822,1904,1,"M82","NODE_3145_length_7757_cov_6.502752:hsp:116372:3.2.0.0",70,"NODE_3145_length_7757_cov_6.502752","blastn","TRINITY_DN1259_c0_g1_i3 26 107 +","match_part"],[1,2023,2385,1,"M198 D3 M1 D2 M158","NODE_3145_length_7757_cov_6.502752:hsp:116373:3.2.0.0",244,"NODE_3145_length_7757_cov_6.502752","blastn","TRINITY_DN1259_c0_g1_i3 107 463 +","match_part"],[1,2387,2471,1,"M84","NODE_3145_length_7757_cov_6.502752:hsp:116374:3.2.0.0",54,"NODE_3145_length_7757_cov_6.502752","blastn","TRINITY_DN1259_c0_g1_i3 480 563 +","match_part"],[1,2503,2675,1,"M172","NODE_3145_length_7757_cov_6.502752:hsp:116375:3.2.0.0",148,"NODE_3145_length_7757_cov_6.502752","blastn","TRINITY_DN1259_c0_g1_i3 588 759 +","match_part"]],"759","expressed_sequence_match"],[0,3034,3443,1,"NODE_3145_length_7757_cov_6.502752:hit:27279:3.2.0.0","TRINITY_DN7656_c0_g1_i3",373,"NODE_3145_length_7757_cov_6.502752","blastn",[[1,3034,3443,1,"M409","NODE_3145_length_7757_cov_6.502752:hsp:116376:3.2.0.0",373,"NODE_3145_length_7757_cov_6.502752","blastn","TRINITY_DN7656_c0_g1_i3 8 416 +","match_part"]],"416","expressed_sequence_match"],[0,3034,3443,1,"NODE_3145_length_7757_cov_6.502752:hit:27280:3.2.0.0","TRINITY_DN7656_c0_g1_i1",360,"NODE_3145_length_7757_cov_6.502752","blastn",[[1,3034,3443,1,"M84 I1 M86 I2 M239","NODE_3145_length_7757_cov_6.502752:hsp:116377:3.2.0.0",360,"NODE_3145_length_7757_cov_6.502752","blastn","TRINITY_DN7656_c0_g1_i1 8 419 +","match_part"]],"419","expressed_sequence_match"],[0,3034,3443,1,"NODE_3145_length_7757_cov_6.502752:hit:27281:3.2.0.0","TRINITY_DN7656_c0_g1_i2",364,"NODE_3145_length_7757_cov_6.502752","blastn",[[1,3034,3443,1,"M84 I1 M88 D2 M235","NODE_3145_length_7757_cov_6.502752:hsp:116378:3.2.0.0",364,"NODE_3145_length_7757_cov_6.502752","blastn","TRINITY_DN7656_c0_g1_i2 8 415 +","match_part"]],"415","expressed_sequence_match"],[0,3372,3672,1,"NODE_3145_length_7757_cov_6.502752:hit:27282:3.2.0.0","TRINITY_DN10984_c0_g1_i1",234,"NODE_3145_length_7757_cov_6.502752","blastn",[[1,3372,3672,1,"M300","NODE_3145_length_7757_cov_6.502752:hsp:116379:3.2.0.0",234,"NODE_3145_length_7757_cov_6.502752","blastn","TRINITY_DN10984_c0_g1_i1 1 300 +","match_part"]],"300","expressed_sequence_match"],[0,5633,6436,1,"NODE_3145_length_7757_cov_6.502752:hit:27285:3.2.0.0","TRINITY_DN5762_c0_g1_i9",319,"NODE_3145_length_7757_cov_6.502752","blastn",[[1,5633,6073,1,"M269 I6 M66 D1 M17 I2 M87","NODE_3145_length_7757_cov_6.502752:hsp:116382:3.2.0.0",319,"NODE_3145_length_7757_cov_6.502752","blastn","TRINITY_DN5762_c0_g1_i9 37 483 +","match_part"],[1,6179,6250,1,"M71","NODE_3145_length_7757_cov_6.502752:hsp:116383:3.2.0.0",65,"NODE_3145_length_7757_cov_6.502752","blastn","TRINITY_DN5762_c0_g1_i9 492 562 +","match_part"],[1,6354,6436,1,"M82","NODE_3145_length_7757_cov_6.502752:hsp:116384:3.2.0.0",58,"NODE_3145_length_7757_cov_6.502752","blastn","TRINITY_DN5762_c0_g1_i9 585 666 +","match_part"]],"681","expressed_sequence_match",{"Sublist":[[0,5633,6250,1,"NODE_3145_length_7757_cov_6.502752:hit:27283:3.2.0.0","TRINITY_DN5762_c0_g1_i6",450,"NODE_3145_length_7757_cov_6.502752","blastn",[[1,5633,6250,1,"M183 I8 M155 D1 M5 I2 M273","NODE_3145_length_7757_cov_6.502752:hsp:116380:3.2.0.0",450,"NODE_3145_length_7757_cov_6.502752","blastn","TRINITY_DN5762_c0_g1_i6 37 662 +","match_part"]],"674","expressed_sequence_match"],[0,5633,6250,1,"NODE_3145_length_7757_cov_6.502752:hit:27284:3.2.0.0","TRINITY_DN5762_c0_g1_i8",495,"NODE_3145_length_7757_cov_6.502752","blastn",[[1,5633,6250,1,"M335 D1 M17 I2 M264","NODE_3145_length_7757_cov_6.502752:hsp:116381:3.2.0.0",495,"NODE_3145_length_7757_cov_6.502752","blastn","TRINITY_DN5762_c0_g1_i8 37 654 +","match_part"]],