{"featureCount":3,"formatVersion":1,"histograms":{"meta":[{"arrayParams":{"chunkSize":10000,"length":1,"urlTemplate":"hist-10000-{Chunk}.json"},"basesPerBin":"10000"}],"stats":[{"basesPerBin":"10000","max":3,"mean":3}]},"intervals":{"classes":[{"attributes":["Start","End","Strand","Id","Name","Score","Seq_id","Source","Subfeatures","Target_length","Type"],"isArrayAttr":{"Subfeatures":1}},{"attributes":["Start","End","Strand","Gap","Id","Score","Seq_id","Source","Target","Type"],"isArrayAttr":{}},{"attributes":["Start","End","Chunk"],"isArrayAttr":{"Sublist":1}}],"count":3,"lazyClass":2,"maxEnd":7352,"minStart":439,"nclist":[[0,439,718,1,"NODE_2956_length_8216_cov_6.391890:hit:23809:4.5.0.0","augustus-NODE_2956_length_8216_cov_6.391890-abinit-gene-0.5-mRNA-1",0.89,"NODE_2956_length_8216_cov_6.391890","augustus",[[1,439,718,1,"M279","NODE_2956_length_8216_cov_6.391890:hsp:102219:4.5.0.0",0.89,"NODE_2956_length_8216_cov_6.391890","augustus","augustus-NODE_2956_length_8216_cov_6.391890-abinit-gene-0.5-mRNA-1 1 279 +","match_part"]],"8216","match"],[0,1768,5566,-1,"NODE_2956_length_8216_cov_6.391890:hit:23811:4.5.0.0","augustus-NODE_2956_length_8216_cov_6.391890-abinit-gene-0.6-mRNA-1",0.53,"NODE_2956_length_8216_cov_6.391890","augustus",[[1,1768,5566,-1,"M3798","NODE_2956_length_8216_cov_6.391890:hsp:102222:4.5.0.0",0.53,"NODE_2956_length_8216_cov_6.391890","augustus","augustus-NODE_2956_length_8216_cov_6.391890-abinit-gene-0.6-mRNA-1 1 3798 +","match_part"]],"8216","match"],[0,5902,7352,-1,"NODE_2956_length_8216_cov_6.391890:hit:23813:4.5.0.0","augustus-NODE_2956_length_8216_cov_6.391890-abinit-gene-0.7-mRNA-1",0.65,"NODE_2956_length_8216_cov_6.391890","augustus",[[1,6161,7352,-1,"M1191","NODE_2956_length_8216_cov_6.391890:hsp:102225:4.5.0.0",0.65,"NODE_2956_length_8216_cov_6.391890","augustus","augustus-NODE_2956_length_8216_cov_6.391890-abinit-gene-0.7-mRNA-1 175 1365 +","match_part"],[1,5902,6076,-1,"M174","NODE_2956_length_8216_cov_6.391890:hsp:102226:4.5.0.0",0.65,"NODE_2956_length_8216_cov_6.391890","augustus","augustus-NODE_2956_length_8216_cov_6.391890-abinit-gene-0.7-mRNA-1 1 174 +","match_part"]],"8216","match"]],"urlTemplate":"lf-{Chunk}.json"}}