{"featureCount":5,"formatVersion":1,"histograms":{"meta":[{"arrayParams":{"chunkSize":10000,"length":2,"urlTemplate":"hist-1000-{Chunk}.json"},"basesPerBin":"1000"}],"stats":[{"basesPerBin":"1000","max":4,"mean":3.5}]},"intervals":{"classes":[{"attributes":["Start","End","Strand","Aligned_coverage","Aligned_identity","Id","Name","Score","Seq_id","Source","Subfeatures","Target_length","Type"],"isArrayAttr":{"Subfeatures":1}},{"attributes":["Start","End","Strand","Gap","Id","Score","Seq_id","Source","Target","Type"],"isArrayAttr":{}},{"attributes":["Start","End","Chunk"],"isArrayAttr":{"Sublist":1}}],"count":5,"lazyClass":2,"maxEnd":1548,"minStart":707,"nclist":[[0,707,1392,-1,"97.8","95.4","NODE_11573_length_1582_cov_2.847423:hit:5325:3.2.0.0","TRINITY_DN11436_c0_g1_i1",2639,"NODE_11573_length_1582_cov_2.847423","est2genome",[[1,1346,1392,-1,"M46","NODE_11573_length_1582_cov_2.847423:hsp:11609:3.2.0.0",2639,"NODE_11573_length_1582_cov_2.847423","est2genome","TRINITY_DN11436_c0_g1_i1 2 47 +","match_part"],[1,707,1244,-1,"M76 D2 M68 D1 M141 D3 M246","NODE_11573_length_1582_cov_2.847423:hsp:11610:3.2.0.0",2639,"NODE_11573_length_1582_cov_2.847423","est2genome","TRINITY_DN11436_c0_g1_i1 48 578 +","match_part"]],"590","expressed_sequence_match"],[0,707,1392,-1,"97.8","96.1","NODE_11573_length_1582_cov_2.847423:hit:5326:3.2.0.0","TRINITY_DN11436_c0_g1_i2",2683,"NODE_11573_length_1582_cov_2.847423","est2genome",[[1,1346,1392,-1,"M46","NODE_11573_length_1582_cov_2.847423:hsp:11611:3.2.0.0",2683,"NODE_11573_length_1582_cov_2.847423","est2genome","TRINITY_DN11436_c0_g1_i2 2 47 +","match_part"],[1,707,1244,-1,"M76 D2 M210 D3 M246","NODE_11573_length_1582_cov_2.847423:hsp:11612:3.2.0.0",2683,"NODE_11573_length_1582_cov_2.847423","est2genome","TRINITY_DN11436_c0_g1_i2 48 579 +","match_part"]],"591","expressed_sequence_match",{"Sublist":[[0,707,975,-1,"95.67","97.4","NODE_11573_length_1582_cov_2.847423:hit:5327:3.2.0.0","TRINITY_DN11436_c0_g1_i3",1269,"NODE_11573_length_1582_cov_2.847423","est2genome",[[1,707,975,-1,"M19 D3 M246","NODE_11573_length_1582_cov_2.847423:hsp:11613:3.2.0.0",1269,"NODE_11573_length_1582_cov_2.847423","est2genome","TRINITY_DN11436_c0_g1_i3 1 265 +","match_part"]],"277","expressed_sequence_match"]]}],[0,1147,1548,-1,"100","96.3","NODE_11573_length_1582_cov_2.847423:hit:5328:3.2.0.0","TRINITY_DN12966_c0_g1_i3",1862,"NODE_11573_length_1582_cov_2.847423","est2genome",[[1,1147,1548,-1,"M19 D2 M380","NODE_11573_length_1582_cov_2.847423:hsp:11614:3.2.0.0",1862,"NODE_11573_length_1582_cov_2.847423","est2genome","TRINITY_DN12966_c0_g1_i3 1 399 -","match_part"]],"399","expressed_sequence_match"],[0,1233,1548,-1,"100","98.7","NODE_11573_length_1582_cov_2.847423:hit:5329:3.2.0.0","TRINITY_DN12966_c0_g1_i2",1539,"NODE_11573_length_1582_cov_2.847423","est2genome",[[1,1233,1548,-1,"M315","NODE_11573_length_1582_cov_2.847423:hsp:11615:3.2.0.0",1539,"NODE_11573_length_1582_cov_2.847423","est2genome","TRINITY_DN12966_c0_g1_i2 1 315 -","match_part"]],"315","expressed_sequence_match"]],"urlTemplate":"lf-{Chunk}.json"}}