{"featureCount":9,"formatVersion":1,"histograms":{"meta":[{"arrayParams":{"chunkSize":10000,"length":3,"urlTemplate":"hist-5000-{Chunk}.json"},"basesPerBin":"5000"}],"stats":[{"basesPerBin":"5000","max":8,"mean":5.33333333333333}]},"intervals":{"classes":[{"attributes":["Start","End","Strand","Id","Name","Score","Seq_id","Source","Subfeatures","Target_length","Type"],"isArrayAttr":{"Subfeatures":1}},{"attributes":["Start","End","Strand","Gap","Id","Score","Seq_id","Source","Target","Type"],"isArrayAttr":{}},{"attributes":["Start","End","Chunk"],"isArrayAttr":{"Sublist":1}}],"count":9,"lazyClass":2,"maxEnd":10967,"minStart":3928,"nclist":[[0,3928,7776,1,"NODE_1917_length_11866_cov_8.233265:hit:121770:3.2.0.0","TRINITY_DN4334_c0_g1_i2",518,"NODE_1917_length_11866_cov_8.233265","blastn",[[1,3928,4446,1,"M518","NODE_1917_length_11866_cov_8.233265:hsp:598978:3.2.0.0",518,"NODE_1917_length_11866_cov_8.233265","blastn","TRINITY_DN4334_c0_g1_i2 1 518 +","match_part"],[1,4520,4625,1,"M105","NODE_1917_length_11866_cov_8.233265:hsp:598979:3.2.0.0",105,"NODE_1917_length_11866_cov_8.233265","blastn","TRINITY_DN4334_c0_g1_i2 518 622 +","match_part"],[1,4868,4911,1,"M43","NODE_1917_length_11866_cov_8.233265:hsp:598980:3.2.0.0",43,"NODE_1917_length_11866_cov_8.233265","blastn","TRINITY_DN4334_c0_g1_i2 628 670 +","match_part"],[1,4992,5197,1,"M205","NODE_1917_length_11866_cov_8.233265:hsp:598981:3.2.0.0",205,"NODE_1917_length_11866_cov_8.233265","blastn","TRINITY_DN4334_c0_g1_i2 671 875 +","match_part"],[1,5350,5390,1,"M40","NODE_1917_length_11866_cov_8.233265:hsp:598982:3.2.0.0",40,"NODE_1917_length_11866_cov_8.233265","blastn","TRINITY_DN4334_c0_g1_i2 889 928 +","match_part"],[1,5460,5522,1,"M62","NODE_1917_length_11866_cov_8.233265:hsp:598983:3.2.0.0",62,"NODE_1917_length_11866_cov_8.233265","blastn","TRINITY_DN4334_c0_g1_i2 929 990 +","match_part"],[1,5582,5788,1,"M206","NODE_1917_length_11866_cov_8.233265:hsp:598984:3.2.0.0",194,"NODE_1917_length_11866_cov_8.233265","blastn","TRINITY_DN4334_c0_g1_i2 988 1193 +","match_part"],[1,5854,5921,1,"M67","NODE_1917_length_11866_cov_8.233265:hsp:598985:3.2.0.0",67,"NODE_1917_length_11866_cov_8.233265","blastn","TRINITY_DN4334_c0_g1_i2 1194 1260 +","match_part"],[1,6306,6346,1,"M40","NODE_1917_length_11866_cov_8.233265:hsp:598986:3.2.0.0",40,"NODE_1917_length_11866_cov_8.233265","blastn","TRINITY_DN4334_c0_g1_i2 1349 1388 +","match_part"],[1,6417,6489,1,"M72","NODE_1917_length_11866_cov_8.233265:hsp:598987:3.2.0.0",72,"NODE_1917_length_11866_cov_8.233265","blastn","TRINITY_DN4334_c0_g1_i2 1387 1458 +","match_part"],[1,6568,6618,1,"M50","NODE_1917_length_11866_cov_8.233265:hsp:598988:3.2.0.0",50,"NODE_1917_length_11866_cov_8.233265","blastn","TRINITY_DN4334_c0_g1_i2 1459 1508 +","match_part"],[1,6699,6753,1,"M54","NODE_1917_length_11866_cov_8.233265:hsp:598989:3.2.0.0",48,"NODE_1917_length_11866_cov_8.233265","blastn","TRINITY_DN4334_c0_g1_i2 1506 1559 +","match_part"],[1,6845,7281,1,"M189 D1 M246","NODE_1917_length_11866_cov_8.233265:hsp:598990:3.2.0.0",419,"NODE_1917_length_11866_cov_8.233265","blastn","TRINITY_DN4334_c0_g1_i2 1559 1993 +","match_part"],[1,7350,7776,1,"M426","NODE_1917_length_11866_cov_8.233265:hsp:598991:3.2.0.0",420,"NODE_1917_length_11866_cov_8.233265","blastn","TRINITY_DN4334_c0_g1_i2 1993 2418 +","match_part"]],"2424","expressed_sequence_match"],[0,3928,7776,1,"NODE_1917_length_11866_cov_8.233265:hit:121773:3.2.0.0","TRINITY_DN4334_c0_g1_i6",508,"NODE_1917_length_11866_cov_8.233265","blastn",[[1,3928,4446,1,"M414 I1 M104","NODE_1917_length_11866_cov_8.233265:hsp:599010:3.2.0.0",508,"NODE_1917_length_11866_cov_8.233265","blastn","TRINITY_DN4334_c0_g1_i6 1 519 +","match_part"],[1,4520,4625,1,"M105","NODE_1917_length_11866_cov_8.233265:hsp:599011:3.2.0.0",105,"NODE_1917_length_11866_cov_8.233265","blastn","TRINITY_DN4334_c0_g1_i6 519 623 +","match_part"],[1,4868,4911,1,"M43","NODE_1917_length_11866_cov_8.233265:hsp:599012:3.2.0.0",43,"NODE_1917_length_11866_cov_8.233265","blastn","TRINITY_DN4334_c0_g1_i6 629 671 +","match_part"],[1,4992,5197,1,"M205","NODE_1917_length_11866_cov_8.233265:hsp:599013:3.2.0.0",205,"NODE_1917_length_11866_cov_8.233265","blastn","TRINITY_DN4334_c0_g1_i6 672 876 +","match_part"],[1,5350,5390,1,"M40","NODE_1917_length_11866_cov_8.233265:hsp:599014:3.2.0.0",40,"NODE_1917_length_11866_cov_8.233265","blastn","TRINITY_DN4334_c0_g1_i6 890 929 +","match_part"],[1,5460,5522,1,"M62","NODE_1917_length_11866_cov_8.233265:hsp:599015:3.2.0.0",62,"NODE_1917_length_11866_cov_8.233265","blastn","TRINITY_DN4334_c0_g1_i6 930 991 +","match_part"],[1,5582,5788,1,"M206","NODE_1917_length_11866_cov_8.233265:hsp:599016:3.2.0.0",194,"NODE_1917_length_11866_cov_8.233265","blastn","TRINITY_DN4334_c0_g1_i6 989 1194 +","match_part"],[1,5854,5921,1,"M67","NODE_1917_length_11866_cov_8.233265:hsp:599017:3.2.0.0",67,"NODE_1917_length_11866_cov_8.233265","blastn","TRINITY_DN4334_c0_g1_i6 1195 1261 +","match_part"],[1,6306,6346,1,"M40","NODE_1917_length_11866_cov_8.233265:hsp:599018:3.2.0.0",40,"NODE_1917_length_11866_cov_8.233265","blastn","TRINITY_DN4334_c0_g1_i6 1350 1389 +","match_part"],[1,6417,6489,1,"M72","NODE_1917_length_11866_cov_8.233265:hsp:599019:3.2.0.0",72,"NODE_1917_length_11866_cov_8.233265","blastn","TRINITY_DN4334_c0_g1_i6 1388 1459 +","match_part"],[1,6568,6618,1,"M50","NODE_1917_length_11866_cov_8.233265:hsp:599020:3.2.0.0",50,"NODE_1917_length_11866_cov_8.233265","blastn","TRINITY_DN4334_c0_g1_i6 1460 1509 +","match_part"],[1,6699,6753,1,"M54","NODE_1917_length_11866_cov_8.233265:hsp:599021:3.2.0.0",48,"NODE_1917_length_11866_cov_8.233265","blastn","TRINITY_DN4334_c0_g1_i6 1507 1560 +","match_part"],[1,6845,7776,1,"M189 D1 M741","NODE_1917_length_11866_cov_8.233265:hsp:599022:3.2.0.0",902,"NODE_1917_length_11866_cov_8.233265","blastn","TRINITY_DN4334_c0_g1_i6 1560 2489 +","match_part"]],