{"featureCount":4,"formatVersion":1,"histograms":{"meta":[{"arrayParams":{"chunkSize":10000,"length":1,"urlTemplate":"hist-20000-{Chunk}.json"},"basesPerBin":"20000"}],"stats":[{"basesPerBin":"20000","max":4,"mean":4}]},"intervals":{"classes":[{"attributes":["Start","End","Strand","Id","Name","Score","Seq_id","Source","Subfeatures","Target_length","Type"],"isArrayAttr":{"Subfeatures":1}},{"attributes":["Start","End","Strand","Gap","Id","Score","Seq_id","Source","Target","Type"],"isArrayAttr":{}},{"attributes":["Start","End","Chunk"],"isArrayAttr":{"Sublist":1}}],"count":4,"lazyClass":2,"maxEnd":19734,"minStart":682,"nclist":[[0,682,6323,-1,"NODE_507_length_25435_cov_7.074878:hit:51027:4.5.0.0","augustus-NODE_507_length_25435_cov_7.074878-abinit-gene-0.3-mRNA-1",0.07,"NODE_507_length_25435_cov_7.074878","augustus",[[1,6278,6323,-1,"M45","NODE_507_length_25435_cov_7.074878:hsp:266388:4.5.0.0",0.07,"NODE_507_length_25435_cov_7.074878","augustus","augustus-NODE_507_length_25435_cov_7.074878-abinit-gene-0.3-mRNA-1 3400 3444 +","match_part"],[1,6097,6215,-1,"M118","NODE_507_length_25435_cov_7.074878:hsp:266389:4.5.0.0",0.07,"NODE_507_length_25435_cov_7.074878","augustus","augustus-NODE_507_length_25435_cov_7.074878-abinit-gene-0.3-mRNA-1 3282 3399 +","match_part"],[1,5722,5826,-1,"M104","NODE_507_length_25435_cov_7.074878:hsp:266390:4.5.0.0",0.07,"NODE_507_length_25435_cov_7.074878","augustus","augustus-NODE_507_length_25435_cov_7.074878-abinit-gene-0.3-mRNA-1 3178 3281 +","match_part"],[1,5423,5624,-1,"M201","NODE_507_length_25435_cov_7.074878:hsp:266391:4.5.0.0",0.07,"NODE_507_length_25435_cov_7.074878","augustus","augustus-NODE_507_length_25435_cov_7.074878-abinit-gene-0.3-mRNA-1 2977 3177 +","match_part"],[1,3836,4098,-1,"M262","NODE_507_length_25435_cov_7.074878:hsp:266392:4.5.0.0",0.07,"NODE_507_length_25435_cov_7.074878","augustus","augustus-NODE_507_length_25435_cov_7.074878-abinit-gene-0.3-mRNA-1 2715 2976 +","match_part"],[1,3626,3763,-1,"M137","NODE_507_length_25435_cov_7.074878:hsp:266393:4.5.0.0",0.07,"NODE_507_length_25435_cov_7.074878","augustus","augustus-NODE_507_length_25435_cov_7.074878-abinit-gene-0.3-mRNA-1 2578 2714 +","match_part"],[1,3355,3540,-1,"M185","NODE_507_length_25435_cov_7.074878:hsp:266394:4.5.0.0",0.07,"NODE_507_length_25435_cov_7.074878","augustus","augustus-NODE_507_length_25435_cov_7.074878-abinit-gene-0.3-mRNA-1 2393 2577 +","match_part"],[1,1901,3288,-1,"M1387","NODE_507_length_25435_cov_7.074878:hsp:266395:4.5.0.0",0.07,"NODE_507_length_25435_cov_7.074878","augustus","augustus-NODE_507_length_25435_cov_7.074878-abinit-gene-0.3-mRNA-1 1006 2392 +","match_part"],[1,1746,1845,-1,"M99","NODE_507_length_25435_cov_7.074878:hsp:266396:4.5.0.0",0.07,"NODE_507_length_25435_cov_7.074878","augustus","augustus-NODE_507_length_25435_cov_7.074878-abinit-gene-0.3-mRNA-1 907 1005 +","match_part"],[1,1476,1674,-1,"M198","NODE_507_length_25435_cov_7.074878:hsp:266397:4.5.0.0",0.07,"NODE_507_length_25435_cov_7.074878","augustus","augustus-NODE_507_length_25435_cov_7.074878-abinit-gene-0.3-mRNA-1 709 906 +","match_part"],[1,682,1390,-1,"M708","NODE_507_length_25435_cov_7.074878:hsp:266398:4.5.0.0",0.07,"NODE_507_length_25435_cov_7.074878","augustus","augustus-NODE_507_length_25435_cov_7.074878-abinit-gene-0.3-mRNA-1 1 708 +","match_part"]],"25435","match"],[0,9616,10658,1,"NODE_507_length_25435_cov_7.074878:hit:51033:4.5.0.0","augustus-NODE_507_length_25435_cov_7.074878-abinit-gene-0.0-mRNA-1",1,"NODE_507_length_25435_cov_7.074878","augustus",[[1,9616,10381,1,"M765","NODE_507_length_25435_cov_7.074878:hsp:266424:4.5.0.0",1,"NODE_507_length_25435_cov_7.074878","augustus","augustus-NODE_507_length_25435_cov_7.074878-abinit-gene-0.0-mRNA-1 1 765 +","match_part"],[1,10460,10658,1,"M198","NODE_507_length_25435_cov_7.074878:hsp:266425:4.5.0.0",1,"NODE_507_length_25435_cov_7.074878","augustus","augustus-NODE_507_length_25435_cov_7.074878-abinit-gene-0.0-mRNA-1 766 963 +","match_part"]],"25435","match"],[0,12216,13389,1,"NODE_507_length_25435_cov_7.074878:hit:51036:4.5.0.0","augustus-NODE_507_length_25435_cov_7.074878-abinit-gene-0.1-mRNA-1",0.87,"NODE_507_length_25435_cov_7.074878","augustus",[[1,12216,12368,1,"M152","NODE_507_length_25435_cov_7.074878:hsp:266430:4.5.0.0",0.87,"NODE_507_length_25435_cov_7.074878","augustus","augustus-NODE_507_length_25435_cov_7.074878-abinit-gene-0.1-mRNA-1 1 152 +","match_part"],[1,12460,12899,1,"M439","NODE_507_length_25435_cov_7.074878:hsp:266431:4.5.0.0",0.87,"NODE_507_length_25435_cov_7.074878","augustus","augustus-NODE_507_length_25435_cov_7.074878-abinit-gene-0.1-mRNA-1 153 591 +","match_part"],[1,13002,13200,1,"M198","NODE_507_length_25435_cov_7.074878:hsp:266432:4.5.0.0",0.87,"NODE_507_length_25435_cov_7.074878","augustus","augustus-NODE_507_length_25435_cov_7.074878-abinit-gene-0.1-mRNA-1 592 789 +","match_part"],[1,13269,13389,1,"M120","NODE_507_length_25435_cov_7.074878:hsp:266433:4.5.0.0",0.87,"NODE_507_length_25435_cov_7.074878","augustus","augustus-NODE_507_length_25435_cov_7.074878-abinit-gene-0.1-mRNA-1 790 909 +","match_part"]],"25435","match"],[0,18559,19734,1,"NODE_507_length_25435_cov_7.074878:hit:51039:4.5.0.0","augustus-NODE_507_length_25435_cov_7.074878-abinit-gene-0.2-mRNA-1",0.88,"NODE_507_length_25435_cov_7.074878","augustus",[[1,18559,18711,1,"M152","NODE_507_length_25435_cov_7.074878:hsp:266442:4.5.0.0",0.88,"NODE_507_length_25435_cov_7.074878","augustus","augustus-NODE_507_length_25435_cov_7.074878-abinit-gene-0.2-mRNA-1 1 152 +","match_part"],[1,18802,19241,1,"M439","NODE_507_length_25435_cov_7.074878:hsp:266443:4.5.0.0",0.88,"NODE_507_length_25435_cov_7.074878","augustus","augustus-NODE_507_length_25435_cov_7.074878-abinit-gene-0.2-mRNA-1 153 591 +","match_part"],[1,19347,19545,1,"M198","NODE_507_length_25435_cov_7.074878:hsp:266444:4.5.0.0",0.88,"NODE_507_length_25435_cov_7.074878","augustus","augustus-NODE_507_length_25435_cov_7.074878-abinit-gene-0.2-mRNA-1 592 789 +","match_part"],[1,19614,19734,1,"M120","NODE_507_length_25435_cov_7.074878:hsp:266445:4.5.0.0",0.88,"NODE_507_length_25435_cov_7.074878","augustus","augustus-NODE_507_length_25435_cov_7.074878-abinit-gene-0.2-mRNA-1 790 909 +","match_part"]],"25435","match"]],"urlTemplate":"lf-{Chunk}.json"}}