{"featureCount":3,"formatVersion":1,"histograms":{"meta":[{"arrayParams":{"chunkSize":10000,"length":1,"urlTemplate":"hist-10000-{Chunk}.json"},"basesPerBin":"10000"}],"stats":[{"basesPerBin":"10000","max":3,"mean":3}]},"intervals":{"classes":[{"attributes":["Start","End","Strand","Id","Name","Seq_id","Source","Subfeatures","Target_length","Type"],"isArrayAttr":{"Subfeatures":1}},{"attributes":["Start","End","Strand","Gap","Id","Seq_id","Source","Target","Type"],"isArrayAttr":{}},{"attributes":["Start","End","Strand","Id","Seq_id","Source","Target","Type"],"isArrayAttr":{}},{"attributes":["Start","End","Chunk"],"isArrayAttr":{"Sublist":1}}],"count":3,"lazyClass":3,"maxEnd":6781,"minStart":481,"nclist":[[0,481,1057,1,"NODE_3574_length_6873_cov_6.167507:hit:35186:4.5.0.0","genemark-NODE_3574_length_6873_cov_6.167507-abinit-gene-0.2-mRNA-1","NODE_3574_length_6873_cov_6.167507","genemark",[[1,481,1057,1,"M576","NODE_3574_length_6873_cov_6.167507:hsp:145592:4.5.0.0","NODE_3574_length_6873_cov_6.167507","genemark","genemark-NODE_3574_length_6873_cov_6.167507-abinit-gene-0.2-mRNA-1 1 576 +","match_part"]],"6873","match"],[0,1218,1820,1,"NODE_3574_length_6873_cov_6.167507:hit:35189:4.5.0.0","genemark-NODE_3574_length_6873_cov_6.167507-abinit-gene-0.3-mRNA-1","NODE_3574_length_6873_cov_6.167507","genemark",[[1,1218,1630,1,"M412","NODE_3574_length_6873_cov_6.167507:hsp:145599:4.5.0.0","NODE_3574_length_6873_cov_6.167507","genemark","genemark-NODE_3574_length_6873_cov_6.167507-abinit-gene-0.3-mRNA-1 1 412 +","match_part"],[1,1695,1820,1,"M125","NODE_3574_length_6873_cov_6.167507:hsp:145600:4.5.0.0","NODE_3574_length_6873_cov_6.167507","genemark","genemark-NODE_3574_length_6873_cov_6.167507-abinit-gene-0.3-mRNA-1 413 537 +","match_part"]],"6873","match"],[0,2666,6781,-1,"NODE_3574_length_6873_cov_6.167507:hit:35192:4.5.0.0","genemark-NODE_3574_length_6873_cov_6.167507-abinit-gene-0.4-mRNA-1","NODE_3574_length_6873_cov_6.167507","genemark",[[1,5990,6781,-1,"M791","NODE_3574_length_6873_cov_6.167507:hsp:145611:4.5.0.0","NODE_3574_length_6873_cov_6.167507","genemark","genemark-NODE_3574_length_6873_cov_6.167507-abinit-gene-0.4-mRNA-1 2621 3411 +","match_part"],[1,5846,5914,-1,"M68","NODE_3574_length_6873_cov_6.167507:hsp:145612:4.5.0.0","NODE_3574_length_6873_cov_6.167507","genemark","genemark-NODE_3574_length_6873_cov_6.167507-abinit-gene-0.4-mRNA-1 2553 2620 +","match_part"],[1,5700,5792,-1,"M92","NODE_3574_length_6873_cov_6.167507:hsp:145613:4.5.0.0","NODE_3574_length_6873_cov_6.167507","genemark","genemark-NODE_3574_length_6873_cov_6.167507-abinit-gene-0.4-mRNA-1 2461 2552 +","match_part"],[1,5466,5589,-1,"M123","NODE_3574_length_6873_cov_6.167507:hsp:145614:4.5.0.0","NODE_3574_length_6873_cov_6.167507","genemark","genemark-NODE_3574_length_6873_cov_6.167507-abinit-gene-0.4-mRNA-1 2338 2460 +","match_part"],[1,4822,5275,-1,"M453","NODE_3574_length_6873_cov_6.167507:hsp:145615:4.5.0.0","NODE_3574_length_6873_cov_6.167507","genemark","genemark-NODE_3574_length_6873_cov_6.167507-abinit-gene-0.4-mRNA-1 1885 2337 +","match_part"],[1,4149,4752,-1,"M603","NODE_3574_length_6873_cov_6.167507:hsp:145616:4.5.0.0","NODE_3574_length_6873_cov_6.167507","genemark","genemark-NODE_3574_length_6873_cov_6.167507-abinit-gene-0.4-mRNA-1 1282 1884 +","match_part"],[1,3167,4073,-1,"M906","NODE_3574_length_6873_cov_6.167507:hsp:145617:4.5.0.0","NODE_3574_length_6873_cov_6.167507","genemark","genemark-NODE_3574_length_6873_cov_6.167507-abinit-gene-0.4-mRNA-1 376 1281 +","match_part"],[1,3021,3098,-1,"M77","NODE_3574_length_6873_cov_6.167507:hsp:145618:4.5.0.0","NODE_3574_length_6873_cov_6.167507","genemark","genemark-NODE_3574_length_6873_cov_6.167507-abinit-gene-0.4-mRNA-1 299 375 +","match_part"],[1,2666,2964,-1,"M298","NODE_3574_length_6873_cov_6.167507:hsp:145619:4.5.0.0","NODE_3574_length_6873_cov_6.167507","genemark","genemark-NODE_3574_length_6873_cov_6.167507-abinit-gene-0.4-mRNA-1 1 298 +","match_part"]],"6873","match"]],"urlTemplate":"lf-{Chunk}.json"}}