{"featureCount":4,"formatVersion":1,"histograms":{"meta":[{"arrayParams":{"chunkSize":10000,"length":2,"urlTemplate":"hist-10000-{Chunk}.json"},"basesPerBin":"10000"}],"stats":[{"basesPerBin":"10000","max":3,"mean":2}]},"intervals":{"classes":[{"attributes":["Start","End","Strand","Id","Name","Seq_id","Source","Subfeatures","Target_length","Type"],"isArrayAttr":{"Subfeatures":1}},{"attributes":["Start","End","Strand","Gap","Id","Seq_id","Source","Target","Type"],"isArrayAttr":{}},{"attributes":["Start","End","Strand","Id","Seq_id","Source","Target","Type"],"isArrayAttr":{}},{"attributes":["Start","End","Chunk"],"isArrayAttr":{"Sublist":1}}],"count":4,"lazyClass":3,"maxEnd":12603,"minStart":293,"nclist":[[0,293,1361,1,"NODE_1380_length_14988_cov_7.623578:hit:100490:4.5.0.0","genemark-NODE_1380_length_14988_cov_7.623578-abinit-gene-0.0-mRNA-1","NODE_1380_length_14988_cov_7.623578","genemark",[[1,293,1271,1,"M978","NODE_1380_length_14988_cov_7.623578:hsp:506623:4.5.0.0","NODE_1380_length_14988_cov_7.623578","genemark","genemark-NODE_1380_length_14988_cov_7.623578-abinit-gene-0.0-mRNA-1 1 978 +","match_part"],[1,1355,1361,1,"M6","NODE_1380_length_14988_cov_7.623578:hsp:506624:4.5.0.0","NODE_1380_length_14988_cov_7.623578","genemark","genemark-NODE_1380_length_14988_cov_7.623578-abinit-gene-0.0-mRNA-1 979 984 +","match_part"]],"14988","match"],[0,2167,3895,-1,"NODE_1380_length_14988_cov_7.623578:hit:100493:4.5.0.0","genemark-NODE_1380_length_14988_cov_7.623578-abinit-gene-0.3-mRNA-1","NODE_1380_length_14988_cov_7.623578","genemark",[[1,3732,3895,-1,"M163","NODE_1380_length_14988_cov_7.623578:hsp:506634:4.5.0.0","NODE_1380_length_14988_cov_7.623578","genemark","genemark-NODE_1380_length_14988_cov_7.623578-abinit-gene-0.3-mRNA-1 999 1161 +","match_part"],[1,3521,3596,-1,"M75","NODE_1380_length_14988_cov_7.623578:hsp:506635:4.5.0.0","NODE_1380_length_14988_cov_7.623578","genemark","genemark-NODE_1380_length_14988_cov_7.623578-abinit-gene-0.3-mRNA-1 924 998 +","match_part"],[1,3322,3417,-1,"M95","NODE_1380_length_14988_cov_7.623578:hsp:506636:4.5.0.0","NODE_1380_length_14988_cov_7.623578","genemark","genemark-NODE_1380_length_14988_cov_7.623578-abinit-gene-0.3-mRNA-1 829 923 +","match_part"],[1,2981,3248,-1,"M267","NODE_1380_length_14988_cov_7.623578:hsp:506637:4.5.0.0","NODE_1380_length_14988_cov_7.623578","genemark","genemark-NODE_1380_length_14988_cov_7.623578-abinit-gene-0.3-mRNA-1 562 828 +","match_part"],[1,2811,2913,-1,"M102","NODE_1380_length_14988_cov_7.623578:hsp:506638:4.5.0.0","NODE_1380_length_14988_cov_7.623578","genemark","genemark-NODE_1380_length_14988_cov_7.623578-abinit-gene-0.3-mRNA-1 460 561 +","match_part"],[1,2599,2728,-1,"M129","NODE_1380_length_14988_cov_7.623578:hsp:506639:4.5.0.0","NODE_1380_length_14988_cov_7.623578","genemark","genemark-NODE_1380_length_14988_cov_7.623578-abinit-gene-0.3-mRNA-1 331 459 +","match_part"],[1,2167,2497,-1,"M330","NODE_1380_length_14988_cov_7.623578:hsp:506640:4.5.0.0","NODE_1380_length_14988_cov_7.623578","genemark","genemark-NODE_1380_length_14988_cov_7.623578-abinit-gene-0.3-mRNA-1 1 330 +","match_part"]],"14988","match"],[0,4114,8799,1,"NODE_1380_length_14988_cov_7.623578:hit:100496:4.5.0.0","genemark-NODE_1380_length_14988_cov_7.623578-abinit-gene-0.1-mRNA-1","NODE_1380_length_14988_cov_7.623578","genemark",[[1,4114,4235,1,"M121","NODE_1380_length_14988_cov_7.623578:hsp:506663:4.5.0.0","NODE_1380_length_14988_cov_7.623578","genemark","genemark-NODE_1380_length_14988_cov_7.623578-abinit-gene-0.1-mRNA-1 1 121 +","match_part"],[1,4329,4478,1,"M149","NODE_1380_length_14988_cov_7.623578:hsp:506664:4.5.0.0","NODE_1380_length_14988_cov_7.623578","genemark","genemark-NODE_1380_length_14988_cov_7.623578-abinit-gene-0.1-mRNA-1 122 270 +","match_part"],[1,4563,4635,1,"M72","NODE_1380_length_14988_cov_7.623578:hsp:506665:4.5.0.0","NODE_1380_length_14988_cov_7.623578","genemark","genemark-NODE_1380_length_14988_cov_7.623578-abinit-gene-0.1-mRNA-1 271 342 +","match_part"],[1,4738,5752,1,"M1014","NODE_1380_length_14988_cov_7.623578:hsp:506666:4.5.0.0","NODE_1380_length_14988_cov_7.623578","genemark","genemark-NODE_1380_length_14988_cov_7.623578-abinit-gene-0.1-mRNA-1 343 1356 +","match_part"],[1,5839,5911,1,"M72","NODE_1380_length_14988_cov_7.623578:hsp:506667:4.5.0.0","NODE_1380_length_14988_cov_7.623578","genemark","genemark-NODE_1380_length_14988_cov_7.623578-abinit-gene-0.1-mRNA-1 1357 1428 +","match_part"],[1,5983,6110,1,"M127","NODE_1380_length_14988_cov_7.623578:hsp:506668:4.5.0.0","NODE_1380_length_14988_cov_7.623578","genemark","genemark-NODE_1380_length_14988_cov_7.623578-abinit-gene-0.1-mRNA-1 1429 1555 +","match_part"],[1,6195,6430,1,"M235","NODE_1380_length_14988_cov_7.623578:hsp:506669:4.5.0.0","NODE_1380_length_14988_cov_7.623578","genemark","genemark-NODE_1380_length_14988_cov_7.623578-abinit-gene-0.1-mRNA-1 1556 1790 +","match_part"],[1,6550,6765,1,"M215","NODE_1380_length_14988_cov_7.623578:hsp:506670:4.5.0.0","NODE_1380_length_14988_cov_7.623578","genemark","genemark-NODE_1380_length_14988_cov_7.623578-abinit-gene-0.1-mRNA-1 1791 2005 +","match_part"],[1,6865,7158,1,"M293","NODE_1380_length_14988_cov_7.623578:hsp:506671:4.5.0.0","NODE_1380_length_14988_cov_7.623578","genemark","genemark-NODE_1380_length_14988_cov_7.623578-abinit-gene-0.1-mRNA-1 2006 2298 +","match_part"],[1,7238,7297,1,"M59","NODE_1380_length_14988_cov_7.623578:hsp:506672:4.5.0.0","NODE_1380_length_14988_cov_7.623578","genemark","genemark-NODE_1380_length_14988_cov_7.623578-abinit-gene-0.1-mRNA-1 2299 2357 +","match_part"],[1,7380,7600,1,"M220","NODE_1380_length_14988_cov_7.623578:hsp:506673:4.5.0.0","NODE_1380_length_14988_cov_7.623578","genemark","genemark-NODE_1380_length_14988_cov_7.623578-abinit-gene-0.1-mRNA-1 2358 2577 +","match_part"],[1,7674,7853,1,"M179","NODE_1380_length_14988_cov_7.623578:hsp:506674:4.5.0.0","NODE_1380_length_14988_cov_7.623578","genemark","genemark-NODE_1380_length_14988_cov_7.623578-abinit-gene-0.1-mRNA-1 2578 2756 +","match_part"],[1,7949,8077,1,"M128","NODE_1380_length_14988_cov_7.623578:hsp:506675:4.5.0.0","NODE_1380_length_14988_cov_7.623578","genemark","genemark-NODE_1380_length_14988_cov_7.623578-abinit-gene-0.1-mRNA-1 2757 2884 +","match_part"],[1,8198,8341,1,"M143","NODE_1380_length_14988_cov_7.623578:hsp:506676:4.5.0.0","NODE_1380_length_14988_cov_7.623578","genemark","genemark-NODE_1380_length_14988_cov_7.623578-abinit-gene-0.1-mRNA-1 2885 3027 +","match_part"],[1,8412,8482,1,"M70","NODE_1380_length_14988_cov_7.623578:hsp:506677:4.5.0.0","NODE_1380_length_14988_cov_7.623578","genemark","genemark-NODE_1380_length_14988_cov_7.623578-abinit-gene-0.1-mRNA-1 3028 3097 +","match_part"],[1,8563,8799,1,"M236","NODE_1380_length_14988_cov_7.623578:hsp:506678:4.5.0.0","NODE_1380_length_14988_cov_7.623578","genemark","genemark-NODE_1380_length_14988_cov_7.623578-abinit-gene-0.1-mRNA-1 3098 3333 +","match_part"]],"14988","match"],[0,11582,12603,1,"NODE_1380_length_14988_cov_7.623578:hit:100500:4.5.0.0","genemark-NODE_1380_length_14988_cov_7.623578-abinit-gene-0.2-mRNA-1","NODE_1380_length_14988_cov_7.623578","genemark",[[1,11582,11769,1,"M187","NODE_1380_length_14988_cov_7.623578:hsp:506689:4.5.0.0","NODE_1380_length_14988_cov_7.623578","genemark","genemark-NODE_1380_length_14988_cov_7.623578-abinit-gene-0.2-mRNA-1 1 187 +","match_part"],[1,12160,12361,1,"M201","NODE_1380_length_14988_cov_7.623578:hsp:506690:4.5.0.0","NODE_1380_length_14988_cov_7.623578","genemark","genemark-NODE_1380_length_14988_cov_7.623578-abinit-gene-0.2-mRNA-1 188 388 +","match_part"],[1,12466,12603,1,"M137","NODE_1380_length_14988_cov_7.623578:hsp:506691:4.5.0.0","NODE_1380_length_14988_cov_7.623578","genemark","genemark-NODE_1380_length_14988_cov_7.623578-abinit-gene-0.2-mRNA-1 389 525 +","match_part"]],"14988","match"]],"urlTemplate":"lf-{Chunk}.json"}}