{"featureCount":12,"formatVersion":1,"histograms":{"meta":[{"arrayParams":{"chunkSize":10000,"length":5,"urlTemplate":"hist-2000-{Chunk}.json"},"basesPerBin":"2000"}],"stats":[{"basesPerBin":"2000","max":11,"mean":2.8}]},"intervals":{"classes":[{"attributes":["Start","End","Strand","Id","Name","Score","Seq_id","Source","Subfeatures","Target_length","Type"],"isArrayAttr":{"Subfeatures":1}},{"attributes":["Start","End","Strand","Gap","Id","Score","Seq_id","Source","Target","Type"],"isArrayAttr":{}},{"attributes":["Start","End","Chunk"],"isArrayAttr":{"Sublist":1}}],"count":12,"lazyClass":2,"maxEnd":8537,"minStart":2371,"nclist":[[0,2371,2519,-1,"NODE_1692_length_12976_cov_7.552494:hit:112796:3.2.0.0","TRINITY_DN10867_c0_g1_i3",100,"NODE_1692_length_12976_cov_7.552494","blastn",[[1,2371,2519,-1,"M148","NODE_1692_length_12976_cov_7.552494:hsp:561837:3.2.0.0",100,"NODE_1692_length_12976_cov_7.552494","blastn","TRINITY_DN10867_c0_g1_i3 6 153 +","match_part"]],"218","expressed_sequence_match"],[0,6462,7967,1,"NODE_1692_length_12976_cov_7.552494:hit:112797:3.2.0.0","TRINITY_DN2285_c0_g1_i5",326,"NODE_1692_length_12976_cov_7.552494","blastn",[[1,6462,7002,1,"M42 D1 M235 D4 M258","NODE_1692_length_12976_cov_7.552494:hsp:561838:3.2.0.0",326,"NODE_1692_length_12976_cov_7.552494","blastn","TRINITY_DN2285_c0_g1_i5 7 541 +","match_part"],[1,7194,7327,1,"M133","NODE_1692_length_12976_cov_7.552494:hsp:561839:3.2.0.0",115,"NODE_1692_length_12976_cov_7.552494","blastn","TRINITY_DN2285_c0_g1_i5 540 672 +","match_part"],[1,7417,7475,1,"M58","NODE_1692_length_12976_cov_7.552494:hsp:561840:3.2.0.0",46,"NODE_1692_length_12976_cov_7.552494","blastn","TRINITY_DN2285_c0_g1_i5 685 742 +","match_part"],[1,7602,7967,1,"M304 D4 M12 D1 M44","NODE_1692_length_12976_cov_7.552494:hsp:561841:3.2.0.0",253,"NODE_1692_length_12976_cov_7.552494","blastn","TRINITY_DN2285_c0_g1_i5 739 1098 +","match_part"]],"1098","expressed_sequence_match"],[0,6462,7967,1,"NODE_1692_length_12976_cov_7.552494:hit:112798:3.2.0.0","TRINITY_DN2285_c0_g1_i7",326,"NODE_1692_length_12976_cov_7.552494","blastn",[[1,6462,7002,1,"M42 D1 M235 D4 M258","NODE_1692_length_12976_cov_7.552494:hsp:561842:3.2.0.0",326,"NODE_1692_length_12976_cov_7.552494","blastn","TRINITY_DN2285_c0_g1_i7 7 541 +","match_part"],[1,7194,7967,1,"M141 D1 M31 I1 M9 I1 M10 I1 M33 I2 M487 D4 M12 D1 M44","NODE_1692_length_12976_cov_7.552494:hsp:561843:3.2.0.0",485,"NODE_1692_length_12976_cov_7.552494","blastn","TRINITY_DN2285_c0_g1_i7 540 1311 +","match_part"]],"1311","expressed_sequence_match"],[0,6462,7967,1,"NODE_1692_length_12976_cov_7.552494:hit:112799:3.2.0.0","TRINITY_DN2285_c0_g1_i1",326,"NODE_1692_length_12976_cov_7.552494","blastn",[[1,6462,7002,1,"M42 D1 M235 D4 M258","NODE_1692_length_12976_cov_7.552494:hsp:561844:3.2.0.0",326,"NODE_1692_length_12976_cov_7.552494","blastn","TRINITY_DN2285_c0_g1_i1 7 541 +","match_part"],[1,7194,7327,1,"M133","NODE_1692_length_12976_cov_7.552494:hsp:561845:3.2.0.0",115,"NODE_1692_length_12976_cov_7.552494","blastn","TRINITY_DN2285_c0_g1_i1 540 672 +","match_part"],[1,7417,7497,1,"M57 I1 M23","NODE_1692_length_12976_cov_7.552494:hsp:561846:3.2.0.0",58,"NODE_1692_length_12976_cov_7.552494","blastn","TRINITY_DN2285_c0_g1_i1 685 765 +","match_part"],[1,7603,7967,1,"M303 D4 M12 D1 M44","NODE_1692_length_12976_cov_7.552494:hsp:561847:3.2.0.0",252,"NODE_1692_length_12976_cov_7.552494","blastn","TRINITY_DN2285_c0_g1_i1 764 1122 +","match_part"]],"1122","expressed_sequence_match"],[0,6462,7967,1,"NODE_1692_length_12976_cov_7.552494:hit:112800:3.2.0.0","TRINITY_DN2285_c0_g1_i3",326,"NODE_1692_length_12976_cov_7.552494","blastn",[[1,6462,7002,1,"M42 D1 M235 D4 M258","NODE_1692_length_12976_cov_7.552494:hsp:561848:3.2.0.0",326,"NODE_1692_length_12976_cov_7.552494","blastn","TRINITY_DN2285_c0_g1_i3 7 541 +","match_part"],[1,7194,7327,1,"M133","NODE_1692_length_12976_cov_7.552494:hsp:561849:3.2.0.0",115,"NODE_1692_length_12976_cov_7.552494","blastn","TRINITY_DN2285_c0_g1_i3 540 672 +","match_part"],[1,7417,7967,1,"M57 I1 M432 D4 M12 D1 M44","NODE_1692_length_12976_cov_7.552494:hsp:561850:3.2.0.0",398,"NODE_1692_length_12976_cov_7.552494","blastn","TRINITY_DN2285_c0_g1_i3 685 1230 +","match_part"]],"1230","expressed_sequence_match"],[0,6462,7967,1,"NODE_1692_length_12976_cov_7.552494:hit:112801:3.2.0.0","TRINITY_DN2285_c0_g1_i8",326,"NODE_1692_length_12976_cov_7.552494","blastn",[[1,6462,7002,1,"M42 D1 M235 D4 M258","NODE_1692_length_12976_cov_7.552494:hsp:561851:3.2.0.0",326,"NODE_1692_length_12976_cov_7.552494","blastn","TRINITY_DN2285_c0_g1_i8 7 541 +","match_part"],[1,7194,7329,1,"M135","NODE_1692_length_12976_cov_7.552494:hsp:561852:3.2.0.0",117,"NODE_1692_length_12976_cov_7.552494","blastn","TRINITY_DN2285_c0_g1_i8 540 674 +","match_part"],[1,7603,7967,1,"M303 D4 M12 D1 M44","NODE_1692_length_12976_cov_7.552494:hsp:561853:3.2.0.0",252,"NODE_1692_length_12976_cov_7.552494","blastn","TRINITY_DN2285_c0_g1_i8 673 1031 +","match_part"]],"1031","expressed_sequence_match"],[0,6462,7967,1,"NODE_1692_length_12976_cov_7.552494:hit:112802:3.2.0.0","TRINITY_DN2285_c0_g1_i15",326,"NODE_1692_length_12976_cov_7.552494","blastn",[[1,6462,7002,1,"M42 D1 M235 D4 M258","NODE_1692_length_12976_cov_7.552494:hsp:561854:3.2.0.0",326,"NODE_1692_length_12976_cov_7.552494","blastn","TRINITY_DN2285_c0_g1_i15 7 541 +","match_part"],[1,7194,7327,1,"M133","NODE_1692_length_12976_cov_7.552494:hsp:561855:3.2.0.0",115,"NODE_1692_length_12976_cov_7.552494","blastn","TRINITY_DN2285_c0_g1_i15 540 672 +","match_part"],[1,7417,7967,1,"M489 D4 M12 D1 M44","NODE_1692_length_12976_cov_7.552494:hsp:561856:3.2.0.0",396,"NODE_1692_length_12976_cov_7.552494","blastn","TRINITY_DN2285_c0_g1_i15 685 1229 +","match_part"]],"1229","expressed_sequence_match"],[0,6462,7967,1,"NODE_1692_length_12976_cov_7.552494:hit:112803:3.2.0.0","TRINITY_DN2285_c0_g1_i11",326,"NODE_1692_length_12976_cov_7.552494","blastn",[[1,6462,7002,1,"M42 D1 M235 D4 M258","NODE_1692_length_12976_cov_7.552494:hsp:561857:3.2.0.0",326,"NODE_1692_length_12976_cov_7.552494","blastn","TRINITY_DN2285_c0_g1_i11 7 541 +","match_part"],[1,7194,7327,1,"M133","NODE_1692_length_12976_cov_7.552494:hsp:561858:3.2.0.0",115,"NODE_1692_length_12976_cov_7.552494","blastn","TRINITY_DN2285_c0_g1_i11 540 672 +","match_part"],[1,7417,7516,1,"M57 I1 M42","NODE_1692_length_12976_cov_7.552494:hsp:561859:3.2.0.0",77,"NODE_1692_length_12976_cov_7.552494","blastn","TRINITY_DN2285_c0_g1_i11 685 784 +","match_part"],[1,7533,7967,1,"M373 D4 M12 D1 M44","NODE_1692_length_12976_cov_7.552494:hsp:561860:3.2.0.0",316,"NODE_1692_length_12976_cov_7.552494","blastn","TRINITY_DN2285_c0_g1_i11 793 1221 +","match_part"]],"1221","expressed_sequence_match",{"Sublist":[[0,6979,7217,1,"NODE_1692_length_12976_cov_7.552494:hit:112804:3.2.0.0","TRINITY_DN2285_c0_g2_i1",191,"NODE_1692_length_12976_cov_7.552494","blastn",[[1,6979,7217,1,"M163 D1 M74","NODE_1692_length_12976_cov_7.552494:hsp:561861:3.2.0.0",191,"NODE_1692_length_12976_cov_7.552494","blastn","TRINITY_DN2285_c0_g2_i1 1 237 +","match_part"]],"237","expressed_sequence_match"]]}],[0,7419,7967,1,"NODE_1692_length_12976_cov_7.552494:hit:112805:3.2.0.0","TRINITY_DN2285_c0_g1_i2",75,"NODE_1692_length_12976_cov_7.552494","blastn",[[1,7419,7516,1,"M55 I1 M42","NODE_1692_length_12976_cov_7.552494:hsp:561862:3.2.0.0",75,"NODE_1692_length_12976_cov_7.552494","blastn","TRINITY_DN2285_c0_g1_i2 95 192 +","match_part"],[1,7533,7967,1,"M373 D4 M12 D1 M44","NODE_1692_length_12976_cov_7.552494:hsp:561863:3.2.0.0",316,"NODE_1692_length_12976_cov_7.552494","blastn","TRINITY_DN2285_c0_g1_i2 201 629 +","match_part"]],