{"featureCount":3,"formatVersion":1,"histograms":{"meta":[{"arrayParams":{"chunkSize":10000,"length":2,"urlTemplate":"hist-5000-{Chunk}.json"},"basesPerBin":"5000"}],"stats":[{"basesPerBin":"5000","max":3,"mean":2}]},"intervals":{"classes":[{"attributes":["Start","End","Strand","Id","Name","Seq_id","Source","Subfeatures","Target_length","Type"],"isArrayAttr":{"Subfeatures":1}},{"attributes":["Start","End","Strand","Gap","Id","Seq_id","Source","Target","Type"],"isArrayAttr":{}},{"attributes":["Start","End","Strand","Id","Seq_id","Source","Target","Type"],"isArrayAttr":{}},{"attributes":["Start","End","Chunk"],"isArrayAttr":{"Sublist":1}}],"count":3,"lazyClass":3,"maxEnd":5327,"minStart":14,"nclist":[[0,14,1045,1,"NODE_3390_length_7189_cov_6.674596:hit:31723:4.5.0.0","genemark-NODE_3390_length_7189_cov_6.674596-abinit-gene-0.3-mRNA-1","NODE_3390_length_7189_cov_6.674596","genemark",[[1,14,119,1,"M105","NODE_3390_length_7189_cov_6.674596:hsp:133928:4.5.0.0","NODE_3390_length_7189_cov_6.674596","genemark","genemark-NODE_3390_length_7189_cov_6.674596-abinit-gene-0.3-mRNA-1 1 105 +","match_part"],[1,213,269,1,"M56","NODE_3390_length_7189_cov_6.674596:hsp:133929:4.5.0.0","NODE_3390_length_7189_cov_6.674596","genemark","genemark-NODE_3390_length_7189_cov_6.674596-abinit-gene-0.3-mRNA-1 106 161 +","match_part"],[1,366,1045,1,"M679","NODE_3390_length_7189_cov_6.674596:hsp:133930:4.5.0.0","NODE_3390_length_7189_cov_6.674596","genemark","genemark-NODE_3390_length_7189_cov_6.674596-abinit-gene-0.3-mRNA-1 162 840 +","match_part"]],"7189","match"],[0,3819,4791,1,"NODE_3390_length_7189_cov_6.674596:hit:31728:4.5.0.0","genemark-NODE_3390_length_7189_cov_6.674596-abinit-gene-0.4-mRNA-1","NODE_3390_length_7189_cov_6.674596","genemark",[[1,3819,4116,1,"M297","NODE_3390_length_7189_cov_6.674596:hsp:133944:4.5.0.0","NODE_3390_length_7189_cov_6.674596","genemark","genemark-NODE_3390_length_7189_cov_6.674596-abinit-gene-0.4-mRNA-1 1 297 +","match_part"],[1,4216,4379,1,"M163","NODE_3390_length_7189_cov_6.674596:hsp:133945:4.5.0.0","NODE_3390_length_7189_cov_6.674596","genemark","genemark-NODE_3390_length_7189_cov_6.674596-abinit-gene-0.4-mRNA-1 298 460 +","match_part"],[1,4460,4508,1,"M48","NODE_3390_length_7189_cov_6.674596:hsp:133946:4.5.0.0","NODE_3390_length_7189_cov_6.674596","genemark","genemark-NODE_3390_length_7189_cov_6.674596-abinit-gene-0.4-mRNA-1 461 508 +","match_part"],[1,4582,4668,1,"M86","NODE_3390_length_7189_cov_6.674596:hsp:133947:4.5.0.0","NODE_3390_length_7189_cov_6.674596","genemark","genemark-NODE_3390_length_7189_cov_6.674596-abinit-gene-0.4-mRNA-1 509 594 +","match_part"],[1,4731,4791,1,"M60","NODE_3390_length_7189_cov_6.674596:hsp:133948:4.5.0.0","NODE_3390_length_7189_cov_6.674596","genemark","genemark-NODE_3390_length_7189_cov_6.674596-abinit-gene-0.4-mRNA-1 595 654 +","match_part"]],"7189","match"],[0,4955,5327,-1,"NODE_3390_length_7189_cov_6.674596:hit:31729:4.5.0.0","genemark-NODE_3390_length_7189_cov_6.674596-abinit-gene-0.5-mRNA-1","NODE_3390_length_7189_cov_6.674596","genemark",[[1,4955,5327,-1,"M372","NODE_3390_length_7189_cov_6.674596:hsp:133949:4.5.0.0","NODE_3390_length_7189_cov_6.674596","genemark","genemark-NODE_3390_length_7189_cov_6.674596-abinit-gene-0.5-mRNA-1 1 372 +","match_part"]],"7189","match"]],"urlTemplate":"lf-{Chunk}.json"}}