{"featureCount":4,"formatVersion":1,"histograms":{"meta":[{"arrayParams":{"chunkSize":10000,"length":2,"urlTemplate":"hist-10000-{Chunk}.json"},"basesPerBin":"10000"}],"stats":[{"basesPerBin":"10000","max":2,"mean":2}]},"intervals":{"classes":[{"attributes":["Start","End","Strand","Id","Name","Score","Seq_id","Source","Subfeatures","Target_length","Type"],"isArrayAttr":{"Subfeatures":1}},{"attributes":["Start","End","Strand","Gap","Id","Score","Seq_id","Source","Target","Type"],"isArrayAttr":{}},{"attributes":["Start","End","Chunk"],"isArrayAttr":{"Sublist":1}}],"count":4,"lazyClass":2,"maxEnd":14081,"minStart":2,"nclist":[[0,2,2367,1,"NODE_1517_length_14131_cov_8.337261:hit:105656:4.5.0.0","augustus-NODE_1517_length_14131_cov_8.337261-abinit-gene-0.0-mRNA-1",0.17,"NODE_1517_length_14131_cov_8.337261","augustus",[[1,2,303,1,"M301","NODE_1517_length_14131_cov_8.337261:hsp:529561:4.5.0.0",0.17,"NODE_1517_length_14131_cov_8.337261","augustus","augustus-NODE_1517_length_14131_cov_8.337261-abinit-gene-0.0-mRNA-1 1 301 +","match_part"],[1,374,961,1,"M587","NODE_1517_length_14131_cov_8.337261:hsp:529562:4.5.0.0",0.17,"NODE_1517_length_14131_cov_8.337261","augustus","augustus-NODE_1517_length_14131_cov_8.337261-abinit-gene-0.0-mRNA-1 302 888 +","match_part"],[1,1071,1209,1,"M138","NODE_1517_length_14131_cov_8.337261:hsp:529563:4.5.0.0",0.17,"NODE_1517_length_14131_cov_8.337261","augustus","augustus-NODE_1517_length_14131_cov_8.337261-abinit-gene-0.0-mRNA-1 889 1026 +","match_part"],[1,1287,1439,1,"M152","NODE_1517_length_14131_cov_8.337261:hsp:529564:4.5.0.0",0.17,"NODE_1517_length_14131_cov_8.337261","augustus","augustus-NODE_1517_length_14131_cov_8.337261-abinit-gene-0.0-mRNA-1 1027 1178 +","match_part"],[1,1510,1721,1,"M211","NODE_1517_length_14131_cov_8.337261:hsp:529565:4.5.0.0",0.17,"NODE_1517_length_14131_cov_8.337261","augustus","augustus-NODE_1517_length_14131_cov_8.337261-abinit-gene-0.0-mRNA-1 1179 1389 +","match_part"],[1,1785,2034,1,"M249","NODE_1517_length_14131_cov_8.337261:hsp:529566:4.5.0.0",0.17,"NODE_1517_length_14131_cov_8.337261","augustus","augustus-NODE_1517_length_14131_cov_8.337261-abinit-gene-0.0-mRNA-1 1390 1638 +","match_part"],[1,2107,2230,1,"M123","NODE_1517_length_14131_cov_8.337261:hsp:529567:4.5.0.0",0.17,"NODE_1517_length_14131_cov_8.337261","augustus","augustus-NODE_1517_length_14131_cov_8.337261-abinit-gene-0.0-mRNA-1 1639 1761 +","match_part"],[1,2331,2367,1,"M36","NODE_1517_length_14131_cov_8.337261:hsp:529568:4.5.0.0",0.17,"NODE_1517_length_14131_cov_8.337261","augustus","augustus-NODE_1517_length_14131_cov_8.337261-abinit-gene-0.0-mRNA-1 1762 1797 +","match_part"]],"14131","match"],[0,3761,6516,-1,"NODE_1517_length_14131_cov_8.337261:hit:105659:4.5.0.0","augustus-NODE_1517_length_14131_cov_8.337261-abinit-gene-0.2-mRNA-1",0.27,"NODE_1517_length_14131_cov_8.337261","augustus",[[1,6506,6516,-1,"M10","NODE_1517_length_14131_cov_8.337261:hsp:529585:4.5.0.0",0.27,"NODE_1517_length_14131_cov_8.337261","augustus","augustus-NODE_1517_length_14131_cov_8.337261-abinit-gene-0.2-mRNA-1 1116 1125 +","match_part"],[1,5762,6008,-1,"M246","NODE_1517_length_14131_cov_8.337261:hsp:529586:4.5.0.0",0.27,"NODE_1517_length_14131_cov_8.337261","augustus","augustus-NODE_1517_length_14131_cov_8.337261-abinit-gene-0.2-mRNA-1 870 1115 +","match_part"],[1,5343,5479,-1,"M136","NODE_1517_length_14131_cov_8.337261:hsp:529587:4.5.0.0",0.27,"NODE_1517_length_14131_cov_8.337261","augustus","augustus-NODE_1517_length_14131_cov_8.337261-abinit-gene-0.2-mRNA-1 734 869 +","match_part"],[1,5209,5240,-1,"M31","NODE_1517_length_14131_cov_8.337261:hsp:529588:4.5.0.0",0.27,"NODE_1517_length_14131_cov_8.337261","augustus","augustus-NODE_1517_length_14131_cov_8.337261-abinit-gene-0.2-mRNA-1 703 733 +","match_part"],[1,5035,5111,-1,"M76","NODE_1517_length_14131_cov_8.337261:hsp:529589:4.5.0.0",0.27,"NODE_1517_length_14131_cov_8.337261","augustus","augustus-NODE_1517_length_14131_cov_8.337261-abinit-gene-0.2-mRNA-1 627 702 +","match_part"],[1,4866,4943,-1,"M77","NODE_1517_length_14131_cov_8.337261:hsp:529590:4.5.0.0",0.27,"NODE_1517_length_14131_cov_8.337261","augustus","augustus-NODE_1517_length_14131_cov_8.337261-abinit-gene-0.2-mRNA-1 550 626 +","match_part"],[1,4420,4610,-1,"M190","NODE_1517_length_14131_cov_8.337261:hsp:529591:4.5.0.0",0.27,"NODE_1517_length_14131_cov_8.337261","augustus","augustus-NODE_1517_length_14131_cov_8.337261-abinit-gene-0.2-mRNA-1 360 549 +","match_part"],[1,4288,4320,-1,"M32","NODE_1517_length_14131_cov_8.337261:hsp:529592:4.5.0.0",0.27,"NODE_1517_length_14131_cov_8.337261","augustus","augustus-NODE_1517_length_14131_cov_8.337261-abinit-gene-0.2-mRNA-1 328 359 +","match_part"],[1,3931,4180,-1,"M249","NODE_1517_length_14131_cov_8.337261:hsp:529593:4.5.0.0",0.27,"NODE_1517_length_14131_cov_8.337261","augustus","augustus-NODE_1517_length_14131_cov_8.337261-abinit-gene-0.2-mRNA-1 79 327 +","match_part"],[1,3761,3839,-1,"M78","NODE_1517_length_14131_cov_8.337261:hsp:529594:4.5.0.0",0.27,"NODE_1517_length_14131_cov_8.337261","augustus","augustus-NODE_1517_length_14131_cov_8.337261-abinit-gene-0.2-mRNA-1 1 78 +","match_part"]],"14131","match"],[0,10325,12827,1,"NODE_1517_length_14131_cov_8.337261:hit:105663:4.5.0.0","augustus-NODE_1517_length_14131_cov_8.337261-abinit-gene-0.1-mRNA-1",0.93,"NODE_1517_length_14131_cov_8.337261","augustus",[[1,10325,10679,1,"M354","NODE_1517_length_14131_cov_8.337261:hsp:529613:4.5.0.0",0.93,"NODE_1517_length_14131_cov_8.337261","augustus","augustus-NODE_1517_length_14131_cov_8.337261-abinit-gene-0.1-mRNA-1 1 354 +","match_part"],[1,10761,10872,1,"M111","NODE_1517_length_14131_cov_8.337261:hsp:529614:4.5.0.0",0.93,"NODE_1517_length_14131_cov_8.337261","augustus","augustus-NODE_1517_length_14131_cov_8.337261-abinit-gene-0.1-mRNA-1 355 465 +","match_part"],[1,11041,11967,1,"M926","NODE_1517_length_14131_cov_8.337261:hsp:529615:4.5.0.0",0.93,"NODE_1517_length_14131_cov_8.337261","augustus","augustus-NODE_1517_length_14131_cov_8.337261-abinit-gene-0.1-mRNA-1 466 1391 +","match_part"],[1,12031,12827,1,"M796","NODE_1517_length_14131_cov_8.337261:hsp:529616:4.5.0.0",0.93,"NODE_1517_length_14131_cov_8.337261","augustus","augustus-NODE_1517_length_14131_cov_8.337261-abinit-gene-0.1-mRNA-1 1392 2187 +","match_part"]],"14131","match"],[0,12900,14081,-1,"NODE_1517_length_14131_cov_8.337261:hit:105666:4.5.0.0","augustus-NODE_1517_length_14131_cov_8.337261-abinit-gene-0.3-mRNA-1",0.49,"NODE_1517_length_14131_cov_8.337261","augustus",[[1,13926,14081,-1,"M155","NODE_1517_length_14131_cov_8.337261:hsp:529626:4.5.0.0",0.49,"NODE_1517_length_14131_cov_8.337261","augustus","augustus-NODE_1517_length_14131_cov_8.337261-abinit-gene-0.3-mRNA-1 824 978 +","match_part"],[1,13402,13862,-1,"M460","NODE_1517_length_14131_cov_8.337261:hsp:529627:4.5.0.0",0.49,"NODE_1517_length_14131_cov_8.337261","augustus","augustus-NODE_1517_length_14131_cov_8.337261-abinit-gene-0.3-mRNA-1 364 823 +","match_part"],[1,13280,13337,-1,"M57","NODE_1517_length_14131_cov_8.337261:hsp:529628:4.5.0.0",0.49,"NODE_1517_length_14131_cov_8.337261","augustus","augustus-NODE_1517_length_14131_cov_8.337261-abinit-gene-0.3-mRNA-1 307 363 +","match_part"],[1,12900,13206,-1,"M306","NODE_1517_length_14131_cov_8.337261:hsp:529629:4.5.0.0",0.49,"NODE_1517_length_14131_cov_8.337261","augustus","augustus-NODE_1517_length_14131_cov_8.337261-abinit-gene-0.3-mRNA-1 1 306 +","match_part"]],"14131","match"]],"urlTemplate":"lf-{Chunk}.json"}}