{"featureCount":3,"formatVersion":1,"histograms":{"meta":[{"arrayParams":{"chunkSize":10000,"length":1,"urlTemplate":"hist-5000-{Chunk}.json"},"basesPerBin":"5000"}],"stats":[{"basesPerBin":"5000","max":3,"mean":3}]},"intervals":{"classes":[{"attributes":["Start","End","Strand","Id","Name","Seq_id","Source","Subfeatures","Target_length","Type"],"isArrayAttr":{"Subfeatures":1}},{"attributes":["Start","End","Strand","Gap","Id","Seq_id","Source","Target","Type"],"isArrayAttr":{}},{"attributes":["Start","End","Strand","Id","Seq_id","Source","Target","Type"],"isArrayAttr":{}},{"attributes":["Start","End","Chunk"],"isArrayAttr":{"Sublist":1}}],"count":3,"lazyClass":3,"maxEnd":4644,"minStart":31,"nclist":[[0,31,1868,-1,"NODE_4495_length_5702_cov_6.417758:hit:5631:4.5.0.0","genemark-NODE_4495_length_5702_cov_6.417758-abinit-gene-0.16-mRNA-1","NODE_4495_length_5702_cov_6.417758","genemark",[[1,995,1868,-1,"M873","NODE_4495_length_5702_cov_6.417758:hsp:19724:4.5.0.0","NODE_4495_length_5702_cov_6.417758","genemark","genemark-NODE_4495_length_5702_cov_6.417758-abinit-gene-0.16-mRNA-1 715 1587 +","match_part"],[1,529,828,-1,"M299","NODE_4495_length_5702_cov_6.417758:hsp:19725:4.5.0.0","NODE_4495_length_5702_cov_6.417758","genemark","genemark-NODE_4495_length_5702_cov_6.417758-abinit-gene-0.16-mRNA-1 416 714 +","match_part"],[1,31,446,-1,"M415","NODE_4495_length_5702_cov_6.417758:hsp:19726:4.5.0.0","NODE_4495_length_5702_cov_6.417758","genemark","genemark-NODE_4495_length_5702_cov_6.417758-abinit-gene-0.16-mRNA-1 1 415 +","match_part"]],"5702","match"],[0,2268,3512,1,"NODE_4495_length_5702_cov_6.417758:hit:5632:4.5.0.0","genemark-NODE_4495_length_5702_cov_6.417758-abinit-gene-0.14-mRNA-1","NODE_4495_length_5702_cov_6.417758","genemark",[[1,2268,2293,1,"M25","NODE_4495_length_5702_cov_6.417758:hsp:19727:4.5.0.0","NODE_4495_length_5702_cov_6.417758","genemark","genemark-NODE_4495_length_5702_cov_6.417758-abinit-gene-0.14-mRNA-1 1 25 +","match_part"],[1,2356,2464,1,"M108","NODE_4495_length_5702_cov_6.417758:hsp:19728:4.5.0.0","NODE_4495_length_5702_cov_6.417758","genemark","genemark-NODE_4495_length_5702_cov_6.417758-abinit-gene-0.14-mRNA-1 26 133 +","match_part"],[1,3273,3512,1,"M239","NODE_4495_length_5702_cov_6.417758:hsp:19729:4.5.0.0","NODE_4495_length_5702_cov_6.417758","genemark","genemark-NODE_4495_length_5702_cov_6.417758-abinit-gene-0.14-mRNA-1 134 372 +","match_part"]],"5702","match"],[0,3961,4644,1,"NODE_4495_length_5702_cov_6.417758:hit:5635:4.5.0.0","genemark-NODE_4495_length_5702_cov_6.417758-abinit-gene-0.15-mRNA-1","NODE_4495_length_5702_cov_6.417758","genemark",[[1,3961,4089,1,"M128","NODE_4495_length_5702_cov_6.417758:hsp:19740:4.5.0.0","NODE_4495_length_5702_cov_6.417758","genemark","genemark-NODE_4495_length_5702_cov_6.417758-abinit-gene-0.15-mRNA-1 1 128 +","match_part"],[1,4162,4256,1,"M94","NODE_4495_length_5702_cov_6.417758:hsp:19741:4.5.0.0","NODE_4495_length_5702_cov_6.417758","genemark","genemark-NODE_4495_length_5702_cov_6.417758-abinit-gene-0.15-mRNA-1 129 222 +","match_part"],[1,4322,4363,1,"M41","NODE_4495_length_5702_cov_6.417758:hsp:19742:4.5.0.0","NODE_4495_length_5702_cov_6.417758","genemark","genemark-NODE_4495_length_5702_cov_6.417758-abinit-gene-0.15-mRNA-1 223 263 +","match_part"],[1,4429,4487,1,"M58","NODE_4495_length_5702_cov_6.417758:hsp:19743:4.5.0.0","NODE_4495_length_5702_cov_6.417758","genemark","genemark-NODE_4495_length_5702_cov_6.417758-abinit-gene-0.15-mRNA-1 264 321 +","match_part"],[1,4563,4644,1,"M81","NODE_4495_length_5702_cov_6.417758:hsp:19744:4.5.0.0","NODE_4495_length_5702_cov_6.417758","genemark","genemark-NODE_4495_length_5702_cov_6.417758-abinit-gene-0.15-mRNA-1 322 402 +","match_part"]],"5702","match"]],"urlTemplate":"lf-{Chunk}.json"}}