{"featureCount":7,"formatVersion":1,"histograms":{"meta":[{"arrayParams":{"chunkSize":10000,"length":2,"urlTemplate":"hist-10000-{Chunk}.json"},"basesPerBin":"10000"}],"stats":[{"basesPerBin":"10000","max":6,"mean":3.5}]},"intervals":{"classes":[{"attributes":["Start","End","Strand","Id","Name","Score","Seq_id","Source","Subfeatures","Target_length","Type"],"isArrayAttr":{"Subfeatures":1}},{"attributes":["Start","End","Strand","Gap","Id","Score","Seq_id","Source","Target","Type"],"isArrayAttr":{}},{"attributes":["Start","End","Chunk"],"isArrayAttr":{"Sublist":1}}],"count":7,"lazyClass":2,"maxEnd":14142,"minStart":7634,"nclist":[[0,7634,8204,-1,"NODE_1459_length_14522_cov_7.239111:hit:103498:3.2.0.0","TRINITY_DN20369_c0_g1_i1",132,"NODE_1459_length_14522_cov_7.239111","blastn",[[1,8036,8204,-1,"M168","NODE_1459_length_14522_cov_7.239111:hsp:519209:3.2.0.0",132,"NODE_1459_length_14522_cov_7.239111","blastn","TRINITY_DN20369_c0_g1_i1 4 171 +","match_part"],[1,7634,8021,-1,"M387","NODE_1459_length_14522_cov_7.239111:hsp:519210:3.2.0.0",303,"NODE_1459_length_14522_cov_7.239111","blastn","TRINITY_DN20369_c0_g1_i1 201 587 +","match_part"]],"587","expressed_sequence_match"],[0,11214,14142,-1,"NODE_1459_length_14522_cov_7.239111:hit:103499:3.2.0.0","TRINITY_DN5194_c0_g1_i4",969,"NODE_1459_length_14522_cov_7.239111","blastn",[[1,13011,14142,-1,"M1131","NODE_1459_length_14522_cov_7.239111:hsp:519211:3.2.0.0",969,"NODE_1459_length_14522_cov_7.239111","blastn","TRINITY_DN5194_c0_g1_i4 1 1131 +","match_part"],[1,12654,12892,-1,"M238","NODE_1459_length_14522_cov_7.239111:hsp:519212:3.2.0.0",220,"NODE_1459_length_14522_cov_7.239111","blastn","TRINITY_DN5194_c0_g1_i4 1132 1369 +","match_part"],[1,12431,12588,-1,"M157","NODE_1459_length_14522_cov_7.239111:hsp:519213:3.2.0.0",157,"NODE_1459_length_14522_cov_7.239111","blastn","TRINITY_DN5194_c0_g1_i4 1368 1524 +","match_part"],[1,11904,12346,-1,"M442","NODE_1459_length_14522_cov_7.239111:hsp:519214:3.2.0.0",412,"NODE_1459_length_14522_cov_7.239111","blastn","TRINITY_DN5194_c0_g1_i4 1522 1963 +","match_part"],[1,11214,11784,-1,"M161 I8 M29 D3 M377","NODE_1459_length_14522_cov_7.239111:hsp:519215:3.2.0.0",478,"NODE_1459_length_14522_cov_7.239111","blastn","TRINITY_DN5194_c0_g1_i4 1962 2536 +","match_part"]],"2536","expressed_sequence_match"],[0,12016,14142,-1,"NODE_1459_length_14522_cov_7.239111:hit:103500:3.2.0.0","TRINITY_DN5194_c0_g1_i1",969,"NODE_1459_length_14522_cov_7.239111","blastn",[[1,13011,14142,-1,"M1131","NODE_1459_length_14522_cov_7.239111:hsp:519216:3.2.0.0",969,"NODE_1459_length_14522_cov_7.239111","blastn","TRINITY_DN5194_c0_g1_i1 1 1131 +","match_part"],[1,12654,12892,-1,"M238","NODE_1459_length_14522_cov_7.239111:hsp:519217:3.2.0.0",220,"NODE_1459_length_14522_cov_7.239111","blastn","TRINITY_DN5194_c0_g1_i1 1132 1369 +","match_part"],[1,12431,12588,-1,"M157","NODE_1459_length_14522_cov_7.239111:hsp:519218:3.2.0.0",157,"NODE_1459_length_14522_cov_7.239111","blastn","TRINITY_DN5194_c0_g1_i1 1368 1524 +","match_part"],[1,12016,12346,-1,"M330","NODE_1459_length_14522_cov_7.239111:hsp:519219:3.2.0.0",282,"NODE_1459_length_14522_cov_7.239111","blastn","TRINITY_DN5194_c0_g1_i1 1522 1851 +","match_part"]],"1851","expressed_sequence_match",{"Sublist":[[0,12266,12514,-1,"NODE_1459_length_14522_cov_7.239111:hit:103501:3.2.0.0","TRINITY_DN10377_c0_g1_i1",174,"NODE_1459_length_14522_cov_7.239111","blastn",[[1,12266,12514,-1,"M104 I1 M6 I1 M138","NODE_1459_length_14522_cov_7.239111:hsp:519220:3.2.0.0",174,"NODE_1459_length_14522_cov_7.239111","blastn","TRINITY_DN10377_c0_g1_i1 1 250 +","match_part"]],"250","expressed_sequence_match"],[0,12266,12514,-1,"NODE_1459_length_14522_cov_7.239111:hit:103502:3.2.0.0","TRINITY_DN10377_c0_g1_i2",180,"NODE_1459_length_14522_cov_7.239111","blastn",[[1,12266,12514,-1,"M104 I1 M6 I1 M138","NODE_1459_length_14522_cov_7.239111:hsp:519221:3.2.0.0",180,"NODE_1459_length_14522_cov_7.239111","blastn","TRINITY_DN10377_c0_g1_i2 1 250 +","match_part"]],"250","expressed_sequence_match"],[0,12266,12514,-1,"NODE_1459_length_14522_cov_7.239111:hit:103503:3.2.0.0","TRINITY_DN10377_c0_g1_i3",190,"NODE_1459_length_14522_cov_7.239111","blastn",[[1,12266,12514,-1,"M110 I1 M138","NODE_1459_length_14522_cov_7.239111:hsp:519222:3.2.0.0",190,"NODE_1459_length_14522_cov_7.239111","blastn","TRINITY_DN10377_c0_g1_i3 1 249 +","match_part"]],"249","expressed_sequence_match"],[0,12836,13096,1,"NODE_1459_length_14522_cov_7.239111:hit:103504:3.2.0.0","TRINITY_DN9064_c0_g1_i1",153,"NODE_1459_length_14522_cov_7.239111","blastn",[[1,12836,13096,1,"M83 D1 M68 D2 M18 I2 M1 I1 M87","NODE_1459_length_14522_cov_7.239111:hsp:519223:3.2.0.0",153,"NODE_1459_length_14522_cov_7.239111","blastn","TRINITY_DN9064_c0_g1_i1 1 260 +","match_part"]],"260","expressed_sequence_match"]]}]],"urlTemplate":"lf-{Chunk}.json"}}