{"featureCount":10,"formatVersion":1,"histograms":{"meta":[{"arrayParams":{"chunkSize":10000,"length":4,"urlTemplate":"hist-10000-{Chunk}.json"},"basesPerBin":"10000"}],"stats":[{"basesPerBin":"10000","max":6,"mean":3.25}]},"intervals":{"classes":[{"attributes":["Start","End","Strand","Id","Name","Seq_id","Source","Subfeatures","Target_length","Type"],"isArrayAttr":{"Subfeatures":1}},{"attributes":["Start","End","Strand","Gap","Id","Seq_id","Source","Target","Type"],"isArrayAttr":{}},{"attributes":["Start","End","Strand","Id","Seq_id","Source","Target","Type"],"isArrayAttr":{}},{"attributes":["Start","End","Chunk"],"isArrayAttr":{"Sublist":1}}],"count":10,"lazyClass":3,"maxEnd":34351,"minStart":1222,"nclist":[[0,1222,1501,1,"NODE_233_length_34381_cov_7.425615:hit:28261:4.5.0.0","genemark-NODE_233_length_34381_cov_7.425615-abinit-gene-0.62-mRNA-1","NODE_233_length_34381_cov_7.425615","genemark",[[1,1222,1501,1,"M279","NODE_233_length_34381_cov_7.425615:hsp:144836:4.5.0.0","NODE_233_length_34381_cov_7.425615","genemark","genemark-NODE_233_length_34381_cov_7.425615-abinit-gene-0.62-mRNA-1 1 279 +","match_part"]],"34381","match"],[0,2031,2350,1,"NODE_233_length_34381_cov_7.425615:hit:28264:4.5.0.0","genemark-NODE_233_length_34381_cov_7.425615-abinit-gene-0.63-mRNA-1","NODE_233_length_34381_cov_7.425615","genemark",[[1,2031,2077,1,"M46","NODE_233_length_34381_cov_7.425615:hsp:144845:4.5.0.0","NODE_233_length_34381_cov_7.425615","genemark","genemark-NODE_233_length_34381_cov_7.425615-abinit-gene-0.63-mRNA-1 1 46 +","match_part"],[1,2174,2350,1,"M176","NODE_233_length_34381_cov_7.425615:hsp:144846:4.5.0.0","NODE_233_length_34381_cov_7.425615","genemark","genemark-NODE_233_length_34381_cov_7.425615-abinit-gene-0.63-mRNA-1 47 222 +","match_part"]],"34381","match"],[0,5316,6608,1,"NODE_233_length_34381_cov_7.425615:hit:28265:4.5.0.0","genemark-NODE_233_length_34381_cov_7.425615-abinit-gene-0.64-mRNA-1","NODE_233_length_34381_cov_7.425615","genemark",[[1,5316,5369,1,"M53","NODE_233_length_34381_cov_7.425615:hsp:144847:4.5.0.0","NODE_233_length_34381_cov_7.425615","genemark","genemark-NODE_233_length_34381_cov_7.425615-abinit-gene-0.64-mRNA-1 1 53 +","match_part"],[1,5438,5664,1,"M226","NODE_233_length_34381_cov_7.425615:hsp:144848:4.5.0.0","NODE_233_length_34381_cov_7.425615","genemark","genemark-NODE_233_length_34381_cov_7.425615-abinit-gene-0.64-mRNA-1 54 279 +","match_part"],[1,5787,6525,1,"M738","NODE_233_length_34381_cov_7.425615:hsp:144849:4.5.0.0","NODE_233_length_34381_cov_7.425615","genemark","genemark-NODE_233_length_34381_cov_7.425615-abinit-gene-0.64-mRNA-1 280 1017 +","match_part"],[1,6593,6608,1,"M15","NODE_233_length_34381_cov_7.425615:hsp:144850:4.5.0.0","NODE_233_length_34381_cov_7.425615","genemark","genemark-NODE_233_length_34381_cov_7.425615-abinit-gene-0.64-mRNA-1 1018 1032 +","match_part"]],"34381","match"],[0,7628,8435,-1,"NODE_233_length_34381_cov_7.425615:hit:28268:4.5.0.0","genemark-NODE_233_length_34381_cov_7.425615-abinit-gene-0.68-mRNA-1","NODE_233_length_34381_cov_7.425615","genemark",[[1,8335,8435,-1,"M100","NODE_233_length_34381_cov_7.425615:hsp:144859:4.5.0.0","NODE_233_length_34381_cov_7.425615","genemark","genemark-NODE_233_length_34381_cov_7.425615-abinit-gene-0.68-mRNA-1 528 627 +","match_part"],[1,7951,8252,-1,"M301","NODE_233_length_34381_cov_7.425615:hsp:144860:4.5.0.0","NODE_233_length_34381_cov_7.425615","genemark","genemark-NODE_233_length_34381_cov_7.425615-abinit-gene-0.68-mRNA-1 227 527 +","match_part"],[1,7628,7854,-1,"M226","NODE_233_length_34381_cov_7.425615:hsp:144861:4.5.0.0","NODE_233_length_34381_cov_7.425615","genemark","genemark-NODE_233_length_34381_cov_7.425615-abinit-gene-0.68-mRNA-1 1 226 +","match_part"]],"34381","match"],[0,8668,9483,1,"NODE_233_length_34381_cov_7.425615:hit:28271:4.5.0.0","genemark-NODE_233_length_34381_cov_7.425615-abinit-gene-0.65-mRNA-1","NODE_233_length_34381_cov_7.425615","genemark",[[1,8668,8707,1,"M39","NODE_233_length_34381_cov_7.425615:hsp:144868:4.5.0.0","NODE_233_length_34381_cov_7.425615","genemark","genemark-NODE_233_length_34381_cov_7.425615-abinit-gene-0.65-mRNA-1 1 39 +","match_part"],[1,8771,8898,1,"M127","NODE_233_length_34381_cov_7.425615:hsp:144869:4.5.0.0","NODE_233_length_34381_cov_7.425615","genemark","genemark-NODE_233_length_34381_cov_7.425615-abinit-gene-0.65-mRNA-1 40 166 +","match_part"],[1,8998,9094,1,"M96","NODE_233_length_34381_cov_7.425615:hsp:144870:4.5.0.0","NODE_233_length_34381_cov_7.425615","genemark","genemark-NODE_233_length_34381_cov_7.425615-abinit-gene-0.65-mRNA-1 167 262 +","match_part"],[1,9178,9483,1,"M305","NODE_233_length_34381_cov_7.425615:hsp:144871:4.5.0.0","NODE_233_length_34381_cov_7.425615","genemark","genemark-NODE_233_length_34381_cov_7.425615-abinit-gene-0.65-mRNA-1 263 567 +","match_part"]],"34381","match"],[0,9693,12229,1,"NODE_233_length_34381_cov_7.425615:hit:28274:4.5.0.0","genemark-NODE_233_length_34381_cov_7.425615-abinit-gene-0.66-mRNA-1","NODE_233_length_34381_cov_7.425615","genemark",[[1,9693,10131,1,"M438","NODE_233_length_34381_cov_7.425615:hsp:144885:4.5.0.0","NODE_233_length_34381_cov_7.425615","genemark","genemark-NODE_233_length_34381_cov_7.425615-abinit-gene-0.66-mRNA-1 1 438 +","match_part"],[1,10333,10498,1,"M165","NODE_233_length_34381_cov_7.425615:hsp:144886:4.5.0.0","NODE_233_length_34381_cov_7.425615","genemark","genemark-NODE_233_length_34381_cov_7.425615-abinit-gene-0.66-mRNA-1 439 603 +","match_part"],[1,10557,10727,1,"M170","NODE_233_length_34381_cov_7.425615:hsp:144887:4.5.0.0","NODE_233_length_34381_cov_7.425615","genemark","genemark-NODE_233_length_34381_cov_7.425615-abinit-gene-0.66-mRNA-1 604 773 +","match_part"],[1,10801,11402,1,"M601","NODE_233_length_34381_cov_7.425615:hsp:144888:4.5.0.0","NODE_233_length_34381_cov_7.425615","genemark","genemark-NODE_233_length_34381_cov_7.425615-abinit-gene-0.66-mRNA-1 774 1374 +","match_part"],[1,11488,11575,1,"M87","NODE_233_length_34381_cov_7.425615:hsp:144889:4.5.0.0","NODE_233_length_34381_cov_7.425615","genemark","genemark-NODE_233_length_34381_cov_7.425615-abinit-gene-0.66-mRNA-1 1375 1461 +","match_part"],[1,11645,11964,1,"M319","NODE_233_length_34381_cov_7.425615:hsp:144890:4.5.0.0","NODE_233_length_34381_cov_7.425615","genemark","genemark-NODE_233_length_34381_cov_7.425615-abinit-gene-0.66-mRNA-1 1462 1780 +","match_part"],[1,12038,12229,1,"M191","NODE_233_length_34381_cov_7.425615:hsp:144891:4.5.0.0","NODE_233_length_34381_cov_7.425615","genemark","genemark-NODE_233_length_34381_cov_7.425615-abinit-gene-0.66-mRNA-1 1781 1971 +","match_part"]],"34381","match"],[0,13622,14492,1,"NODE_233_length_34381_cov_7.425615:hit:28278:4.5.0.0","genemark-NODE_233_length_34381_cov_7.425615-abinit-gene-0.67-mRNA-1","NODE_233_length_34381_cov_7.425615","genemark",[[1,13622,13665,1,"M43","NODE_233_length_34381_cov_7.425615:hsp:144904:4.5.0.0","NODE_233_length_34381_cov_7.425615","genemark","genemark-NODE_233_length_34381_cov_7.425615-abinit-gene-0.67-mRNA-1 1 43 +","match_part"],[1,13749,14370,1,"M621","NODE_233_length_34381_cov_7.425615:hsp:144905:4.5.0.0","NODE_233_length_34381_cov_7.425615","genemark","genemark-NODE_233_length_34381_cov_7.425615-abinit-gene-0.67-mRNA-1 44 664 +","match_part"],[1,14448,14492,1,"M44","NODE_233_length_34381_cov_7.425615:hsp:144906:4.5.0.0","NODE_233_length_34381_cov_7.425615","genemark","genemark-NODE_233_length_34381_cov_7.425615-abinit-gene-0.67-mRNA-1 665 708 +","match_part"]],