{"featureCount":25,"formatVersion":1,"histograms":{"meta":[{"arrayParams":{"chunkSize":10000,"length":6,"urlTemplate":"hist-1000-{Chunk}.json"},"basesPerBin":"1000"}],"stats":[{"basesPerBin":"1000","max":13,"mean":6.83333333333333}]},"intervals":{"classes":[{"attributes":["Start","End","Strand","Aligned_coverage","Aligned_identity","Id","Name","Score","Seq_id","Source","Subfeatures","Target_length","Type"],"isArrayAttr":{"Subfeatures":1}},{"attributes":["Start","End","Strand","Gap","Id","Score","Seq_id","Source","Target","Type"],"isArrayAttr":{}},{"attributes":["Start","End","Chunk"],"isArrayAttr":{"Sublist":1}}],"count":25,"lazyClass":2,"maxEnd":5168,"minStart":35,"nclist":[[0,35,1205,-1,"100","95","NODE_4938_length_5168_cov_3.180718:hit:10658:3.2.0.0","TRINITY_DN674_c0_g1_i9",4533,"NODE_4938_length_5168_cov_3.180718","est2genome",[[1,999,1205,-1,"M206","NODE_4938_length_5168_cov_3.180718:hsp:37179:3.2.0.0",4533,"NODE_4938_length_5168_cov_3.180718","est2genome","TRINITY_DN674_c0_g1_i9 1 206 +","match_part"],[1,816,905,-1,"M89","NODE_4938_length_5168_cov_3.180718:hsp:37180:3.2.0.0",4533,"NODE_4938_length_5168_cov_3.180718","est2genome","TRINITY_DN674_c0_g1_i9 207 295 +","match_part"],[1,35,744,-1,"M165 I2 M83 D1 M202 I2 M80 I1 M178","NODE_4938_length_5168_cov_3.180718:hsp:37181:3.2.0.0",4533,"NODE_4938_length_5168_cov_3.180718","est2genome","TRINITY_DN674_c0_g1_i9 296 1008 +","match_part"]],"1008","expressed_sequence_match"],[0,35,1205,-1,"100","95.4","NODE_4938_length_5168_cov_3.180718:hit:10661:3.2.0.0","TRINITY_DN674_c0_g1_i8",4569,"NODE_4938_length_5168_cov_3.180718","est2genome",[[1,999,1205,-1,"M206","NODE_4938_length_5168_cov_3.180718:hsp:37187:3.2.0.0",4569,"NODE_4938_length_5168_cov_3.180718","est2genome","TRINITY_DN674_c0_g1_i8 1 206 +","match_part"],[1,816,905,-1,"M89","NODE_4938_length_5168_cov_3.180718:hsp:37188:3.2.0.0",4569,"NODE_4938_length_5168_cov_3.180718","est2genome","TRINITY_DN674_c0_g1_i8 207 295 +","match_part"],[1,35,744,-1,"M165 I2 M83 D1 M202 I2 M80 I1 M178","NODE_4938_length_5168_cov_3.180718:hsp:37189:3.2.0.0",4569,"NODE_4938_length_5168_cov_3.180718","est2genome","TRINITY_DN674_c0_g1_i8 296 1008 +","match_part"]],"1008","expressed_sequence_match",{"Sublist":[[0,35,1170,-1,"99.79","94.9","NODE_4938_length_5168_cov_3.180718:hit:10659:3.2.0.0","TRINITY_DN674_c0_g1_i5",4358,"NODE_4938_length_5168_cov_3.180718","est2genome",[[1,999,1170,-1,"M171","NODE_4938_length_5168_cov_3.180718:hsp:37182:3.2.0.0",4358,"NODE_4938_length_5168_cov_3.180718","est2genome","TRINITY_DN674_c0_g1_i5 3 173 +","match_part"],[1,816,905,-1,"M89","NODE_4938_length_5168_cov_3.180718:hsp:37183:3.2.0.0",4358,"NODE_4938_length_5168_cov_3.180718","est2genome","TRINITY_DN674_c0_g1_i5 174 262 +","match_part"],[1,35,744,-1,"M165 I2 M83 D1 M202 I2 M80 I1 M178","NODE_4938_length_5168_cov_3.180718:hsp:37184:3.2.0.0",4358,"NODE_4938_length_5168_cov_3.180718","est2genome","TRINITY_DN674_c0_g1_i5 263 975 +","match_part"]],"975","expressed_sequence_match",{"Sublist":[[0,35,1123,-1,"99.9","93.7","NODE_4938_length_5168_cov_3.180718:hit:10660:3.2.0.0","TRINITY_DN674_c0_g1_i1",4456,"NODE_4938_length_5168_cov_3.180718","est2genome",[[1,816,1123,-1,"M129 D3 M27 D1 M2 D2 M19 D3 M121","NODE_4938_length_5168_cov_3.180718:hsp:37185:3.2.0.0",4456,"NODE_4938_length_5168_cov_3.180718","est2genome","TRINITY_DN674_c0_g1_i1 2 299 +","match_part"],[1,35,744,-1,"M165 I2 M83 D1 M202 I2 M80 I1 M178","NODE_4938_length_5168_cov_3.180718:hsp:37186:3.2.0.0",4456,"NODE_4938_length_5168_cov_3.180718","est2genome","TRINITY_DN674_c0_g1_i1 300 1012 +","match_part"]],"1012","expressed_sequence_match",{"Sublist":[[0,357,749,-1,"100","80.7","NODE_4938_length_5168_cov_3.180718:hit:10662:3.2.0.0","TRINITY_DN7114_c0_g1_i8",1230,"NODE_4938_length_5168_cov_3.180718","est2genome",[[1,357,749,-1,"M179 D2 M6 I3 M23 I3 M30 I1 M4 I1 M3 D2 M18 D1 M16 D8 M54 I4 M11 D3 M6 D5 M21","NODE_4938_length_5168_cov_3.180718:hsp:37190:3.2.0.0",1230,"NODE_4938_length_5168_cov_3.180718","est2genome","TRINITY_DN7114_c0_g1_i8 1 383 +","match_part"]],"383","expressed_sequence_match"],[0,664,916,-1,"99.6","95.2","NODE_4938_length_5168_cov_3.180718:hit:10663:3.2.0.0","TRINITY_DN15515_c0_g1_i1",1144,"NODE_4938_length_5168_cov_3.180718","est2genome",[[1,664,916,-1,"M5 D1 M246","NODE_4938_length_5168_cov_3.180718:hsp:37191:3.2.0.0",1144,"NODE_4938_length_5168_cov_3.180718","est2genome","TRINITY_DN15515_c0_g1_i1 2 252 +","match_part"]],"252","expressed_sequence_match"],[0,664,916,-1,"99.61","92.6","NODE_4938_length_5168_cov_3.180718:hit:10664:3.2.0.0","TRINITY_DN15515_c0_g1_i2",1098,"NODE_4938_length_5168_cov_3.180718","est2genome",[[1,664,916,-1,"M5 D1 M132 I5 M114","NODE_4938_length_5168_cov_3.180718:hsp:37192:3.2.0.0",1098,"NODE_4938_length_5168_cov_3.180718","est2genome","TRINITY_DN15515_c0_g1_i2 2 257 +","match_part"]],"257","expressed_sequence_match"],[0,664,916,-1,"99.6","94.8","NODE_4938_length_5168_cov_3.180718:hit:10665:3.2.0.0","TRINITY_DN15515_c0_g1_i3",1135,"NODE_4938_length_5168_cov_3.180718","est2genome",[[1,664,916,-1,"M5 D1 M246","NODE_4938_length_5168_cov_3.180718:hsp:37193:3.2.0.0",1135,"NODE_4938_length_5168_cov_3.180718","est2genome","TRINITY_DN15515_c0_g1_i3 2 252 +","match_part"]],"252","expressed_sequence_match"]]}]]}]]}],[0,874,1223,-1,"100","96.5","NODE_4938_length_5168_cov_3.180718:hit:10666:3.2.0.0","TRINITY_DN7506_c0_g1_i1",1173,"NODE_4938_length_5168_cov_3.180718","est2genome",[[1,999,1223,-1,"M224","NODE_4938_length_5168_cov_3.180718:hsp:37194:3.2.0.0",1173,"NODE_4938_length_5168_cov_3.180718","est2genome","TRINITY_DN7506_c0_g1_i1 1 224 +","match_part"],[1,874,905,-1,"M31","NODE_4938_length_5168_cov_3.180718:hsp:37195:3.2.0.0",1173,"NODE_4938_length_5168_cov_3.180718","est2genome","TRINITY_DN7506_c0_g1_i1 225 255 +","match_part"]],"255","expressed_sequence_match"],[0,999,1559,-1,"81.53","89.8","NODE_4938_length_5168_cov_3.180718:hit:10668:3.2.0.0","TRINITY_DN674_c0_g1_i7",2278,"NODE_4938_length_5168_cov_3.180718","est2genome",[[1,999,1559,-1,"M96 I2 M21 I4 M162 D3 M11 I1 M7 I1 M260","NODE_4938_length_5168_cov_3.180718:hsp:37197:3.2.0.0",2278,"NODE_4938_length_5168_cov_3.180718","est2genome","TRINITY_DN674_c0_g1_i7 129 693 +","match_part"]],"693","expressed_sequence_match"],[0,999,1559,-1,"80.37","90.5","NODE_4938_length_5168_cov_3.180718:hit:10669:3.2.0.0","TRINITY_DN674_c0_g1_i2",2105,"NODE_4938_length_5168_cov_3.180718","est2genome",[[1,1436,1559,-1,"M96 I2 M21 I4 M6","NODE_4938_length_5168_cov_3.180718:hsp:37198:3.2.0.0",2105,"NODE_4938_length_5168_cov_3.180718","est2genome","TRINITY_DN674_c0_g1_i2 129 257 +","match_part"],[1,999,1392,-1,"M124 I2 M269","NODE_4938_length_5168_cov_3.180718:hsp:37199:3.2.0.0",2105,"NODE_4938_length_5168_cov_3.180718","est2genome","TRINITY_DN674_c0_g1_i2 258 652 +","match_part"]],"652","expressed_sequence_match",{"Sublist":[[0,999,1335,-1,"100","94.1","NODE_4938_length_5168_cov_3.180718:hit:10667:3.2.0.0","TRINITY_DN674_c0_g1_i10",1502,"NODE_4938_length_5168_cov_3.180718","est2genome",[[1,999,1335,-1,"M67 I2 M269","NODE_4938_length_5168_cov_3.180718:hsp:37196:3.2.0.0",1502,"NODE_4938_length_5168_cov_3.180718","est2genome","TRINITY_DN674_c0_g1_i10 1 338 +","match_part"]],"338","expressed_sequence_match",{"Sublist":[[0,1049,1254,-1,"100","98.5","NODE_4938_length_5168_cov_3.180718:hit:10670:3.2.0.0","TRINITY_DN674_c0_g1_i4",998,"NODE_4938_length_5168_cov_3.180718","est2genome",[[1,1049,1254,-1,"M205","NODE_4938_length_5168_cov_3.180718:hsp:37200:3.2.0.0",998,"NODE_4938_length_5168_cov_3.180718","est2genome","TRINITY_DN674_c0_g1_i4 1 205 +","match_part"]],"205","expressed_sequence_match"]]}],[0,1095,1474,-1,"100","92.4","NODE_4938_length_5168_cov_3.180718:hit:10671:3.2.0.0","TRINITY_DN674_c0_g1_i11",1628,"NODE_4938_length_5168_cov_3.180718","est2genome",[[1,1095,1474,-1,"M11 I2 M195 D2 M171","NODE_4938_length_5168_cov_3.180718:hsp:37201:3.2.0.0",1628,"NODE_4938_length_5168_cov_3.180718","est2genome","TRINITY_DN674_c0_g1_i11 1 379 +","match_part"]],