{"featureCount":2,"formatVersion":1,"histograms":{"meta":[{"arrayParams":{"chunkSize":10000,"length":1,"urlTemplate":"hist-10000-{Chunk}.json"},"basesPerBin":"10000"}],"stats":[{"basesPerBin":"10000","max":2,"mean":2}]},"intervals":{"classes":[{"attributes":["Start","End","Strand","Id","Name","Score","Seq_id","Source","Subfeatures","Target_length","Type"],"isArrayAttr":{"Subfeatures":1}},{"attributes":["Start","End","Strand","Gap","Id","Score","Seq_id","Source","Target","Type"],"isArrayAttr":{}},{"attributes":["Start","End","Chunk"],"isArrayAttr":{"Sublist":1}}],"count":2,"lazyClass":2,"maxEnd":5789,"minStart":425,"nclist":[[0,425,4152,-1,"NODE_2332_length_10156_cov_2.213880:hit:9402:4.5.0.0","augustus-NODE_2332_length_10156_cov_2.213880-abinit-gene-0.0-mRNA-1",0.14,"NODE_2332_length_10156_cov_2.213880","augustus",[[1,2827,4152,-1,"M1325","NODE_2332_length_10156_cov_2.213880:hsp:42222:4.5.0.0",0.14,"NODE_2332_length_10156_cov_2.213880","augustus","augustus-NODE_2332_length_10156_cov_2.213880-abinit-gene-0.0-mRNA-1 2075 3399 +","match_part"],[1,850,2629,-1,"M1779","NODE_2332_length_10156_cov_2.213880:hsp:42223:4.5.0.0",0.14,"NODE_2332_length_10156_cov_2.213880","augustus","augustus-NODE_2332_length_10156_cov_2.213880-abinit-gene-0.0-mRNA-1 296 2074 +","match_part"],[1,723,777,-1,"M54","NODE_2332_length_10156_cov_2.213880:hsp:42224:4.5.0.0",0.14,"NODE_2332_length_10156_cov_2.213880","augustus","augustus-NODE_2332_length_10156_cov_2.213880-abinit-gene-0.0-mRNA-1 242 295 +","match_part"],[1,425,666,-1,"M241","NODE_2332_length_10156_cov_2.213880:hsp:42225:4.5.0.0",0.14,"NODE_2332_length_10156_cov_2.213880","augustus","augustus-NODE_2332_length_10156_cov_2.213880-abinit-gene-0.0-mRNA-1 1 241 +","match_part"]],"10156","match"],[0,5210,5789,-1,"NODE_2332_length_10156_cov_2.213880:hit:9406:4.5.0.0","augustus-NODE_2332_length_10156_cov_2.213880-abinit-gene-0.1-mRNA-1",0.99,"NODE_2332_length_10156_cov_2.213880","augustus",[[1,5210,5789,-1,"M579","NODE_2332_length_10156_cov_2.213880:hsp:42234:4.5.0.0",0.99,"NODE_2332_length_10156_cov_2.213880","augustus","augustus-NODE_2332_length_10156_cov_2.213880-abinit-gene-0.1-mRNA-1 1 579 +","match_part"]],"10156","match"]],"urlTemplate":"lf-{Chunk}.json"}}