{"featureCount":10,"formatVersion":1,"histograms":{"meta":[{"arrayParams":{"chunkSize":10000,"length":3,"urlTemplate":"hist-500-{Chunk}.json"},"basesPerBin":"500"}],"stats":[{"basesPerBin":"500","max":8,"mean":6}]},"intervals":{"classes":[{"attributes":["Start","End","Strand","Aligned_coverage","Aligned_identity","Id","Name","Score","Seq_id","Source","Subfeatures","Target_length","Type"],"isArrayAttr":{"Subfeatures":1}},{"attributes":["Start","End","Strand","Gap","Id","Score","Seq_id","Source","Target","Type"],"isArrayAttr":{}},{"attributes":["Start","End","Chunk"],"isArrayAttr":{"Sublist":1}}],"count":10,"lazyClass":2,"maxEnd":1299,"minStart":0,"nclist":[[0,0,540,-1,"84.25","69.6","NODE_13485_length_1305_cov_3.099321:hit:4130:3.2.0.0","TRINITY_DN11337_c0_g1_i2",984,"NODE_13485_length_1305_cov_3.099321","est2genome",[[1,0,540,-1,"M56 I4 M146 D2 M30 D2 M13 I2 M8 D1 M19 D1 M8 D3 M6 D5 M5 D3 M3 D1 M17 D2 M1 D1 M30 I1 M20 I1 M2 I1 M14 D1 M14 D1 M4 D1 M20 D3 M17 I3 M9 D1 M20 D3 M15 D1 M12 D1 M18","NODE_13485_length_1305_cov_3.099321:hsp:8273:3.2.0.0",984,"NODE_13485_length_1305_cov_3.099321","est2genome","TRINITY_DN11337_c0_g1_i2 89 607 -","match_part"]],"616","expressed_sequence_match",{"Sublist":[[0,0,513,-1,"83.89","73.1","NODE_13485_length_1305_cov_3.099321:hit:4131:3.2.0.0","TRINITY_DN11337_c0_g1_i3",963,"NODE_13485_length_1305_cov_3.099321","est2genome",[[1,0,513,-1,"M56 I4 M130 D5 M9 D3 M7 D1 M6 D3 M28 D1 M10 I2 M8 I1 M9 I2 M1 I1 M24 I2 M17 D1 M1 D1 M3 D1 M6 D1 M13 I2 M2 I3 M9 I1 M20 D4 M4 D2 M2 D1 M5 D1 M7 D1 M9 D4 M13 D4 M31 D2 M9 I1 M7 I2 M7 I1 M2 I2 M14 I4 M8","NODE_13485_length_1305_cov_3.099321:hsp:8274:3.2.0.0",963,"NODE_13485_length_1305_cov_3.099321","est2genome","TRINITY_DN11337_c0_g1_i3 89 593 -","match_part"]],"602","expressed_sequence_match",{"Sublist":[[0,0,191,1,"90.52","96.9","NODE_13485_length_1305_cov_3.099321:hit:4129:3.2.0.0","TRINITY_DN8719_c0_g1_i1",901,"NODE_13485_length_1305_cov_3.099321","est2genome",[[1,0,191,1,"M191","NODE_13485_length_1305_cov_3.099321:hsp:8272:3.2.0.0",901,"NODE_13485_length_1305_cov_3.099321","est2genome","TRINITY_DN8719_c0_g1_i1 21 211 +","match_part"]],"211","expressed_sequence_match"]]}]]}],[0,349,959,1,"99.18","95.2","NODE_13485_length_1305_cov_3.099321:hit:4132:3.2.0.0","TRINITY_DN7086_c0_g1_i4",2773,"NODE_13485_length_1305_cov_3.099321","est2genome",[[1,349,959,1,"M21 D1 M75 D1 M512","NODE_13485_length_1305_cov_3.099321:hsp:8275:3.2.0.0",2773,"NODE_13485_length_1305_cov_3.099321","est2genome","TRINITY_DN7086_c0_g1_i4 6 613 -","match_part"]],"613","expressed_sequence_match",{"Sublist":[[0,349,738,1,"100","94.6","NODE_13485_length_1305_cov_3.099321:hit:4133:3.2.0.0","TRINITY_DN7086_c0_g1_i2",1744,"NODE_13485_length_1305_cov_3.099321","est2genome",[[1,349,738,1,"M196 I1 M193","NODE_13485_length_1305_cov_3.099321:hsp:8276:3.2.0.0",1744,"NODE_13485_length_1305_cov_3.099321","est2genome","TRINITY_DN7086_c0_g1_i2 1 390 -","match_part"]],"390","expressed_sequence_match"],[0,349,738,1,"100","94.1","NODE_13485_length_1305_cov_3.099321:hit:4134:3.2.0.0","TRINITY_DN7086_c0_g1_i3",1738,"NODE_13485_length_1305_cov_3.099321","est2genome",[[1,349,738,1,"M389","NODE_13485_length_1305_cov_3.099321:hsp:8277:3.2.0.0",1738,"NODE_13485_length_1305_cov_3.099321","est2genome","TRINITY_DN7086_c0_g1_i3 1 389 -","match_part"]],"389","expressed_sequence_match"]]}],[0,738,1299,-1,"99.83","72.4","NODE_13485_length_1305_cov_3.099321:hit:4135:3.2.0.0","TRINITY_DN5078_c0_g1_i3",1269,"NODE_13485_length_1305_cov_3.099321","est2genome",[[1,738,1299,-1,"M122 D3 M143 I3 M1 I2 M17 I7 M13 I4 M2 I4 M5 I1 M10 I3 M2 I1 M10 I1 M6 I1 M5 D1 M11 I1 M32 D1 M7 D1 M12 D1 M13 I2 M13 D1 M2 I2 M2 I1 M3 I1 M20 I2 M4 I2 M12 I1 M3 I1 M4 I1 M9 D1 M7 I1 M2 I1 M40 D2 M3 D1 M14","NODE_13485_length_1305_cov_3.099321:hsp:8278:3.2.0.0",1269,"NODE_13485_length_1305_cov_3.099321","est2genome","TRINITY_DN5078_c0_g1_i3 1 592 +","match_part"]],"593","expressed_sequence_match",{"Sublist":[[0,818,1234,1,"98.09","90.1","NODE_13485_length_1305_cov_3.099321:hit:4136:3.2.0.0","TRINITY_DN5078_c0_g1_i4",1643,"NODE_13485_length_1305_cov_3.099321","est2genome",[[1,818,1234,1,"M8 I1 M16 D1 M18 D2 M4 I2 M201 D3 M43 D1 M75 D1 M43","NODE_13485_length_1305_cov_3.099321:hsp:8279:3.2.0.0",1643,"NODE_13485_length_1305_cov_3.099321","est2genome","TRINITY_DN5078_c0_g1_i4 9 419 -","match_part"]],"419","expressed_sequence_match"],[0,818,1234,1,"94.89","86.1","NODE_13485_length_1305_cov_3.099321:hit:4137:3.2.0.0","TRINITY_DN5078_c0_g1_i1",1362,"NODE_13485_length_1305_cov_3.099321","est2genome",[[1,818,1234,1,"M23 I1 M7 I2 M20 I1 M1 I2 M13 I3 M12 I5 M7 I3 M5 I1 M17 D1 M10 I1 M11 D1 M122 D3 M37 D1 M4 D1 M76 D1 M43","NODE_13485_length_1305_cov_3.099321:hsp:8280:3.2.0.0",1362,"NODE_13485_length_1305_cov_3.099321","est2genome","TRINITY_DN5078_c0_g1_i1 24 450 -","match_part"]],"450","expressed_sequence_match"],[0,1012,1234,1,"84.87","82.4","NODE_13485_length_1305_cov_3.099321:hit:4138:3.2.0.0","TRINITY_DN5078_c0_g1_i2",667,"NODE_13485_length_1305_cov_3.099321","est2genome",[[1,1012,1234,1,"M8 I1 M16 D1 M18 D2 M4 I2 M155 I4 M7 I4 M11","NODE_13485_length_1305_cov_3.099321:hsp:8281:3.2.0.0",667,"NODE_13485_length_1305_cov_3.099321","est2genome","TRINITY_DN5078_c0_g1_i2 9 238 -","match_part"]],"271","expressed_sequence_match"]]}]],"urlTemplate":"lf-{Chunk}.json"}}