{"featureCount":3,"formatVersion":1,"histograms":{"meta":[{"arrayParams":{"chunkSize":10000,"length":1,"urlTemplate":"hist-20000-{Chunk}.json"},"basesPerBin":"20000"}],"stats":[{"basesPerBin":"20000","max":3,"mean":3}]},"intervals":{"classes":[{"attributes":["Start","End","Strand","Id","Name","Seq_id","Source","Subfeatures","Target_length","Type"],"isArrayAttr":{"Subfeatures":1}},{"attributes":["Start","End","Strand","Gap","Id","Seq_id","Source","Target","Type"],"isArrayAttr":{}},{"attributes":["Start","End","Strand","Id","Seq_id","Source","Target","Type"],"isArrayAttr":{}},{"attributes":["Start","End","Chunk"],"isArrayAttr":{"Sublist":1}}],"count":3,"lazyClass":3,"maxEnd":15676,"minStart":4736,"nclist":[[0,4736,7746,1,"NODE_1276_length_15707_cov_8.590436:hit:95758:4.5.0.0","genemark-NODE_1276_length_15707_cov_8.590436-abinit-gene-0.26-mRNA-1","NODE_1276_length_15707_cov_8.590436","genemark",[[1,4736,5063,1,"M327","NODE_1276_length_15707_cov_8.590436:hsp:484231:4.5.0.0","NODE_1276_length_15707_cov_8.590436","genemark","genemark-NODE_1276_length_15707_cov_8.590436-abinit-gene-0.26-mRNA-1 1 327 +","match_part"],[1,5145,5322,1,"M177","NODE_1276_length_15707_cov_8.590436:hsp:484232:4.5.0.0","NODE_1276_length_15707_cov_8.590436","genemark","genemark-NODE_1276_length_15707_cov_8.590436-abinit-gene-0.26-mRNA-1 328 504 +","match_part"],[1,5406,5630,1,"M224","NODE_1276_length_15707_cov_8.590436:hsp:484233:4.5.0.0","NODE_1276_length_15707_cov_8.590436","genemark","genemark-NODE_1276_length_15707_cov_8.590436-abinit-gene-0.26-mRNA-1 505 728 +","match_part"],[1,5701,5835,1,"M134","NODE_1276_length_15707_cov_8.590436:hsp:484234:4.5.0.0","NODE_1276_length_15707_cov_8.590436","genemark","genemark-NODE_1276_length_15707_cov_8.590436-abinit-gene-0.26-mRNA-1 729 862 +","match_part"],[1,5911,6037,1,"M126","NODE_1276_length_15707_cov_8.590436:hsp:484235:4.5.0.0","NODE_1276_length_15707_cov_8.590436","genemark","genemark-NODE_1276_length_15707_cov_8.590436-abinit-gene-0.26-mRNA-1 863 988 +","match_part"],[1,6138,6687,1,"M549","NODE_1276_length_15707_cov_8.590436:hsp:484236:4.5.0.0","NODE_1276_length_15707_cov_8.590436","genemark","genemark-NODE_1276_length_15707_cov_8.590436-abinit-gene-0.26-mRNA-1 989 1537 +","match_part"],[1,6759,7094,1,"M335","NODE_1276_length_15707_cov_8.590436:hsp:484237:4.5.0.0","NODE_1276_length_15707_cov_8.590436","genemark","genemark-NODE_1276_length_15707_cov_8.590436-abinit-gene-0.26-mRNA-1 1538 1872 +","match_part"],[1,7170,7209,1,"M39","NODE_1276_length_15707_cov_8.590436:hsp:484238:4.5.0.0","NODE_1276_length_15707_cov_8.590436","genemark","genemark-NODE_1276_length_15707_cov_8.590436-abinit-gene-0.26-mRNA-1 1873 1911 +","match_part"],[1,7320,7746,1,"M426","NODE_1276_length_15707_cov_8.590436:hsp:484239:4.5.0.0","NODE_1276_length_15707_cov_8.590436","genemark","genemark-NODE_1276_length_15707_cov_8.590436-abinit-gene-0.26-mRNA-1 1912 2337 +","match_part"]],"15707","match"],[0,8925,11728,1,"NODE_1276_length_15707_cov_8.590436:hit:95763:4.5.0.0","genemark-NODE_1276_length_15707_cov_8.590436-abinit-gene-0.27-mRNA-1","NODE_1276_length_15707_cov_8.590436","genemark",[[1,8925,9046,1,"M121","NODE_1276_length_15707_cov_8.590436:hsp:484257:4.5.0.0","NODE_1276_length_15707_cov_8.590436","genemark","genemark-NODE_1276_length_15707_cov_8.590436-abinit-gene-0.27-mRNA-1 1 121 +","match_part"],[1,9624,9911,1,"M287","NODE_1276_length_15707_cov_8.590436:hsp:484258:4.5.0.0","NODE_1276_length_15707_cov_8.590436","genemark","genemark-NODE_1276_length_15707_cov_8.590436-abinit-gene-0.27-mRNA-1 122 408 +","match_part"],[1,10030,10065,1,"M35","NODE_1276_length_15707_cov_8.590436:hsp:484259:4.5.0.0","NODE_1276_length_15707_cov_8.590436","genemark","genemark-NODE_1276_length_15707_cov_8.590436-abinit-gene-0.27-mRNA-1 409 443 +","match_part"],[1,10320,10466,1,"M146","NODE_1276_length_15707_cov_8.590436:hsp:484260:4.5.0.0","NODE_1276_length_15707_cov_8.590436","genemark","genemark-NODE_1276_length_15707_cov_8.590436-abinit-gene-0.27-mRNA-1 444 589 +","match_part"],[1,10567,10895,1,"M328","NODE_1276_length_15707_cov_8.590436:hsp:484261:4.5.0.0","NODE_1276_length_15707_cov_8.590436","genemark","genemark-NODE_1276_length_15707_cov_8.590436-abinit-gene-0.27-mRNA-1 590 917 +","match_part"],[1,10959,11083,1,"M124","NODE_1276_length_15707_cov_8.590436:hsp:484262:4.5.0.0","NODE_1276_length_15707_cov_8.590436","genemark","genemark-NODE_1276_length_15707_cov_8.590436-abinit-gene-0.27-mRNA-1 918 1041 +","match_part"],[1,11232,11515,1,"M283","NODE_1276_length_15707_cov_8.590436:hsp:484263:4.5.0.0","NODE_1276_length_15707_cov_8.590436","genemark","genemark-NODE_1276_length_15707_cov_8.590436-abinit-gene-0.27-mRNA-1 1042 1324 +","match_part"],[1,11609,11728,1,"M119","NODE_1276_length_15707_cov_8.590436:hsp:484264:4.5.0.0","NODE_1276_length_15707_cov_8.590436","genemark","genemark-NODE_1276_length_15707_cov_8.590436-abinit-gene-0.27-mRNA-1 1325 1443 +","match_part"]],"15707","match"],[0,15214,15676,1,"NODE_1276_length_15707_cov_8.590436:hit:95767:4.5.0.0","genemark-NODE_1276_length_15707_cov_8.590436-abinit-gene-0.28-mRNA-1","NODE_1276_length_15707_cov_8.590436","genemark",[[1,15214,15261,1,"M47","NODE_1276_length_15707_cov_8.590436:hsp:484281:4.5.0.0","NODE_1276_length_15707_cov_8.590436","genemark","genemark-NODE_1276_length_15707_cov_8.590436-abinit-gene-0.28-mRNA-1 1 47 +","match_part"],[1,15334,15455,1,"M121","NODE_1276_length_15707_cov_8.590436:hsp:484282:4.5.0.0","NODE_1276_length_15707_cov_8.590436","genemark","genemark-NODE_1276_length_15707_cov_8.590436-abinit-gene-0.28-mRNA-1 48 168 +","match_part"],[1,15544,15676,1,"M132","NODE_1276_length_15707_cov_8.590436:hsp:484283:4.5.0.0","NODE_1276_length_15707_cov_8.590436","genemark","genemark-NODE_1276_length_15707_cov_8.590436-abinit-gene-0.28-mRNA-1 169 300 +","match_part"]],"15707","match"]],"urlTemplate":"lf-{Chunk}.json"}}