{"featureCount":6,"formatVersion":1,"histograms":{"meta":[{"arrayParams":{"chunkSize":10000,"length":2,"urlTemplate":"hist-5000-{Chunk}.json"},"basesPerBin":"5000"}],"stats":[{"basesPerBin":"5000","max":6,"mean":3}]},"intervals":{"classes":[{"attributes":["Start","End","Strand","Aligned_coverage","Aligned_identity","Id","Name","Score","Seq_id","Source","Subfeatures","Target_length","Type"],"isArrayAttr":{"Subfeatures":1}},{"attributes":["Start","End","Strand","Gap","Id","Score","Seq_id","Source","Target","Type"],"isArrayAttr":{}},{"attributes":["Start","End","Chunk"],"isArrayAttr":{"Sublist":1}}],"count":6,"lazyClass":2,"maxEnd":6819,"minStart":5220,"nclist":[[0,5220,6819,-1,"92.52","69.9","NODE_2211_length_10608_cov_7.931018:hit:6086:3.10.0.0","sp|P0CQ70.1|IF4A_CRYNJ",1255,"NODE_2211_length_10608_cov_7.931018","protein2genome",[[1,6783,6819,-1,"M12","NODE_2211_length_10608_cov_7.931018:hsp:28197:3.10.0.0",1255,"NODE_2211_length_10608_cov_7.931018","protein2genome","sp|P0CQ70.1|IF4A_CRYNJ 31 42","match_part"],[1,6459,6706,-1,"F1 M82","NODE_2211_length_10608_cov_7.931018:hsp:28198:3.10.0.0",1255,"NODE_2211_length_10608_cov_7.931018","protein2genome","sp|P0CQ70.1|IF4A_CRYNJ 43 124","match_part"],[1,5931,6395,-1,"M155 R1","NODE_2211_length_10608_cov_7.931018:hsp:28199:3.10.0.0",1255,"NODE_2211_length_10608_cov_7.931018","protein2genome","sp|P0CQ70.1|IF4A_CRYNJ 125 279","match_part"],[1,5809,5862,-1,"F2 M17","NODE_2211_length_10608_cov_7.931018:hsp:28200:3.10.0.0",1255,"NODE_2211_length_10608_cov_7.931018","protein2genome","sp|P0CQ70.1|IF4A_CRYNJ 280 296","match_part"],[1,5619,5753,-1,"F1 M45 R2","NODE_2211_length_10608_cov_7.931018:hsp:28201:3.10.0.0",1255,"NODE_2211_length_10608_cov_7.931018","protein2genome","sp|P0CQ70.1|IF4A_CRYNJ 297 341","match_part"],[1,5461,5544,-1,"M28 R1","NODE_2211_length_10608_cov_7.931018:hsp:28202:3.10.0.0",1255,"NODE_2211_length_10608_cov_7.931018","protein2genome","sp|P0CQ70.1|IF4A_CRYNJ 342 369","match_part"],[1,5321,5381,-1,"M20","NODE_2211_length_10608_cov_7.931018:hsp:28203:3.10.0.0",1255,"NODE_2211_length_10608_cov_7.931018","protein2genome","sp|P0CQ70.1|IF4A_CRYNJ 370 389","match_part"],[1,5220,5256,-1,"M12","NODE_2211_length_10608_cov_7.931018:hsp:28204:3.10.0.0",1255,"NODE_2211_length_10608_cov_7.931018","protein2genome","sp|P0CQ70.1|IF4A_CRYNJ 390 401","match_part"]],"401","protein_match"],[0,5220,6819,-1,"92.52","69.9","NODE_2211_length_10608_cov_7.931018:hit:6087:3.10.0.0","sp|P0CQ71.1|IF4A_CRYNB",1255,"NODE_2211_length_10608_cov_7.931018","protein2genome",[[1,6783,6819,-1,"M12","NODE_2211_length_10608_cov_7.931018:hsp:28205:3.10.0.0",1255,"NODE_2211_length_10608_cov_7.931018","protein2genome","sp|P0CQ71.1|IF4A_CRYNB 31 42","match_part"],[1,6459,6706,-1,"F1 M82","NODE_2211_length_10608_cov_7.931018:hsp:28206:3.10.0.0",1255,"NODE_2211_length_10608_cov_7.931018","protein2genome","sp|P0CQ71.1|IF4A_CRYNB 43 124","match_part"],[1,5931,6395,-1,"M155 R1","NODE_2211_length_10608_cov_7.931018:hsp:28207:3.10.0.0",1255,"NODE_2211_length_10608_cov_7.931018","protein2genome","sp|P0CQ71.1|IF4A_CRYNB 125 279","match_part"],[1,5809,5862,-1,"F2 M17","NODE_2211_length_10608_cov_7.931018:hsp:28208:3.10.0.0",1255,"NODE_2211_length_10608_cov_7.931018","protein2genome","sp|P0CQ71.1|IF4A_CRYNB 280 296","match_part"],[1,5619,5753,-1,"F1 M45 R2","NODE_2211_length_10608_cov_7.931018:hsp:28209:3.10.0.0",1255,"NODE_2211_length_10608_cov_7.931018","protein2genome","sp|P0CQ71.1|IF4A_CRYNB 297 341","match_part"],[1,5461,5544,-1,"M28 R1","NODE_2211_length_10608_cov_7.931018:hsp:28210:3.10.0.0",1255,"NODE_2211_length_10608_cov_7.931018","protein2genome","sp|P0CQ71.1|IF4A_CRYNB 342 369","match_part"],[1,5321,5381,-1,"M20","NODE_2211_length_10608_cov_7.931018:hsp:28211:3.10.0.0",1255,"NODE_2211_length_10608_cov_7.931018","protein2genome","sp|P0CQ71.1|IF4A_CRYNB 370 389","match_part"],[1,5220,5256,-1,"M12","NODE_2211_length_10608_cov_7.931018:hsp:28212:3.10.0.0",1255,"NODE_2211_length_10608_cov_7.931018","protein2genome","sp|P0CQ71.1|IF4A_CRYNB 390 401","match_part"]],"401","protein_match"],[0,5220,6819,-1,"93.45","82.9","NODE_2211_length_10608_cov_7.931018:hit:6088:3.10.0.0","sp|Q4P184.1|FAL1_USTMA",1472,"NODE_2211_length_10608_cov_7.931018","protein2genome",[[1,6783,6819,-1,"M12","NODE_2211_length_10608_cov_7.931018:hsp:28213:3.10.0.0",1472,"NODE_2211_length_10608_cov_7.931018","protein2genome","sp|Q4P184.1|FAL1_USTMA 27 38","match_part"],[1,6459,6706,-1,"F1 M82","NODE_2211_length_10608_cov_7.931018:hsp:28214:3.10.0.0",1472,"NODE_2211_length_10608_cov_7.931018","protein2genome","sp|Q4P184.1|FAL1_USTMA 39 120","match_part"],[1,5878,6395,-1,"F2 M172 R1","NODE_2211_length_10608_cov_7.931018:hsp:28215:3.10.0.0",1472,"NODE_2211_length_10608_cov_7.931018","protein2genome","sp|Q4P184.1|FAL1_USTMA 121 292","match_part"],[1,5619,5753,-1,"F1 M45 R2","NODE_2211_length_10608_cov_7.931018:hsp:28216:3.10.0.0",1472,"NODE_2211_length_10608_cov_7.931018","protein2genome","sp|Q4P184.1|FAL1_USTMA 293 337","match_part"],[1,5461,5544,-1,"M28 R1","NODE_2211_length_10608_cov_7.931018:hsp:28217:3.10.0.0",1472,"NODE_2211_length_10608_cov_7.931018","protein2genome","sp|Q4P184.1|FAL1_USTMA 338 365","match_part"],[1,5321,5381,-1,"M20","NODE_2211_length_10608_cov_7.931018:hsp:28218:3.10.0.0",1472,"NODE_2211_length_10608_cov_7.931018","protein2genome","sp|Q4P184.1|FAL1_USTMA 366 385","match_part"],[1,5220,5256,-1,"M12","NODE_2211_length_10608_cov_7.931018:hsp:28219:3.10.0.0",1472,"NODE_2211_length_10608_cov_7.931018","protein2genome","sp|Q4P184.1|FAL1_USTMA 386 397","match_part"]],"397","protein_match"],[0,5220,6819,-1,"90.27","73.1","NODE_2211_length_10608_cov_7.931018:hit:6089:3.10.0.0","sp|Q4P331.1|IF4A_USTMA",1303,"NODE_2211_length_10608_cov_7.931018","protein2genome",[[1,6783,6819,-1,"M12","NODE_2211_length_10608_cov_7.931018:hsp:28220:3.10.0.0",1303,"NODE_2211_length_10608_cov_7.931018","protein2genome","sp|Q4P331.1|IF4A_USTMA 41 52","match_part"],[1,6459,6706,-1,"F1 M82","NODE_2211_length_10608_cov_7.931018:hsp:28221:3.10.0.0",1303,"NODE_2211_length_10608_cov_7.931018","protein2genome","sp|Q4P331.1|IF4A_USTMA 53 134","match_part"],[1,5931,6395,-1,"M155 R1","NODE_2211_length_10608_cov_7.931018:hsp:28222:3.10.0.0",1303,"NODE_2211_length_10608_cov_7.931018","protein2genome","sp|Q4P331.1|IF4A_USTMA 135 289","match_part"],[1,5809,5862,-1,"F2 M17","NODE_2211_length_10608_cov_7.931018:hsp:28223:3.10.0.0",1303,"NODE_2211_length_10608_cov_7.931018","protein2genome","sp|Q4P331.1|IF4A_USTMA 290 306","match_part"],[1,5619,5753,-1,"F1 M45 R2","NODE_2211_length_10608_cov_7.931018:hsp:28224:3.10.0.0",1303,"NODE_2211_length_10608_cov_7.931018","protein2genome","sp|Q4P331.1|IF4A_USTMA 307 351","match_part"],[1,5461,5544,-1,"M28 R1","NODE_2211_length_10608_cov_7.931018:hsp:28225:3.10.0.0",1303,"NODE_2211_length_10608_cov_7.931018","protein2genome","sp|Q4P331.1|IF4A_USTMA 352 379","match_part"],[1,5321,5381,-1,"M20","NODE_2211_length_10608_cov_7.931018:hsp:28226:3.10.0.0",1303,"NODE_2211_length_10608_cov_7.931018","protein2genome","sp|Q4P331.1|IF4A_USTMA 380 399","match_part"],[1,5220,5256,-1,"M12","NODE_2211_length_10608_cov_7.931018:hsp:28227:3.10.0.0",1303,"NODE_2211_length_10608_cov_7.931018","protein2genome","sp|Q4P331.1|IF4A_USTMA 400 411","match_part"]],