{"featureCount":6,"formatVersion":1,"histograms":{"meta":[{"arrayParams":{"chunkSize":10000,"length":2,"urlTemplate":"hist-20000-{Chunk}.json"},"basesPerBin":"20000"}],"stats":[{"basesPerBin":"20000","max":3,"mean":3}]},"intervals":{"classes":[{"attributes":["Start","End","Strand","Id","Name","Score","Seq_id","Source","Subfeatures","Target_length","Type"],"isArrayAttr":{"Subfeatures":1}},{"attributes":["Start","End","Strand","Gap","Id","Score","Seq_id","Source","Target","Type"],"isArrayAttr":{}},{"attributes":["Start","End","Chunk"],"isArrayAttr":{"Sublist":1}}],"count":6,"lazyClass":2,"maxEnd":30243,"minStart":3252,"nclist":[[0,3252,5435,-1,"NODE_299_length_31193_cov_5.782528:hit:33958:4.5.0.0","augustus-NODE_299_length_31193_cov_5.782528-abinit-gene-0.3-mRNA-1",0.3,"NODE_299_length_31193_cov_5.782528","augustus",[[1,5252,5435,-1,"M183","NODE_299_length_31193_cov_5.782528:hsp:174455:4.5.0.0",0.3,"NODE_299_length_31193_cov_5.782528","augustus","augustus-NODE_299_length_31193_cov_5.782528-abinit-gene-0.3-mRNA-1 1225 1407 +","match_part"],[1,5119,5162,-1,"M43","NODE_299_length_31193_cov_5.782528:hsp:174456:4.5.0.0",0.3,"NODE_299_length_31193_cov_5.782528","augustus","augustus-NODE_299_length_31193_cov_5.782528-abinit-gene-0.3-mRNA-1 1182 1224 +","match_part"],[1,4811,5033,-1,"M222","NODE_299_length_31193_cov_5.782528:hsp:174457:4.5.0.0",0.3,"NODE_299_length_31193_cov_5.782528","augustus","augustus-NODE_299_length_31193_cov_5.782528-abinit-gene-0.3-mRNA-1 960 1181 +","match_part"],[1,4704,4740,-1,"M36","NODE_299_length_31193_cov_5.782528:hsp:174458:4.5.0.0",0.3,"NODE_299_length_31193_cov_5.782528","augustus","augustus-NODE_299_length_31193_cov_5.782528-abinit-gene-0.3-mRNA-1 924 959 +","match_part"],[1,4318,4587,-1,"M269","NODE_299_length_31193_cov_5.782528:hsp:174459:4.5.0.0",0.3,"NODE_299_length_31193_cov_5.782528","augustus","augustus-NODE_299_length_31193_cov_5.782528-abinit-gene-0.3-mRNA-1 655 923 +","match_part"],[1,4025,4127,-1,"M102","NODE_299_length_31193_cov_5.782528:hsp:174460:4.5.0.0",0.3,"NODE_299_length_31193_cov_5.782528","augustus","augustus-NODE_299_length_31193_cov_5.782528-abinit-gene-0.3-mRNA-1 553 654 +","match_part"],[1,3830,3942,-1,"M112","NODE_299_length_31193_cov_5.782528:hsp:174461:4.5.0.0",0.3,"NODE_299_length_31193_cov_5.782528","augustus","augustus-NODE_299_length_31193_cov_5.782528-abinit-gene-0.3-mRNA-1 441 552 +","match_part"],[1,3631,3762,-1,"M131","NODE_299_length_31193_cov_5.782528:hsp:174462:4.5.0.0",0.3,"NODE_299_length_31193_cov_5.782528","augustus","augustus-NODE_299_length_31193_cov_5.782528-abinit-gene-0.3-mRNA-1 310 440 +","match_part"],[1,3252,3561,-1,"M309","NODE_299_length_31193_cov_5.782528:hsp:174463:4.5.0.0",0.3,"NODE_299_length_31193_cov_5.782528","augustus","augustus-NODE_299_length_31193_cov_5.782528-abinit-gene-0.3-mRNA-1 1 309 +","match_part"]],"31193","match"],[0,8521,12283,1,"NODE_299_length_31193_cov_5.782528:hit:33960:4.5.0.0","augustus-NODE_299_length_31193_cov_5.782528-abinit-gene-0.0-mRNA-1",0.13,"NODE_299_length_31193_cov_5.782528","augustus",[[1,8521,8566,1,"M45","NODE_299_length_31193_cov_5.782528:hsp:174478:4.5.0.0",0.13,"NODE_299_length_31193_cov_5.782528","augustus","augustus-NODE_299_length_31193_cov_5.782528-abinit-gene-0.0-mRNA-1 1 45 +","match_part"],[1,8685,8911,1,"M226","NODE_299_length_31193_cov_5.782528:hsp:174479:4.5.0.0",0.13,"NODE_299_length_31193_cov_5.782528","augustus","augustus-NODE_299_length_31193_cov_5.782528-abinit-gene-0.0-mRNA-1 46 271 +","match_part"],[1,8986,9270,1,"M284","NODE_299_length_31193_cov_5.782528:hsp:174480:4.5.0.0",0.13,"NODE_299_length_31193_cov_5.782528","augustus","augustus-NODE_299_length_31193_cov_5.782528-abinit-gene-0.0-mRNA-1 272 555 +","match_part"],[1,9405,9510,1,"M105","NODE_299_length_31193_cov_5.782528:hsp:174481:4.5.0.0",0.13,"NODE_299_length_31193_cov_5.782528","augustus","augustus-NODE_299_length_31193_cov_5.782528-abinit-gene-0.0-mRNA-1 556 660 +","match_part"],[1,9604,9772,1,"M168","NODE_299_length_31193_cov_5.782528:hsp:174482:4.5.0.0",0.13,"NODE_299_length_31193_cov_5.782528","augustus","augustus-NODE_299_length_31193_cov_5.782528-abinit-gene-0.0-mRNA-1 661 828 +","match_part"],[1,9836,10043,1,"M207","NODE_299_length_31193_cov_5.782528:hsp:174483:4.5.0.0",0.13,"NODE_299_length_31193_cov_5.782528","augustus","augustus-NODE_299_length_31193_cov_5.782528-abinit-gene-0.0-mRNA-1 829 1035 +","match_part"],[1,10124,10212,1,"M88","NODE_299_length_31193_cov_5.782528:hsp:174484:4.5.0.0",0.13,"NODE_299_length_31193_cov_5.782528","augustus","augustus-NODE_299_length_31193_cov_5.782528-abinit-gene-0.0-mRNA-1 1036 1123 +","match_part"],[1,10283,10576,1,"M293","NODE_299_length_31193_cov_5.782528:hsp:174485:4.5.0.0",0.13,"NODE_299_length_31193_cov_5.782528","augustus","augustus-NODE_299_length_31193_cov_5.782528-abinit-gene-0.0-mRNA-1 1124 1416 +","match_part"],[1,10652,10827,1,"M175","NODE_299_length_31193_cov_5.782528:hsp:174486:4.5.0.0",0.13,"NODE_299_length_31193_cov_5.782528","augustus","augustus-NODE_299_length_31193_cov_5.782528-abinit-gene-0.0-mRNA-1 1417 1591 +","match_part"],[1,10906,11314,1,"M408","NODE_299_length_31193_cov_5.782528:hsp:174487:4.5.0.0",0.13,"NODE_299_length_31193_cov_5.782528","augustus","augustus-NODE_299_length_31193_cov_5.782528-abinit-gene-0.0-mRNA-1 1592 1999 +","match_part"],[1,11423,11563,1,"M140","NODE_299_length_31193_cov_5.782528:hsp:174488:4.5.0.0",0.13,"NODE_299_length_31193_cov_5.782528","augustus","augustus-NODE_299_length_31193_cov_5.782528-abinit-gene-0.0-mRNA-1 2000 2139 +","match_part"],[1,11645,11788,1,"M143","NODE_299_length_31193_cov_5.782528:hsp:174489:4.5.0.0",0.13,"NODE_299_length_31193_cov_5.782528","augustus","augustus-NODE_299_length_31193_cov_5.782528-abinit-gene-0.0-mRNA-1 2140 2282 +","match_part"],[1,11853,11881,1,"M28","NODE_299_length_31193_cov_5.782528:hsp:174490:4.5.0.0",0.13,"NODE_299_length_31193_cov_5.782528","augustus","augustus-NODE_299_length_31193_cov_5.782528-abinit-gene-0.0-mRNA-1 2283 2310 +","match_part"],[1,11953,12098,1,"M145","NODE_299_length_31193_cov_5.782528:hsp:174491:4.5.0.0",0.13,"NODE_299_length_31193_cov_5.782528","augustus","augustus-NODE_299_length_31193_cov_5.782528-abinit-gene-0.0-mRNA-1 2311 2455 +","match_part"],[1,12188,12283,1,"M95","NODE_299_length_31193_cov_5.782528:hsp:174492:4.5.0.0",0.13,"NODE_299_length_31193_cov_5.782528","augustus","augustus-NODE_299_length_31193_cov_5.782528-abinit-gene-0.0-mRNA-1 2456 2550 +","match_part"]],"31193","match"],[0,15522,19305,1,"NODE_299_length_31193_cov_5.782528:hit:33964:4.5.0.0","augustus-NODE_299_length_31193_cov_5.782528-abinit-gene-0.1-mRNA-1",0.7,"NODE_299_length_31193_cov_5.782528","augustus",[[1,15522,16418,1,"M896","NODE_299_length_31193_cov_5.782528:hsp:174513:4.5.0.0",0.7,"NODE_299_length_31193_cov_5.782528","augustus","augustus-NODE_299_length_31193_cov_5.782528-abinit-gene-0.1-mRNA-1 1 896 +","match_part"],[1,16485,16586,1,"M101","NODE_299_length_31193_cov_5.782528:hsp:174514:4.5.0.0",0.7,"NODE_299_length_31193_cov_5.782528","augustus","augustus-NODE_299_length_31193_cov_5.782528-abinit-gene-0.1-mRNA-1 897 997 +","match_part"],[1,16667,18493,1,"M1826","NODE_299_length_31193_cov_5.782528:hsp:174515:4.5.0.0",0.7,"NODE_299_length_31193_cov_5.782528","augustus","augustus-NODE_299_length_31193_cov_5.782528-abinit-gene-0.1-mRNA-1 998 2823 +","match_part"],[1,18603,19305,1,"M702","NODE_299_length_31193_cov_5.782528:hsp:174516:4.5.0.0",0.7,"NODE_299_length_31193_cov_5.782528","augustus","augustus-NODE_299_length_31193_cov_5.782528-abinit-gene-0.1-mRNA-1 2824 3525 +","match_part"]],