{"featureCount":2,"formatVersion":1,"histograms":{"meta":[{"arrayParams":{"chunkSize":10000,"length":1,"urlTemplate":"hist-2000-{Chunk}.json"},"basesPerBin":"2000"}],"stats":[{"basesPerBin":"2000","max":2,"mean":2}]},"intervals":{"classes":[{"attributes":["Start","End","Strand","Aligned_coverage","Aligned_identity","Id","Name","Score","Seq_id","Source","Subfeatures","Target_length","Type"],"isArrayAttr":{"Subfeatures":1}},{"attributes":["Start","End","Strand","Gap","Id","Score","Seq_id","Source","Target","Type"],"isArrayAttr":{}},{"attributes":["Start","End","Chunk"],"isArrayAttr":{"Sublist":1}}],"count":2,"lazyClass":2,"maxEnd":1253,"minStart":503,"nclist":[[0,503,1253,1,"100","99.7","NODE_9907_length_1941_cov_4.157111:hit:8448:3.2.0.0","TRINITY_DN7215_c0_g1_i12",1629,"NODE_9907_length_1941_cov_4.157111","est2genome",[[1,503,660,1,"M157","NODE_9907_length_1941_cov_4.157111:hsp:19758:3.2.0.0",1629,"NODE_9907_length_1941_cov_4.157111","est2genome","TRINITY_DN7215_c0_g1_i12 1 157 +","match_part"],[1,742,838,1,"M96","NODE_9907_length_1941_cov_4.157111:hsp:19759:3.2.0.0",1629,"NODE_9907_length_1941_cov_4.157111","est2genome","TRINITY_DN7215_c0_g1_i12 158 253 +","match_part"],[1,1165,1253,1,"M88","NODE_9907_length_1941_cov_4.157111:hsp:19760:3.2.0.0",1629,"NODE_9907_length_1941_cov_4.157111","est2genome","TRINITY_DN7215_c0_g1_i12 254 341 +","match_part"]],"341","expressed_sequence_match"],[0,503,1253,1,"100","99.7","NODE_9907_length_1941_cov_4.157111:hit:8449:3.2.0.0","TRINITY_DN7215_c0_g1_i11",1543,"NODE_9907_length_1941_cov_4.157111","est2genome",[[1,503,660,1,"M157","NODE_9907_length_1941_cov_4.157111:hsp:19761:3.2.0.0",1543,"NODE_9907_length_1941_cov_4.157111","est2genome","TRINITY_DN7215_c0_g1_i11 1 157 +","match_part"],[1,742,819,1,"M77","NODE_9907_length_1941_cov_4.157111:hsp:19762:3.2.0.0",1543,"NODE_9907_length_1941_cov_4.157111","est2genome","TRINITY_DN7215_c0_g1_i11 158 234 +","match_part"],[1,1165,1253,1,"M88","NODE_9907_length_1941_cov_4.157111:hsp:19763:3.2.0.0",1543,"NODE_9907_length_1941_cov_4.157111","est2genome","TRINITY_DN7215_c0_g1_i11 235 322 +","match_part"]],"322","expressed_sequence_match"]],"urlTemplate":"lf-{Chunk}.json"}}