{"featureCount":5,"formatVersion":1,"histograms":{"meta":[{"arrayParams":{"chunkSize":10000,"length":2,"urlTemplate":"hist-500-{Chunk}.json"},"basesPerBin":"500"}],"stats":[{"basesPerBin":"500","max":4,"mean":4}]},"intervals":{"classes":[{"attributes":["Start","End","Strand","Aligned_coverage","Aligned_identity","Id","Name","Score","Seq_id","Source","Subfeatures","Target_length","Type"],"isArrayAttr":{"Subfeatures":1}},{"attributes":["Start","End","Strand","Gap","Id","Score","Seq_id","Source","Target","Type"],"isArrayAttr":{}},{"attributes":["Start","End","Chunk"],"isArrayAttr":{"Sublist":1}}],"count":5,"lazyClass":2,"maxEnd":963,"minStart":0,"nclist":[[0,0,783,1,"98.38","86.6","NODE_15346_length_1112_cov_2.511675:hit:3280:3.2.0.0","TRINITY_DN1887_c0_g1_i1",2685,"NODE_15346_length_1112_cov_2.511675","est2genome",[[1,0,337,1,"M100 D2 M123 D3 M109","NODE_15346_length_1112_cov_2.511675:hsp:6403:3.2.0.0",2685,"NODE_15346_length_1112_cov_2.511675","est2genome","TRINITY_DN1887_c0_g1_i1 13 344 +","match_part"],[1,386,783,1,"M8 I1 M20 D2 M9 D2 M33 I1 M21 D1 M22 I1 M29 I1 M5 D1 M244","NODE_15346_length_1112_cov_2.511675:hsp:6404:3.2.0.0",2685,"NODE_15346_length_1112_cov_2.511675","est2genome","TRINITY_DN1887_c0_g1_i1 345 739 +","match_part"]],"739","expressed_sequence_match",{"Sublist":[[0,0,551,1,"92.32","94.8","NODE_15346_length_1112_cov_2.511675:hit:3281:3.2.0.0","TRINITY_DN1887_c0_g1_i2",2161,"NODE_15346_length_1112_cov_2.511675","est2genome",[[1,0,339,1,"M100 D2 M237","NODE_15346_length_1112_cov_2.511675:hsp:6405:3.2.0.0",2161,"NODE_15346_length_1112_cov_2.511675","est2genome","TRINITY_DN1887_c0_g1_i2 41 377 +","match_part"],[1,407,551,1,"M144","NODE_15346_length_1112_cov_2.511675:hsp:6406:3.2.0.0",2161,"NODE_15346_length_1112_cov_2.511675","est2genome","TRINITY_DN1887_c0_g1_i2 378 521 +","match_part"]],"521","expressed_sequence_match",{"Sublist":[[0,0,226,1,"84.85","96.5","NODE_15346_length_1112_cov_2.511675:hit:3279:3.2.0.0","TRINITY_DN1887_c0_g1_i7",1050,"NODE_15346_length_1112_cov_2.511675","est2genome",[[1,0,226,1,"M100 D2 M124","NODE_15346_length_1112_cov_2.511675:hsp:6402:3.2.0.0",1050,"NODE_15346_length_1112_cov_2.511675","est2genome","TRINITY_DN1887_c0_g1_i7 41 264 +","match_part"]],"264","expressed_sequence_match"]]}]]}],[0,314,783,1,"99.76","80.7","NODE_15346_length_1112_cov_2.511675:hit:3282:3.2.0.0","TRINITY_DN1887_c0_g1_i6",1284,"NODE_15346_length_1112_cov_2.511675","est2genome",[[1,314,337,1,"M23","NODE_15346_length_1112_cov_2.511675:hsp:6407:3.2.0.0",1284,"NODE_15346_length_1112_cov_2.511675","est2genome","TRINITY_DN1887_c0_g1_i6 2 24 +","match_part"],[1,386,783,1,"M8 I1 M20 D2 M9 D2 M33 I1 M21 D1 M22 I1 M17 D1 M14 I1 M247","NODE_15346_length_1112_cov_2.511675:hsp:6408:3.2.0.0",1284,"NODE_15346_length_1112_cov_2.511675","est2genome","TRINITY_DN1887_c0_g1_i6 25 419 +","match_part"]],"419","expressed_sequence_match"],[0,730,963,1,"99.57","97","NODE_15346_length_1112_cov_2.511675:hit:3283:3.2.0.0","TRINITY_DN33361_c0_g1_i1",1094,"NODE_15346_length_1112_cov_2.511675","est2genome",[[1,730,963,1,"M15 D1 M217","NODE_15346_length_1112_cov_2.511675:hsp:6409:3.2.0.0",1094,"NODE_15346_length_1112_cov_2.511675","est2genome","TRINITY_DN33361_c0_g1_i1 2 233 -","match_part"]],"233","expressed_sequence_match"]],"urlTemplate":"lf-{Chunk}.json"}}