{"featureCount":9,"formatVersion":1,"histograms":{"meta":[{"arrayParams":{"chunkSize":10000,"length":4,"urlTemplate":"hist-10000-{Chunk}.json"},"basesPerBin":"10000"}],"stats":[{"basesPerBin":"10000","max":3,"mean":2.5}]},"intervals":{"classes":[{"attributes":["Start","End","Strand","Id","Name","Score","Seq_id","Source","Subfeatures","Target_length","Type"],"isArrayAttr":{"Subfeatures":1}},{"attributes":["Start","End","Strand","Gap","Id","Score","Seq_id","Source","Target","Type"],"isArrayAttr":{}},{"attributes":["Start","End","Chunk"],"isArrayAttr":{"Sublist":1}}],"count":9,"lazyClass":2,"maxEnd":35574,"minStart":443,"nclist":[[0,443,2131,1,"NODE_190_length_36733_cov_7.232333:hit:23900:4.5.0.0","augustus-NODE_190_length_36733_cov_7.232333-abinit-gene-0.52-mRNA-1",0.18,"NODE_190_length_36733_cov_7.232333","augustus",[[1,443,584,1,"M141","NODE_190_length_36733_cov_7.232333:hsp:123191:4.5.0.0",0.18,"NODE_190_length_36733_cov_7.232333","augustus","augustus-NODE_190_length_36733_cov_7.232333-abinit-gene-0.52-mRNA-1 1 141 +","match_part"],[1,700,802,1,"M102","NODE_190_length_36733_cov_7.232333:hsp:123192:4.5.0.0",0.18,"NODE_190_length_36733_cov_7.232333","augustus","augustus-NODE_190_length_36733_cov_7.232333-abinit-gene-0.52-mRNA-1 142 243 +","match_part"],[1,883,1000,1,"M117","NODE_190_length_36733_cov_7.232333:hsp:123193:4.5.0.0",0.18,"NODE_190_length_36733_cov_7.232333","augustus","augustus-NODE_190_length_36733_cov_7.232333-abinit-gene-0.52-mRNA-1 244 360 +","match_part"],[1,1074,1218,1,"M144","NODE_190_length_36733_cov_7.232333:hsp:123194:4.5.0.0",0.18,"NODE_190_length_36733_cov_7.232333","augustus","augustus-NODE_190_length_36733_cov_7.232333-abinit-gene-0.52-mRNA-1 361 504 +","match_part"],[1,1278,1344,1,"M66","NODE_190_length_36733_cov_7.232333:hsp:123195:4.5.0.0",0.18,"NODE_190_length_36733_cov_7.232333","augustus","augustus-NODE_190_length_36733_cov_7.232333-abinit-gene-0.52-mRNA-1 505 570 +","match_part"],[1,1401,1497,1,"M96","NODE_190_length_36733_cov_7.232333:hsp:123196:4.5.0.0",0.18,"NODE_190_length_36733_cov_7.232333","augustus","augustus-NODE_190_length_36733_cov_7.232333-abinit-gene-0.52-mRNA-1 571 666 +","match_part"],[1,1557,1703,1,"M146","NODE_190_length_36733_cov_7.232333:hsp:123197:4.5.0.0",0.18,"NODE_190_length_36733_cov_7.232333","augustus","augustus-NODE_190_length_36733_cov_7.232333-abinit-gene-0.52-mRNA-1 667 812 +","match_part"],[1,1773,2131,1,"M358","NODE_190_length_36733_cov_7.232333:hsp:123198:4.5.0.0",0.18,"NODE_190_length_36733_cov_7.232333","augustus","augustus-NODE_190_length_36733_cov_7.232333-abinit-gene-0.52-mRNA-1 813 1170 +","match_part"]],"36733","match"],[0,6128,8921,1,"NODE_190_length_36733_cov_7.232333:hit:23904:4.5.0.0","augustus-NODE_190_length_36733_cov_7.232333-abinit-gene-0.53-mRNA-1",0.17,"NODE_190_length_36733_cov_7.232333","augustus",[[1,6128,6159,1,"M31","NODE_190_length_36733_cov_7.232333:hsp:123220:4.5.0.0",0.17,"NODE_190_length_36733_cov_7.232333","augustus","augustus-NODE_190_length_36733_cov_7.232333-abinit-gene-0.53-mRNA-1 1 31 +","match_part"],[1,6230,6312,1,"M82","NODE_190_length_36733_cov_7.232333:hsp:123221:4.5.0.0",0.17,"NODE_190_length_36733_cov_7.232333","augustus","augustus-NODE_190_length_36733_cov_7.232333-abinit-gene-0.53-mRNA-1 32 113 +","match_part"],[1,6390,6483,1,"M93","NODE_190_length_36733_cov_7.232333:hsp:123222:4.5.0.0",0.17,"NODE_190_length_36733_cov_7.232333","augustus","augustus-NODE_190_length_36733_cov_7.232333-abinit-gene-0.53-mRNA-1 114 206 +","match_part"],[1,6553,6586,1,"M33","NODE_190_length_36733_cov_7.232333:hsp:123223:4.5.0.0",0.17,"NODE_190_length_36733_cov_7.232333","augustus","augustus-NODE_190_length_36733_cov_7.232333-abinit-gene-0.53-mRNA-1 207 239 +","match_part"],[1,6759,7067,1,"M308","NODE_190_length_36733_cov_7.232333:hsp:123224:4.5.0.0",0.17,"NODE_190_length_36733_cov_7.232333","augustus","augustus-NODE_190_length_36733_cov_7.232333-abinit-gene-0.53-mRNA-1 240 547 +","match_part"],[1,7151,7714,1,"M563","NODE_190_length_36733_cov_7.232333:hsp:123225:4.5.0.0",0.17,"NODE_190_length_36733_cov_7.232333","augustus","augustus-NODE_190_length_36733_cov_7.232333-abinit-gene-0.53-mRNA-1 548 1110 +","match_part"],[1,7788,7869,1,"M81","NODE_190_length_36733_cov_7.232333:hsp:123226:4.5.0.0",0.17,"NODE_190_length_36733_cov_7.232333","augustus","augustus-NODE_190_length_36733_cov_7.232333-abinit-gene-0.53-mRNA-1 1111 1191 +","match_part"],[1,7945,8113,1,"M168","NODE_190_length_36733_cov_7.232333:hsp:123227:4.5.0.0",0.17,"NODE_190_length_36733_cov_7.232333","augustus","augustus-NODE_190_length_36733_cov_7.232333-abinit-gene-0.53-mRNA-1 1192 1359 +","match_part"],[1,8189,8547,1,"M358","NODE_190_length_36733_cov_7.232333:hsp:123228:4.5.0.0",0.17,"NODE_190_length_36733_cov_7.232333","augustus","augustus-NODE_190_length_36733_cov_7.232333-abinit-gene-0.53-mRNA-1 1360 1717 +","match_part"],[1,8631,8921,1,"M290","NODE_190_length_36733_cov_7.232333:hsp:123229:4.5.0.0",0.17,"NODE_190_length_36733_cov_7.232333","augustus","augustus-NODE_190_length_36733_cov_7.232333-abinit-gene-0.53-mRNA-1 1718 2007 +","match_part"]],"36733","match"],[0,9604,10750,-1,"NODE_190_length_36733_cov_7.232333:hit:23906:4.5.0.0","augustus-NODE_190_length_36733_cov_7.232333-abinit-gene-0.56-mRNA-1",0.52,"NODE_190_length_36733_cov_7.232333","augustus",[[1,10290,10750,-1,"M460","NODE_190_length_36733_cov_7.232333:hsp:123239:4.5.0.0",0.52,"NODE_190_length_36733_cov_7.232333","augustus","augustus-NODE_190_length_36733_cov_7.232333-abinit-gene-0.56-mRNA-1 522 981 +","match_part"],[1,10000,10206,-1,"M206","NODE_190_length_36733_cov_7.232333:hsp:123240:4.5.0.0",0.52,"NODE_190_length_36733_cov_7.232333","augustus","augustus-NODE_190_length_36733_cov_7.232333-abinit-gene-0.56-mRNA-1 316 521 +","match_part"],[1,9604,9919,-1,"M315","NODE_190_length_36733_cov_7.232333:hsp:123241:4.5.0.0",0.52,"NODE_190_length_36733_cov_7.232333","augustus","augustus-NODE_190_length_36733_cov_7.232333-abinit-gene-0.56-mRNA-1 1 315 +","match_part"]],"36733","match"],[0,11406,12306,-1,"NODE_190_length_36733_cov_7.232333:hit:23909:4.5.0.0","augustus-NODE_190_length_36733_cov_7.232333-abinit-gene-0.57-mRNA-1",0.9,"NODE_190_length_36733_cov_7.232333","augustus",[[1,11406,12306,-1,"M900","NODE_190_length_36733_cov_7.232333:hsp:123248:4.5.0.0",0.9,"NODE_190_length_36733_cov_7.232333","augustus","augustus-NODE_190_length_36733_cov_7.232333-abinit-gene-0.57-mRNA-1 1 900 +","match_part"]],"36733","match"],[0,15568,16793,-1,"NODE_190_length_36733_cov_7.232333:hit:23914:4.5.0.0","augustus-NODE_190_length_36733_cov_7.232333-abinit-gene-0.58-mRNA-1",0.7,"NODE_190_length_36733_cov_7.232333","augustus",[[1,16547,16793,-1,"M246","NODE_190_length_36733_cov_7.232333:hsp:123255:4.5.0.0",0.7,"NODE_190_length_36733_cov_7.232333","augustus","augustus-NODE_190_length_36733_cov_7.232333-abinit-gene-0.58-mRNA-1 715 960 +","match_part"],[1,16343,16463,-1,"M120","NODE_190_length_36733_cov_7.232333:hsp:123256:4.5.0.0",0.7,"NODE_190_length_36733_cov_7.232333","augustus","augustus-NODE_190_length_36733_cov_7.232333-abinit-gene-0.58-mRNA-1 595 714 +","match_part"],[1,16062,16258,-1,"M196","NODE_190_length_36733_cov_7.232333:hsp:123257:4.5.0.0",0.7,"NODE_190_length_36733_cov_7.232333","augustus","augustus-NODE_190_length_36733_cov_7.232333-abinit-gene-0.58-mRNA-1 399 594 +","match_part"],[1,15568,15966,-1,"M398","NODE_190_length_36733_cov_7.232333:hsp:123258:4.5.0.0",0.7,"NODE_190_length_36733_cov_7.232333","augustus","augustus-NODE_190_length_36733_cov_7.232333-abinit-gene-0.58-mRNA-1 1 398 +","match_part"]],"36733","match"],[0,20869,22198,-1,"NODE_190_length_36733_cov_7.232333:hit:23918:4.5.0.0","augustus-NODE_190_length_36733_cov_7.232333-abinit-gene-0.59-mRNA-1",1,"NODE_190_length_36733_cov_7.232333","augustus",[[1,20869,22198,-1,"M1329","NODE_190_length_36733_cov_7.232333:hsp:123270:4.5.0.0",1,"NODE_190_length_36733_cov_7.232333","augustus","augustus-NODE_190_length_36733_cov_7.232333-abinit-gene-0.59-mRNA-1 1 1329 +","match_part"]],