{"featureCount":6,"formatVersion":1,"histograms":{"meta":[{"arrayParams":{"chunkSize":10000,"length":2,"urlTemplate":"hist-1000-{Chunk}.json"},"basesPerBin":"1000"}],"stats":[{"basesPerBin":"1000","max":4,"mean":3}]},"intervals":{"classes":[{"attributes":["Start","End","Strand","Aligned_coverage","Aligned_identity","Id","Name","Score","Seq_id","Source","Subfeatures","Target_length","Type"],"isArrayAttr":{"Subfeatures":1}},{"attributes":["Start","End","Strand","Gap","Id","Score","Seq_id","Source","Target","Type"],"isArrayAttr":{}},{"attributes":["Start","End","Chunk"],"isArrayAttr":{"Sublist":1}}],"count":6,"lazyClass":2,"maxEnd":1983,"minStart":0,"nclist":[[0,0,417,1,"98.8","88.3","NODE_9524_length_2036_cov_4.991095:hit:6931:3.2.0.0","TRINITY_DN11682_c0_g1_i5",1590,"NODE_9524_length_2036_cov_4.991095","est2genome",[[1,0,417,1,"M76 I1 M14 D2 M15 D1 M116 D2 M38 I1 M6 D1 M63 D1 M23 D1 M58","NODE_9524_length_2036_cov_4.991095:hsp:16307:3.2.0.0",1590,"NODE_9524_length_2036_cov_4.991095","est2genome","TRINITY_DN11682_c0_g1_i5 6 416 +","match_part"]],"416","expressed_sequence_match"],[0,11,546,1,"100","86","NODE_9524_length_2036_cov_4.991095:hit:6932:3.2.0.0","TRINITY_DN3257_c0_g1_i1",1876,"NODE_9524_length_2036_cov_4.991095","est2genome",[[1,11,546,1,"M27 I3 M5 D2 M12 I2 M9 I1 M5 D4 M20 I2 M126 D1 M64 I1 M44 D2 M92 D1 M40 D1 M80","NODE_9524_length_2036_cov_4.991095:hsp:16308:3.2.0.0",1876,"NODE_9524_length_2036_cov_4.991095","est2genome","TRINITY_DN3257_c0_g1_i1 1 533 -","match_part"]],"533","expressed_sequence_match"],[0,11,546,1,"100","86","NODE_9524_length_2036_cov_4.991095:hit:6933:3.2.0.0","TRINITY_DN3257_c0_g1_i2",1864,"NODE_9524_length_2036_cov_4.991095","est2genome",[[1,11,546,1,"M27 I3 M5 D2 M12 I2 M9 I1 M5 D4 M20 I2 M126 D1 M64 I1 M44 D2 M32 I1 M60 D1 M40 D1 M80","NODE_9524_length_2036_cov_4.991095:hsp:16309:3.2.0.0",1864,"NODE_9524_length_2036_cov_4.991095","est2genome","TRINITY_DN3257_c0_g1_i2 1 534 -","match_part"]],"534","expressed_sequence_match",{"Sublist":[[0,33,339,-1,"100","88.6","NODE_9524_length_2036_cov_4.991095:hit:6934:3.2.0.0","TRINITY_DN11682_c0_g2_i1",1171,"NODE_9524_length_2036_cov_4.991095","est2genome",[[1,33,339,-1,"M56 D1 M101 I1 M19 D1 M14 D1 M108 D1 M4","NODE_9524_length_2036_cov_4.991095:hsp:16310:3.2.0.0",1171,"NODE_9524_length_2036_cov_4.991095","est2genome","TRINITY_DN11682_c0_g2_i1 1 303 -","match_part"]],"303","expressed_sequence_match"]]}],[0,1664,1983,1,"100","94.1","NODE_9524_length_2036_cov_4.991095:hit:6935:3.2.0.0","TRINITY_DN9074_c0_g1_i1",1394,"NODE_9524_length_2036_cov_4.991095","est2genome",[[1,1664,1983,1,"M121 D1 M15 I1 M47 I1 M65 D1 M3 D2 M64","NODE_9524_length_2036_cov_4.991095:hsp:16311:3.2.0.0",1394,"NODE_9524_length_2036_cov_4.991095","est2genome","TRINITY_DN9074_c0_g1_i1 1 317 +","match_part"]],"317","expressed_sequence_match"],[0,1664,1983,1,"100","94.7","NODE_9524_length_2036_cov_4.991095:hit:6936:3.2.0.0","TRINITY_DN9074_c0_g1_i2",1420,"NODE_9524_length_2036_cov_4.991095","est2genome",[[1,1664,1983,1,"M121 D1 M15 I1 M47 I1 M69 D3 M63","NODE_9524_length_2036_cov_4.991095:hsp:16312:3.2.0.0",1420,"NODE_9524_length_2036_cov_4.991095","est2genome","TRINITY_DN9074_c0_g1_i2 1 317 +","match_part"]],"317","expressed_sequence_match"]],"urlTemplate":"lf-{Chunk}.json"}}