{"featureCount":23,"formatVersion":1,"histograms":{"meta":[{"arrayParams":{"chunkSize":10000,"length":6,"urlTemplate":"hist-2000-{Chunk}.json"},"basesPerBin":"2000"}],"stats":[{"basesPerBin":"2000","max":12,"mean":6.33333333333333}]},"intervals":{"classes":[{"attributes":["Start","End","Strand","Id","Name","Score","Seq_id","Source","Subfeatures","Target_length","Type"],"isArrayAttr":{"Subfeatures":1}},{"attributes":["Start","End","Strand","Gap","Id","Score","Seq_id","Source","Target","Type"],"isArrayAttr":{}},{"attributes":["Start","End","Chunk"],"isArrayAttr":{"Sublist":1}}],"count":23,"lazyClass":2,"maxEnd":11827,"minStart":1899,"nclist":[[0,1899,3110,1,"NODE_1250_length_15858_cov_8.156443:hit:94693:3.2.0.0","TRINITY_DN1817_c0_g1_i7",1083,"NODE_1250_length_15858_cov_8.156443","blastn",[[1,1899,2982,1,"M1083","NODE_1250_length_15858_cov_8.156443:hsp:480001:3.2.0.0",1083,"NODE_1250_length_15858_cov_8.156443","blastn","TRINITY_DN1817_c0_g1_i7 1 1083 +","match_part"],[1,3050,3110,1,"M60","NODE_1250_length_15858_cov_8.156443:hsp:480002:3.2.0.0",60,"NODE_1250_length_15858_cov_8.156443","blastn","TRINITY_DN1817_c0_g1_i7 1081 1140 +","match_part"]],"1140","expressed_sequence_match"],[0,1899,3110,1,"NODE_1250_length_15858_cov_8.156443:hit:94694:3.2.0.0","TRINITY_DN1817_c0_g1_i1",718,"NODE_1250_length_15858_cov_8.156443","blastn",[[1,1899,2617,1,"M718","NODE_1250_length_15858_cov_8.156443:hsp:480003:3.2.0.0",718,"NODE_1250_length_15858_cov_8.156443","blastn","TRINITY_DN1817_c0_g1_i1 1 718 +","match_part"],[1,2693,2982,1,"M289","NODE_1250_length_15858_cov_8.156443:hsp:480004:3.2.0.0",289,"NODE_1250_length_15858_cov_8.156443","blastn","TRINITY_DN1817_c0_g1_i1 718 1006 +","match_part"],[1,3050,3110,1,"M60","NODE_1250_length_15858_cov_8.156443:hsp:480005:3.2.0.0",60,"NODE_1250_length_15858_cov_8.156443","blastn","TRINITY_DN1817_c0_g1_i1 1004 1063 +","match_part"]],"1063","expressed_sequence_match"],[0,2694,3513,1,"NODE_1250_length_15858_cov_8.156443:hit:94695:3.2.0.0","TRINITY_DN1817_c0_g1_i4",288,"NODE_1250_length_15858_cov_8.156443","blastn",[[1,2694,2982,1,"M288","NODE_1250_length_15858_cov_8.156443:hsp:480006:3.2.0.0",288,"NODE_1250_length_15858_cov_8.156443","blastn","TRINITY_DN1817_c0_g1_i4 1 288 +","match_part"],[1,3050,3513,1,"M463","NODE_1250_length_15858_cov_8.156443:hsp:480007:3.2.0.0",463,"NODE_1250_length_15858_cov_8.156443","blastn","TRINITY_DN1817_c0_g1_i4 286 748 +","match_part"]],"748","expressed_sequence_match"],[0,2694,3513,1,"NODE_1250_length_15858_cov_8.156443:hit:94696:3.2.0.0","TRINITY_DN1817_c0_g1_i5",288,"NODE_1250_length_15858_cov_8.156443","blastn",[[1,2694,2982,1,"M288","NODE_1250_length_15858_cov_8.156443:hsp:480008:3.2.0.0",288,"NODE_1250_length_15858_cov_8.156443","blastn","TRINITY_DN1817_c0_g1_i5 1 288 +","match_part"],[1,3050,3111,1,"M61","NODE_1250_length_15858_cov_8.156443:hsp:480009:3.2.0.0",61,"NODE_1250_length_15858_cov_8.156443","blastn","TRINITY_DN1817_c0_g1_i5 286 346 +","match_part"],[1,3264,3513,1,"M249","NODE_1250_length_15858_cov_8.156443:hsp:480010:3.2.0.0",249,"NODE_1250_length_15858_cov_8.156443","blastn","TRINITY_DN1817_c0_g1_i5 346 594 +","match_part"]],"594","expressed_sequence_match"],[0,2694,3513,1,"NODE_1250_length_15858_cov_8.156443:hit:94697:3.2.0.0","TRINITY_DN1817_c0_g1_i6",288,"NODE_1250_length_15858_cov_8.156443","blastn",[[1,2694,2982,1,"M288","NODE_1250_length_15858_cov_8.156443:hsp:480011:3.2.0.0",288,"NODE_1250_length_15858_cov_8.156443","blastn","TRINITY_DN1817_c0_g1_i6 1 288 +","match_part"],[1,3050,3110,1,"M60","NODE_1250_length_15858_cov_8.156443:hsp:480012:3.2.0.0",60,"NODE_1250_length_15858_cov_8.156443","blastn","TRINITY_DN1817_c0_g1_i6 286 345 +","match_part"],[1,3192,3287,1,"M95","NODE_1250_length_15858_cov_8.156443:hsp:480013:3.2.0.0",95,"NODE_1250_length_15858_cov_8.156443","blastn","TRINITY_DN1817_c0_g1_i6 346 440 +","match_part"],[1,3441,3513,1,"M72","NODE_1250_length_15858_cov_8.156443:hsp:480014:3.2.0.0",72,"NODE_1250_length_15858_cov_8.156443","blastn","TRINITY_DN1817_c0_g1_i6 440 511 +","match_part"]],"511","expressed_sequence_match"],[0,2694,3513,1,"NODE_1250_length_15858_cov_8.156443:hit:94698:3.2.0.0","TRINITY_DN1817_c0_g1_i2",288,"NODE_1250_length_15858_cov_8.156443","blastn",[[1,2694,2982,1,"M288","NODE_1250_length_15858_cov_8.156443:hsp:480015:3.2.0.0",288,"NODE_1250_length_15858_cov_8.156443","blastn","TRINITY_DN1817_c0_g1_i2 1 288 +","match_part"],[1,3050,3110,1,"M60","NODE_1250_length_15858_cov_8.156443:hsp:480016:3.2.0.0",60,"NODE_1250_length_15858_cov_8.156443","blastn","TRINITY_DN1817_c0_g1_i2 286 345 +","match_part"],[1,3192,3513,1,"M321","NODE_1250_length_15858_cov_8.156443:hsp:480017:3.2.0.0",321,"NODE_1250_length_15858_cov_8.156443","blastn","TRINITY_DN1817_c0_g1_i2 346 666 +","match_part"]],"666","expressed_sequence_match"],[0,2694,3513,1,"NODE_1250_length_15858_cov_8.156443:hit:94699:3.2.0.0","TRINITY_DN1817_c0_g1_i3",288,"NODE_1250_length_15858_cov_8.156443","blastn",[[1,2694,2982,1,"M288","NODE_1250_length_15858_cov_8.156443:hsp:480018:3.2.0.0",288,"NODE_1250_length_15858_cov_8.156443","blastn","TRINITY_DN1817_c0_g1_i3 1 288 +","match_part"],[1,3050,3110,1,"M60","NODE_1250_length_15858_cov_8.156443:hsp:480019:3.2.0.0",60,"NODE_1250_length_15858_cov_8.156443","blastn","TRINITY_DN1817_c0_g1_i3 286 345 +","match_part"],[1,3192,3346,1,"M154","NODE_1250_length_15858_cov_8.156443:hsp:480020:3.2.0.0",154,"NODE_1250_length_15858_cov_8.156443","blastn","TRINITY_DN1817_c0_g1_i3 346 499 +","match_part"],[1,3440,3513,1,"M73","NODE_1250_length_15858_cov_8.156443:hsp:480021:3.2.0.0",73,"NODE_1250_length_15858_cov_8.156443","blastn","TRINITY_DN1817_c0_g1_i3 498 570 +","match_part"]],"570","expressed_sequence_match"],[0,3605,5177,-1,"NODE_1250_length_15858_cov_8.156443:hit:94700:3.2.0.0","TRINITY_DN8405_c0_g1_i5",327,"NODE_1250_length_15858_cov_8.156443","blastn",[[1,4850,5177,-1,"M327","NODE_1250_length_15858_cov_8.156443:hsp:480022:3.2.0.0",327,"NODE_1250_length_15858_cov_8.156443","blastn","TRINITY_DN8405_c0_g1_i5 7 333 +","match_part"],[1,4487,4637,-1,"M150","NODE_1250_length_15858_cov_8.156443:hsp:480023:3.2.0.0",150,"NODE_1250_length_15858_cov_8.156443","blastn","TRINITY_DN8405_c0_g1_i5 334 483 +","match_part"],[1,4370,4422,-1,"M52","NODE_1250_length_15858_cov_8.156443:hsp:480024:3.2.0.0",52,"NODE_1250_length_15858_cov_8.156443","blastn","TRINITY_DN8405_c0_g1_i5 484 535 +","match_part"],[1,4244,4307,-1,"M63","NODE_1250_length_15858_cov_8.156443:hsp:480025:3.2.0.0",63,"NODE_1250_length_15858_cov_8.156443","blastn","TRINITY_DN8405_c0_g1_i5 532 594 +","match_part"],[1,4038,4165,-1,"M127","NODE_1250_length_15858_cov_8.156443:hsp:480026:3.2.0.0",127,"NODE_1250_length_15858_cov_8.156443","blastn","TRINITY_DN8405_c0_g1_i5 595 721 +","match_part"],[1,3844,3957,-1,"M113","NODE_1250_length_15858_cov_8.156443:hsp:480027:3.2.0.0",113,"NODE_1250_length_15858_cov_8.156443","blastn","TRINITY_DN8405_c0_g1_i5 722 834 +","match_part"],[1,3605,3742,-1,"M137","NODE_1250_length_15858_cov_8.156443:hsp:480028:3.2.0.0",137,"NODE_1250_length_15858_cov_8.156443","blastn","TRINITY_DN8405_c0_g1_i5 835 971 +","match_part"]],