{"featureCount":2,"formatVersion":1,"histograms":{"meta":[{"arrayParams":{"chunkSize":10000,"length":1,"urlTemplate":"hist-5000-{Chunk}.json"},"basesPerBin":"5000"}],"stats":[{"basesPerBin":"5000","max":2,"mean":2}]},"intervals":{"classes":[{"attributes":["Start","End","Strand","Id","Name","Score","Seq_id","Source","Subfeatures","Target_length","Type"],"isArrayAttr":{"Subfeatures":1}},{"attributes":["Start","End","Strand","Gap","Id","Score","Seq_id","Source","Target","Type"],"isArrayAttr":{}},{"attributes":["Start","End","Chunk"],"isArrayAttr":{"Sublist":1}}],"count":2,"lazyClass":2,"maxEnd":2643,"minStart":55,"nclist":[[0,55,505,1,"NODE_7920_length_2644_cov_9.353596:hit:13807:4.5.0.0","augustus-NODE_7920_length_2644_cov_9.353596-abinit-gene-0.4-mRNA-1",0.7,"NODE_7920_length_2644_cov_9.353596","augustus",[[1,55,106,1,"M51","NODE_7920_length_2644_cov_9.353596:hsp:40412:4.5.0.0",0.7,"NODE_7920_length_2644_cov_9.353596","augustus","augustus-NODE_7920_length_2644_cov_9.353596-abinit-gene-0.4-mRNA-1 1 51 +","match_part"],[1,190,505,1,"M315","NODE_7920_length_2644_cov_9.353596:hsp:40413:4.5.0.0",0.7,"NODE_7920_length_2644_cov_9.353596","augustus","augustus-NODE_7920_length_2644_cov_9.353596-abinit-gene-0.4-mRNA-1 52 366 +","match_part"]],"2644","match"],[0,1152,2643,-1,"NODE_7920_length_2644_cov_9.353596:hit:13810:4.5.0.0","augustus-NODE_7920_length_2644_cov_9.353596-abinit-gene-0.5-mRNA-1",0.99,"NODE_7920_length_2644_cov_9.353596","augustus",[[1,2567,2643,-1,"M76","NODE_7920_length_2644_cov_9.353596:hsp:40418:4.5.0.0",0.99,"NODE_7920_length_2644_cov_9.353596","augustus","augustus-NODE_7920_length_2644_cov_9.353596-abinit-gene-0.5-mRNA-1 1290 1365 +","match_part"],[1,1710,2504,-1,"M794","NODE_7920_length_2644_cov_9.353596:hsp:40419:4.5.0.0",0.99,"NODE_7920_length_2644_cov_9.353596","augustus","augustus-NODE_7920_length_2644_cov_9.353596-abinit-gene-0.5-mRNA-1 496 1289 +","match_part"],[1,1152,1647,-1,"M495","NODE_7920_length_2644_cov_9.353596:hsp:40420:4.5.0.0",0.99,"NODE_7920_length_2644_cov_9.353596","augustus","augustus-NODE_7920_length_2644_cov_9.353596-abinit-gene-0.5-mRNA-1 1 495 +","match_part"]],"2644","match"]],"urlTemplate":"lf-{Chunk}.json"}}