{"featureCount":2,"formatVersion":1,"histograms":{"meta":[{"arrayParams":{"chunkSize":10000,"length":1,"urlTemplate":"hist-10000-{Chunk}.json"},"basesPerBin":"10000"}],"stats":[{"basesPerBin":"10000","max":2,"mean":2}]},"intervals":{"classes":[{"attributes":["Start","End","Strand","Id","Name","Score","Seq_id","Source","Subfeatures","Target_length","Type"],"isArrayAttr":{"Subfeatures":1}},{"attributes":["Start","End","Strand","Gap","Id","Score","Seq_id","Source","Target","Type"],"isArrayAttr":{}},{"attributes":["Start","End","Chunk"],"isArrayAttr":{"Sublist":1}}],"count":2,"lazyClass":2,"maxEnd":6279,"minStart":570,"nclist":[[0,570,4548,-1,"NODE_3751_length_6591_cov_1.560025:hit:37704:4.5.0.0","augustus-NODE_3751_length_6591_cov_1.560025-abinit-gene-0.8-mRNA-1",0.62,"NODE_3751_length_6591_cov_1.560025","augustus",[[1,570,4548,-1,"M3978","NODE_3751_length_6591_cov_1.560025:hsp:154539:4.5.0.0",0.62,"NODE_3751_length_6591_cov_1.560025","augustus","augustus-NODE_3751_length_6591_cov_1.560025-abinit-gene-0.8-mRNA-1 1 3978 +","match_part"]],"6591","match"],[0,4658,6279,-1,"NODE_3751_length_6591_cov_1.560025:hit:37708:4.5.0.0","augustus-NODE_3751_length_6591_cov_1.560025-abinit-gene-0.9-mRNA-1",0.26,"NODE_3751_length_6591_cov_1.560025","augustus",[[1,6199,6279,-1,"M80","NODE_3751_length_6591_cov_1.560025:hsp:154545:4.5.0.0",0.26,"NODE_3751_length_6591_cov_1.560025","augustus","augustus-NODE_3751_length_6591_cov_1.560025-abinit-gene-0.9-mRNA-1 1250 1329 +","match_part"],[1,6004,6071,-1,"M67","NODE_3751_length_6591_cov_1.560025:hsp:154546:4.5.0.0",0.26,"NODE_3751_length_6591_cov_1.560025","augustus","augustus-NODE_3751_length_6591_cov_1.560025-abinit-gene-0.9-mRNA-1 1183 1249 +","match_part"],[1,5569,5918,-1,"M349","NODE_3751_length_6591_cov_1.560025:hsp:154547:4.5.0.0",0.26,"NODE_3751_length_6591_cov_1.560025","augustus","augustus-NODE_3751_length_6591_cov_1.560025-abinit-gene-0.9-mRNA-1 834 1182 +","match_part"],[1,4658,5491,-1,"M833","NODE_3751_length_6591_cov_1.560025:hsp:154548:4.5.0.0",0.26,"NODE_3751_length_6591_cov_1.560025","augustus","augustus-NODE_3751_length_6591_cov_1.560025-abinit-gene-0.9-mRNA-1 1 833 +","match_part"]],"6591","match"]],"urlTemplate":"lf-{Chunk}.json"}}