{"featureCount":1,"formatVersion":1,"histograms":{"meta":[{"arrayParams":{"chunkSize":10000,"length":1,"urlTemplate":"hist-20000-{Chunk}.json"},"basesPerBin":"20000"}],"stats":[{"basesPerBin":"20000","max":1,"mean":1}]},"intervals":{"classes":[{"attributes":["Start","End","Strand","Id","Name","Score","Seq_id","Source","Subfeatures","Target_length","Type"],"isArrayAttr":{"Subfeatures":1}},{"attributes":["Start","End","Strand","Gap","Id","Score","Seq_id","Source","Target","Type"],"isArrayAttr":{}},{"attributes":["Start","End","Chunk"],"isArrayAttr":{"Sublist":1}}],"count":1,"lazyClass":2,"maxEnd":5287,"minStart":1977,"nclist":[[0,1977,5287,-1,"NODE_4622_length_5554_cov_3.398747:hit:7115:4.5.0.0","augustus-NODE_4622_length_5554_cov_3.398747-abinit-gene-0.2-mRNA-1",0.21,"NODE_4622_length_5554_cov_3.398747","augustus",[[1,5160,5287,-1,"M127","NODE_4622_length_5554_cov_3.398747:hsp:24936:4.5.0.0",0.21,"NODE_4622_length_5554_cov_3.398747","augustus","augustus-NODE_4622_length_5554_cov_3.398747-abinit-gene-0.2-mRNA-1 1692 1818 +","match_part"],[1,4455,4543,-1,"M88","NODE_4622_length_5554_cov_3.398747:hsp:24937:4.5.0.0",0.21,"NODE_4622_length_5554_cov_3.398747","augustus","augustus-NODE_4622_length_5554_cov_3.398747-abinit-gene-0.2-mRNA-1 1604 1691 +","match_part"],[1,4303,4381,-1,"M78","NODE_4622_length_5554_cov_3.398747:hsp:24938:4.5.0.0",0.21,"NODE_4622_length_5554_cov_3.398747","augustus","augustus-NODE_4622_length_5554_cov_3.398747-abinit-gene-0.2-mRNA-1 1526 1603 +","match_part"],[1,3922,4002,-1,"M80","NODE_4622_length_5554_cov_3.398747:hsp:24939:4.5.0.0",0.21,"NODE_4622_length_5554_cov_3.398747","augustus","augustus-NODE_4622_length_5554_cov_3.398747-abinit-gene-0.2-mRNA-1 1446 1525 +","match_part"],[1,3789,3843,-1,"M54","NODE_4622_length_5554_cov_3.398747:hsp:24940:4.5.0.0",0.21,"NODE_4622_length_5554_cov_3.398747","augustus","augustus-NODE_4622_length_5554_cov_3.398747-abinit-gene-0.2-mRNA-1 1392 1445 +","match_part"],[1,3593,3719,-1,"M126","NODE_4622_length_5554_cov_3.398747:hsp:24941:4.5.0.0",0.21,"NODE_4622_length_5554_cov_3.398747","augustus","augustus-NODE_4622_length_5554_cov_3.398747-abinit-gene-0.2-mRNA-1 1266 1391 +","match_part"],[1,3014,3509,-1,"M495","NODE_4622_length_5554_cov_3.398747:hsp:24942:4.5.0.0",0.21,"NODE_4622_length_5554_cov_3.398747","augustus","augustus-NODE_4622_length_5554_cov_3.398747-abinit-gene-0.2-mRNA-1 771 1265 +","match_part"],[1,2808,2937,-1,"M129","NODE_4622_length_5554_cov_3.398747:hsp:24943:4.5.0.0",0.21,"NODE_4622_length_5554_cov_3.398747","augustus","augustus-NODE_4622_length_5554_cov_3.398747-abinit-gene-0.2-mRNA-1 642 770 +","match_part"],[1,2535,2717,-1,"M182","NODE_4622_length_5554_cov_3.398747:hsp:24944:4.5.0.0",0.21,"NODE_4622_length_5554_cov_3.398747","augustus","augustus-NODE_4622_length_5554_cov_3.398747-abinit-gene-0.2-mRNA-1 460 641 +","match_part"],[1,1977,2436,-1,"M459","NODE_4622_length_5554_cov_3.398747:hsp:24945:4.5.0.0",0.21,"NODE_4622_length_5554_cov_3.398747","augustus","augustus-NODE_4622_length_5554_cov_3.398747-abinit-gene-0.2-mRNA-1 1 459 +","match_part"]],"5554","match"]],"urlTemplate":"lf-{Chunk}.json"}}