{"featureCount":1,"formatVersion":1,"histograms":{"meta":[{"arrayParams":{"chunkSize":10000,"length":1,"urlTemplate":"hist-10000-{Chunk}.json"},"basesPerBin":"10000"}],"stats":[{"basesPerBin":"10000","max":1,"mean":1}]},"intervals":{"classes":[{"attributes":["Start","End","Strand","Id","Name","Score","Seq_id","Source","Subfeatures","Target_length","Type"],"isArrayAttr":{"Subfeatures":1}},{"attributes":["Start","End","Strand","Gap","Id","Score","Seq_id","Source","Target","Type"],"isArrayAttr":{}},{"attributes":["Start","End","Chunk"],"isArrayAttr":{"Sublist":1}}],"count":1,"lazyClass":2,"maxEnd":2150,"minStart":549,"nclist":[[0,549,2150,-1,"NODE_6805_length_3367_cov_6.977160:hit:6737:4.5.0.0","augustus-NODE_6805_length_3367_cov_6.977160-abinit-gene-0.10-mRNA-1",0.57,"NODE_6805_length_3367_cov_6.977160","augustus",[[1,2018,2150,-1,"M132","NODE_6805_length_3367_cov_6.977160:hsp:21079:4.5.0.0",0.57,"NODE_6805_length_3367_cov_6.977160","augustus","augustus-NODE_6805_length_3367_cov_6.977160-abinit-gene-0.10-mRNA-1 955 1086 +","match_part"],[1,1860,1941,-1,"M81","NODE_6805_length_3367_cov_6.977160:hsp:21080:4.5.0.0",0.57,"NODE_6805_length_3367_cov_6.977160","augustus","augustus-NODE_6805_length_3367_cov_6.977160-abinit-gene-0.10-mRNA-1 874 954 +","match_part"],[1,1651,1785,-1,"M134","NODE_6805_length_3367_cov_6.977160:hsp:21081:4.5.0.0",0.57,"NODE_6805_length_3367_cov_6.977160","augustus","augustus-NODE_6805_length_3367_cov_6.977160-abinit-gene-0.10-mRNA-1 740 873 +","match_part"],[1,1425,1583,-1,"M158","NODE_6805_length_3367_cov_6.977160:hsp:21082:4.5.0.0",0.57,"NODE_6805_length_3367_cov_6.977160","augustus","augustus-NODE_6805_length_3367_cov_6.977160-abinit-gene-0.10-mRNA-1 582 739 +","match_part"],[1,1175,1346,-1,"M171","NODE_6805_length_3367_cov_6.977160:hsp:21083:4.5.0.0",0.57,"NODE_6805_length_3367_cov_6.977160","augustus","augustus-NODE_6805_length_3367_cov_6.977160-abinit-gene-0.10-mRNA-1 411 581 +","match_part"],[1,894,1099,-1,"M205","NODE_6805_length_3367_cov_6.977160:hsp:21084:4.5.0.0",0.57,"NODE_6805_length_3367_cov_6.977160","augustus","augustus-NODE_6805_length_3367_cov_6.977160-abinit-gene-0.10-mRNA-1 206 410 +","match_part"],[1,690,829,-1,"M139","NODE_6805_length_3367_cov_6.977160:hsp:21085:4.5.0.0",0.57,"NODE_6805_length_3367_cov_6.977160","augustus","augustus-NODE_6805_length_3367_cov_6.977160-abinit-gene-0.10-mRNA-1 67 205 +","match_part"],[1,549,615,-1,"M66","NODE_6805_length_3367_cov_6.977160:hsp:21086:4.5.0.0",0.57,"NODE_6805_length_3367_cov_6.977160","augustus","augustus-NODE_6805_length_3367_cov_6.977160-abinit-gene-0.10-mRNA-1 1 66 +","match_part"]],"3367","match"]],"urlTemplate":"lf-{Chunk}.json"}}