{"featureCount":17,"formatVersion":1,"histograms":{"meta":[{"arrayParams":{"chunkSize":10000,"length":4,"urlTemplate":"hist-2000-{Chunk}.json"},"basesPerBin":"2000"}],"stats":[{"basesPerBin":"2000","max":9,"mean":7.75}]},"intervals":{"classes":[{"attributes":["Start","End","Strand","Aligned_coverage","Aligned_identity","Id","Name","Score","Seq_id","Source","Subfeatures","Target_length","Type"],"isArrayAttr":{"Subfeatures":1}},{"attributes":["Start","End","Strand","Gap","Id","Score","Seq_id","Source","Target","Type"],"isArrayAttr":{}},{"attributes":["Start","End","Chunk"],"isArrayAttr":{"Sublist":1}}],"count":17,"lazyClass":2,"maxEnd":7495,"minStart":1548,"nclist":[[0,1548,4279,1,"100","99.3","NODE_3163_length_7705_cov_6.811692:hit:27563:3.2.0.0","TRINITY_DN1032_c0_g1_i4",10456,"NODE_3163_length_7705_cov_6.811692","est2genome",[[1,1548,2574,1,"M535 D1 M484 I1 M6","NODE_3163_length_7705_cov_6.811692:hsp:117186:3.2.0.0",10456,"NODE_3163_length_7705_cov_6.811692","est2genome","TRINITY_DN1032_c0_g1_i4 1110 2135 -","match_part"],[1,2882,3033,1,"M151","NODE_3163_length_7705_cov_6.811692:hsp:117187:3.2.0.0",10456,"NODE_3163_length_7705_cov_6.811692","est2genome","TRINITY_DN1032_c0_g1_i4 959 1109 -","match_part"],[1,3167,3191,1,"M24","NODE_3163_length_7705_cov_6.811692:hsp:117188:3.2.0.0",10456,"NODE_3163_length_7705_cov_6.811692","est2genome","TRINITY_DN1032_c0_g1_i4 935 958 -","match_part"],[1,3274,3359,1,"M85","NODE_3163_length_7705_cov_6.811692:hsp:117189:3.2.0.0",10456,"NODE_3163_length_7705_cov_6.811692","est2genome","TRINITY_DN1032_c0_g1_i4 850 934 -","match_part"],[1,3429,4279,1,"M294 D1 M555","NODE_3163_length_7705_cov_6.811692:hsp:117190:3.2.0.0",10456,"NODE_3163_length_7705_cov_6.811692","est2genome","TRINITY_DN1032_c0_g1_i4 1 849 -","match_part"]],"2135","expressed_sequence_match"],[0,1548,4279,1,"100","99.5","NODE_3163_length_7705_cov_6.811692:hit:27564:3.2.0.0","TRINITY_DN1032_c0_g1_i5",11663,"NODE_3163_length_7705_cov_6.811692","est2genome",[[1,1548,3033,1,"M994 D1 M484 I1 M6","NODE_3163_length_7705_cov_6.811692:hsp:117191:3.2.0.0",11663,"NODE_3163_length_7705_cov_6.811692","est2genome","TRINITY_DN1032_c0_g1_i5 889 2373 -","match_part"],[1,3167,3191,1,"M24","NODE_3163_length_7705_cov_6.811692:hsp:117192:3.2.0.0",11663,"NODE_3163_length_7705_cov_6.811692","est2genome","TRINITY_DN1032_c0_g1_i5 865 888 -","match_part"],[1,3274,3359,1,"M85","NODE_3163_length_7705_cov_6.811692:hsp:117193:3.2.0.0",11663,"NODE_3163_length_7705_cov_6.811692","est2genome","TRINITY_DN1032_c0_g1_i5 780 864 -","match_part"],[1,3429,3964,1,"M535","NODE_3163_length_7705_cov_6.811692:hsp:117194:3.2.0.0",11663,"NODE_3163_length_7705_cov_6.811692","est2genome","TRINITY_DN1032_c0_g1_i5 245 779 -","match_part"],[1,4035,4279,1,"M244","NODE_3163_length_7705_cov_6.811692:hsp:117195:3.2.0.0",11663,"NODE_3163_length_7705_cov_6.811692","est2genome","TRINITY_DN1032_c0_g1_i5 1 244 -","match_part"]],"2373","expressed_sequence_match"],[0,1548,4279,1,"100","99.4","NODE_3163_length_7705_cov_6.811692:hit:27565:3.2.0.0","TRINITY_DN1032_c0_g1_i7",11350,"NODE_3163_length_7705_cov_6.811692","est2genome",[[1,1548,3033,1,"M994 D1 M484 I1 M6","NODE_3163_length_7705_cov_6.811692:hsp:117196:3.2.0.0",11350,"NODE_3163_length_7705_cov_6.811692","est2genome","TRINITY_DN1032_c0_g1_i7 831 2315 -","match_part"],[1,3167,3191,1,"M24","NODE_3163_length_7705_cov_6.811692:hsp:117197:3.2.0.0",11350,"NODE_3163_length_7705_cov_6.811692","est2genome","TRINITY_DN1032_c0_g1_i7 807 830 -","match_part"],[1,3270,3359,1,"M89","NODE_3163_length_7705_cov_6.811692:hsp:117198:3.2.0.0",11350,"NODE_3163_length_7705_cov_6.811692","est2genome","TRINITY_DN1032_c0_g1_i7 718 806 -","match_part"],[1,3429,3795,1,"M366","NODE_3163_length_7705_cov_6.811692:hsp:117199:3.2.0.0",11350,"NODE_3163_length_7705_cov_6.811692","est2genome","TRINITY_DN1032_c0_g1_i7 352 717 -","match_part"],[1,3857,3964,1,"M107","NODE_3163_length_7705_cov_6.811692:hsp:117200:3.2.0.0",11350,"NODE_3163_length_7705_cov_6.811692","est2genome","TRINITY_DN1032_c0_g1_i7 245 351 -","match_part"],[1,4035,4279,1,"M244","NODE_3163_length_7705_cov_6.811692:hsp:117201:3.2.0.0",11350,"NODE_3163_length_7705_cov_6.811692","est2genome","TRINITY_DN1032_c0_g1_i7 1 244 -","match_part"]],"2315","expressed_sequence_match"],[0,1548,4279,1,"100","99.4","NODE_3163_length_7705_cov_6.811692:hit:27566:3.2.0.0","TRINITY_DN1032_c0_g1_i1",11278,"NODE_3163_length_7705_cov_6.811692","est2genome",[[1,1548,2804,1,"M765 D1 M484 I1 M6","NODE_3163_length_7705_cov_6.811692:hsp:117202:3.2.0.0",11278,"NODE_3163_length_7705_cov_6.811692","est2genome","TRINITY_DN1032_c0_g1_i1 1044 2299 -","match_part"],[1,2882,3033,1,"M151","NODE_3163_length_7705_cov_6.811692:hsp:117203:3.2.0.0",11278,"NODE_3163_length_7705_cov_6.811692","est2genome","TRINITY_DN1032_c0_g1_i1 893 1043 -","match_part"],[1,3167,3191,1,"M24","NODE_3163_length_7705_cov_6.811692:hsp:117204:3.2.0.0",11278,"NODE_3163_length_7705_cov_6.811692","est2genome","TRINITY_DN1032_c0_g1_i1 869 892 -","match_part"],[1,3270,3359,1,"M89","NODE_3163_length_7705_cov_6.811692:hsp:117205:3.2.0.0",11278,"NODE_3163_length_7705_cov_6.811692","est2genome","TRINITY_DN1032_c0_g1_i1 780 868 -","match_part"],[1,3429,3964,1,"M535","NODE_3163_length_7705_cov_6.811692:hsp:117206:3.2.0.0",11278,"NODE_3163_length_7705_cov_6.811692","est2genome","TRINITY_DN1032_c0_g1_i1 245 779 -","match_part"],[1,4035,4279,1,"M244","NODE_3163_length_7705_cov_6.811692:hsp:117207:3.2.0.0",11278,"NODE_3163_length_7705_cov_6.811692","est2genome","TRINITY_DN1032_c0_g1_i1 1 244 -","match_part"]],"2299","expressed_sequence_match"],[0,1548,4279,1,"100","99.4","NODE_3163_length_7705_cov_6.811692:hit:27567:3.2.0.0","TRINITY_DN1032_c0_g1_i2",10498,"NODE_3163_length_7705_cov_6.811692","est2genome",[[1,1548,2574,1,"M535 D1 M484 I1 M6","NODE_3163_length_7705_cov_6.811692:hsp:117208:3.2.0.0",10498,"NODE_3163_length_7705_cov_6.811692","est2genome","TRINITY_DN1032_c0_g1_i2 1115 2140 -","match_part"],[1,2882,3033,1,"M151","NODE_3163_length_7705_cov_6.811692:hsp:117209:3.2.0.0",10498,"NODE_3163_length_7705_cov_6.811692","est2genome","TRINITY_DN1032_c0_g1_i2 964 1114 -","match_part"],[1,3167,3191,1,"M24","NODE_3163_length_7705_cov_6.811692:hsp:117210:3.2.0.0",10498,"NODE_3163_length_7705_cov_6.811692","est2genome","TRINITY_DN1032_c0_g1_i2 940 963 -","match_part"],[1,3270,3359,1,"M89","NODE_3163_length_7705_cov_6.811692:hsp:117211:3.2.0.0",10498,"NODE_3163_length_7705_cov_6.811692","est2genome","TRINITY_DN1032_c0_g1_i2 851 939 -","match_part"],[1,3429,4279,1,"M850","NODE_3163_length_7705_cov_6.811692:hsp:117212:3.2.0.0",10498,"NODE_3163_length_7705_cov_6.811692","est2genome","TRINITY_DN1032_c0_g1_i2 1 850 -","match_part"]],