{"featureCount":5,"formatVersion":1,"histograms":{"meta":[{"arrayParams":{"chunkSize":10000,"length":2,"urlTemplate":"hist-500-{Chunk}.json"},"basesPerBin":"500"}],"stats":[{"basesPerBin":"500","max":5,"mean":4.5}]},"intervals":{"classes":[{"attributes":["Start","End","Strand","Id","Name","Score","Seq_id","Source","Subfeatures","Target_length","Type"],"isArrayAttr":{"Subfeatures":1}},{"attributes":["Start","End","Strand","Gap","Id","Score","Seq_id","Source","Target","Type"],"isArrayAttr":{}},{"attributes":["Start","End","Chunk"],"isArrayAttr":{"Sublist":1}}],"count":5,"lazyClass":2,"maxEnd":633,"minStart":2,"nclist":[[0,2,199,1,"NODE_16784_length_993_cov_2.599307:hit:1817:3.2.0.0","TRINITY_DN8219_c1_g1_i1",85,"NODE_16784_length_993_cov_2.599307","blastn",[[1,2,87,1,"M85","NODE_16784_length_993_cov_2.599307:hsp:3792:3.2.0.0",85,"NODE_16784_length_993_cov_2.599307","blastn","TRINITY_DN8219_c1_g1_i1 1 85 +","match_part"],[1,116,199,1,"M83","NODE_16784_length_993_cov_2.599307:hsp:3793:3.2.0.0",77,"NODE_16784_length_993_cov_2.599307","blastn","TRINITY_DN8219_c1_g1_i1 121 203 +","match_part"]],"203","expressed_sequence_match"],[0,200,633,-1,"NODE_16784_length_993_cov_2.599307:hit:1818:3.2.0.0","TRINITY_DN10241_c0_g1_i4",132,"NODE_16784_length_993_cov_2.599307","blastn",[[1,453,633,-1,"M180","NODE_16784_length_993_cov_2.599307:hsp:3794:3.2.0.0",132,"NODE_16784_length_993_cov_2.599307","blastn","TRINITY_DN10241_c0_g1_i4 1 180 +","match_part"],[1,200,434,-1,"M234","NODE_16784_length_993_cov_2.599307:hsp:3795:3.2.0.0",156,"NODE_16784_length_993_cov_2.599307","blastn","TRINITY_DN10241_c0_g1_i4 181 414 +","match_part"]],"418","expressed_sequence_match"],[0,200,633,-1,"NODE_16784_length_993_cov_2.599307:hit:1819:3.2.0.0","TRINITY_DN10241_c0_g1_i1",266,"NODE_16784_length_993_cov_2.599307","blastn",[[1,200,633,-1,"M181 D1 M251","NODE_16784_length_993_cov_2.599307:hsp:3796:3.2.0.0",266,"NODE_16784_length_993_cov_2.599307","blastn","TRINITY_DN10241_c0_g1_i1 1 432 +","match_part"]],"436","expressed_sequence_match"],[0,200,633,-1,"NODE_16784_length_993_cov_2.599307:hit:1820:3.2.0.0","TRINITY_DN10241_c0_g1_i2",284,"NODE_16784_length_993_cov_2.599307","blastn",[[1,200,633,-1,"M172 D1 M260","NODE_16784_length_993_cov_2.599307:hsp:3797:3.2.0.0",284,"NODE_16784_length_993_cov_2.599307","blastn","TRINITY_DN10241_c0_g1_i2 1 432 +","match_part"]],"436","expressed_sequence_match"],[0,200,633,-1,"NODE_16784_length_993_cov_2.599307:hit:1821:3.2.0.0","TRINITY_DN10241_c0_g1_i3",266,"NODE_16784_length_993_cov_2.599307","blastn",[[1,200,633,-1,"M181 D1 M251","NODE_16784_length_993_cov_2.599307:hsp:3798:3.2.0.0",266,"NODE_16784_length_993_cov_2.599307","blastn","TRINITY_DN10241_c0_g1_i3 1 432 +","match_part"]],"436","expressed_sequence_match"]],"urlTemplate":"lf-{Chunk}.json"}}