{"featureCount":3,"formatVersion":1,"histograms":{"meta":[{"arrayParams":{"chunkSize":10000,"length":1,"urlTemplate":"hist-2000-{Chunk}.json"},"basesPerBin":"2000"}],"stats":[{"basesPerBin":"2000","max":3,"mean":3}]},"intervals":{"classes":[{"attributes":["Start","End","Strand","Id","Name","Score","Seq_id","Source","Subfeatures","Target_length","Type"],"isArrayAttr":{"Subfeatures":1}},{"attributes":["Start","End","Strand","Gap","Id","Score","Seq_id","Source","Target","Type"],"isArrayAttr":{}},{"attributes":["Start","End","Chunk"],"isArrayAttr":{"Sublist":1}}],"count":3,"lazyClass":2,"maxEnd":1269,"minStart":783,"nclist":[[0,783,1269,1,"NODE_12266_length_1464_cov_1.571429:hit:734:3.2.0.0","TRINITY_DN3256_c0_g1_i1",126,"NODE_12266_length_1464_cov_1.571429","blastn",[[1,783,921,1,"M138","NODE_12266_length_1464_cov_1.571429:hsp:1403:3.2.0.0",126,"NODE_12266_length_1464_cov_1.571429","blastn","TRINITY_DN3256_c0_g1_i1 1 138 +","match_part"],[1,963,1042,1,"M79","NODE_12266_length_1464_cov_1.571429:hsp:1404:3.2.0.0",61,"NODE_12266_length_1464_cov_1.571429","blastn","TRINITY_DN3256_c0_g1_i1 138 216 +","match_part"],[1,1041,1269,1,"M228","NODE_12266_length_1464_cov_1.571429:hsp:1405:3.2.0.0",204,"NODE_12266_length_1464_cov_1.571429","blastn","TRINITY_DN3256_c0_g1_i1 226 453 +","match_part"]],"485","expressed_sequence_match"],[0,783,1269,1,"NODE_12266_length_1464_cov_1.571429:hit:735:3.2.0.0","TRINITY_DN3256_c0_g1_i3",126,"NODE_12266_length_1464_cov_1.571429","blastn",[[1,783,921,1,"M138","NODE_12266_length_1464_cov_1.571429:hsp:1406:3.2.0.0",126,"NODE_12266_length_1464_cov_1.571429","blastn","TRINITY_DN3256_c0_g1_i3 1 138 +","match_part"],[1,963,1269,1,"M306","NODE_12266_length_1464_cov_1.571429:hsp:1407:3.2.0.0",216,"NODE_12266_length_1464_cov_1.571429","blastn","TRINITY_DN3256_c0_g1_i3 138 443 +","match_part"]],"475","expressed_sequence_match"],[0,1064,1269,1,"NODE_12266_length_1464_cov_1.571429:hit:736:3.2.0.0","TRINITY_DN3256_c0_g1_i2",199,"NODE_12266_length_1464_cov_1.571429","blastn",[[1,1064,1269,1,"M205","NODE_12266_length_1464_cov_1.571429:hsp:1408:3.2.0.0",199,"NODE_12266_length_1464_cov_1.571429","blastn","TRINITY_DN3256_c0_g1_i2 1 205 +","match_part"]],"237","expressed_sequence_match"]],"urlTemplate":"lf-{Chunk}.json"}}