{"featureCount":4,"formatVersion":1,"histograms":{"meta":[{"arrayParams":{"chunkSize":10000,"length":2,"urlTemplate":"hist-10000-{Chunk}.json"},"basesPerBin":"10000"}],"stats":[{"basesPerBin":"10000","max":3,"mean":2}]},"intervals":{"classes":[{"attributes":["Start","End","Strand","Id","Name","Score","Seq_id","Source","Subfeatures","Target_length","Type"],"isArrayAttr":{"Subfeatures":1}},{"attributes":["Start","End","Strand","Gap","Id","Score","Seq_id","Source","Target","Type"],"isArrayAttr":{}},{"attributes":["Start","End","Chunk"],"isArrayAttr":{"Sublist":1}}],"count":4,"lazyClass":2,"maxEnd":15540,"minStart":2,"nclist":[[0,2,1299,1,"NODE_1300_length_15542_cov_9.664699:hit:96936:4.5.0.0","augustus-NODE_1300_length_15542_cov_9.664699-abinit-gene-0.12-mRNA-1",0.89,"NODE_1300_length_15542_cov_9.664699","augustus",[[1,2,1184,1,"M1182","NODE_1300_length_15542_cov_9.664699:hsp:490052:4.5.0.0",0.89,"NODE_1300_length_15542_cov_9.664699","augustus","augustus-NODE_1300_length_15542_cov_9.664699-abinit-gene-0.12-mRNA-1 1 1182 +","match_part"],[1,1269,1299,1,"M30","NODE_1300_length_15542_cov_9.664699:hsp:490053:4.5.0.0",0.89,"NODE_1300_length_15542_cov_9.664699","augustus","augustus-NODE_1300_length_15542_cov_9.664699-abinit-gene-0.12-mRNA-1 1183 1212 +","match_part"]],"15542","match"],[0,5168,6474,-1,"NODE_1300_length_15542_cov_9.664699:hit:96940:4.5.0.0","augustus-NODE_1300_length_15542_cov_9.664699-abinit-gene-0.13-mRNA-1",0.19,"NODE_1300_length_15542_cov_9.664699","augustus",[[1,6317,6474,-1,"M157","NODE_1300_length_15542_cov_9.664699:hsp:490062:4.5.0.0",0.19,"NODE_1300_length_15542_cov_9.664699","augustus","augustus-NODE_1300_length_15542_cov_9.664699-abinit-gene-0.13-mRNA-1 588 744 +","match_part"],[1,6180,6230,-1,"M50","NODE_1300_length_15542_cov_9.664699:hsp:490063:4.5.0.0",0.19,"NODE_1300_length_15542_cov_9.664699","augustus","augustus-NODE_1300_length_15542_cov_9.664699-abinit-gene-0.13-mRNA-1 538 587 +","match_part"],[1,6090,6107,-1,"M17","NODE_1300_length_15542_cov_9.664699:hsp:490064:4.5.0.0",0.19,"NODE_1300_length_15542_cov_9.664699","augustus","augustus-NODE_1300_length_15542_cov_9.664699-abinit-gene-0.13-mRNA-1 521 537 +","match_part"],[1,5817,5992,-1,"M175","NODE_1300_length_15542_cov_9.664699:hsp:490065:4.5.0.0",0.19,"NODE_1300_length_15542_cov_9.664699","augustus","augustus-NODE_1300_length_15542_cov_9.664699-abinit-gene-0.13-mRNA-1 346 520 +","match_part"],[1,5461,5723,-1,"M262","NODE_1300_length_15542_cov_9.664699:hsp:490066:4.5.0.0",0.19,"NODE_1300_length_15542_cov_9.664699","augustus","augustus-NODE_1300_length_15542_cov_9.664699-abinit-gene-0.13-mRNA-1 84 345 +","match_part"],[1,5323,5373,-1,"M50","NODE_1300_length_15542_cov_9.664699:hsp:490067:4.5.0.0",0.19,"NODE_1300_length_15542_cov_9.664699","augustus","augustus-NODE_1300_length_15542_cov_9.664699-abinit-gene-0.13-mRNA-1 34 83 +","match_part"],[1,5233,5250,-1,"M17","NODE_1300_length_15542_cov_9.664699:hsp:490068:4.5.0.0",0.19,"NODE_1300_length_15542_cov_9.664699","augustus","augustus-NODE_1300_length_15542_cov_9.664699-abinit-gene-0.13-mRNA-1 17 33 +","match_part"],[1,5168,5184,-1,"M16","NODE_1300_length_15542_cov_9.664699:hsp:490069:4.5.0.0",0.19,"NODE_1300_length_15542_cov_9.664699","augustus","augustus-NODE_1300_length_15542_cov_9.664699-abinit-gene-0.13-mRNA-1 1 16 +","match_part"]],"15542","match"],[0,7378,8218,-1,"NODE_1300_length_15542_cov_9.664699:hit:96944:4.5.0.0","augustus-NODE_1300_length_15542_cov_9.664699-abinit-gene-0.14-mRNA-1",0.89,"NODE_1300_length_15542_cov_9.664699","augustus",[[1,7378,8218,-1,"M840","NODE_1300_length_15542_cov_9.664699:hsp:490078:4.5.0.0",0.89,"NODE_1300_length_15542_cov_9.664699","augustus","augustus-NODE_1300_length_15542_cov_9.664699-abinit-gene-0.14-mRNA-1 1 840 +","match_part"]],"15542","match"],[0,13295,15540,-1,"NODE_1300_length_15542_cov_9.664699:hit:96945:4.5.0.0","augustus-NODE_1300_length_15542_cov_9.664699-abinit-gene-0.15-mRNA-1",0.55,"NODE_1300_length_15542_cov_9.664699","augustus",[[1,14320,15540,-1,"M1220","NODE_1300_length_15542_cov_9.664699:hsp:490079:4.5.0.0",0.55,"NODE_1300_length_15542_cov_9.664699","augustus","augustus-NODE_1300_length_15542_cov_9.664699-abinit-gene-0.15-mRNA-1 950 2169 +","match_part"],[1,13295,14244,-1,"M949","NODE_1300_length_15542_cov_9.664699:hsp:490080:4.5.0.0",0.55,"NODE_1300_length_15542_cov_9.664699","augustus","augustus-NODE_1300_length_15542_cov_9.664699-abinit-gene-0.15-mRNA-1 1 949 +","match_part"]],"15542","match"]],"urlTemplate":"lf-{Chunk}.json"}}