{"featureCount":5,"formatVersion":1,"histograms":{"meta":[{"arrayParams":{"chunkSize":10000,"length":2,"urlTemplate":"hist-5000-{Chunk}.json"},"basesPerBin":"5000"}],"stats":[{"basesPerBin":"5000","max":4,"mean":3}]},"intervals":{"classes":[{"attributes":["Start","End","Strand","Id","Name","Seq_id","Source","Subfeatures","Target_length","Type"],"isArrayAttr":{"Subfeatures":1}},{"attributes":["Start","End","Strand","Gap","Id","Seq_id","Source","Target","Type"],"isArrayAttr":{}},{"attributes":["Start","End","Strand","Id","Seq_id","Source","Target","Type"],"isArrayAttr":{}},{"attributes":["Start","End","Chunk"],"isArrayAttr":{"Sublist":1}}],"count":5,"lazyClass":3,"maxEnd":8690,"minStart":614,"nclist":[[0,614,4182,1,"NODE_2091_length_11100_cov_6.751663:hit:2734:4.5.0.0","genemark-NODE_2091_length_11100_cov_6.751663-abinit-gene-0.4-mRNA-1","NODE_2091_length_11100_cov_6.751663","genemark",[[1,614,1122,1,"M508","NODE_2091_length_11100_cov_6.751663:hsp:13437:4.5.0.0","NODE_2091_length_11100_cov_6.751663","genemark","genemark-NODE_2091_length_11100_cov_6.751663-abinit-gene-0.4-mRNA-1 1 508 +","match_part"],[1,1201,1440,1,"M239","NODE_2091_length_11100_cov_6.751663:hsp:13438:4.5.0.0","NODE_2091_length_11100_cov_6.751663","genemark","genemark-NODE_2091_length_11100_cov_6.751663-abinit-gene-0.4-mRNA-1 509 747 +","match_part"],[1,1523,1883,1,"M360","NODE_2091_length_11100_cov_6.751663:hsp:13439:4.5.0.0","NODE_2091_length_11100_cov_6.751663","genemark","genemark-NODE_2091_length_11100_cov_6.751663-abinit-gene-0.4-mRNA-1 748 1107 +","match_part"],[1,1952,1988,1,"M36","NODE_2091_length_11100_cov_6.751663:hsp:13440:4.5.0.0","NODE_2091_length_11100_cov_6.751663","genemark","genemark-NODE_2091_length_11100_cov_6.751663-abinit-gene-0.4-mRNA-1 1108 1143 +","match_part"],[1,2369,2640,1,"M271","NODE_2091_length_11100_cov_6.751663:hsp:13441:4.5.0.0","NODE_2091_length_11100_cov_6.751663","genemark","genemark-NODE_2091_length_11100_cov_6.751663-abinit-gene-0.4-mRNA-1 1144 1414 +","match_part"],[1,2705,2934,1,"M229","NODE_2091_length_11100_cov_6.751663:hsp:13442:4.5.0.0","NODE_2091_length_11100_cov_6.751663","genemark","genemark-NODE_2091_length_11100_cov_6.751663-abinit-gene-0.4-mRNA-1 1415 1643 +","match_part"],[1,3014,3181,1,"M167","NODE_2091_length_11100_cov_6.751663:hsp:13443:4.5.0.0","NODE_2091_length_11100_cov_6.751663","genemark","genemark-NODE_2091_length_11100_cov_6.751663-abinit-gene-0.4-mRNA-1 1644 1810 +","match_part"],[1,3262,3367,1,"M105","NODE_2091_length_11100_cov_6.751663:hsp:13444:4.5.0.0","NODE_2091_length_11100_cov_6.751663","genemark","genemark-NODE_2091_length_11100_cov_6.751663-abinit-gene-0.4-mRNA-1 1811 1915 +","match_part"],[1,3438,3816,1,"M378","NODE_2091_length_11100_cov_6.751663:hsp:13445:4.5.0.0","NODE_2091_length_11100_cov_6.751663","genemark","genemark-NODE_2091_length_11100_cov_6.751663-abinit-gene-0.4-mRNA-1 1916 2293 +","match_part"],[1,3886,4182,1,"M296","NODE_2091_length_11100_cov_6.751663:hsp:13446:4.5.0.0","NODE_2091_length_11100_cov_6.751663","genemark","genemark-NODE_2091_length_11100_cov_6.751663-abinit-gene-0.4-mRNA-1 2294 2589 +","match_part"]],"11100","match"],[0,4224,6432,-1,"NODE_2091_length_11100_cov_6.751663:hit:2737:4.5.0.0","genemark-NODE_2091_length_11100_cov_6.751663-abinit-gene-0.6-mRNA-1","NODE_2091_length_11100_cov_6.751663","genemark",[[1,6300,6432,-1,"M132","NODE_2091_length_11100_cov_6.751663:hsp:13460:4.5.0.0","NODE_2091_length_11100_cov_6.751663","genemark","genemark-NODE_2091_length_11100_cov_6.751663-abinit-gene-0.6-mRNA-1 1963 2094 +","match_part"],[1,4224,6186,-1,"M1962","NODE_2091_length_11100_cov_6.751663:hsp:13461:4.5.0.0","NODE_2091_length_11100_cov_6.751663","genemark","genemark-NODE_2091_length_11100_cov_6.751663-abinit-gene-0.6-mRNA-1 1 1962 +","match_part"]],"11100","match"],[0,6459,6729,-1,"NODE_2091_length_11100_cov_6.751663:hit:2740:4.5.0.0","genemark-NODE_2091_length_11100_cov_6.751663-abinit-gene-0.7-mRNA-1","NODE_2091_length_11100_cov_6.751663","genemark",[[1,6459,6729,-1,"M270","NODE_2091_length_11100_cov_6.751663:hsp:13465:4.5.0.0","NODE_2091_length_11100_cov_6.751663","genemark","genemark-NODE_2091_length_11100_cov_6.751663-abinit-gene-0.7-mRNA-1 1 270 +","match_part"]],"11100","match"],[0,6848,7220,-1,"NODE_2091_length_11100_cov_6.751663:hit:2742:4.5.0.0","genemark-NODE_2091_length_11100_cov_6.751663-abinit-gene-0.8-mRNA-1","NODE_2091_length_11100_cov_6.751663","genemark",[[1,7177,7220,-1,"M43","NODE_2091_length_11100_cov_6.751663:hsp:13467:4.5.0.0","NODE_2091_length_11100_cov_6.751663","genemark","genemark-NODE_2091_length_11100_cov_6.751663-abinit-gene-0.8-mRNA-1 288 330 +","match_part"],[1,6848,7135,-1,"M287","NODE_2091_length_11100_cov_6.751663:hsp:13468:4.5.0.0","NODE_2091_length_11100_cov_6.751663","genemark","genemark-NODE_2091_length_11100_cov_6.751663-abinit-gene-0.8-mRNA-1 1 287 +","match_part"]],"11100","match"],[0,7534,8690,1,"NODE_2091_length_11100_cov_6.751663:hit:2745:4.5.0.0","genemark-NODE_2091_length_11100_cov_6.751663-abinit-gene-0.5-mRNA-1","NODE_2091_length_11100_cov_6.751663","genemark",[[1,7534,7739,1,"M205","NODE_2091_length_11100_cov_6.751663:hsp:13475:4.5.0.0","NODE_2091_length_11100_cov_6.751663","genemark","genemark-NODE_2091_length_11100_cov_6.751663-abinit-gene-0.5-mRNA-1 1 205 +","match_part"],[1,8298,8690,1,"M392","NODE_2091_length_11100_cov_6.751663:hsp:13476:4.5.0.0","NODE_2091_length_11100_cov_6.751663","genemark","genemark-NODE_2091_length_11100_cov_6.751663-abinit-gene-0.5-mRNA-1 206 597 +","match_part"]],"11100","match"]],"urlTemplate":"lf-{Chunk}.json"}}