{"featureCount":1,"formatVersion":1,"histograms":{"meta":[{"arrayParams":{"chunkSize":10000,"length":1,"urlTemplate":"hist-5000-{Chunk}.json"},"basesPerBin":"5000"}],"stats":[{"basesPerBin":"5000","max":1,"mean":1}]},"intervals":{"classes":[{"attributes":["Start","End","Strand","Id","Name","Score","Seq_id","Source","Subfeatures","Target_length","Type"],"isArrayAttr":{"Subfeatures":1}},{"attributes":["Start","End","Strand","Gap","Id","Score","Seq_id","Source","Target","Type"],"isArrayAttr":{}},{"attributes":["Start","End","Chunk"],"isArrayAttr":{"Sublist":1}}],"count":1,"lazyClass":2,"maxEnd":1968,"minStart":20,"nclist":[[0,20,1968,-1,"NODE_6439_length_3670_cov_8.866497:hit:4016:4.5.0.0","augustus-NODE_6439_length_3670_cov_8.866497-abinit-gene-0.1-mRNA-1",0.21,"NODE_6439_length_3670_cov_8.866497","augustus",[[1,1745,1968,-1,"M223","NODE_6439_length_3670_cov_8.866497:hsp:12118:4.5.0.0",0.21,"NODE_6439_length_3670_cov_8.866497","augustus","augustus-NODE_6439_length_3670_cov_8.866497-abinit-gene-0.1-mRNA-1 1056 1278 +","match_part"],[1,1544,1646,-1,"M102","NODE_6439_length_3670_cov_8.866497:hsp:12119:4.5.0.0",0.21,"NODE_6439_length_3670_cov_8.866497","augustus","augustus-NODE_6439_length_3670_cov_8.866497-abinit-gene-0.1-mRNA-1 954 1055 +","match_part"],[1,1385,1420,-1,"M35","NODE_6439_length_3670_cov_8.866497:hsp:12120:4.5.0.0",0.21,"NODE_6439_length_3670_cov_8.866497","augustus","augustus-NODE_6439_length_3670_cov_8.866497-abinit-gene-0.1-mRNA-1 919 953 +","match_part"],[1,1070,1290,-1,"M220","NODE_6439_length_3670_cov_8.866497:hsp:12121:4.5.0.0",0.21,"NODE_6439_length_3670_cov_8.866497","augustus","augustus-NODE_6439_length_3670_cov_8.866497-abinit-gene-0.1-mRNA-1 699 918 +","match_part"],[1,753,986,-1,"M233","NODE_6439_length_3670_cov_8.866497:hsp:12122:4.5.0.0",0.21,"NODE_6439_length_3670_cov_8.866497","augustus","augustus-NODE_6439_length_3670_cov_8.866497-abinit-gene-0.1-mRNA-1 466 698 +","match_part"],[1,537,660,-1,"M123","NODE_6439_length_3670_cov_8.866497:hsp:12123:4.5.0.0",0.21,"NODE_6439_length_3670_cov_8.866497","augustus","augustus-NODE_6439_length_3670_cov_8.866497-abinit-gene-0.1-mRNA-1 343 465 +","match_part"],[1,378,453,-1,"M75","NODE_6439_length_3670_cov_8.866497:hsp:12124:4.5.0.0",0.21,"NODE_6439_length_3670_cov_8.866497","augustus","augustus-NODE_6439_length_3670_cov_8.866497-abinit-gene-0.1-mRNA-1 268 342 +","match_part"],[1,20,287,-1,"M267","NODE_6439_length_3670_cov_8.866497:hsp:12125:4.5.0.0",0.21,"NODE_6439_length_3670_cov_8.866497","augustus","augustus-NODE_6439_length_3670_cov_8.866497-abinit-gene-0.1-mRNA-1 1 267 +","match_part"]],"3670","match"]],"urlTemplate":"lf-{Chunk}.json"}}